Category,Specialty,Difficulty,Question,Answer
Business,Accounting,easy,Are accounting standards mandatory,Yes for listed and certain large companies. Small businesses may follow simplified standards based on regulatory requirements.
Business,Human Resources,easy,Why should HR conduct regular salary benchmarking,To ensure competitive pay attract and retain top talent and maintain fairness in compensation structures.
Business,Human Resources,easy,Why should HR departments monitor industry salary benchmarks regularly,To stay competitive in talent acquisition maintain pay equity and reduce turnover.
Business,Human Resources,easy,Why should HR encourage a culture of continuous feedback,To drive performance improvement increase transparency and build strong communication across teams.
Business,Human Resources,easy,Why should HR encourage open discussions about career growth opportunities,To retain top talent boost employee motivation and ensure alignment between company and individual goals.
Business,Human Resources,easy,Why should HR encourage professional development programs,To enhance employee skills improve retention and ensure career growth opportunities within the organization.
Business,Human Resources,easy,Why should HR ensure that all job descriptions are up to date,To align roles with business needs clarify employee responsibilities and support fair performance evaluations.
Business,Human Resources,easy,Why should HR focus on employee experience beyond salary and benefits,Because workplace culture growth opportunities and worklife balance significantly impact retention and engagement.
Business,Human Resources,easy,Why should HR conduct pulse surveys in addition to annual engagement surveys,Pulse surveys provide realtime employee feedback allowing HR to address issues proactively.
Business,Human Resources,easy,Why should HR monitor employee turnover trends,To identify patterns address workplace issues and enhance retention strategies to maintain a stable workforce.
Business,Human Resources,easy,Why should HR monitor workplace trends and employee expectations,To stay competitive in talent acquisition improve employee retention and adapt HR policies accordingly.
Business,Human Resources,easy,Why should HR monitor workplace trends and industry benchmarks,To stay competitive in talent acquisition improve workplace policies and ensure HR strategies align with industry standards.
Business,Human Resources,easy,Why should HR regularly assess employee workload distribution,To prevent burnout improve productivity and ensure fairness in task assignments.
Business,Human Resources,easy,Why should HR regularly review employee engagement data,To identify trends address workplace concerns and continuously improve organizational culture.
Business,Human Resources,easy,Why should HR regularly review workplace health and safety policies,To comply with legal regulations reduce workplace accidents and ensure employee wellbeing.
Business,Human Resources,easy,Why should HR regularly update job descriptions,To reflect evolving job responsibilities ensure legal compliance and maintain fair compensation structures.
Business,Human Resources,easy,Why should HR regularly update workplace policies,To ensure compliance with labor laws reflect industry best practices and adapt to workforce changes.
Business,Human Resources,easy,Why should HR monitor workplace conflicts proactively,To prevent issues from escalating maintain a positive work environment and promote collaboration among employees.
Business,Human Resources,easy,Why should HR advocate for leadership development programs,To build strong future leaders improve managerial effectiveness and enhance employee engagement.
Business,Human Resources,easy,Why should HR actively support employee wellness programs,To reduce stress improve productivity and enhance overall employee wellbeing.
Business,Human Resources,easy,Why is workplace flexibility becoming a key HR strategy,Because it improves employee satisfaction reduces turnover and supports worklife balance.
Business,Human Resources,easy,Why is it important for HR to partner with other departments,To align HR strategies with business goals improve workforce planning and enhance crossfunctional collaboration.
Business,Human Resources,easy,Why is it important for HR to provide training on unconscious bias,To ensure fair hiring and promotion practices improve workplace diversity and foster an inclusive company culture.
Business,Human Resources,easy,Why is it important for HR to track employee absenteeism,Tracking absenteeism helps identify trends address potential workplace issues and improve workforce planning.
Business,Human Resources,easy,Why is it important for HR to track employee morale,Tracking morale helps identify workplace issues early improve engagement and boost productivity.
Business,Human Resources,easy,Why is it important for HR to track employee retention trends,To identify turnover risks enhance workplace policies and improve longterm talent retention strategies.
Business,Human Resources,easy,Why is it important for HR to track exit interview data,It helps identify patterns in turnover improve retention strategies and enhance workplace satisfaction.
Business,Human Resources,easy,Why is it important for HR to understand business financials,Understanding financials helps HR align workforce planning compensation strategies and hiring with the company's financial goals.
Business,Human Resources,easy,Why is it important to align HR strategies with employee engagement,Engaged employees are more productive stay longer and contribute positively to workplace culture.
Business,Human Resources,easy,Why is it important to establish clear HR key performance indicators KPIs,KPIs help measure HR effectiveness track progress and align HR activities with business goals.
Business,Human Resources,easy,Why is it important to have a structured onboarding process for new hires,A structured onboarding process helps employees integrate faster improves retention and boosts productivity.
Business,Human Resources,easy,Why is it important to have an anonymous employee feedback system,It encourages honest feedback helps HR identify workplace issues and fosters a culture of trust and improvement.
Business,Human Resources,easy,Why is it important to have structured exit interviews,To gather honest feedback identify improvement areas and enhance employee retention strategies.
Business,Human Resources,easy,Why is onboarding crucial for new employees,Onboarding helps employees integrate into the company culture understand expectations and improve early engagement.
Business,Human Resources,easy,Why is onboarding important for new hires,It helps employees integrate into company culture understand job expectations and become productive quickly.
Business,Human Resources,easy,Why is ongoing employee feedback important,It promotes continuous improvement enhances engagement and helps identify issues early.
Business,Human Resources,easy,Why is performance management critical in HR,It ensures continuous improvement identifies training needs and aligns individual goals with company objectives.
Business,Human Resources,easy,Why is tracking employee engagement important,It helps measure workplace satisfaction retention risks and areas for improvement.
Business,Human Resources,easy,Why should HR teams prioritize professional development opportunities,To enhance employee skills improve retention and maintain a competitive workforce.
Business,Human Resources,easy,Why should HR track employee turnover rates,Tracking turnover helps identify retention issues and improve employee satisfaction strategies.
Business,Human Resources,easy,Why should HR track employee turnover trends,To identify retention risks assess workplace satisfaction and develop targeted retention strategies.
Business,Human Resources,easy,Why should HR track reasons for employee resignations,To identify patterns improve retention strategies and address workplace issues before they escalate.
Business,Marketing,easy,Describe your ideal work environment.,My ideal work environment is collaborative innovative and datadriven. I thrive in teams that value open communication creativity and continuous learning.
Business,Marketing,easy,What is a responsive website,A responsive website is designed to adapt to different screen sizes and devices providing an optimal viewing experience. This ensures usability and accessibility whether the user is on a desktop tablet or smartphone.
Business,Marketing,easy,What is a market niche,A market niche is a specific focused segment of the broader market typically with specialized needs that a product or service can address.
Business,Marketing,easy,What is the AIDA model in marketing,The AIDA model stands for Attention Interest Desire and Action representing the stages a consumer goes through in making a purchase decision.
Business,Marketing,easy,What is viral marketing,Viral marketing uses content that spreads quickly and widely across social media and other online platforms often due to its entertaining or highly shareable nature.
Business,Marketing,easy,What is a buyer persona,A buyer persona is a detailed semifictional representation of an ideal customer based on research and real data about current customers.
Business,Marketing,easy,What is a tagline,A tagline is a memorable phrase or slogan that represents a brand's values or promise and is used in marketing communications.
Business,Marketing,easy,What is remarketing,Remarketing is the practice of targeting ads to people who have previously interacted with your brand such as visiting your website or engaging with social media content.
Business,Marketing,easy,What is content marketing and why is it important,Content marketing involves creating valuable content to attract and engage an audience helping businesses build credibility and drive conversions.
Business,Marketing,easy,What are some metrics used to evaluate social media marketing,Engagement rate reach impressions follower growth and conversion rate.
Business,Marketing,easy,What is the role of a marketing manager,A marketing manager is responsible for overseeing marketing campaigns managing the marketing team conducting market research and ensuring alignment with business goals.
Business,Marketing,easy,What is a SWOT analysis,A SWOT analysis evaluates a business's Strengths Weaknesses Opportunities and Threats helping to inform strategic decisions.
Business,Marketing,easy,What is market segmentation,Market segmentation is the process of dividing a broad target market into smaller more manageable groups based on shared characteristics needs or behaviors.
Business,Marketing,easy,What is customer lifetime value CLV,Customer lifetime value CLV is the total revenue a business expects to generate from a customer throughout their relationship with the brand.
Business,Marketing,easy,What is a marketing campaign,A marketing campaign is a coordinated series of activities aimed at promoting a product service or brand typically using multiple channels to reach the target audience.
Business,Marketing,easy,What is the purpose of influencer marketing,Influencer marketing leverages individuals with large engaged audiences to promote products or services in an authentic and relatable way.
Business,Marketing,easy,What is the role of a marketing analyst,A marketing analyst collects and interprets data to evaluate the performance of marketing campaigns helping to optimize strategies and improve results.
Business,Marketing,easy,What marketing channels do you have experience with,I have experience with social media email marketing SEO PPC content marketing and influencer marketing. Each channel has its strengths and I tailor my approach based on the campaign goals.
Business,Human Resources,easy,Why is it important for HR to monitor employee engagement levels,Monitoring engagement helps identify workplace issues early improve retention and boost productivity.
Business,Marketing,easy,What are some examples of traditional marketing channels,Traditional marketing channels include TV radio print ads and billboards.
Business,Finance,easy,What is goodwill,The extra value of a company often from its reputation or customer loyalty.
Business,Human Resources,easy,Why should HR track the effectiveness of training programs,To ensure learning objectives are met and to measure the impact of training on employee performance.
Business,Human Resources,easy,How does HR support a company's longterm business strategy,By aligning talent management workforce planning and employee engagement with company goals.
Business,Human Resources,easy,How does HR support employee wellbeing in highpressure work environments,By offering wellness programs stress management resources and promoting a healthy worklife balance.
Business,Human Resources,easy,What are key indicators that an employee may be at risk of leaving the company,Decreased engagement lower productivity frequent absences and reduced interaction with colleagues.
Business,Human Resources,easy,What are the benefits of HR digital transformation,It improves efficiency enhances employee experience and provides datadriven insights for decisionmaking.
Business,Human Resources,easy,What are the benefits of crosstraining employees,It improves workforce flexibility enhances skill development and ensures business continuity in case of employee absences.
Business,Human Resources,easy,What are the benefits of flexible work arrangements,They improve employee satisfaction reduce absenteeism and enhance productivity.
Business,Human Resources,easy,What are the key components of a strong employee assistance program EAP,Confidential counseling financial advice mental health support and career guidance.
Business,Human Resources,easy,What are the key components of an effective HR communication strategy,Transparency consistency open feedback channels and clear messaging.
Business,Human Resources,easy,What are the key components of an effective onboarding process,Clear role expectations mentorship programs training sessions and engagement checkins.
Business,Human Resources,easy,What are the key differences between HR Generalists and HR Specialists,HR Generalists handle a wide range of HR functions while HR Specialists focus on a specific area like recruitment or compliance.
Business,Human Resources,easy,What are the key elements of an effective workplace grievance policy,A clear reporting structure confidentiality fair investigation processes and timely resolution mechanisms.
Business,Human Resources,easy,What are the key functions of Human Resource Management,HRM includes recruitment employee relations performance management compensation and compliance.
Business,Human Resources,easy,What are the main responsibilities of an HR Specialist,An HR Specialist is responsible for recruitment employee relations compliance benefits management and training programs.
Business,Human Resources,easy,What are the most effective strategies for employee engagement in remote work environments,Regular virtual checkins teambuilding activities and flexible work arrangements can help maintain engagement.
Business,Human Resources,easy,What are the most effective ways HR can support employee career development,HR can provide mentorship programs training opportunities and internal mobility options to encourage career growth.
Business,Human Resources,easy,What factors do you consider when writing a job description for a new position,I consider key responsibilities required skills experience levels and how the role aligns with company goals.
Business,Marketing,easy,What is the difference between inbound and outbound marketing,Inbound marketing focuses on attracting customers through valuable content while outbound marketing involves reaching out to potential customers through advertisements cold calls and direct mail.
Business,Marketing,easy,What is a product demo,A product demo is a presentation or demonstration of a product's features and benefits designed to showcase its value to potential customers.
Business,Human Resources,easy,Why is it important for HR to have an opendoor policy,It fosters trust encourages transparency and helps address employee concerns proactively.
Business,Human Resources,easy,Why is it important for HR to foster a diverse and inclusive workplace,Diversity promotes innovation improves employee engagement and ensures compliance with equal opportunity regulations.
Business,Human Resources,easy,What is the role of HR in handling workplace harassment claims,HR must conduct fair investigations enforce antiharassment policies and ensure employee protection.
Business,Human Resources,easy,What is the role of HR in maintaining company ethics,HR establishes ethical guidelines provides training and ensures compliance with ethical workplace standards.
Business,Human Resources,easy,What is the role of HR in managing employee stress and burnout,HR can implement wellness programs encourage worklife balance and provide mental health resources.
Business,Human Resources,easy,What is the role of HR in managing remote employee performance,HR should establish clear expectations provide regular checkins and utilize digital performance tracking tools.
Business,Human Resources,easy,What is the role of HR in preventing workplace bullying,HR establishes antibullying policies conducts training and provides confidential reporting mechanisms for employees.
Business,Human Resources,easy,What is the role of HR in shaping company culture,HR fosters culture through leadership alignment communication and workplace policies.
Business,Human Resources,easy,What is the significance of employee recognition programs,They boost morale increase retention and enhance job satisfaction by acknowledging contributions.
Business,Human Resources,easy,What is the role of HR in disciplinary actions,HR ensures fair enforcement of policies documents infractions and implements corrective measures when needed.
Business,Human Resources,easy,What role does HR play in an organizationâs diversity and inclusion efforts,HR promotes inclusive hiring ensures workplace equity and develops diversity training programs.
Business,Human Resources,easy,What role does HR play in employee engagement surveys,HR collects and analyzes feedback identifies key trends and implements changes to improve workplace culture.
Business,Human Resources,easy,What role does HR play in employee financial wellness programs,HR can offer financial literacy training retirement planning support and stress reduction initiatives.
Business,Human Resources,easy,What role does HR play in employee mental health and wellbeing,HR provides wellness programs supports a healthy work environment and ensures employees have access to mental health resources.
Business,Human Resources,easy,What role does HR play in employee worklife balance,HR promotes flexible work policies wellness programs and mental health support to improve worklife balance.
Business,Human Resources,easy,What role does HR play in employer branding,HR ensures the company is seen as a great place to work by managing recruitment experiences company culture and employee testimonials.
Business,Human Resources,easy,What role does HR play in ensuring cybersecurity awareness among employees,HR ensures employees receive cybersecurity training understand data protection policies and comply with IT security protocols.
Business,Human Resources,easy,What role does HR play in maintaining workplace confidentiality,HR safeguards sensitive employee information and ensures compliance with data privacy laws.
Business,Human Resources,easy,What role does HR play in crisis management,HR supports employee wellbeing ensures business continuity and facilitates communication during crises.
Business,Human Resources,easy,What is the role of HR in crisis management situations,HR ensures business continuity communicates with employees and provides support during crises.
Business,Human Resources,easy,What is the purpose of a stay interview,Stay interviews help identify what keeps employees engaged and what improvements can be made to enhance job satisfaction.
Business,Human Resources,easy,What is the importance of succession planning in HR,It ensures business continuity by identifying and developing future leaders within the company.
Business,Human Resources,easy,How do you ensure fair treatment in internal job promotions,By setting clear promotion criteria conducting unbiased evaluations and ensuring transparency in the selection process.
Business,Human Resources,easy,How do you ensure that employee feedback collected from surveys is effectively implemented,By analyzing trends discussing findings with management and creating actionable improvement plans.
Business,Human Resources,easy,How do you ensure that new HR policies align with both company objectives and employee wellbeing,By conducting surveys reviewing industry best practices and collaborating with leadership and employees.
Business,Human Resources,easy,How does HR contribute to improving crossdepartmental collaboration,By facilitating interdepartmental meetings promoting knowledgesharing initiatives and encouraging joint training programs.
Business,Human Resources,easy,How does HR contribute to maintaining a safe work environment,Through safety training compliance enforcement and employee wellness programs.
Business,Human Resources,easy,How does HR contribute to reducing employee turnover,HR enhances retention through competitive compensation career development opportunities and positive work culture.
Business,Human Resources,easy,What is the importance of HR audits,They help identify compliance gaps improve HR efficiency and minimize legal risks.
Business,Human Resources,easy,What is the importance of HR benchmarking,It helps compare HR metrics with industry standards identify areas for improvement and enhance HR effectiveness.
Business,Human Resources,easy,What is the importance of HR in fostering employee collaboration,HR promotes collaboration through teambuilding activities clear communication strategies and crossfunctional projects.
Business,Human Resources,easy,What is the importance of an employee handbook,It communicates company policies expectations and rights to employees ensuring transparency and compliance.
Business,Human Resources,easy,What is the importance of conducting stay interviews,Stay interviews help identify factors that keep employees engaged and areas for workplace improvement.
Business,Human Resources,easy,What is the importance of continuous learning in HR,HR professionals must stay updated on labor laws workplace trends and leadership practices to remain effective.
Business,Human Resources,easy,What is the importance of crosstraining employees,It increases workforce flexibility enhances skill development and improves business continuity in case of turnover.
Business,Human Resources,easy,What is the importance of employee referral programs in recruitment,They improve candidate quality reduce hiring costs and enhance employee engagement by involving staff in the recruitment process.
Business,Human Resources,easy,What is the importance of having a welldefined employee code of conduct,It sets clear behavioral expectations promotes ethical workplace practices and protects the company from legal risks.
Business,Human Resources,easy,What is the importance of job descriptions in HR management,They define roles set performance expectations and serve as a basis for recruitment and evaluations.
Business,Human Resources,easy,What is the importance of professional development programs in an organization,They enhance employee skills improve retention and align workforce capabilities with business needs.
Business,Human Resources,easy,What role does HR play in managing companywide change initiatives,HR facilitates communication provides employee support and ensures smooth transitions through change management strategies.
Business,Human Resources,easy,What role does HR play in preventing workplace conflicts,HR fosters a culture of respect provides conflict resolution training and mediates disputes when necessary.
Business,Human Resources,easy,What role does HR play in preventing workplace gossip from affecting company culture,HR reinforces ethical conduct promotes transparency and addresses concerns proactively before they escalate.
Business,Human Resources,easy,What role does HR play in promoting corporate social responsibility CSR initiatives,HR integrates CSR into company culture promotes volunteerism and ensures ethical business practices.
Business,Human Resources,easy,Why is employer branding important in attracting top talent,It improves recruitment efforts strengthens company reputation and enhances candidate engagement.
Business,Human Resources,easy,Why is exit interview data important and how should it be used,It provides insights into workplace issues and helps improve retention by addressing common concerns.
Business,Human Resources,easy,Why is it crucial for HR to align employee benefits with workforce demographics,To ensure relevance improve engagement and attract diverse talent.
Business,Human Resources,easy,Why is it essential for HR to collaborate with finance and operations teams,To ensure workforce planning aligns with business goals budget constraints and operational efficiency.
Business,Human Resources,easy,Why is it essential for HR to conduct stay interviews in addition to exit interviews,To proactively address employee concerns improve retention strategies and strengthen workplace satisfaction.
Business,Human Resources,easy,Why is it essential for HR to foster strong relationships with line managers,Because managers play a key role in employee development workplace culture and policy enforcement.
Business,Human Resources,easy,Why is it essential for HR to manage workplace flexibility policies,To ensure worklife balance improve employee satisfaction and adapt to modern workforce expectations.
Business,Human Resources,easy,Why is it essential for HR to monitor workplace productivity,To identify performance trends address inefficiencies and support workforce optimization.
Business,Human Resources,easy,Why is it essential for HR to promote financial wellness programs for employees,To reduce financial stress improve productivity and enhance overall employee wellbeing.
Business,Human Resources,easy,Why is it essential for HR to provide diversity and inclusion training,To foster a respectful workplace ensure compliance with equal opportunity laws and encourage innovation through diverse perspectives.
Business,Human Resources,easy,Why is it important for HR to actively participate in corporate strategy discussions,Because HR plays a key role in workforce planning talent acquisition and aligning human capital with business objectives.
Business,Human Resources,easy,Why is it important for HR to align its strategies with business goals,Alignment ensures HR initiatives contribute to company growth efficiency and longterm success.
Business,Human Resources,easy,Why is it important for HR to be involved in organizational change initiatives,To manage employee transitions effectively ensure clear communication and support workforce adaptation.
Business,Human Resources,easy,Why is it important for HR to collaborate with department heads,It ensures alignment of HR initiatives with department goals improving workforce efficiency.
Business,Human Resources,easy,Why is it important for HR to collaborate with department managers,To align workforce strategies with business goals improve employee engagement and ensure effective leadership.
Business,Human Resources,easy,Why is it important for HR to conduct pulse surveys in addition to annual engagement surveys,To gain realtime insights into employee morale track trends and make timely improvements.
Business,Human Resources,easy,Why is it important for HR to conduct regular exit interviews,To identify patterns in employee turnover gather feedback and improve workplace policies.
Business,Human Resources,easy,Why is employer branding important in attracting talent,It enhances reputation increases applicant interest and improves recruitment efficiency.
Business,Human Resources,easy,Why is it important for HR to have a clear employee grievance resolution process,To ensure fairness maintain employee trust and prevent workplace conflicts from escalating.
Business,Human Resources,easy,Why is employer branding important for attracting top talent,A strong employer brand improves recruitment success boosts employee morale and enhances the companyâs reputation.
Business,Human Resources,easy,Why is employee engagement essential for business success,Engaged employees boost productivity improve retention and enhance workplace morale.
Business,Human Resources,easy,What role does HR play in shaping company culture,HR influences culture through hiring leadership training and employee engagement initiatives.
Business,Human Resources,easy,What role does HR play in supporting employees during major company changes,HR provides transparent communication emotional support resources and ensures fair treatment of employees.
Business,Human Resources,easy,Why is HR involved in corporate social responsibility CSR programs,Because HR drives ethical workplace practices employee volunteerism and sustainability initiatives.
Business,Human Resources,easy,Why is HR responsible for employee retention strategies,Because HR designs career growth opportunities improves workplace culture and ensures competitive compensation.
Business,Human Resources,easy,Why is HR responsible for enforcing workplace safety regulations,To protect employees ensure legal compliance and reduce the risk of workplace incidents.
Business,Human Resources,easy,Why is HR responsible for handling workplace conflicts confidentially,To maintain trust protect employee privacy and ensure fair conflict resolution.
Business,Human Resources,easy,Why is HR responsible for maintaining positive employeeemployer relationships,To ensure workplace harmony foster engagement and create a productive work environment.
Business,Human Resources,easy,Why is HR responsible for monitoring employee satisfaction,Because engaged employees contribute to higher productivity lower turnover and a positive work culture.
Business,Human Resources,easy,Why is HR responsible for monitoring employee turnover rates,To identify retention risks assess workplace satisfaction and implement effective employee engagement strategies.
Business,Human Resources,easy,Why is HR responsible for monitoring workplace equity and fairness,To prevent discrimination promote inclusive policies and ensure compliance with labor laws.
Business,Human Resources,easy,Why is HR responsible for succession planning,HR identifies leadership potential ensures smooth role transitions and prepares employees for future responsibilities.
Business,Human Resources,easy,Why is continuous feedback important in performance management,It enhances employee development improves engagement and helps identify performance improvement areas in realtime.
Business,Human Resources,easy,Why is continuous learning important for HR professionals,To stay updated on labor laws workplace trends and best practices in HR management.
Business,Human Resources,easy,Why is crossfunctional collaboration important for HR,Because HR policies impact all departments and collaboration ensures alignment with business objectives.
Business,Human Resources,easy,Why is crossfunctional collaboration important in HR,It ensures alignment between HR strategies and business objectives improving efficiency and employee satisfaction.
Business,Human Resources,easy,Why is crosstraining important in workforce planning,It increases workforce flexibility improves career development and ensures business continuity in case of staff shortages.
Business,Human Resources,easy,Why is diversity hiring important in todayâs workforce,It promotes innovation enhances workplace inclusivity and ensures compliance with equal opportunity laws.
Business,Human Resources,easy,Why is employee feedback essential for HR policies,Feedback helps refine policies improve engagement and ensure HR initiatives align with employee needs.
Business,Marketing,easy,What is influencer marketing,Influencer marketing leverages individuals with large followings to promote products or services in exchange for compensation.
Business,Marketing,easy,What is the purpose of a call to action CTA,A CTA encourages users to take a specific action such as making a purchase signing up for a newsletter or requesting more information.
Business,Marketing,easy,What is the primary goal of marketing,The primary goal of marketing is to attract and retain customers by meeting their needs and creating value.
Business,Finance,easy,How do you stay updated on financial news and market trends,I follow financial news via Bloomberg WSJ and industry reports.
Business,Finance,easy,How would you calculate and interpret a companys return on assets ROA,ROA is calculated by dividing net income by total assets. It indicates how efficiently assets are being used to generate profit.
Business,Finance,easy,Can you explain the difference between gross margin and net margin,Gross margin = revenue  COGS; net margin includes all expenses.
Business,Finance,easy,What do you like about Finance,Its role in decisionmaking problemsolving and driving business growth.
Business,Finance,easy,What is a payback period,The time it takes for an investment to recover its initial cost from cash inflows.
Business,Finance,easy,Tell me about yourself.,I am a finance professional with over 5 years of experience in financial analysis and reporting.
Business,Finance,easy,Why do you want to become a financial analyst,I am passionate about using data to drive business decisions and enjoy the challenge of complex analysis.
Business,Finance,easy,How do interest rate changes affect bond prices,When interest rates rise bond prices fall and vice versa.
Business,Finance,easy,How would you explain the importance of maintaining an optimal working capital cycle,Ensures liquidity for daily operations.
Business,Finance,easy,How do you assess the financial health of a company,I analyze financial statements key ratios cash flow and market trends.
Business,Finance,easy,How do you calculate the return on assets ROA and what does it tell you about a company,ROA = Net income / Total assets. It shows how well assets are used to generate profit.
Business,Finance,easy,What are the differences between a cash flow statement and an income statement,Cash flow shows actual cash inflows and outflows; income statement shows profit or loss.
Business,Finance,easy,How do you calculate and interpret a companys debttoequity ratio,Debttoequity = total debt / equity. It shows financial leverage and risk.
Business,Finance,easy,How do you calculate free cash flow and why is it important,Free cash flow = Operating cash flow  Capital expenditures. It shows cash available for growth.
Business,Finance,easy,Can you explain the importance of a companys liquidity ratio,It shows if the company can pay its shortterm debts.
Business,Finance,easy,Can you explain the difference between a capital expenditure and an operating expenditure and why is this distinction important,CapEx is for longterm assets; OpEx is for daily costs. It impacts cash flow.
Business,Finance,easy,What is a financial forecast,A financial forecast estimates future revenues expenses and cash flows based on historical data and assumptions.
Business,Finance,easy,How do you differentiate between a fixed cost and a variable cost,Fixed costs remain constant; variable costs change with production levels.
Business,Finance,easy,What is accumulated depreciation,The total depreciation expense recorded for an asset over time.
Business,Finance,easy,Explain Purchase Price and Profitability.,Purchase price is the cost of acquiring an asset; profitability is the ability to generate profit from revenue.
Business,Marketing,easy,What are the most important digital marketing channels today,Some key digital marketing channels include SEO social media marketing email marketing content marketing and paid advertising PPC.
Business,Marketing,easy,What is the role of branding in marketing,Branding helps create a unique identity builds trust and loyalty and differentiates a company from competitors.
Business,Marketing,easy,What does SEO stand for and why is it important,SEO stands for Search Engine Optimization and it is crucial for improving a websites visibility on search engines driving organic traffic.
Business,Marketing,easy,What is the difference between a lead and a prospect,A lead is someone who has shown interest in your product while a prospect is a lead that has been qualified and is more likely to convert.
Business,Marketing,easy,What does Content Marketing mean for business,Content marketing involves creating and sharing valuable relevant content to attract and engage a target audience. It helps build trust establish authority and drive profitable customer actions.
Business,Finance,easy,What do you think are the most important qualities of a financial analyst,Strong analytical skills attention to detail and effective communication are essential qualities.
Business,Finance,easy,What financial software are you proficient in,I am proficient in Excel Bloomberg Terminal and various financial modeling tools.
Business,Finance,easy,How do you stay updated with market trends and changes,I follow financial news subscribe to industry publications and attend webinars and professional events.
Business,Finance,easy,How do you prioritize tasks when multiple deadlines are looming,I assess urgency and impact then adjust my schedule to focus on highpriority tasks first.
Business,Finance,easy,What is the difference between a budget and a forecast,A budget is a financial plan for a future period while a forecast is an estimate based on actual performance and trends.
Business,Finance,easy,What is a sin tax,A tax on products deemed harmful like alcohol tobacco and sugary drinks.
Business,Finance,easy,Can you describe the difference between operating income and net income,Operating income is from core operations; net income includes all expenses and revenues.
Business,Finance,easy,How would you explain to a nonfinancial manager the concept of financial leverage,Its using borrowed funds to increase investment returns.
Business,Finance,easy,What is your approach to analyzing cash flow from operating activities,Focus on consistency and adequacy to support operations.
Business,Finance,easy,How would you explain the time value of money to someone with little to no financial background,Money today is worth more than the same amount in the future due to its earning potential interest or investment returns.
Business,Finance,easy,How do you manage highstress situations with account holders,Staying calm listening actively and providing clear solutions.
Business,Finance,easy,What are three types of shortterm financing that our company could use to fulfill its cash needs,Trade credit bank overdrafts and shortterm loans.
Business,Finance,easy,How do you calculate the debttoequity ratio and what does it indicate about a company,Debttoequity = Debt / Equity. It shows the companys financial leverage.
Business,Finance,easy,How would you explain the concept of time value of money to someone unfamiliar with finance,Money today is worth more than the same amount in the future.
Business,Finance,easy,How do you calculate the current ratio and what does it indicate about a companys financial health,Current ratio = current assets / current liabilities. It shows a companys ability to meet shortterm obligations.
Business,Finance,easy,Whats the difference between operating income and net income,Operating income is from core operations while net income includes all other expenses and taxes.
Business,Finance,easy,Cashbased vs. Accrual Accounting," Cashbased: Records transactions when cash moves.
 Accrual: Records when earned/incurred regardless of cash flow."
Business,Finance,easy,What is Finance,Managing money investments and budgeting to meet financial goals.
Business,Finance,easy,What do you understand by working capital,Money available for daily operations calculated by subtracting current liabilities from current assets.
Business,Finance,easy,What is a cash flow statement Explain.,Tracks cash coming in and out of a company from operations investments and financing.
Business,Finance,easy,What is your approach to analyzing a companys working capital,Check if current assets can cover current liabilities.
Business,Finance,easy,How do you analyze and interpret an income statement to assess a companys profitability,Look at revenue expenses and net profit.
Business,Finance,easy,Can you explain the significance of the quick ratio and how its used in financial analysis,It shows if a company can pay shortterm debts without selling inventory.
Business,Finance,easy,How would you calculate and interpret a companys return on investment ROI,ROI = Net Profit / Investment Cost × 100; it measures profitability and investment efficiency.
Business,Finance,easy,What is the importance of liquidity ratios in financial analysis,They measure a companys ability to pay shortterm debts.
Business,Finance,easy,Why might a company prefer to lease an asset rather than purchase it,Leasing preserves capital provides tax benefits and avoids the risk of asset depreciation.
Business,Finance,easy,What is your understanding of working capital management and why is it important for financial health,It ensures enough cash is available for daily operations.
Business,Finance,easy,How do you differentiate between current and noncurrent liabilities on the balance sheet,Current liabilities are due within one year; noncurrent are due later.
Business,Finance,easy,How would you explain to a nonfinancial stakeholder the concept of net present value NPV,NPV shows the value of future cash flows today. Positive NPV means a good investment.
Business,Finance,easy,What would you consider when evaluating a companys return on investment ROI,Compare net gain to initial investment.
Business,Finance,easy,How would you explain the relationship between risk and return to a new investor,Higher risk generally leads to higher potential returns.
Business,Finance,easy,What do you understand by fair value,The current market price or value of an asset or liability.
Business,Finance,easy,What is the secondary market,Where previously issued securities are bought and sold.
Business,Finance,easy,What are the four financial statements,Income statement balance sheet cash flow statement and equity statement.
Business,Marketing,easy,What is the 80/20 rule in marketing,The 80/20 rule or Pareto principle suggests that 80% of a companys revenue often comes from 20% of its customers or products.
Business,Finance,easy,What is working capital,Current assets minus current liabilities; measures shortterm liquidity.
Business,Finance,easy,How do you calculate and interpret a companys return on equity ROE,ROE = Net Income / Equity. It shows how well a company uses equity to make profits.
Business,Finance,easy,How would you calculate a companys pricetosales ratio P/S,P/S = Market Capitalization / Revenue.
Business,Finance,easy,What is the relationship between risk and return in an investment portfolio,Higher risk typically leads to higher potential returns.
Business,Finance,easy,What are the main types of financial statements and how do they interrelate,Balance sheet income statement and cash flow statementshowing assets earnings and liquidity.
Business,Finance,easy,What are the differences between a companys book value and market value,Book value is based on assets while market value reflects stock price.
Business,Finance,easy,What do you think is the most important financial metric for assessing a companys profitability,Net profit margin.
Business,Finance,easy,How would you explain the differences between a companys gross margin and operating margin,Gross margin is sales minus cost of goods sold; operating margin includes operating expenses.
Business,Finance,easy,How do you assess the profitability of a company using financial statements,Look at profit margins and net income.
Business,Finance,easy,How would you explain the concept of market capitalization to a client,Market cap is the total value of all company shares.
Business,Finance,easy,Which is cheaper debt or equity,Debt is cheaper due to taxdeductible interest and lower required returns than equity.
Business,Finance,easy,How do you calculate a companys earnings before interest and taxes EBIT,EBIT = Revenue  Operating Expenses; it measures core profitability.
Business,Finance,easy,What are the key differences between fixed and floating interest rates from a financial perspective,Fixed rates remain constant while floating rates change with the market.
Business,Finance,easy,How do you calculate the return on investment ROI for a real estate project or property investment,ROI = Net Profit / Cost of Investment × 100%.
Business,Finance,easy,How do you calculate the debttoequity ratio and what does it signify,Debttoequity ratio = Total Debt / Total Equity; it measures financial leverage.
Business,Finance,easy,What financial ratios would you use to assess a companys profitability,Gross margin net margin ROE and ROA.
Business,Finance,easy,What is the relationship between a companys net income and its cash flow,Net income includes noncash items; cash flow shows actual liquidity.
Business,Finance,easy,Can you explain the significance of a companys liquidity position and its impact on operations,Good liquidity ensures a company can pay bills and run smoothly.
Business,Finance,easy,What is the difference between operating income and net income and how are they used to assess performance,Operating income is core business profit; net income includes all factors.
Business,Finance,easy,What are the key differences between equity financing and debt financing,Equity financing involves ownership dilution while debt financing requires fixed repayments.
Business,Marketing,easy,What is the difference between B2B and B2C marketing,B2B businesstobusiness marketing targets other businesses while B2C businesstoconsumer marketing focuses on individual consumers.
Business,Marketing,easy,What is SEO,SEO Search Engine Optimization is the practice of improving a websites visibility on search engines to increase organic traffic and rank higher in search results.
Business,Marketing,easy,What is the purpose of email segmentation,Email segmentation allows businesses to send targeted emails to specific customer groups based on factors like demographics purchase history and engagement improving relevance and conversions.
Business,Marketing,easy,What is a conversion rate,Conversion rate is the percentage of visitors to a website or campaign who complete a desired action such as making a purchase or filling out a form.
Business,Marketing,easy,What is the purpose of email marketing,Email marketing is used to engage with customers through personalized messages promote products or services and nurture relationships with prospects.
Business,Marketing,easy,What is customer segmentation,Customer segmentation is the process of dividing a customer base into smaller groups based on shared characteristics such as demographics behavior or needs to tailor marketing efforts.
Business,Marketing,easy,What is the role of public relations PR in marketing,PR in marketing involves managing a company's reputation building relationships with the media and generating positive publicity to enhance brand image and credibility.
Business,Marketing,easy,What is a customer journey,The customer journey is the process that customers go through when interacting with a brand from awareness to postpurchase.
Business,Marketing,easy,What is influencer engagement,Influencer engagement is the process of working with influencers to promote a brand through interactions content sharing and partnerships.
Business,Marketing,easy,What is content marketing,Content marketing is the creation and distribution of valuable relevant and consistent content to attract and engage a target audience.
Business,Marketing,easy,What is inbound marketing,Inbound marketing focuses on attracting customers through content and interactions that are helpful and relevant rather than interruptive.
Business,Marketing,easy,What is the purpose of a marketing campaign,A marketing campaign is designed to promote a specific product service or brand aiming to increase awareness engagement and sales.
Business,Marketing,easy,What is brand differentiation,Brand differentiation is the process of distinguishing a brand from its competitors by highlighting unique qualities and value propositions.
Business,Marketing,easy,What is the role of SEO in digital marketing,SEO Search Engine Optimization is a key component of digital marketing that involves optimizing a website's content structure and technical aspects to rank higher on search engine results pages.
Business,Marketing,easy,What is a target market,A target market is a specific group of consumers or businesses that a company aims to reach with its products services and marketing efforts.
Business,Marketing,easy,What is the role of customer feedback in marketing,Customer feedback provides valuable insights into customer satisfaction pain points and preferences which can be used to improve products services and marketing strategies.
Business,Marketing,easy,What is the difference between product and service marketing,Product marketing focuses on tangible goods while service marketing involves intangible offerings requiring different strategies to emphasize benefits customer experience and reliability.
Business,Marketing,easy,What is the role of email marketing,Email marketing is used to nurture relationships with customers and prospects by sending targeted personalized messages that promote products services and relevant content.
Business,Marketing,easy,What is a landing page,A landing page is a web page designed with a specific goal in mind such as capturing leads or promoting a product typically linked to an advertising or marketing campaign.
Business,Marketing,easy,What is social proof,Social proof is the influence that the actions and opinions of others have on our own behavior often used in marketing to build credibility.
Business,Marketing,easy,What is a unique selling proposition USP,A unique selling proposition USP is a marketing concept that highlights what makes a product or service different and better than its competitors.
Business,Marketing,easy,What is lead generation,Lead generation is the process of attracting and identifying potential customers leads for a business's products or services.
Business,Marketing,easy,What is A/B testing,A/B testing involves comparing two versions of a webpage ad or email to see which one performs better in terms of user engagement or conversions.
Business,Marketing,easy,What is affiliate marketing,Affiliate marketing is a performancebased marketing strategy where a business rewards affiliates for driving traffic or sales to their website through their marketing efforts.
Business,Marketing,easy,What is PPC PayPerClick advertising,PPC is a form of online advertising where advertisers pay each time a user clicks on their ad.
Business,Marketing,easy,What is a marketing channel,A marketing channel refers to the medium used to deliver a marketing message such as email social media or search engines.
Business,Marketing,easy,What is a value proposition,A value proposition is a statement that clearly explains how a product or service solves a customer's problem or improves their situation highlighting its unique benefits.
Business,Marketing,easy,What is a call to action CTA,A call to action CTA is a prompt that encourages the audience to take a specific action such as 'Buy Now' or 'Sign Up' commonly used in ads emails and websites.
Business,Marketing,easy,What is the difference between a productoriented and a customeroriented marketing strategy,A productoriented strategy focuses on the product's features and quality while a customeroriented strategy focuses on meeting the needs and desires of the target customer.
Business,Marketing,easy,What is a product lifecycle,The product lifecycle refers to the stages a product goes through from introduction to growth maturity and eventual decline.
Business,Marketing,easy,What is a marketing automation tool,A marketing automation tool is software that automates marketing tasks such as email campaigns social media posts and customer segmentation to improve efficiency and effectiveness.
Business,Marketing,easy,What is a marketing strategy,A marketing strategy is a plan to achieve a business's marketing objectives including positioning targeting and differentiating the brand in the market.
Business,Marketing,easy,What is brand awareness,Brand awareness refers to how familiar consumers are with a brand and its products typically measured by brand recall and recognition.
Business,Marketing,easy,What is a brand ambassador,A brand ambassador is an individual often an influencer who represents a company and promotes its products or services.
Business,Marketing,easy,Which social media platforms are you familiar with using,I am proficient in using platforms like Instagram Facebook LinkedIn Twitter and TikTok. I have experience creating content running ads and analyzing performance metrics on these platforms to optimize engagement and ROI.
Business,Marketing,easy,What is market research,Market research involves collecting and analyzing data about the target market industry trends and competitors to make informed marketing decisions.
Business,Marketing,easy,What is a marketing funnel,A marketing funnel represents the stages a potential customer goes through from becoming aware of a product to making a purchase decision.
Business,Marketing,easy,What is search engine marketing SEM,Search engine marketing SEM involves using paid ads on search engine platforms like Google to drive traffic to a website.
Business,Marketing,easy,What is brand equity,Brand equity refers to the value a brand holds in the marketplace influenced by consumer perceptions loyalty and overall brand strength.
Business,Marketing,easy,What is a lead generation strategy,A lead generation strategy involves attracting and identifying potential customers leads through various methods such as content marketing social media and paid ads.
Business,Marketing,easy,What is content curation,Content curation is the process of gathering organizing and sharing relevant content from various sources to provide value to an audience.
Business,Marketing,easy,What is paid search marketing,Paid search marketing involves using paid advertisements on search engines like Google to drive traffic to a website by bidding on relevant keywords.
Business,Human Resources,easy,How do you address employee concerns and grievances,By maintaining open communication conducting fair investigations and implementing appropriate resolutions.
Business,Marketing,easy,What is customer retention,Customer retention is the ability of a company to retain its customers over a period of time by delivering quality products and excellent customer service.
Business,Marketing,easy,What is a product positioning statement,A product positioning statement outlines the unique benefits and characteristics of a product helping to differentiate it from competitors in the market.
Business,Marketing,easy,What is a referral program,A referral program incentivizes customers to refer new customers to a brand often through discounts rewards or other benefits.
Business,Marketing,easy,What is a lead nurturing strategy,Lead nurturing is the process of building relationships with potential customers by providing valuable content and communication until they are ready to make a purchase decision.
Business,Marketing,easy,What is a calltoaction CTA,A calltoaction CTA is a prompt that encourages the audience to take a specific action such as clicking a button downloading a resource or making a purchase.
Business,Marketing,easy,What is a customer persona,A customer persona is a semifictional representation of an ideal customer based on market research and data helping marketers create targeted campaigns.
Business,Marketing,easy,What is the purpose of a tagline,A tagline is a short memorable phrase that conveys a brands core message or value proposition to create recognition and emotional appeal.
Business,Marketing,easy,What is the purpose of a brand audit,A brand audit evaluates a brands current market position performance and perception identifying areas for improvement and growth opportunities.
Business,Marketing,easy,What is an email marketing campaign,An email marketing campaign involves sending targeted messages to a specific group of customers via email aiming to drive engagement conversions or retention.
Business,Marketing,easy,What is a lead generation campaign,A lead generation campaign is a marketing initiative aimed at attracting and converting potential customers leads through content offers or advertisements.
Business,Marketing,easy,What is the difference between a marketing strategy and a marketing plan,A marketing strategy outlines the overall goals and direction while a marketing plan is a detailed roadmap that specifies the tactics and actions to achieve those goals.
Business,Marketing,easy,What is the 4 Ps of marketing,The 4 Ps of marketing are Product Price Place and Promotion which are key elements to successfully market a product or service.
Business,Marketing,easy,What is the difference between SEO and SEM,SEO Search Engine Optimization focuses on improving a websites organic ranking in search results while SEM Search Engine Marketing involves paid advertising to increase visibility.
Business,Marketing,easy,What is a USP Unique Selling Proposition,A USP is the unique factor or benefit that makes a product or service stand out from competitors and appeals to consumers.
Business,Marketing,easy,What is the role of product packaging in marketing,Product packaging plays a key role in attracting customers differentiating the product from competitors and conveying the brand's identity and value proposition.
Business,Marketing,easy,What is the role of visual content in marketing,Visual content such as images and videos enhances engagement helps convey brand messages more effectively and improves the shareability of content on social media.
Business,Marketing,easy,What is an omnichannel strategy,An omnichannel strategy integrates multiple marketing channels and customer touchpoints providing a seamless experience for customers whether online or offline.
Business,Marketing,easy,What is social proof in marketing,Social proof refers to the concept of people relying on the actions and opinions of others to guide their decisions often used in marketing through testimonials or reviews.
Business,Marketing,easy,What is brand consistency,Brand consistency refers to maintaining a uniform image tone and message across all marketing materials and channels to strengthen brand recognition and trust.
Business,Marketing,easy,What is the difference between traditional and digital marketing,Traditional marketing uses offline channels like TV radio and print while digital marketing utilizes online platforms such as social media SEO and email.
Business,Marketing,easy,What is search engine optimization SEO,SEO is the practice of optimizing a website to increase its visibility in search engine results pages SERPs ultimately driving more organic traffic.
Business,Marketing,easy,What is a sales funnel,A sales funnel is the process a customer goes through before making a purchase consisting of stages like awareness interest decision and action.
Business,Marketing,easy,What is the purpose of a marketing funnel,A marketing funnel helps visualize the customer journey from awareness through to consideration and conversion guiding marketers on how to nurture prospects.
Business,Marketing,easy,What is a marketing plan,A marketing plan is a document outlining a companys marketing strategy goals and specific actions to achieve those goals.
Business,Marketing,easy,What is guerrilla marketing,Guerrilla marketing is an unconventional marketing strategy that relies on creative and lowcost tactics to promote a product or service.
Business,Marketing,easy,What is digital marketing,Digital marketing encompasses all marketing efforts that use digital channels like social media search engines email and websites to promote products and services.
Business,Marketing,easy,What is brand positioning,Brand positioning refers to the strategy of positioning a brand in the market in a way that it resonates with the target audience and stands out from the competition.
Business,Marketing,easy,What is a customer acquisition cost CAC,Customer acquisition cost CAC is the cost associated with acquiring a new customer including marketing expenses sales efforts and any other resources spent on attracting customers.
Business,Marketing,easy,What is the difference between abovetheline ATL and belowtheline BTL marketing,ATL marketing involves mass media advertising such as TV and radio while BTL marketing includes direct targeted methods like email marketing and promotions.
Business,Marketing,easy,What is the role of a brand manager,A brand manager is responsible for developing and maintaining a brand's identity ensuring consistent messaging and overseeing its positioning in the market.
Business,Marketing,easy,Do you have experience with creating email marketing campaigns,Yes I have extensive experience creating email marketing campaigns. Ive designed segmented email strategies crafted personalized content and used automation tools like Mailchimp and HubSpot to improve open rates and conversions.
Business,Marketing,easy,What is a marketing calendar,A marketing calendar is a schedule that outlines all the planned marketing activities campaigns and content throughout the year to ensure alignment and timely execution.
Business,Marketing,easy,What is the difference between online and offline marketing,Online marketing takes place on the internet through digital channels while offline marketing involves traditional channels such as print ads TV and radio.
Business,Marketing,easy,What is the role of a marketing strategy,A marketing strategy helps guide all marketing efforts by defining the target market setting objectives and outlining the best tactics to reach those goals.
Business,Marketing,easy,What is the role of a digital marketing agency,A digital marketing agency helps businesses create and implement online marketing strategies such as SEO social media marketing PPC and content marketing.
Business,Marketing,easy,What brands do you like to follow and engage with on social media Why,I follow brands like Apple and Glossier for their innovative marketing strategies and ability to create a strong emotional connection with their audience. Their content is always fresh engaging and aligned with their brand identity.
Business,Marketing,easy,What's your favorite thing about marketing,My favorite thing about marketing is the ability to tell stories that resonate with people and drive meaningful action. Its rewarding to see how strategic creativity can impact a brands success and customer relationships.
Business,Marketing,easy,What is a press release,A press release is a written statement issued by a company to announce news or events to the media aiming to generate publicity.
Business,Marketing,easy,What is the purpose of customer surveys in marketing,Customer surveys provide insights into customer satisfaction preferences and feedback helping businesses improve their products and marketing strategies.
Business,Marketing,easy,What is a marketing mix,A marketing mix is a combination of the four P's: Product Price Place and Promotion that businesses use to promote and sell their products.
Business,Marketing,easy,What is the role of email segmentation,Email segmentation involves dividing an email list into smaller segments based on certain criteria allowing marketers to send more relevant and targeted messages.
Business,Human Resources,easy,How can HR support employees experiencing workrelated stress,By offering wellness programs flexible work arrangements and mental health resources.
Business,Finance,easy,What are cash equivalents,Shortterm highly liquid assets easily convertible to cash like treasury bills and money market funds.
Business,Accounting,easy,If you were CFO of our business what would keep you up at night,Concerns may include cash flow management financial risks compliance with regulations and ensuring profitability and shareholder value.
Business,Accounting,easy,What is the role of a financial controller in an organization,A financial controller oversees accounting functions financial reporting budgeting and compliance to ensure accurate financial management.
Business,Accounting,easy,What is the role of accounting in corporate governance,Accounting ensures transparency compliance and accurate financial reporting which supports corporate governance by promoting accountability and ethical decisionmaking.
Business,Accounting,easy,What is the role of an audit committee in financial oversight,An audit committee ensures financial integrity compliance with regulations and effectiveness of internal control systems.
Business,Accounting,easy,What is the role of the statement of retained earnings,It reports changes in retained earnings over a period showing net income dividends and adjustments affecting shareholders' equity.
Business,Accounting,easy,What is the significance of prepaid expenses in financial reporting,Prepaid expenses are recorded as assets and gradually expensed over time to match costs with the related revenue period.
Business,Accounting,easy,What is the significance of the conservatism principle in accounting,The conservatism principle ensures that liabilities and expenses are recognized immediately while revenues are only recorded when earned promoting cautious financial reporting.
Business,Accounting,easy,What is the significance of the going concern principle in accounting,The going concern principle assumes that a company will continue operations in the foreseeable future impacting asset valuations and financial planning.
Business,Accounting,easy,What is the significance of working capital management,Efficient working capital management ensures liquidity reduces borrowing costs and supports daytoday business operations.
Business,Accounting,easy,What is working capital,Working capital is calculated as Current Assets  Current Liabilities. It indicates a companyâs shortterm liquidity and operational efficiency.
Business,Accounting,easy,What types of business transactions are there in accounting,There are two main types of business transactions: cash transactions immediate payment and credit transactions payment deferred. Additionally they can be classified into revenue expense capital and noncash transactions.
Business,Accounting,easy,Whatâs the acronym for the accounting terms debit and credit,Debit is abbreviated as 'Dr' and Credit as 'Cr' in accounting records.
Business,Accounting,easy,When a company pays a bill is the âCashâ account credited or debited,The âCashâ account is credited because cash is being reduced.
Business,Accounting,easy,Which accounting application do you prefer and why,I prefer SAP for enterpriselevel accounting due to its scalability and QuickBooks for small businesses because of its simplicity.
Business,Accounting,easy,Which accounting applications are you familiar with,I have experience with QuickBooks SAP Tally Microsoft Dynamics Xero and Oracle NetSuite for financial management.
Business,Accounting,easy,Why did you choose the accounting profession,I chose accounting because I enjoy working with numbers financial analysis and helping businesses maintain accurate financial records.
Business,Accounting,easy,Why do companies create provision accounts,Provision accounts are used to recognize expected liabilities or losses ensuring financial statements reflect realistic obligations.
Business,Accounting,easy,Why do you prefer accounting as a profession,I enjoy working with numbers financial analysis and helping businesses maintain accurate records which makes accounting a rewarding profession for me.
Business,Accounting,easy,Explain the basic accounting equation.,The basic accounting equation is Assets = Liabilities + Equity ensuring that financial records remain balanced.
Business,Accounting,easy,Explain trial balance concerning accounting.,A trial balance is a list of all ledger accounts with their debit and credit balances used to verify the accuracy of bookkeeping records.
Business,Accounting,easy,How do companies recognize bad debt expenses,Bad debts are estimated using the allowance method or directly written off when determined uncollectible impacting net income and accounts receivable.
Business,Accounting,easy,How do we record PPE Property Plant and Equipment and why is it important,PPE is recorded as a longterm asset and depreciated over time. It is important as it represents key investments in company operations.
Business,Accounting,easy,How do you stay updated with accounting standards and regulations,I attend professional development seminars participate in online courses and follow reputable accounting publications and regulatory updates.
Business,Accounting,easy,What is the impact of a high accounts receivable turnover ratio,A high accounts receivable turnover ratio indicates efficient credit management and faster cash collections benefiting cash flow.
Business,Accounting,easy,What is the effect of an increase in accounts receivable on cash flow,An increase in accounts receivable reduces cash flow as more sales are on credit rather than cash collections.
Business,Accounting,easy,What is the difference between tangible and intangible assets,Tangible assets have physical presence e.g. buildings equipment while intangible assets lack physical form e.g. patents goodwill.
Business,Accounting,easy,What is the difference between revenue expenditure and capital expenditure,Revenue expenditure is for shortterm operational costs while capital expenditure is for acquiring or upgrading longterm assets.
Business,Accounting,easy,What is the difference between gross profit and net profit,Gross profit is revenue minus cost of goods sold while net profit is the final profit after deducting all expenses taxes and interest.
Business,Accounting,easy,What is the difference between financial accounting and management accounting,Financial accounting focuses on external reporting to stakeholders while management accounting provides internal financial insights for decisionmaking.
Business,Accounting,easy,What is the difference between direct and indirect costs,Direct costs are traceable to a specific product or service while indirect costs are shared expenses not tied to a single cost object.
Business,Accounting,easy,What is the purpose of financial statement footnotes,Footnotes provide additional details about accounting policies contingent liabilities and significant transactions ensuring transparency in financial reports.
Business,Accounting,easy,What is the purpose of depreciation in accounting,Depreciation allocates the cost of a fixed asset over its useful life matching expenses with revenue and reducing taxable income.
Business,Accounting,easy,What is the purpose of an internal audit,Internal audits assess compliance risk management and financial controls to improve operational efficiency and prevent fraud.
Business,Accounting,easy,What is the purpose of an expense accrual,An expense accrual records obligations incurred but not yet paid ensuring accurate financial reporting in the correct accounting period.
Business,Accounting,easy,How does accounts payable differ from accounts receivable,Accounts payable represents money owed to suppliers while accounts receivable represents money owed to the company by customers.
HR,Interview Preparation,easy,What is your greatest weakness,I sometimes focus too much on details but I am improving my ability to prioritize tasks efficiently.
HR,Interview Preparation,easy,What is your greatest strength,My greatest strength is my attention to detail ensuring accuracy in financial records and compliance with regulations.
HR,Interview Preparation,easy,Tell me about yourself.,I am a detailoriented accountant with experience in financial reporting budgeting and compliance passionate about optimizing financial processes.
Business,Accounting,easy,Tell me something about yourself.,I am an experienced accountant with expertise in financial reporting tax compliance and cost management passionate about ensuring financial efficiency.
Business,Accounting,easy,Name the popular accounting applications.,Popular accounting applications include QuickBooks SAP Tally FreshBooks Microsoft Dynamics and Xero.
Business,Accounting,easy,Name the branches of accounting.,The branches of accounting include financial accounting management accounting cost accounting tax accounting and forensic accounting.
Business,Accounting,easy,Name the accounting applications that you are familiar with.,I have experience using QuickBooks SAP Tally Microsoft Dynamics Xero and FreshBooks.
Business,Accounting,easy,Mention the kinds of accounts involved in doubleentry bookkeeping.,Doubleentry bookkeeping includes asset liability equity revenue and expense accounts.
Business,Accounting,easy,Mention some accounting software you are familiar with.,I have experience using QuickBooks SAP Microsoft Dynamics Tally and Xero for financial reporting and bookkeeping.
Business,Accounting,easy,List things that will not be included in a bank reconciliation statement.,Nonrecorded transactions like direct bank charges errors in accounting records and outstanding checks not yet cleared by the bank.
Business,Accounting,easy,Is documentation essential in accounting,Yes documentation provides evidence for transactions ensures accuracy supports audits and helps in regulatory compliance.
Business,Accounting,easy,What is the impact of depreciation on cash flow,Depreciation is a noncash expense that reduces net income but does not impact cash flow improving reported operating cash flow.
Business,Accounting,easy,What is the impact of revenue recognition timing on financial performance,Timing of revenue recognition affects profitability cash flow and financial ratios potentially influencing investor perception and regulatory compliance.
Business,Accounting,easy,What is the difference between cost accounting and financial accounting,Cost accounting focuses on internal cost control and efficiency while financial accounting reports financial performance to external stakeholders.
Business,Accounting,easy,What is the importance of an audit trail in accounting,An audit trail provides a documented history of financial transactions ensuring transparency accuracy and compliance with accounting standards.
Business,Accounting,easy,What is the primary function of an audit trail,An audit trail provides a chronological record of financial transactions ensuring transparency accuracy and accountability in financial reporting.
Business,Accounting,easy,What is the primary objective of financial reporting,Financial reporting provides stakeholders with transparent reliable and comparable financial information for decisionmaking.
Business,Accounting,easy,What is the primary purpose of a cash budget,A cash budget helps manage liquidity ensuring a company has enough cash to meet shortterm obligations and operational needs.
Business,Accounting,easy,What is the primary purpose of a trial balance,A trial balance ensures that total debits equal total credits detecting possible errors before financial statements are prepared.
Business,Accounting,easy,What is the primary purpose of bank overdraft reconciliation,It ensures that overdraft balances recorded in the books align with bank statements preventing errors and fraud.
Business,Accounting,easy,What is the purpose of a bank reconciliation statement,It ensures company records match the bankâs records identifying discrepancies such as outstanding checks and unauthorized transactions.
Business,Accounting,easy,What is the purpose of a general ledger in accounting,A general ledger serves as the main recordkeeping system summarizing financial transactions for accurate reporting and financial statement preparation.
Business,Accounting,easy,What is the purpose of a postclosing trial balance,A postclosing trial balance verifies that all temporary accounts are closed and only permanent accounts remain for the new period.
Business,Accounting,easy,What is the purpose of a suspense account in accounting,A suspense account is a temporary account used to hold uncertain transactions until they can be properly classified.
Business,Accounting,easy,What is the purpose of a suspense account,A suspense account temporarily holds uncertain or incorrect transactions until they are identified and properly classified.
Business,Accounting,easy,What is the purpose of a trial balance in accounting,A trial balance checks that total debits equal total credits identifying potential errors before preparing financial statements.
Business,Accounting,easy,What is the purpose of a working capital ratio,The working capital ratio current assets/current liabilities measures a companyâs shortterm liquidity and ability to meet obligations.
Business,Accounting,easy,What is the purpose of an adjusted trial balance,An adjusted trial balance ensures that all adjusting entries are recorded before preparing financial statements ensuring accuracy and compliance.
Business,Accounting,easy,What is the purpose of an aging report in accounts receivable,An aging report categorizes outstanding receivables based on due dates to assess collection efficiency and potential bad debts.
Business,Accounting,easy,What is the main purpose of a cash budget,A cash budget estimates future cash inflows and outflows to ensure a company maintains sufficient liquidity for operations and obligations.
Business,Accounting,easy,What is the difference between an accrued expense and a provision,An accrued expense is a recognized but unpaid liability while a provision is an estimated liability for uncertain future obligations.
Business,Accounting,easy,What is the purpose of a cash flow forecast,A cash flow forecast predicts future cash inflows and outflows helping businesses manage liquidity plan investments and prevent cash shortages.
Business,Accounting,easy,What is the difference between a fiscal year and a calendar year in accounting,A fiscal year is a 12month period chosen by a company for accounting purposes which may differ from the calendar year January to December.
Business,Accounting,easy,What does 'purchase return' mean in accounting,A purchase return occurs when a buyer returns goods to the supplier reducing accounts payable or receiving a refund.
Business,Accounting,easy,What does 'premises' mean in accounting,In accounting 'premises' refers to the land and buildings owned by a company and recorded as fixed assets on the balance sheet.
Business,Accounting,easy,What do you mean by vouching,Vouching is the process of verifying financial transactions with supporting documents to ensure accuracy and compliance.
Business,Accounting,easy,What do you mean by purchase return in accounting,A purchase return occurs when a buyer returns goods to the supplier leading to a reduction in accounts payable or a refund.
Business,Accounting,easy,What are the various branches of Accounting,Branches of accounting include financial accounting management accounting cost accounting tax accounting forensic accounting and auditing.
Business,Accounting,easy,What are the uses of a Journal in Accounting,A journal records daily financial transactions in chronological order before posting them to ledger accounts ensuring an accurate audit trail.
Business,Accounting,easy,What are the top three skills of an excellent accountant,Attention to detail analytical thinking and strong knowledge of accounting principles and financial software.
Business,Accounting,easy,What are the three main types of accounts,The three main types of accounts are Personal Accounts Real Accounts and Nominal Accounts.
Business,Accounting,easy,What are the three main Financial Statements,The three main financial statements are the Income Statement Balance Sheet and Cash Flow Statement.
Business,Accounting,easy,What are the key differences between financial and managerial accounting,Financial accounting focuses on external reporting and compliance while managerial accounting is used internally for decisionmaking and cost control.
Business,Accounting,easy,What are the key components of a statement of retained earnings,It includes the beginning balance net income dividends paid and ending retained earnings for a given period.
Business,Accounting,easy,What are the different types of financial risks a company faces,Types include credit risk liquidity risk market risk and operational risk which impact financial stability and performance.
Business,Accounting,easy,What are assets minus liabilities,Assets minus liabilities equal equity which represents the net worth of a business.
Business,Accounting,easy,What are adjusting journal entries and why are they necessary,Adjusting journal entries ensure that revenues and expenses are recorded in the correct accounting period aligning financial statements with the accrual basis of accounting.
Business,Accounting,easy,What are Fictitious Assets,Fictitious assets are expenses that do not create tangible value but are recorded as assets such as preliminary business expenses or deferred advertising costs.
Business,Accounting,easy,What are Drawings what type of account is it & its journal entry,"Drawings refer to cash or goods withdrawn by the owner for personal use. It is a contraequity account recorded as: 
 Drawings A/C Dr. 
 To Cash A/C 
 Being withdrawal of cash for personal use"
Business,Accounting,easy,What are Accounting Transactions,Accounting transactions are financial activities recorded in accounting records such as sales purchases expenses and payments.
Business,Accounting,easy,Difference between trial balance and a balance sheet,A trial balance is an internal report verifying total debits and credits while a balance sheet is an official financial statement summarizing a companyâs financial position.
Business,Accounting,easy,Define trade bills.,Trade bills are financial documents representing a company's right to receive payment from a customer for goods or services sold on credit.
Business,Accounting,easy,Define scrap value in accounting.,Scrap value also known as salvage value is the estimated residual value of an asset after its useful life.
Business,Accounting,easy,Define retail banking.,Retail banking involves providing financial services such as loans savings accounts and credit cards to individual consumers.
Business,Accounting,easy,Define offset accounting.,Offset accounting involves netting financial transactions by matching debits with corresponding credits to simplify reporting.
Business,Accounting,easy,Define dual aspect in accounting.,The dual aspect concept states that every transaction affects two accounts ensuring that total debits equal total credits.
Business,Accounting,easy,Define bills receivable.,Bills receivable represent amounts owed to a company by customers for goods or services sold on credit.
Business,Accounting,easy,Define balancing in accounting.,Balancing in accounting refers to ensuring that total debits equal total credits in a ledger or financial statement to maintain accuracy.
Business,Accounting,easy,Define Working Capital.,Working capital is calculated as Current Assets  Current Liabilities. It represents a companyâs shortterm liquidity and operational efficiency.
Business,Accounting,easy,Define Tally accounting.,Tally accounting refers to the use of Tally ERP software for bookkeeping inventory management and GST compliance.
Business,Accounting,easy,What is the difference between a general ledger and a subsidiary ledger,A general ledger records all financial transactions while a subsidiary ledger provides detailed information about specific accounts such as accounts receivable or accounts payable.
Business,Accounting,easy,Can you explain the basic accounting equation,The basic accounting equation is Assets = Liabilities + Equity. It represents the fundamental principle of doubleentry accounting ensuring that the balance sheet remains balanced.
Business,Accounting,easy,What does the abbreviation 'Dr.' mean in accounting,'Dr.' stands for Debit which increases asset or expense accounts and decreases liabilities or revenue accounts.
Business,Accounting,easy,What does the budget of a company include,A corporate budget includes revenue forecasts operating expenses capital expenditures and cash flow projections.
Business,Accounting,easy,What are Accounting Principles,Accounting principles are standardized guidelines such as consistency relevance comparability and reliability ensuring accurate financial reporting.
Business,Accounting,easy,What happens to the companyâs 'Cash Account' if it borrows money from the bank by signing a note payable,The cash account increases due to the loan proceeds while a corresponding liability is recorded under 'Notes Payable'.
Business,Accounting,easy,What is the difference between a balance sheet and an income statement,A balance sheet shows a companyâs financial position at a point in time while an income statement reports profitability over a period.
Business,Accounting,easy,What does the cash flow statement reveal about a company,The cash flow statement shows cash inflows and outflows from operating investing and financing activities indicating liquidity and financial health.
Business,Accounting,easy,What is the difference between a financial lease and an operating lease,A financial lease transfers ownership risks and rewards to the lessee whereas an operating lease is treated as a rental expense without asset ownership transfer.
Business,Accounting,easy,What is the accounting treatment for prepaid expenses,Prepaid expenses are recorded as assets and gradually expensed over time as the benefit is realized ensuring proper matching of expenses.
Business,Accounting,easy,What is the accounting equation and why is it important,The accounting equation Assets = Liabilities + Equity ensures that financial statements remain balanced and accurate.
Business,Accounting,easy,What is the abbreviation of VAT in accounting,VAT stands for Value Added Tax which is a tax levied on the sale of goods and services.
Business,Accounting,easy,What is bad debt expense,Bad debt expense is an estimated amount of accounts receivable that is unlikely to be collected and is recorded as an expense.
Business,Accounting,easy,What is an overdraft in banking and how is it recorded in financial statements,An overdraft is a negative bank balance due to excess withdrawals recorded as a liability in financial statements.
Business,Accounting,easy,What is an EA in Accounting,An Enrolled Agent EA is a tax professional authorized by the IRS to represent taxpayers in taxrelated matters.
Business,Accounting,easy,What is an Accounting Transaction,An accounting transaction is a financial event recorded in the books of accounts such as purchases sales payments and receipts.
Business,Accounting,easy,What is an Account in Accounting,An account is a record summarizing financial transactions related to a specific asset liability equity revenue or expense.
Business,Accounting,easy,What is accounts receivable,Accounts receivable represents the amount customers owe a company for goods or services delivered on credit.
Business,Accounting,easy,What is a suspense account and when is it used,A suspense account is a temporary holding account used to record ambiguous transactions until they are classified correctly.
Business,Accounting,easy,What is a ledger,A ledger is a principal book in which all financial transactions are recorded by account type forming the basis for financial statements.
Business,Accounting,easy,What is a general ledger account,A general ledger account records financial transactions of a business categorized into assets liabilities equity revenue and expenses.
Business,Accounting,easy,What is an accrued expense and how is it recorded,An accrued expense is a liability for an expense incurred but not yet paid recorded as an expense and a payable on the balance sheet.
Business,Accounting,easy,What is a contra liability account and can you provide an example,A contra liability account reduces a liability balance such as 'Discount on Bonds Payable' which offsets the bond liability.
Business,Accounting,easy,What is Bank Reconciliation,Bank reconciliation is the process of matching the companyâs accounting records with the bank statement to identify discrepancies.
Business,Accounting,easy,What is Double Entry Bookkeeping What are its rules,Double Entry Bookkeeping records transactions in two accounts: debit and credit. Rules include: 1 Debit assets/expenses credit income/liabilities. 2 Every debit has a corresponding credit.
Business,Accounting,easy,What is Accounting,Accounting is the process of recording classifying summarizing and analyzing financial transactions to provide useful financial information.
Business,Accounting,easy,What is a deferred tax liability and how does it arise,A deferred tax liability arises when taxable income is lower than financial income due to temporary differences resulting in future tax obligations.
Business,Accounting,easy,What is GST,GST Goods and Services Tax is a valueadded tax levied on most goods and services sold for domestic consumption.
Business,Accounting,easy,What is Ownerâs Equity How do you calculate it,Ownerâs Equity represents the owner's stake in a business and is calculated as Assets  Liabilities.
Business,Accounting,easy,What is a Bank Reconciliation Statement & why is it prepared,A Bank Reconciliation Statement compares company records with the bank statement to identify and correct discrepancies such as outstanding checks or deposits in transit.
Business,Accounting,easy,What is a Bank Reconciliation Statement What are the steps to prepare it,A Bank Reconciliation Statement matches the companyâs cash records with the bank statement by identifying and adjusting discrepancies like outstanding checks and deposits in transit.
Business,Accounting,easy,What is Tally accounting,Tally is an accounting software used for financial transactions bookkeeping inventory management and GST compliance.
Business,Accounting,easy,What is a balance sheet,A balance sheet is a financial statement that shows a companyâs assets liabilities and equity at a specific point in time.
Business,Accounting,easy,What is a cash basis accounting system and when is it used,Cash basis records transactions when cash is received or paid often used by small businesses for simplicity and tax benefits.
Business,Accounting,easy,What is a chart of accounts and why is it important,A chart of accounts is a structured list of a company's financial accounts essential for organizing and tracking financial transactions.
Business,Accounting,easy,What is a classified balance sheet,A classified balance sheet organizes assets and liabilities into categories such as current and noncurrent to improve financial statement clarity.
Business,Accounting,easy,What is a contingent asset and how is it reported,A contingent asset is a potential future gain that is not recognized in financial statements until it is realized in compliance with accounting standards.
Business,Finance,medium,How do you assess whether a company is under or overvalued,By comparing its valuation multiples P/E ratio to industry peers and evaluating its financial health.
Business,Finance,medium,How do you determine whether a project is financially viable,By analyzing NPV IRR payback period and profitability metrics.
Business,Finance,medium,What is the significance of beta in portfolio management,Beta measures the volatility of a stock relative to the market helping assess risk and adjust portfolio diversification.
Business,Finance,medium,Why might a company choose to reinvest profits instead of distributing dividends,To fund growth initiatives reduce debt or improve liquidity particularly in expanding or capitalintensive industries.
Business,Finance,medium,What factors influence a companys dividend policy,Profitability cash flow growth opportunities and shareholder expectations.
Business,Finance,medium,How does foreign exchange risk impact multinational corporations,It affects revenue expenses and profitability due to currency fluctuations.
Business,Finance,medium,What is the impact of a companys operating cycle on its cash flow,A longer operating cycle can delay cash inflows affecting liquidity and cash flow management.
Business,Finance,medium,What steps would you take to assess a companys liquidity position,Review current ratio quick ratio and cash flow analysis.
Business,Accounting,medium,What is an EA in accounting,EA Enrolled Agent is a tax advisor licensed by the IRS to represent taxpayers in audits collections and appeals.
Business,Accounting,medium,What is marginal cost,Marginal cost refers to the additional cost incurred when producing one extra unit of a product.
Business,Accounting,medium,What is executive accounting,Executive accounting is designed for servicebased businesses to track income expenses and project costs for management reporting.
Business,Accounting,medium,What is departmental accounting,Departmental accounting is a system where a company maintains separate accounts for each department to assess profitability and performance.
Business,Accounting,medium,What is the master account,A master account is a general ledger account that contains multiple subaccounts providing a summary of financial transactions.
Business,Accounting,medium,What is the key difference between provision and reserve,A provision is an amount set aside for a known future liability whereas a reserve is retained earnings kept for strengthening financial position.
Business,Finance,medium,What are the advantages and disadvantages of debt financing,Advantages: tax deductibility lower cost; disadvantages: higher financial risk interest obligations.
Business,Accounting,medium,What steps would you take if a company was facing declining profit margins,I would analyze cost structures improve operational efficiencies renegotiate vendor contracts and explore pricing strategies to increase profitability.
Business,Accounting,medium,What is the importance of EBITDA in financial analysis,EBITDA Earnings Before Interest Taxes Depreciation and Amortization helps assess operational profitability by excluding financing and accounting impacts.
Business,Accounting,medium,What is pushdown accounting and when is it used,Pushdown accounting is a method where the acquiring companyâs fair value adjustments are recorded in the acquired companyâs books. It is used after mergers and acquisitions to reflect the new ownerâs financial reporting.
Business,Finance,medium,How does goodwill appear on the balance sheet and why does it matter,Goodwill appears as an intangible asset on the balance sheet after an acquisition. It represents the premium paid over fair value.
Business,Finance,medium,What is the impact of a companys debttoequity ratio on its financial stability,A high ratio indicates higher financial risk but potential growth leverage.
Business,Finance,medium,What are the different methods of raising capital and when should a company choose each,Methods include equity issuance debt financing and retained earnings. Equity is suitable for growth; debt for leveraging; retained earnings for stable businesses.
Business,Finance,medium,What role does cash flow forecasting play in financial planning,It helps predict future cash needs ensuring liquidity and avoiding financial shortfalls.
Business,Accounting,medium,What is the impact of lease capitalization on financial statements,Lease capitalization increases assets and liabilities on the balance sheet impacting key financial ratios like debttoequity and EBITDA.
Business,Finance,medium,How do you evaluate a companys credit risk and ability to service its debt,By analyzing financial ratios like debttoequity interest coverage and cash flow.
Business,Finance,medium,What role do financial ratios play in analyzing a companys financial health,They provide insights into profitability liquidity and solvency.
Business,Finance,medium,How does a companys capital expenditures impact its financial statements,It increases assets affects cash flow and impacts future earnings.
Business,Finance,medium,What are the potential benefits and drawbacks of using equity financing,Benefits: No debt obligation. Drawbacks: Dilution of ownership.
Business,Finance,medium,How does a company determine its working capital requirements,By analyzing cash conversion cycle operating cycle and liquidity needs.
Business,Finance,medium,What are some key indicators you would use to evaluate a companys operational efficiency,Asset turnover inventory turnover and operating margin.
Business,Finance,medium,How would you evaluate a companys profitability over time,Analyze trends in net profit margin ROE and EBITDA.
Business,Finance,medium,What is the significance of financial leverage in corporate finance,It amplifies returns but increases financial risk.
Business,Finance,medium,How do you measure the financial health of a company,By analyzing liquidity profitability and solvency ratios.
Business,Finance,medium,How would you analyze a companys profitability and cost structure,Break down revenue costs margins and trends over time.
Business,Finance,medium,How do you decide between debt and equity financing for a company,Consider cost of capital risk tolerance and financial position.
Business,Finance,medium,What do you think are the primary drivers behind a companys valuation,Revenue growth profitability market position and industry trends.
Business,Finance,medium,How do you determine the best financial strategy for a company looking to expand into new markets,Analyze costs market size and potential profits.
Business,Finance,medium,How would you evaluate the impact of interest rate changes on a companys financial performance,Check how it affects debt costs and consumer spending.
Business,Finance,medium,How do you assess a companys capital budgeting decisions,Check expected returns and risks of investments.
Business,Finance,medium,How would you analyze a companys ability to meet its shortterm obligations,By analyzing liquidity ratios like the current ratio and quick ratio.
Business,Finance,medium,Can you explain how changes in interest rates impact corporate finance decisions,Higher rates increase borrowing costs affecting investment decisions capital structure and profitability.
Business,Finance,medium,How does inflation impact financial planning and decisionmaking,Inflation erodes purchasing power influences interest rates and impacts investment returns and cost projections.
Business,Accounting,medium,What is the impact of foreign currency translation on financial statements,Foreign currency fluctuations affect consolidated financial statements requiring translation adjustments recorded in other comprehensive income OCI.
Business,Accounting,medium,Why is cost behavior analysis important for financial planning,Understanding fixed variable and mixed costs helps businesses forecast expenses set pricing strategies and make costeffective decisions.
Business,Accounting,medium,What is the impact of an accounting error on financial statements,An accounting error can misstate financial position and performance leading to incorrect decisionmaking potential regulatory issues and loss of investor confidence.
Business,Accounting,medium,What key differences exist between a cash flow forecast and a profit and loss statement,A cash flow forecast projects future cash movements while a P&L statement records revenue and expenses based on accrual accounting.
Business,Accounting,medium,Why do companies use deferred tax assets and liabilities,Deferred tax assets and liabilities arise from timing differences between financial and tax reporting affecting future tax payments.
Business,Accounting,medium,Why do companies use costvolumeprofit CVP analysis,CVP analysis helps in decisionmaking by analyzing how changes in costs volume and pricing affect profitability.
HR,Interview Preparation,medium,Did you ever face a difficult work situation and overcome it,Yes during an audit I identified a miscalculation in tax filings. I collaborated with my team corrected the issue and ensured compliance with tax laws.
Business,Accounting,medium,Why is the concept of 'true and fair view' important in financial reporting,It ensures financial statements accurately reflect the companyâs financial position maintaining transparency and investor confidence.
Business,Accounting,medium,Why is internal control important in financial reporting,Internal control prevents fraud ensures accurate reporting and promotes compliance with regulations protecting the integrity of financial statements.
Business,Accounting,medium,Why is a trial balance prepared before finalizing financial statements,A trial balance helps verify that total debits and credits are equal ensuring accuracy before preparing financial statements.
Business,Accounting,medium,Why is Depreciation not charged on Land,Depreciation is not charged on land because land has an unlimited useful life and does not wear out over time like other fixed assets.
Business,Accounting,medium,Why do companies use provisions in accounting,Provisions are recognized for anticipated liabilities or losses ensuring compliance with the prudence concept and accurate financial reporting.
Business,Accounting,medium,Why do companies perform impairment tests on longterm assets,Impairment tests ensure assets are not overstated by comparing their recoverable amount to carrying value and recording impairment losses if necessary.
Business,Accounting,medium,Why do companies perform impairment testing on longterm assets,To ensure that asset values are not overstated and comply with accounting standards by recognizing impairment losses when necessary.
Business,Accounting,medium,Why do companies perform financial benchmarking,Benchmarking compares financial performance with industry peers to identify strengths weaknesses and areas for improvement.
Business,Accounting,medium,Why do companies conduct impairment tests on goodwill,Impairment tests assess whether goodwill is overstated ensuring financial statements reflect the true value of acquired assets.
Business,Accounting,medium,Why do companies conduct impairment testing for goodwill,Impairment testing ensures that goodwill is not overstated in financial statements by comparing its carrying value to its recoverable amount.
Business,Accounting,medium,Why do certain benefit books take a credit balance,Certain benefit accounts like revenue and gains take a credit balance because they increase equity.
Business,Accounting,medium,Why are Accounting Standards necessary,Accounting standards ensure consistency transparency and reliability in financial reporting aiding investors and regulatory compliance.
Business,Accounting,medium,Which accounting platform have you worked on and which one do you prefer,I have experience with QuickBooks SAP Microsoft Dynamics and Tally. My preference depends on business needs but I prefer SAP for large enterprises and QuickBooks for small businesses.
Business,Accounting,medium,Which accounting application do you prefer the most and why,I prefer QuickBooks for small businesses due to its userfriendly interface and SAP for larger enterprises because of its advanced capabilities.
Business,Finance,medium,How do interest rates affect a companys capital budgeting decisions,Higher rates increase financing costs affecting investment feasibility.
Business,Accounting,medium,What key factors do you consider when preparing a budget forecast,I analyze historical financial data evaluate revenue trends estimate expenses and factor in market conditions and company growth projections.
Business,Accounting,medium,What is the impact of changes in exchange rates on financial statements,Changes in exchange rates affect the valuation of foreign currency transactions leading to translation gains or losses reported in financial statements.
Business,Accounting,medium,What knowledge should a financial accountant have,A financial accountant should have knowledge of financial reporting tax regulations GAAP/IFRS standards and financial software proficiency.
Business,Accounting,medium,What methods do you use to reduce tax liabilities while remaining compliant,I leverage tax credits deductions depreciation strategies and proper tax planning while ensuring compliance with regulations.
Business,Accounting,medium,What is the impact of a stock split on financial statements,A stock split increases the number of shares outstanding but reduces share price without changing total equity or net income.
Business,Accounting,medium,What is the impact of a reverse stock split on financial statements,A reverse stock split reduces the number of outstanding shares while increasing the share price without changing total equity or net income.
Business,Accounting,medium,What is the general classification of accounts that usually ledger accounts involve,General ledger accounts are classified into real accounts assets and liabilities nominal accounts revenues and expenses and personal accounts.
Business,Accounting,medium,What is the difference between depreciation and amortization,Depreciation applies to tangible assets e.g. buildings machinery while amortization applies to intangible assets e.g. patents goodwill.
Business,Accounting,medium,What is the difference between deduction & cash discount,A deduction reduces taxable income while a cash discount is a reduction in invoice price for early payment encouraging prompt settlements.
Business,Accounting,medium,What is the difference between contingent liabilities and provisions,Contingent liabilities are potential future obligations dependent on uncertain events while provisions are recognized liabilities with probable and estimable costs.
Business,Accounting,medium,What is the difference between an extraordinary item and an unusual item in financial statements,Extraordinary items are rare and nonrecurring while unusual items occur irregularly but are not necessarily outside normal business operations.
Business,Accounting,medium,What is the difference between an adjusting entry and a closing entry,An adjusting entry updates accounts at the end of a period for accruals and deferrals while a closing entry transfers temporary account balances to retained earnings.
Business,Accounting,medium,What items are included in the Profit and Loss P&L Account,The P&L Account includes revenue cost of goods sold COGS operating expenses depreciation interest taxes and net profit.
Business,Accounting,medium,What is your approach to handling a large backlog of unreconciled transactions,I prioritize highvalue transactions identify patterns of discrepancies automate reconciliation where possible and coordinate with relevant departments.
Business,Accounting,medium,What is your approach to detecting and preventing duplicate payments in accounts payable,I implement invoicematching processes use automated accounting systems and review vendor records to flag duplicate entries.
Business,Accounting,medium,Which account is liable for interest payable,The 'Interest Payable' account under current liabilities records unpaid interest expenses on loans.
Business,Accounting,medium,What steps do you take when an invoice discrepancy is flagged by a supplier,I compare the invoice against purchase orders and receipts communicate with the supplier and issue necessary adjustments or credit notes.
Business,Accounting,medium,What steps do you take to maintain confidentiality in handling financial data,I follow company data security policies restrict access to sensitive information and use encryption and password protection for financial records.
Business,Accounting,medium,What steps do you take to ensure tax filings are accurate and timely,I prepare tax schedules in advance reconcile tax accounts review applicable tax laws and file returns before deadlines to avoid penalties.
Business,Accounting,medium,What steps do you take to ensure proper reconciliation of accounts payable at the end of the month,I match invoices with purchase orders verify payment approvals check for duplicate entries and reconcile supplier statements with ledger accounts.
Business,Accounting,medium,What proportion of statistics knowledge is important or required in accounting,Basic statistical knowledge is essential in accounting for analyzing financial data forecasting budgeting and risk assessment.
Business,Accounting,medium,What proportion of mathematics knowledge is important or required in accounting,Basic math skills are essential for calculations reconciliations and financial analysis but advanced knowledge is required for forecasting and data modeling.
Business,Accounting,medium,What procedures do you follow to correct a misclassified expense in financial statements,I identify the incorrect classification prepare an adjusting journal entry document the change and update the financial statements accordingly.
Business,Accounting,medium,What methods do you use to detect and prevent financial fraud,I implement internal controls conduct regular audits segregate financial duties and use fraud detection software to minimize risk.
Business,Finance,medium,What metrics would you use to evaluate an investment opportunity,ROI IRR NPV and payback period.
Business,Accounting,medium,Expand TDS. What is it,TDS stands for Tax Deducted at Source a tax collected by the payer on specified payments which is later deposited with the government.
Business,Finance,medium,How do you assess the effectiveness of a companys dividend policy,Look at payout ratios and sustainability.
Business,Finance,medium,What role does capital efficiency play in a companys ability to generate sustainable growth,It helps the company grow without overspending.
Business,Finance,medium,What is an equity research report and how is it structured,Its an analysis of a companys performance with sections on financials valuation and recommendation.
Business,Finance,medium,What financial metrics would you use to evaluate a companys debt load,Debttoequity ratio and interest coverage ratio.
Business,Finance,medium,How do you assess the capital structure of a company,By analyzing the ratio of debt to equity.
Business,Finance,medium,What is the difference between a companys market capitalization and its enterprise value,Market cap is the value of a companys shares while enterprise value includes debt and cash.
Business,Finance,medium,How do you evaluate the profitability of a company,Using profit margins return on assets ROA and return on equity ROE.
Business,Finance,medium,How do you assess the riskreturn profile of a potential investment,By analyzing volatility expected return and risk metrics like beta.
Business,Finance,medium,How would you evaluate the performance of a mutual fund or exchangetraded fund ETF,By comparing returns to a relevant benchmark and checking fees.
Business,Finance,medium,How do you determine whether a companys dividend yield is sustainable,Id check the payout ratio and the companys cash flow.
Business,Finance,medium,How would you assess the impact of foreign exchange fluctuations on a companys financial performance,Id look at the companys exposure to foreign markets and any hedging strategies.
Business,Finance,medium,What are the key factors that influence a companys cost of capital,Risk level interest rates and the mix of debt and equity financing.
Business,Finance,medium,What are the advantages and disadvantages of using debt financing over equity financing,Debt financing allows for ownership retention but increases financial risk. Equity financing reduces risk but dilutes ownership.
Business,Finance,medium,What metrics would you use to evaluate the effectiveness of a companys financial controls,Audit results compliance levels and fraud prevention measures.
Business,Finance,medium,How would you evaluate a companys pricing strategy based on its financial statements,By analyzing margins revenue trends and competitive pricing.
Business,Finance,medium,What is the importance of conducting a breakeven analysis for a business,It helps determine the sales needed to cover costs and start making a profit.
Business,Finance,medium,What are some methods you would use to forecast a companys revenue growth,Looking at historical growth industry trends and market conditions.
Business,Finance,medium,How do you determine whether a company is overvalued or undervalued,By comparing P/E P/B and DCF valuation to industry peers.
Business,Finance,medium,What is the impact of interest rate changes on a companys financial performance,They affect borrowing costs investment decisions and profitability.
Business,Finance,medium,How would you evaluate whether a company should reinvest its profits or distribute them as dividends,Consider growth opportunities cash flow and shareholder preferences.
Business,Finance,medium,How do you calculate and interpret return on assets ROA,ROA = Net income / Total assets. It shows how efficiently assets generate profits.
Business,Finance,medium,What is the role of financial leverage in maximizing shareholder value,It amplifies returns but increases risk.
Business,Finance,medium,How do you use financial ratios to identify a companys strengths and weaknesses,Ratios reveal profitability efficiency liquidity and leverage.
Business,Finance,medium,How would you assess the valuation of a company that has fluctuating revenues,Use average revenue and consider riskadjusted discount rates.
Business,Finance,medium,Whats the significance of free cash flow in evaluating a companys financial stability,It shows the cash available to pay debts reinvest or distribute.
Business,Finance,medium,How would you evaluate a companys capital expenditure CapEx plans,By assessing ROI cash flow impact and growth potential.
Business,Finance,medium,How do you assess the creditworthiness of a company before extending a loan,By reviewing debt ratios cash flow and credit history.
Business,Finance,medium,What role does market sentiment play in financial decisionmaking,It influences stock prices investment flows and risk perception.
Business,Finance,medium,How do you assess the efficiency of a companys cash management system,By analyzing cash conversion cycle and liquidity ratios.
Business,Finance,medium,How do you approach financial analysis for companies in different industries,By using industryspecific benchmarks and financial metrics.
Business,Finance,medium,What is the significance of a companys beta in risk assessment,Beta measures a stocks volatility relative to the market.
Business,Finance,medium,How would you assess the sustainability of a companys profit margins,By analyzing historical trends cost structure and competition.
Business,Finance,medium,What methods can be used to analyze a companys liquidity position,Current ratio quick ratio and cash flow analysis.
Business,Finance,medium,What is the importance of scenario planning in financial forecasting,It helps prepare for different economic conditions and risks.
Business,Finance,medium,How do you assess a companys risk exposure to changes in interest rates,By reviewing the companys debt and its interest rate sensitivity.
Business,Finance,medium,Can you explain the importance of a companys cash flow in financial modeling,Cash flow shows the liquidity available to meet obligations and fund operations.
Business,Finance,medium,What are the main risks companies face when using leverage in their capital structure,Higher risk of default and interest payments.
Business,Human Resources,medium,What steps do you take to ensure a positive candidate experience during recruitment,By maintaining timely communication providing clear expectations and ensuring a fair hiring process.
Business,Human Resources,medium,What steps do you take to ensure that remote employees feel included in company culture,By organizing virtual teambuilding activities maintaining clear communication and providing remotefriendly engagement programs.
Business,Human Resources,medium,What steps would you take if a group of employees submits a petition against a new company policy,I would review employee concerns discuss with leadership and determine if adjustments to the policy are necessary.
Business,Human Resources,medium,What steps would you take if an employee refuses to participate in a mandatory company training session,I would discuss their concerns explain the importance of the training and escalate if necessary according to policy.
Business,Human Resources,medium,What steps would you take if an employee reports feeling excluded from important projects,I would investigate the concerns assess project assignment fairness and work with management to ensure equal opportunities.
Business,Human Resources,medium,What steps would you take if multiple employees report burnout in a specific team,I would conduct workload assessments provide manager training on workload balance and implement wellness initiatives.
Business,Finance,medium,How do you evaluate the profitability of a company in a competitive industry,By comparing profit margins and returns with industry peers.
Business,Human Resources,medium,What steps would you take to improve HR's relationship with employees in a company with low trust in HR,Increase transparency enhance HR accessibility and implement feedbackdriven policy changes.
Business,Human Resources,medium,What steps would you take to improve fairness in internal promotions,By implementing transparent selection criteria structured evaluation processes and career development programs.
Business,Human Resources,medium,What strategies can HR use to improve employee satisfaction in a company with budget constraints,HR can enhance nonmonetary benefits improve workplace culture and implement recognition programs.
Business,Human Resources,medium,What strategies can HR use to improve interdepartmental collaboration,By organizing crossfunctional projects promoting knowledge sharing and fostering open communication between teams.
Business,Human Resources,medium,What strategies can HR use to improve succession planning in an organization,By identifying future leaders providing leadership development programs and ensuring knowledge transfer plans are in place.
Business,Human Resources,medium,What strategies can HR use to prevent workplace burnout,HR can implement workload management encourage timeoff usage and promote mental health resources.
Business,Human Resources,medium,What strategies help improve employee retention,Competitive benefits career growth opportunities recognition programs and worklife balance initiatives.
Business,Human Resources,medium,What steps would you take to improve crossborder HR compliance when expanding into a new country,By consulting legal experts adapting policies to local labor laws and ensuring proper training for HR teams handling international operations.
Business,Finance,medium,How do you evaluate the sustainability of a companys dividend policy,By assessing the payout ratio and the consistency of cash flows.
Business,Finance,medium,What is the impact of inflation on a companys financial statements and forecasts,Inflation can increase costs and reduce profit margins.
Business,Finance,medium,How would you assess whether a company is likely to default on its debt obligations,By reviewing cash flow debt maturity and interest coverage ratios.
Business,Finance,medium,What is the purpose of financial planning and how do you approach it,To align financial goals with strategy through forecasts and budgeting.
Business,Finance,medium,Can you explain the role of market efficiency in financial markets and how it impacts company valuations,Market efficiency means prices reflect all info impacting stock values.
Business,Finance,medium,What are the key factors you consider when performing a financial statement analysis,Profitability liquidity and debt levels.
Business,Finance,medium,How would you assess a companys profitability and operational efficiency using financial ratios,By looking at profit margins and return ratios.
Business,Finance,medium,What is the relationship between a companys financial leverage and its risk,More leverage means higher risk but potentially higher returns.
Business,Finance,medium,How do you determine the fair value of an asset or company,By using valuation methods like DCF or comparables.
Business,Finance,medium,Can you explain the concept of capital structure and how it affects a companys financial stability,Its the mix of debt and equity. It affects risk and flexibility.
Business,Finance,medium,What steps would you take to assess the financial health of a company before making an investment,Review financial statements cash flow and debt.
Business,Finance,medium,What are some strategies companies can use to reduce their cost of capital,Improve credit lower debt and optimize financing mix.
Business,Finance,medium,Whats the difference between a financial statement audit and a review,An audit provides a detailed and higher level of assurance; a review offers less.
Business,Finance,medium,What is the significance of understanding a companys operating and financial leverage,It helps understand the impact of fixed costs and debt on profits.
Business,Finance,medium,How do you analyze a companys expense structure to identify potential costsaving opportunities,By reviewing fixed and variable costs to spot inefficiencies.
Business,Finance,medium,What role does working capital management play in a companys operations,It ensures the company can pay its shortterm debts and keep operations running smoothly.
Business,Finance,medium,What is the importance of the cash conversion cycle in managing a companys working capital,It helps measure how fast a company turns its inventory into cash.
Business,Finance,medium,How do you evaluate the success of a companys investment in research and development R&D,By checking if R&D led to new products and increased revenue.
Business,Finance,medium,What factors would you consider when assessing the financial sustainability of a startup,Cash flow profit potential funding and growth.
Business,Finance,medium,How do you assess the impact of capital expenditures CapEx on a companys cash flow,Subtract CapEx from cash flow to see its effect on liquidity.
Business,Finance,medium,What are the key financial ratios you consider when evaluating a business,Liquidity profitability debt and efficiency ratios.
Business,Finance,medium,When should a company consider issuing debt instead of equity,When interest rates are low cash flows are stable and the company wants to avoid ownership dilution.
Business,Finance,medium,What is your understanding of riskadjusted return and how would you apply it in financial decisionmaking,It measures returns relative to risk helping in portfolio optimization.
Business,Finance,medium,How does the economic environment affect a companys investment decisions,It influences interest rates inflation consumer demand and market stability.
Business,Finance,medium,How would you evaluate the risk of an investment in corporate bonds,By analyzing credit ratings interest rates and issuer financial health.
Business,Finance,medium,What is the importance of working capital management in ensuring a companys financial stability,It ensures liquidity smooth operations and efficient shortterm financial management.
Business,Finance,medium,How do you assess whether a company is overleveraged or underleveraged,By comparing its debt ratios to industry benchmarks and cash flow capacity.
Business,Finance,medium,How would you measure a companys liquidity position,By analyzing current and quick ratios working capital and cash flow.
Business,Finance,medium,How do you determine the appropriate capital structure for a company,By balancing debt and equity to minimize costs and maximize financial stability.
Business,Finance,medium,How would you evaluate the effectiveness of a companys cost management strategies,By analyzing expense trends profit margins and efficiency ratios.
Business,Finance,medium,How does inflation impact corporate financial planning,It increases costs affects purchasing power and impacts interest rates and investment decisions.
Business,Finance,medium,How do you analyze a companys stock performance and what metrics would you use,By reviewing price trends P/E ratio EPS and market conditions.
Business,Finance,medium,How do you assess the tradeoff between risk and return when making financial decisions,By evaluating potential returns relative to the risk level using tools like riskadjusted return metrics.
Business,Finance,medium,What is the role of diversification in financial risk management,It reduces risk by spreading investments across different assets and industries.
Business,Finance,medium,What are the pros and cons of using debt financing versus equity financing for business expansion,Debt financing preserves ownership but requires fixed payments while equity financing avoids debt but dilutes ownership.
Business,Finance,medium,How would you analyze a companys profitability trends over several years,By examining revenue growth margin trends and return ratios.
Business,Finance,medium,Can you describe the steps you would take to evaluate a companys ability to pay dividends,Analyze profitability retained earnings cash flow and payout ratio.
Business,Finance,medium,What are the main indicators you use to evaluate a companys solvency,Debttoequity ratio interest coverage ratio and cash flow analysis.
Business,Finance,medium,How do you determine whether a company should expand its operations or stay conservative in its growth strategy,By evaluating market conditions financial health and risk tolerance.
Business,Finance,medium,What is the impact on the companys net income,Net income increases with revenue growth or cost reductions but decreases with higher debt interest.
Business,Finance,medium,What are the different ways you can value a company and which method do you think is most accurate,Methods include DCF comparables and precedent transactions. DCF is often most accurate.
Business,Finance,medium,What financial indicators do you prioritize when analyzing a companys financial stability,Liquidity ratios debt levels and profit margins.
Business,Finance,medium,How do you evaluate risk when making investment decisions,Consider market volatility financial stability and liquidity.
Business,Finance,medium,How do you determine if a companys stock is undervalued or overvalued,Compare market price to intrinsic value using methods like DCF.
Business,Finance,medium,Can you explain how you would perform a financial ratio analysis on a company,Use ratios to assess profitability efficiency and risk.
Business,Finance,medium,How do you interpret the statement of cash flows and what key insights does it provide,Shows cash inflows/outflows indicating financial health.
Business,Finance,medium,What is hedging Explain.,Reducing financial risk by making an investment to offset potential losses.
Business,Finance,medium,Why issue equity instead of debt,Avoid debt costs reduce risk or fund growth without fixed payments.
Business,Finance,medium,What is Enterprise Value,Total company value: EV = Market Cap + Debt  Cash.
Business,Finance,medium,How are the three main financial statements connected,Net income links the income statement balance sheet and cash flow statement.
Business,Finance,medium,Why would two companies merge,Growth synergies market expansion cost savings or competitive advantage.
Business,Finance,medium,When do you capitalize rather than expense a purchase,Capitalize if it benefits multiple periods e.g. equipment; expense if shortterm.
Business,Finance,medium,What does negative working capital mean,Liabilities exceed assets; can signal efficiency retail or financial trouble.
Business,Finance,medium,What happens on the income statement if inventory goes up by $10,No immediate impact. The cost appears when the inventory is sold.
Business,Finance,medium,What is the impact on the companys cash flow,Strong cash flow means better liquidity for reinvestment debt repayment or dividends.
Business,Finance,medium,What are the key differences between public and private company financial reporting,Public companies report more often and in more detail than private companies.
Business,Finance,medium,How would you analyze a companys cost structure to identify areas for improvement,Look at fixed vs. variable costs and compare to industry standards.
Business,Finance,medium,What is the significance of a companys pricetoearnings P/E ratio and how is it used in financial analysis,It shows how much investors pay for a companys earnings. Higher P/E means higher growth expectations.
Business,Finance,medium,What is the role of forecasting in financial analysis and how do you approach it,It predicts future performance. I base it on trends and assumptions.
Business,Finance,medium,What is the importance of economic indicators in financial analysis,They help predict market trends and business cycles.
Business,Finance,medium,How would you assess whether a company is making good capital investment decisions,By evaluating ROI IRR and NPV of investments.
Business,Finance,medium,How do you measure a companys operating efficiency using financial ratios,Using asset turnover operating margin and expense ratios.
Business,Finance,medium,What are the risks and benefits of using a debtfinanced expansion strategy,Benefits: Tax savings higher returns. Risks: Interest burden default risk.
Business,Finance,medium,How do you determine a companys debt capacity,By analyzing debt ratios cash flow and interest coverage.
Business,Finance,medium,How does a companys dividend policy affect its overall financial strategy,It influences reinvestment capital allocation and investor appeal.
Business,Finance,medium,What is your approach to analyzing a companys fixed vs. variable cost structure,By reviewing cost behavior in financial statements and calculating cost ratios.
Business,Finance,medium,How would you compare a companys return on equity ROE with industry benchmarks,By measuring ROE against competitors and historical performance.
Business,Finance,medium,How do you evaluate a companys liquidity risk based on its financial statements,By analyzing current ratio quick ratio and cash flow trends.
Business,Finance,medium,What are the differences between an internal rate of return IRR and a net present value NPV,IRR shows a projects breakeven discount rate while NPV measures absolute value creation.
Business,Finance,medium,How would you analyze a companys market position using financial metrics,By evaluating revenue growth market share and profitability.
Business,Finance,medium,What role does working capital management play in a companys operational efficiency,It ensures smooth operations and prevents liquidity issues.
Business,Finance,medium,How do you calculate a companys free cash flow and why is it important,FCF = Operating Cash Flow  CapEx; it indicates financial flexibility.
Business,Finance,medium,What is the impact on the companys EBITDA,EBITDA rises with higher revenue or lower operating costs but isnt affected by interest or taxes.
Business,Finance,medium,What financial data would you use to determine whether to invest in a particular stock,EPS P/E ratio ROE and cash flow statements.
Business,Finance,medium,What are some common financial metrics you use to compare the performance of companies within the same industry,P/E ratio ROE ROA gross margin and EBITDA.
Business,Finance,medium,How would you go about evaluating a companys management team from a financial perspective,By reviewing financial performance efficiency ratios and capital allocation decisions.
Business,Finance,medium,How does a companys dividend payout ratio affect its capital budgeting decisions,A high ratio may limit funds for reinvestment while a low ratio supports growth.
Business,Finance,medium,How do you handle a situation where a financial report shows inconsistencies in the data,Investigate correct errors and ensure accuracy.
Business,Finance,medium,What factors should a company consider when choosing between debt and equity financing,Cost control risk and flexibility.
Business,Finance,medium,How do you evaluate a companys dividend policy and its impact on the overall financial health,By checking if the dividend is affordable and aligns with company goals.
Business,Finance,medium,Whats the role of financial risk management in ensuring a companys longterm stability,It helps identify and reduce potential risks to protect the company.
Business,Finance,medium,What is the importance of working capital management for a companys daytoday operations,It ensures the company can meet shortterm financial obligations.
Business,Finance,medium,What impact would changes in interest rates have on a companys investment decisions,Higher rates increase borrowing costs affecting capital expenditures and expansion plans.
Business,Finance,medium,What steps would you take to optimize a companys capital structure,Balancing debt and equity to minimize cost and maximize financial flexibility.
Business,Finance,medium,How do you evaluate the potential return on investment ROI for a new project,By comparing projected ROI to cost of capital and industry benchmarks.
Business,Finance,medium,How do you manage and mitigate financial risks within a business,Through diversification hedging and maintaining strong liquidity.
Business,Finance,medium,What are the most common financial modeling techniques you use,DCF analysis sensitivity analysis and scenario modeling.
Business,Finance,medium,How do you assess a companys ability to generate future cash flows,By analyzing past cash flows earnings quality and operating efficiency.
Business,Finance,medium,Whats the importance of cash flow forecasting in financial planning,It helps ensure liquidity predict funding needs and manage operations.
Business,Finance,medium,How do you analyze a companys credit risk,By reviewing debt ratios interest coverage and credit ratings.
Business,Finance,medium,How would you evaluate the financial health of a company using its balance sheet,By analyzing liquidity solvency and asset efficiency ratios.
Business,Finance,medium,How would you calculate and interpret a companys internal rate of return IRR,IRR is the discount rate that makes NPV zero; it measures investment attractiveness.
Business,Finance,medium,What strategies do companies use to mitigate financial risks,Hedging diversifying and maintaining liquidity.
Business,Finance,medium,How would you assess a companys cash flow position and its ability to meet shortterm obligations,By analyzing cash flow statements and comparing it to liabilities.
Business,Marketing,medium,What are some best practices for mobile marketing,Responsive design fast load times SMS marketing push notifications and locationbased targeting.
Business,Marketing,medium,Do you use email marketing to market your product What marketing elements did you consider,Yes I use email marketing to nurture leads and drive conversions. Key elements include personalized subject lines compelling copy clear CTAs and mobilefriendly design. Segmentation and A/B testing are also crucial for optimizing performance.
Business,Finance,medium,Can you explain the impact of a companys credit rating on its borrowing costs,A higher credit rating reduces borrowing costs as lenders perceive less risk.
Business,Finance,medium,How does a companys capital structure affect its overall financial risk,A higher proportion of debt increases financial risk as interest payments become more burdensome in downturns.
Business,Finance,medium,What is preference capital,Funds raised by issuing shares that give priority on dividends but no voting rights.
Business,Finance,medium,What is cost accountancy What are its objectives,Tracking and analyzing production costs to improve efficiency and control spending.
Business,Finance,medium,What is a put option,A contract allowing the sale of an asset at a set price within a specific time.
Business,Finance,medium,What are adjustment entries How can you pass them,Entries to update financial records for accurate reporting of income and expenses.
Business,Finance,medium,What is investment banking,Helping companies raise money and providing advice on financial transactions like mergers and acquisitions.
Business,Finance,medium,What is a dividend growth model,A method to value a stock based on expected future dividends and their growth rate.
Business,Finance,medium,What do you understand about loan syndication,A process where multiple lenders provide a loan to a single borrower to spread risk.
Business,Finance,medium,What is capital budgeting List the techniques of capital budgeting.,The process of evaluating investment projects; techniques include NPV IRR Payback Period and Profitability Index.
Business,Finance,medium,What is the operating cycle/Cash conversion cycle,The time taken to convert inventory into cash through sales and receivables collection.
Business,Finance,medium,What is the difference between EBIT and EBITDA Can EBIT be greater than EBITDA,EBIT includes depreciation and amortization while EBITDA excludes them. No EBIT cannot be greater than EBITDA.
Business,Finance,medium,What role does diversification play in a companys investment portfolio and how do you manage it,It reduces risk by spreading investments across different assets.
Business,Finance,medium,How do changes in foreign exchange rates impact financial statements,Currency changes affect revenue costs and financial reporting for global businesses.
Business,Finance,medium,How does a companys dividend policy affect its stock price,A stable dividend policy can attract investors and impact stock valuation.
Business,Finance,medium,What factors would you consider before approving a companys credit application,Creditworthiness cash flow debt levels and repayment ability.
Business,Finance,medium,Can you explain how a companys working capital impacts its liquidity,Strong working capital improves liquidity and operational efficiency.
Business,Finance,medium,How would you evaluate the financial health of a company using financial statements,By analyzing financial statements ratios and cash flow.
Business,Finance,medium,What strategies can a company use to improve its cash flow,Optimizing collections reducing expenses and managing inventory efficiently.
Business,Finance,medium,What financial ratios would you prioritize when assessing a potential investment,I would prioritize profitability ratios ROE ROA liquidity ratios current ratio and solvency ratios debttoequity.
Business,Finance,medium,How does seasonality affect financial forecasting and budgeting,Seasonality affects cash flow and revenue predictions requiring adjustments in budgeting to account for fluctuations.
Business,Finance,medium,How do you assess the profitability of a new business project,By analyzing projected revenue costs ROI and breakeven analysis.
Business,Finance,medium,What is the significance of interest coverage ratio in financial analysis,It measures a companys ability to pay interest on its debt with a higher ratio indicating lower risk.
Business,Finance,medium,What is the role of hedging in corporate finance,Hedging reduces financial risk by using financial instruments to offset potential losses from market fluctuations.
Business,Finance,medium,How do stock buybacks impact a companys financial statements and valuation,Buybacks reduce outstanding shares boosting earnings per share EPS and potentially increasing stock price.
Business,Finance,medium,What financial metrics would you use to compare companies in the same industry,I would use profitability ratios net profit margin efficiency ratios asset turnover and valuation ratios P/E ratio.
Business,Finance,medium,What is the difference between systematic risk and unsystematic risk,Systematic risk affects the entire market; unsystematic risk is companyspecific.
Business,Finance,medium,How would you analyze the financial viability of a proposed capital project,Check projected ROI payback period and associated risks.
Business,Finance,medium,How do financial markets impact the operations and strategy of companies,They influence funding cost of capital and investor expectations.
Business,Finance,medium,How do you assess a companys ability to pay off its longterm debt,Check cash flow debt levels and interest coverage ratio.
Business,Marketing,medium,What are the latest trends in digital marketing,Some key trends include AIdriven marketing voice search optimization influencer marketing video content and personalized marketing strategies.
Business,Marketing,medium,What are the benefits of content marketing,Content marketing helps build brand awareness educate the audience improve search engine rankings and establish the company as a trusted industry leader.
Business,Marketing,medium,What are the advantages of email marketing,Email marketing allows businesses to reach a targeted audience directly provides measurable results and can be personalized to increase engagement and conversions.
Business,Marketing,medium,What are the key elements of a brand strategy,Key elements of a brand strategy include brand identity target audience positioning value proposition and messaging.
Business,Marketing,medium,What is the importance of SEO in digital marketing,SEO Search Engine Optimization helps improve a website's visibility on search engines driving organic traffic and increasing the chances of reaching potential customers.
Business,Marketing,medium,How do you track and analyze customer behavior on a website,By using analytics tools like Google Analytics to track metrics such as page views time spent on site bounce rate and conversion rates.
Business,Marketing,medium,What are the limitations of online marketing,Online marketing has limitations such as ad fatigue privacy concerns and reliance on technology. It can also be challenging to stand out in a crowded digital space and not all audiences are reachable online especially in areas with limited internet access.
Business,Marketing,medium,Why do you need to create a customer journey map,A customer journey map helps visualize the customers experience with a brand identifying pain points and opportunities for improvement. It ensures a seamless and personalized experience ultimately driving customer satisfaction and loyalty.
Business,Marketing,medium,Name 5 essential elements of a marketing campaign.,The five essential elements are: 1 Clear objectives 2 Target audience identification 3 Compelling messaging 4 Multichannel strategy and 5 Performance measurement and optimization.
Business,Marketing,medium,Describe a time when you had to work with highly creative people. What was your work relationship,I collaborated with a creative team on a rebranding project. I provided datadriven insights while they focused on design and storytelling. Our strong communication and mutual respect led to a successful campaign that increased brand awareness by 30%.
Business,Marketing,medium,Which analytics platforms are you familiar with,I am familiar with Google Analytics HubSpot SEMrush and Tableau. These platforms help me track campaign performance analyze customer behavior and make datadriven decisions.
Business,Marketing,medium,Which channels were most effective in your last role and why,Email marketing and Instagram were the most effective in my last role. Email marketing had a high ROI due to personalized content while Instagram drove engagement through visually appealing posts and stories.
Business,Marketing,medium,Tell me about a time when you owned the process of an email campaign from beginning to end.,I once led an email campaign for a holiday sale. I designed the email templates segmented the audience wrote the copy and scheduled the sends. After analyzing the results I optimized the followup emails resulting in a 25% increase in sales compared to the previous campaign.
Business,Marketing,medium,What techniques do you use to measure the quality of your work What steps do you take to ensure the desired quality is achieved,I use metrics like conversion rates engagement rates and ROI to measure quality. To ensure desired quality I set clear goals conduct A/B testing and regularly review performance data to make datadriven improvements.
Business,Marketing,medium,What are the most important skills you have learned that you would utilize in this position,The most important skills Ive learned are data analysis SEO and content creation. These skills enable me to develop effective strategies optimize campaigns and create engaging content that resonates with the target audience.
Business,Marketing,medium,How do you ensure effective collaboration with internal team members and external partners,I use tools like Slack and Trello to maintain clear communication and track progress. I also schedule regular checkins and encourage open feedback. For example during a product launch I collaborated with the design and sales teams to ensure alignment which led to a seamless campaign execution.
Business,Marketing,medium,What is the marketing plan Have you ever been a part of it,A marketing plan outlines strategies and tactics to achieve business goals. Yes I have been part of creating marketing plans which include market research target audience identification budget allocation and performance metrics.
Business,Marketing,medium,What do you mean by the AIDA model in marketing,The AIDA model stands for Awareness Interest Desire and Action. It describes the stages a customer goes through before making a purchase helping marketers create strategies that guide customers through each stage.
Business,Marketing,medium,What do you know about Ambush Marketing,Ambush marketing is a strategy where a brand associates itself with an event without being an official sponsor. It leverages the events audience to gain visibility often at a lower cost.
Business,Marketing,medium,What are the main steps to build trust among consumers,To build trust provide consistent highquality products or services engage with customers transparently showcase testimonials and reviews and deliver on promises. Excellent customer service also plays a key role.
Business,Marketing,medium,How would you measure the success of a marketing campaign,By analyzing key performance indicators KPIs such as conversion rates customer engagement return on investment ROI and customer acquisition cost CAC.
Business,Finance,medium,What do you think is the most important metric for evaluating a companys performance,ROE as it measures profitability relative to shareholder equity.
Business,Finance,medium,Can you explain the concept of cost of capital and how its used to evaluate investment opportunities,Its the return needed to justify investments. Used to assess project viability.
Business,Finance,medium,How do you determine whether a company is in a strong or weak financial position based on its balance sheet,Check liquidity debt levels and equity compared to assets.
Business,Finance,medium,What factors would you consider when advising a company on whether to issue bonds or equity,Cost control and market conditions.
Business,Finance,medium,How do you assess the profitability of a company with fluctuating revenues,Check profit margins and longterm trends.
Business,Finance,medium,Whats the relationship between a companys earnings before interest and taxes EBIT and its market value,Higher EBIT often leads to higher market value.
Business,Finance,medium,Tell us about a time when you made a significant mistake in your financial analysis. How did you fix it,I once miscalculated a financial projection; I corrected it by reviewing data and adjusting the model.
Business,Finance,medium,What can you bring to this role that other applicants cannot,Strong analytical skills attention to detail and problemsolving abilities.
Business,Finance,medium,If you had to choose one stock to invest in which would you select,A fundamentally strong stock with growth potential like a bluechip company.
Business,Finance,medium,What factors influence a companys capital structure decisions,Debt equity risk tolerance and market conditions.
Business,Finance,medium,What is options trading,The buying and selling of options contracts giving the right but not obligation to buy/sell assets at a set price.
Business,Finance,medium,Can you describe how financial leverage affects a companys risk and return profile,Leverage increases returns but adds risk.
Business,Finance,medium,What are the key financial statements and how are they interrelated,The income statement balance sheet and cash flow statement together provide a complete view of a companys performance and financial position.
Business,Finance,medium,How do you ensure accuracy in your financial models,I validate data sources doublecheck calculations and have my models peerreviewed.
Business,Finance,medium,Explain variance analysis.,Variance analysis compares actual results to budgeted figures to identify deviations and their causes.
Business,Finance,medium,What challenges do you foresee in this role,Key challenges include managing market volatility and adapting to rapid economic changes.
Business,Finance,medium,What is net present value NPV,NPV is the difference between the present value of cash inflows and outflows over a period of time.
Business,Finance,medium,What is internal rate of return IRR,IRR is the discount rate that makes the net present value of all cash flows equal to zero.
Business,Finance,medium,What is a bond yield and how is it determined,Bond yield is the return an investor earns on a bond determined by its coupon rate and current market price.
Business,Finance,medium,How do macroeconomic factors influence your financial analysis,I consider interest rates inflation and GDP growth to gauge market conditions and risks.
Business,Finance,medium,What is the dividend discount model DDM,DDM values a stock by discounting expected future dividends to their present value.
Business,Finance,medium,How would you explain the difference between a companys book value and market value,Book value is net assets; market value is what investors pay for shares.
Business,Finance,medium,What factors would you consider when analyzing a companys debttoequity ratio,Debt level vs. equity; assess financial risk.
Business,Finance,medium,How would you evaluate a companys capital expenditure plans,Check ROI and longterm growth impact.
Business,Finance,medium,Can you describe the importance of liquidity in a companys financial strategy,Liquidity ensures the company can pay bills and invest in opportunities.
Business,Finance,medium,How do you calculate a companys pricetobook P/B ratio and what does it reveal,P/B ratio = Market price / Book value. It shows if a stock is over or underpriced.
Business,Finance,medium,What is the difference between a companys enterprise value and market capitalization and why is this important,EV includes debt market cap doesnt. EV gives a fuller company value.
Business,Finance,medium,How do you assess a companys performance using industry benchmarks,By comparing key metrics like profit and growth to industry standards.
Business,Finance,medium,What is EBITDA,EBITDA stands for Earnings Before Interest Taxes Depreciation and Amortization and measures operating profitability.
Business,Finance,medium,How do you handle financial projections,I use historical data trend analysis and statistical methods to forecast future performance.
Business,Finance,medium,What are the common valuation methods used by financial analysts,Common methods include DCF analysis comparable company analysis and precedent transactions.
Business,Finance,medium,What are the key ratios you use in your analysis,I commonly analyze liquidity profitability and solvency ratios such as the current ratio ROE and debttoequity ratio.
Business,Finance,medium,What is CAPM and how do you use it,CAPM Capital Asset Pricing Model estimates an asset's expected return based on its systematic risk relative to the market.
Business,Finance,medium,How would you assess the risk of a companys stock based on its financial statements,Look at debt profitability and cash flow.
Business,Finance,medium,How do you evaluate the effectiveness of a companys cost management practices,Compare costs with revenues and industry norms.
Business,Finance,medium,How would you analyze the cash flow statements to assess a companys liquidity,Focus on operating cash flow.
Business,Finance,medium,What financial indicators would you use to evaluate a companys ability to generate consistent cash flows,Operating cash flow and free cash flow.
Business,Finance,medium,What factors would you consider when assessing a companys dividend payout ratio,Compare dividends to earnings and consider sustainability.
Business,Marketing,medium,What are key factors in creating an effective email marketing campaign,Personalization engaging subject lines clear calltoaction mobile optimization and A/B testing.
Business,Finance,medium,How would you approach analyzing a companys return on equity ROE,Divide net income by equity to measure profitability.
Business,Finance,medium,How do you evaluate whether a company is generating enough cash flow to support its operations,Compare operating cash flow with operating expenses.
Business,Finance,medium,How does inflation impact financial planning and investment decisions,Inflation erodes purchasing power impacts interest rates and affects investment returns.
Business,Finance,medium,What is a financial covenant and why is it important in lending agreements,A financial covenant protects lenders by setting conditions in loan agreements.
Business,Finance,medium,Can you explain the difference between operational risk and market risk,Operational risk is internal process failures while market risk is external economic factors.
Business,Finance,medium,How would you assess whether a company is overvalued or undervalued,By analyzing financial ratios valuation models and industry comparisons.
Business,Finance,medium,What is the significance of free cash flow FCF in financial analysis,FCF shows how much cash a company has after expenses crucial for operations and investments.
Business,Finance,medium,What are the key components of a companys cost structure,Fixed costs rent salaries and variable costs materials production.
Business,Finance,medium,How does leverage affect a companys return on equity ROE,Leverage can boost ROE but also increases financial risk.
Business,Finance,medium,What is the role of financial ratios in evaluating a companys performance,Ratios assess profitability liquidity efficiency and solvency.
Business,Finance,medium,Can you explain the role of a financial controller within a company,A financial controller manages accounting reporting and financial planning.
Business,Finance,medium,What are free cash flows,Cash available after operating expenses and capital expenditures used for reinvestment or distribution to investors.
Business,Finance,medium,What is the difference between Depreciation Depletion and Amortization,Depreciation applies to tangible assets depletion to natural resources and amortization to intangible assets.
Business,Finance,medium,What is the difference between solvency and liquidity,Solvency is a companys ability to meet longterm obligations while liquidity is its ability to cover shortterm liabilities.
Business,Finance,medium,What is the difference between an operating lease and a financial lease,An operating lease is shortterm and doesnt transfer ownership while a financial lease is longterm and often leads to ownership.
Business,Finance,medium,What is the difference between the current ratio and quick ratio,The current ratio includes all current assets while the quick ratio excludes inventory to assess shortterm liquidity more strictly.
Business,Finance,medium,What is the difference between private equity and venture capital,Private equity invests in mature companies while venture capital funds startups and highgrowth firms.
Business,Finance,medium,What is the greatest achievement in your financial career so far,Leading a financial restructuring or optimizing investment strategies.
Business,Finance,medium,What are your financial strengths and weaknesses,Strengthanalytical skills; Weaknessimproving public speaking skills.
Business,Finance,medium,What impact would the purchase of an asset have on our financial statements,Increases assets on the balance sheet may increase expenses if depreciated and reduces cash flow.
Business,Finance,medium,How is a cash flow statement organized and what does this information tell you,Divided into operating investing and financing activities showing how cash is generated and used.
Business,Finance,medium,Why would a company fund its operations by issuing equity rather than debt,To avoid debt repayment obligations and reduce financial risk.
Business,Finance,medium,Distinguish between Budgeting and Forecasting.,Budgeting is a financial plan for a period while forecasting predicts future financial outcomes based on trends.
Business,Finance,medium,Can you describe the steps you would take to assess a companys financial health,Review liquidity profitability debt levels and cash flow.
Business,Finance,medium,What factors do you consider when determining the capital structure of a company,Balance debt and equity based on cost and risk tolerance.
Business,Finance,medium,How do you differentiate between financial and operating leverage,Financial leverage involves using debt while operating leverage relates to fixed costs.
Business,Finance,medium,Can you describe the importance of managing working capital effectively,It ensures liquidity to meet shortterm obligations.
Business,Finance,medium,What methods would you use to forecast future financial performance of a company,Use historical data trends and financial modeling techniques.
Business,Finance,medium,How do you evaluate whether a companys financial strategy is effective,Compare strategy outcomes with financial goals.
Business,Finance,medium,How would you assess a companys ability to meet its longterm financial obligations,Evaluate debt ratios cash flow and interest coverage.
Business,Marketing,medium,What is crosschannel marketing,Crosschannel marketing refers to using multiple marketing channels in a coordinated way to deliver a consistent message and enhance customer experience.
Business,Marketing,medium,What is the importance of content marketing,Content marketing is crucial for educating the target audience building brand authority improving SEO and nurturing longterm customer relationships.
Business,Marketing,medium,What is geofencing,Geofencing is a locationbased marketing technique where a virtual boundary is set around a physical location to trigger notifications or offers when customers enter or exit the area.
Business,Marketing,medium,What is the purpose of SEO in marketing,SEO Search Engine Optimization helps improve a website's visibility in search engine results driving organic traffic and increasing the chances of conversions.
Business,Marketing,medium,What is mobile marketing,Mobile marketing refers to reaching customers via their mobile devices through apps mobile websites SMS or push notifications.
Business,Marketing,medium,What is a marketing automation platform,A marketing automation platform is software used to automate marketing tasks such as email marketing social media posting and lead nurturing.
Business,Marketing,medium,What is a customer satisfaction score CSAT,A CSAT is a metric used to measure customers' satisfaction with a companys product service or overall experience usually obtained through surveys.
Business,Marketing,medium,What is a market penetration strategy,A market penetration strategy focuses on increasing a companys market share in existing markets often through pricing strategies or promotional efforts.
Business,Marketing,medium,What is a viral marketing campaign,A viral marketing campaign aims to create content that encourages users to share it widely generating rapid organic exposure for a brand.
Business,Marketing,medium,What is social media marketing,Social media marketing is the use of social media platforms to promote products services or brands engage with customers and build brand awareness.
Business,Marketing,medium,What is geotargeting in digital marketing,Geotargeting is a marketing technique that delivers personalized content or ads based on the geographic location of a user.
Business,Marketing,medium,What is the difference between qualitative and quantitative research,Qualitative research focuses on exploring opinions and behaviors through interviews or focus groups while quantitative research uses numerical data for statistical analysis.
Business,Marketing,medium,What is the concept of omnichannel marketing,Omnichannel marketing is an integrated approach where customers can interact with a brand across various channels seamlessly providing a consistent experience.
Business,Marketing,medium,What is a content calendar,A content calendar is a schedule that outlines what content will be published and when ensuring consistent and timely content delivery.
Business,Marketing,medium,What is the role of a marketing strategist,A marketing strategist develops and implements marketing plans and campaigns ensuring they align with business goals target the right audience and achieve measurable results.
Business,Marketing,medium,What is competitive benchmarking,Competitive benchmarking involves comparing a company's products services and performance against competitors to identify areas of improvement and opportunities.
Business,Marketing,medium,What is event marketing,Event marketing involves promoting a brand or product through live or virtual events such as conferences trade shows or product launches to engage with the target audience.
Business,Marketing,medium,What is a brand voice,A brand voice is the consistent tone style and language used in all communications helping to convey the brand's personality and values.
Business,Marketing,medium,What is usergenerated content UGC,Usergenerated content UGC is content created and shared by consumers such as reviews photos or videos that promotes a brand or product.
Business,Marketing,medium,What is the importance of mobile marketing,Mobile marketing targets consumers on their mobile devices allowing businesses to engage with their audience through SMS apps mobile ads and mobilefriendly websites.
Business,Marketing,medium,What is the difference between brand equity and brand awareness,Brand equity refers to the value a brand adds to a product or service while brand awareness refers to how well consumers can recognize or recall a brand.
Business,Marketing,medium,What is a customer journey map,A customer journey map is a visual representation of the steps a customer takes from first learning about a brand to postpurchase and beyond.
Business,Marketing,medium,What is a customer relationship management CRM system,A CRM system helps businesses manage and analyze customer interactions improve relationships and optimize sales and marketing efforts.
Business,Marketing,medium,What are the types of market research,Types of market research include qualitative research such as focus groups and interviews and quantitative research such as surveys and statistical analysis.
Business,Marketing,medium,What is the purpose of market research,Market research involves gathering and analyzing data about the target market competitors and industry trends to make informed decisions and improve marketing strategies.
Business,Marketing,medium,What is the difference between branding and marketing,Branding is about building a unique identity and emotional connection with customers while marketing focuses on promoting and selling products or services.
Business,Marketing,medium,Can you describe the last time you implemented a new type of marketing tactic,I recently implemented influencer marketing for a product launch. By collaborating with microinfluencers we achieved a 40% increase in brand awareness and a significant boost in social media engagement.
Business,Marketing,medium,Can you tell me about your contributions to your most recently successful campaign,In my most recent campaign I led the content strategy optimized ad targeting and analyzed performance metrics. My contributions resulted in a 25% increase in conversions and a 20% reduction in cost per acquisition.
Business,Marketing,medium,Have you worked on a campaign that was unsuccessful What did you learn,I worked on a campaign that underperformed due to unclear targeting. I learned the importance of thorough audience research and testing before launching. This experience helped me refine my approach to campaign planning and execution.
Business,Marketing,medium,Have you ever had misleading metrics in your reports What did you do,Yes I once encountered misleading metrics due to incorrect tracking setup. I audited the tracking codes corrected the errors and provided an updated report with accurate data. This experience reinforced the importance of data validation.
Business,Marketing,medium,What is affiliate marketing and how does it work,Affiliate marketing is a performancebased marketing strategy where businesses reward affiliates for driving traffic or sales to their website through affiliate links.
Business,Marketing,medium,What content creation platforms are you comfortable using,Im comfortable using platforms like Canva Adobe Creative Suite and WordPress for content creation. These tools allow me to design visually appealing and engaging content tailored to different marketing channels.
Business,Marketing,medium,What is customer acquisition cost CAC,Customer acquisition cost CAC is the cost associated with acquiring a new customer including all marketing and sales expenses divided by the number of new customers acquired.
Business,Marketing,medium,What are paid search ads,Paid search ads are advertisements that appear in search engine results when users search for specific keywords. They are part of payperclick PPC advertising campaigns.
Business,Marketing,medium,Where should you place your keywords for better website ranking,Keywords should be placed in the title tag meta description headers H1 H2 URL and throughout the content naturally. This helps search engines understand the pages relevance to user queries.
Business,Marketing,medium,What factors affect the Quality Score,Quality Score is affected by clickthrough rate CTR ad relevance landing page experience and keyword relevance. Improving these factors can lower costperclick CPC and enhance ad performance.
Business,Marketing,medium,What is a site crawler,A site crawler is a tool used by search engines to scan and index web pages. It helps identify issues like broken links duplicate content and missing metadata which are crucial for SEO.
Business,Marketing,medium,Name some of the content marketing tactics to attract clients and increase ROI.,Some effective tactics include creating blog posts videos infographics and eBooks. Additionally leveraging SEO email marketing and social media promotion can help attract clients and boost ROI.
Business,Marketing,medium,Are keywords important in Content Marketing,Yes keywords are crucial in content marketing as they help optimize content for search engines making it easier for the target audience to find. They also ensure the content aligns with user intent and improves SEO performance.
Business,Marketing,medium,Can you take up social media marketing for B2B businesses,Yes I can. For B2B businesses I focus on platforms like LinkedIn and Twitter sharing industry insights case studies and thought leadership content. I also use targeted ads to reach decisionmakers and nurture leads through personalized messaging.
Business,Marketing,medium,How do you use social media for marketing,I use social media for marketing by creating engaging content running targeted ads and interacting with followers. Platforms like Instagram Facebook and LinkedIn are great for building brand awareness driving traffic and generating leads.
Business,Marketing,medium,What is customer journey mapping,A process that visualizes a customers experience with a brand from awareness to postpurchase support.
Business,Marketing,medium,What is the significance of usergenerated content in marketing,Usergenerated content helps build trust authenticity and social proof and can drive brand awareness.
Business,Marketing,medium,What is the purpose of A/B testing in marketing,A/B testing compares two variations of a marketing element to determine which one performs better.
Business,Marketing,medium,What are the key components of a successful marketing plan,Key components include market research target audience marketing goals budget marketing channels and a timeline.
Business,Human Resources,medium,What strategies would you implement to improve the response rate of employee feedback surveys,I would ensure anonymity communicate the impact of survey results and provide incentives for participation.
Business,Marketing,medium,According to you which marketing strategies work well for expanding a startup,For startups strategies like content marketing social media marketing influencer partnerships and SEO work well. Leveraging wordofmouth and offering referral incentives can also drive growth costeffectively.
Business,Marketing,medium,What is market segmentation and why is it important,Market segmentation is the process of dividing a target market into smaller groups based on demographics behavior or preferences. It helps businesses tailor their marketing strategies to specific customer needs.
Business,Marketing,medium,Can you explain the AIDA model in marketing,AIDA stands for Awareness Interest Desire and Action. It represents the stages a customer goes through before making a purchase decision.
Business,Marketing,medium,How is service marketing different from product marketing,Service marketing focuses on intangible offerings emphasizing customer experience trust and relationships. Product marketing deals with tangible goods highlighting features benefits and physical attributes.
Business,Marketing,medium,What is native advertising,Native advertising refers to ads that match the form and function of the content on the platform where they appear providing a seamless and nondisruptive user experience.
Business,Marketing,medium,What is a competitive analysis,A competitive analysis involves evaluating competitors' products services and marketing strategies to understand their strengths and weaknesses and identify opportunities for your brand.
Business,Marketing,medium,What is retargeting in digital advertising,Retargeting is a strategy that involves displaying ads to people who have previously interacted with a brand or visited a website to encourage them to return and complete a desired action.
Business,Marketing,medium,What is the difference between organic and paid search traffic,Organic search traffic refers to visitors who arrive at your site through unpaid search engine results while paid search traffic comes from ads placed on search engines.
Business,Marketing,medium,What are microinfluencers,Microinfluencers are individuals with a smaller but highly engaged following on social media often in the range of 1000 to 100000 followers.
Business,Marketing,medium,How do you measure the effectiveness of your campaigns,I measure campaign effectiveness using KPIs such as conversion rates clickthrough rates ROI and customer acquisition costs. Tools like Google Analytics and CRM platforms help track these metrics and provide insights for optimization.
Business,Marketing,medium,What's your most significant achievement in your career Why,My most significant achievement was leading a campaign that increased website traffic by 150% and conversions by 40% within six months. This success was due to a datadriven strategy optimized SEO and targeted content marketing which demonstrated my ability to deliver measurable results.
Business,Marketing,medium,What do you think are the essential qualities of a successful marketing campaign,A successful marketing campaign requires clear objectives a deep understanding of the target audience compelling messaging and measurable results. Creativity consistency and adaptability are also crucial to ensure the campaign resonates and achieves its goals.
Business,Marketing,medium,Can you tell me about your favorite marketing campaign,One of my favorite campaigns is Nike's 'Just Do It' campaign. It resonates deeply because of its powerful messaging emotional storytelling and ability to inspire action. The campaign successfully connected with a global audience by focusing on perseverance and achievement which aligns with Nike's brand values.
Business,Marketing,medium,What is brand loyalty,Brand loyalty refers to the tendency of customers to repeatedly purchase from a brand due to satisfaction trust and positive experiences with the product or service.
Business,Marketing,medium,What is the difference between CRM and ERP systems,CRM Customer Relationship Management systems focus on managing customer interactions and relationships while ERP Enterprise Resource Planning systems integrate and manage all business processes.
Business,Marketing,medium,What is a conversion funnel,A conversion funnel is a series of steps a customer goes through from becoming aware of a product to making a purchase helping businesses optimize each stage for higher conversions.
Business,Marketing,medium,How do you go ahead with content promotion,I promote content by sharing it on social media leveraging email newsletters collaborating with influencers and using paid ads. I also repurpose content into different formats such as videos or infographics to reach a wider audience.
Business,Marketing,medium,Can you tell me about a time you made a mistake that affected your client What did you learn,Once I misaligned a campaigns messaging with the clients brand voice leading to confusion. I immediately acknowledged the mistake revised the content and implemented a review process to prevent future errors. This taught me the importance of clear communication and attention to detail.
Business,Marketing,medium,Which social media platforms do you consider most effective,The most effective platforms depend on the target audience. For B2B LinkedIn is highly effective while Instagram and TikTok are great for B2C. I choose platforms based on where the audience is most active and engaged.
Business,Marketing,medium,What are key performance indicators KPIs in marketing,KPIs in marketing are measurable metrics used to assess the success of marketing campaigns such as customer acquisition cost conversion rate and return on investment.
Business,Marketing,medium,What is the purpose of a marketing mix,The marketing mix is a combination of elements product price place and promotion that a company uses to market its products effectively to the target audience.
Business,Marketing,medium,What is an ideal customer profile ICP,An ideal customer profile ICP is a detailed description of the type of customer who would benefit most from a company's product or service helping guide marketing and sales efforts.
Business,Marketing,medium,How do you stay current with trends and adapt your strategies,I stay current by following industry blogs attending webinars and participating in marketing forums. I also use tools like Google Trends and HubSpot to monitor emerging trends. For example when shortform video content became popular I incorporated TikTok and Instagram Reels into my social media strategy resulting in a 25% increase in engagement.
Business,Marketing,medium,Talk about your experience with XYZ [a specific marketing skill i.e. SEO content marketing email marketing].,I have extensive experience with SEO having optimized over 50 websites to improve their search engine rankings. This involved keyword research onpage optimization and building highquality backlinks. For example I increased organic traffic by 40% for a client within six months by implementing a comprehensive SEO strategy.
Business,Marketing,medium,What makes a successful marketing campaign in your opinion,A successful marketing campaign is one that resonates with the target audience delivers a clear and compelling message and achieves measurable results. It should also be creative datadriven and adaptable to feedback and changing market conditions.
Business,Marketing,medium,Tell me about a marketing campaign that particularly inspired you. Why,The 'Share a Coke' campaign by CocaCola inspired me because of its simplicity and effectiveness. By personalizing bottles with names CocaCola created a sense of connection and encouraged usergenerated content which significantly boosted brand engagement and sales.
Business,Marketing,medium,What makes you stand out from other candidates applying for this position,What sets me apart is my combination of handson experience in executing successful campaigns my ability to analyze data to drive decisionmaking and my passion for staying updated on the latest marketing trends. Additionally my collaborative mindset and adaptability make me a strong fit for your team.
Business,Marketing,medium,How familiar are you with our company's target market,I have researched your company and understand that your target market primarily consists of [specific demographic e.g. young professionals aged 2540] who value [specific product/service benefits e.g. convenience affordability or innovation]. I am eager to learn more and align my strategies to meet their needs.
Business,Marketing,medium,What are the three most important skills for a marketing career,The three most important skills for a marketing career are: 1 Analytical skills to interpret data and measure campaign effectiveness 2 Creativity to develop unique and engaging campaigns and 3 Communication skills to effectively convey messages to target audiences and collaborate with teams.
Business,Marketing,medium,Why are you pursuing a career in marketing,I am pursuing a career in marketing because I am passionate about understanding consumer behavior creating impactful strategies and driving business growth through innovative campaigns. Marketing allows me to combine creativity with analytical thinking which I find both challenging and rewarding.
Business,Marketing,medium,What's your approach to collaborating with creative coworkers,I believe in open communication mutual respect and leveraging each team members strengths. I collaborate by sharing clear briefs providing constructive feedback and fostering a creative environment where everyone feels valued and inspired to contribute.
Business,Marketing,medium,How do you create balanced campaigns for generating leads,I create balanced campaigns by combining organic and paid strategies ensuring consistent messaging across channels and using data to optimize targeting. A mix of content types such as blogs videos and ads helps attract and nurture leads effectively.
Business,Marketing,medium,What is brand advocacy,Brand advocacy occurs when customers voluntarily promote a brand because they are highly satisfied with its products or services.
Business,Marketing,medium,What are some effective strategies for content marketing,Effective content marketing strategies include creating valuable and relevant content using SEO techniques and distributing content across multiple channels.
Business,Marketing,medium,What is experiential marketing,Experiential marketing involves creating interactive and memorable experiences for customers to build emotional connections with a brand.
Business,Marketing,medium,What are marketing personas,Marketing personas are semifictional representations of a business's ideal customers created based on market research and data to guide marketing strategies.
Business,Marketing,medium,What is the significance of customer feedback in marketing,Customer feedback provides valuable insights into customer satisfaction expectations and preferences which can inform product development and marketing strategies.
Business,Marketing,medium,How do you perform a market analysis,Market analysis involves assessing market trends customer behavior competitive landscape and potential opportunities to make informed business decisions.
Business,Marketing,medium,What is the role of a digital marketing strategist,A digital marketing strategist plans executes and monitors online marketing campaigns leveraging digital tools and platforms to achieve business objectives.
Business,Marketing,medium,How does marketing automation improve efficiency,Marketing automation streamlines repetitive tasks enables personalized messaging and provides valuable insights through analytics ultimately improving marketing efficiency.
Business,Marketing,medium,What is the role of a social media manager,A social media manager is responsible for planning executing and managing social media content and campaigns to enhance brand presence and engagement.
Business,Marketing,medium,What is a content strategy,A content strategy involves planning creating and distributing content to engage the audience and support business goals.
Business,Marketing,medium,What is a marketing ROI and how is it calculated,Marketing ROI is a measure of the profitability of a marketing campaign. It is calculated by dividing the net profit by the cost of the campaign.
Business,Marketing,medium,What are the benefits of using video marketing,Video marketing boosts engagement improves brand awareness and helps explain complex products or services in a simple way.
Business,Marketing,medium,What is an email drip campaign,An email drip campaign is a series of prewritten emails sent automatically over time to nurture leads or engage customers based on their behaviors or interests.
Business,Marketing,medium,What is the difference between earned media and paid media,Earned media is publicity gained through PR efforts wordofmouth or social sharing while paid media refers to advertising where a business pays for exposure.
Business,Marketing,medium,What is the role of social media in marketing,Social media plays a key role in marketing by enabling businesses to build relationships with customers increase brand visibility promote products and engage with their audience directly.
Business,Marketing,medium,How do you think social media and customer service relate to each other,Social media and customer service are closely linked because social platforms are often the first point of contact for customer inquiries. Prompt empathetic responses on social media can enhance customer satisfaction and build brand loyalty.
Business,Marketing,medium,What is a KPI Key Performance Indicator,A KPI is a measurable value used to track and assess the effectiveness of a marketing campaign or strategy helping businesses understand progress toward their goals.
Business,Marketing,medium,What is an eCommerce marketing strategy,An eCommerce marketing strategy focuses on driving traffic to an online store and converting that traffic into paying customers using techniques like SEO paid ads and email marketing.
Business,Marketing,medium,Can you describe how you qualify your leads,I qualify leads using a combination of demographic data behavioral insights and engagement metrics. Tools like lead scoring and CRM systems help prioritize leads based on their likelihood to convert ensuring efficient resource allocation.
Business,Marketing,medium,What marketing channels are most effective in your current role Why,In my current role social media and email marketing have been the most effective channels. Social media drives brand awareness and engagement while email marketing delivers personalized content that nurtures leads and drives conversions.
Business,Marketing,medium,What criteria do you use to determine the quality of your work,I evaluate the quality of my work based on its alignment with campaign goals audience engagement and measurable outcomes. Feedback from stakeholders and the ability to meet or exceed KPIs are also key indicators of success.
Business,Marketing,medium,What is an influencer marketing campaign,An influencer marketing campaign involves partnering with influencers to promote a brand leveraging their reach and credibility to drive consumer behavior.
Business,Marketing,medium,What is a marketing dashboard,A marketing dashboard is a visual representation of key performance indicators KPIs that allows marketers to track the performance of their campaigns.
Business,Marketing,medium,What is a promotional mix,A promotional mix refers to the combination of promotional tools such as advertising sales promotions public relations and personal selling that businesses use to promote their products.
Business,Marketing,medium,What are the 4Ps of marketing,The 4Ps of marketing are Product Price Place and Promotion  the key elements that businesses must consider in their marketing strategies.
Business,Marketing,medium,What is the difference between market segmentation and target marketing,Market segmentation divides the market into different groups based on various characteristics while target marketing involves selecting the specific segment to focus on.
Business,Marketing,medium,What is the difference between brand equity and brand loyalty,Brand equity refers to the value a brand adds to a product or service while brand loyalty refers to the degree to which customers repeatedly choose a brand over others.
Business,Marketing,medium,What is a geotargeting strategy,Geotargeting is the practice of delivering content or ads based on a users geographic location using data such as IP address GPS or user input.
Business,Marketing,medium,What are the four P's of marketing,The four P's of marketing are Product Price Place and Promotion. They represent the key elements of a marketing strategy.
Business,Marketing,medium,How does email marketing work,Email marketing involves sending promotional messages or newsletters to a targeted group of customers or prospects aiming to build relationships and drive sales.
Business,Marketing,medium,What is the purpose of using hashtags in social media marketing,Hashtags help categorize content making it discoverable to a larger audience who is interested in specific topics or keywords.
Business,Marketing,medium,What is a loyalty program,A loyalty program is a marketing strategy that rewards customers for repeat purchases aiming to increase retention and customer lifetime value.
Business,Marketing,medium,What is a marketing audit,A marketing audit is a comprehensive review of a companys marketing strategy goals and results often conducted to assess the effectiveness of current marketing efforts.
Business,Marketing,medium,What are the differences between B2B and B2C marketing,B2B marketing targets businesses and organizations while B2C marketing targets individual consumers.
Business,Marketing,medium,What is a brand's voice,A brand's voice refers to the tone and personality with which it communicates with its audience helping to build consistency and emotional connection.
Business,Marketing,medium,What are the main components of a marketing strategy,The main components of a marketing strategy include market research target audience identification positioning marketing mix and performance measurement.
Business,Marketing,medium,What is the significance of brand positioning,Brand positioning is significant because it defines how a brand is perceived in the market differentiating it from competitors and creating a unique value proposition for consumers.
Business,Marketing,medium,How do you segment a market,Market segmentation can be done based on demographic geographic psychographic and behavioral factors to create more targeted marketing strategies.
Business,Marketing,medium,What is a call to action CTA in an advertisement,A call to action CTA is a prompt that encourages the audience to take a specific action such as 'Buy Now' or 'Sign Up.'
Business,Marketing,medium,How do you define a target market,A target market is a specific group of potential customers identified as the focus of a company's marketing efforts.
Business,Marketing,medium,What is a marketing persona,A marketing persona is a detailed description of the ideal customer based on demographic and behavioral data used to tailor marketing strategies.
Business,Marketing,medium,What is the difference between a brand and a product,A brand is the overall perception and reputation of a company while a product is a specific item or service that the company offers.
Business,Marketing,medium,What is a marketing budget,A marketing budget is the financial plan allocated for marketing activities including advertising content creation and promotions.
Business,Marketing,medium,Which social media platforms are most effective for this type of business,For a B2C business platforms like Instagram TikTok and Facebook are highly effective due to their visual nature and large user base. For B2B LinkedIn and Twitter are more suitable because they cater to professionals and decisionmakers.
Business,Marketing,medium,What is retargeting,Retargeting is a form of online advertising that targets users who have previously interacted with a business but did not convert encouraging them to return and complete the desired action.
Business,Marketing,medium,What is the role of social media marketing,Social media marketing uses platforms like Facebook Instagram and Twitter to promote products engage with customers and build brand awareness.
Business,Human Resources,medium,What strategies would you use to ensure pay transparency without causing dissatisfaction,By implementing structured pay scales educating employees on compensation structures and maintaining fairness in salary adjustments.
Business,Human Resources,medium,What strategies would you use to handle rumors affecting employee morale,By addressing misinformation transparently reinforcing trust in leadership and promoting open communication.
Business,Human Resources,medium,What strategies would you use to improve diversity and inclusion in hiring,By eliminating bias in job descriptions implementing structured interview processes and ensuring diverse hiring panels.
Business,Finance,medium,What is financial leverage and how does it impact a companys performance,Using debt to finance growth which can increase returns but also risk.
Business,Accounting,medium,How do you account for bad debts in financial statements,Bad debts are recorded as an expense under the allowance method or direct writeoff method reducing accounts receivable and net income.
Business,Accounting,medium,How do users of accounting information require accounting data,Users include management investors creditors regulators and employees who use financial data for decisionmaking and compliance purposes.
Business,Accounting,medium,How do organizations manage currency exchange risk in financial reporting,They use hedging strategies forward contracts and currency translation adjustments to mitigate the impact of exchange rate fluctuations on financial statements.
Business,Accounting,medium,How do nonrecurring items impact financial analysis,Nonrecurring items such as asset sales or litigation expenses can distort profitability trends and are typically adjusted for in financial analysis.
Business,Accounting,medium,How do companies use sensitivity analysis in financial reporting,Sensitivity analysis assesses the impact of variable changes e.g. interest rates inflation on financial outcomes aiding risk management and forecasting.
Business,Accounting,medium,How do companies record the acquisition of fixed assets,Fixed assets are recorded at cost including purchase price installation costs and directly attributable expenses and then depreciated over their useful life.
Business,Accounting,medium,How do companies recognize revenue from longterm construction contracts,Revenue is recognized using the percentageofcompletion method or completedcontract method depending on accounting policies.
Business,Accounting,medium,How do companies manage financial risk through hedging,Companies use derivatives such as futures options and swaps to hedge against interest rate currency and commodity price fluctuations.
Business,Accounting,medium,Define overhead in terms of accounting.,Overhead refers to indirect business expenses such as rent utilities and administrative costs that are not directly tied to production.
Business,Accounting,medium,Define material facts in accounting.,Material facts refer to financial information or events that significantly impact decisionmaking and financial statements.
Business,Accounting,medium,Define fictitious assets.,Fictitious assets are expenses or losses that are not real assets but are shown in the balance sheet such as preliminary expenses and promotional costs.
Business,Finance,medium,What factors should be considered when analyzing a companys capital expenditures CapEx,The potential return on investment and its impact on future growth.
Business,Accounting,medium,Define fair value in accounting.,Fair value is the estimated price at which an asset or liability could be exchanged between knowledgeable willing parties in an open market.
Business,Accounting,medium,Define creative accounting.,Creative accounting involves legal manipulation of financial statements to present a more favorable view of a company's financial health.
Business,Accounting,medium,Define a companyâs payable cycle.,A company's payable cycle is the time taken to settle accounts payable typically ranging from 30 to 90 days.
Business,Accounting,medium,How do changes in tax regulations impact financial reporting,Changes affect deferred tax assets/liabilities expense recognition and financial disclosures requiring updates in tax provisions and compliance.
Business,Accounting,medium,How do changes in foreign exchange rates affect multinational companiesâ financial statements,Exchange rate fluctuations impact revenue expenses and asset valuations requiring adjustments for translation gains or losses in financial statements.
Business,Accounting,medium,How do businesses assess their solvency using financial ratios,Key solvency ratios include the debttoequity ratio interest coverage ratio and cash flowtodebt ratio which measure a companyâs ability to meet longterm obligations.
Business,Accounting,medium,How do businesses account for warranty liabilities,Warranty liabilities are estimated based on historical claims and recognized as provisions impacting expenses and liabilities.
Business,Accounting,medium,How do businesses account for discontinued operations,Discontinued operations are reported separately in financial statements showing income or loss from disposal and related financial impacts.
Business,Accounting,medium,How do accounting policies differ from accounting estimates,Policies define the methods and principles used in accounting while estimates involve judgments applied to uncertain financial elements like depreciation rates.
Business,Accounting,medium,Have you worked anywhere before,Yes I have worked in previous roles handling financial reporting tax compliance and budget management.
Business,Accounting,medium,Explain the term indebtedness.,Indebtedness refers to the total amount of money a company or individual owes including loans bonds and accounts payable.
Business,Accounting,medium,Explain the meaning of longterm notes payable or longterm liabilities.,Longterm notes payable are financial obligations due beyond one year including bonds leases and longterm loans.
Business,Accounting,medium,What are the common types of accounting fraud and how can they be prevented,Types include revenue recognition fraud expense manipulation and asset misappropriation. Prevention methods include strong internal controls audits and segregation of duties.
Business,Accounting,medium,Define depreciation and its types.,Depreciation is the allocation of an assetâs cost over its useful life. Types include straightline depreciation declining balance and units of production method.
Business,Finance,medium,What are some common mistakes that companies make when forecasting their financial performance,Overestimating growth ignoring risks and relying on unrealistic assumptions.
Business,Finance,medium,What are the risks of relying too heavily on shortterm financing for a companys operations,It could lead to liquidity issues and higher costs.
Business,Finance,medium,What are some key factors that could impact the cost of capital for a company,Market conditions interest rates and the companys financial risk.
Business,Finance,medium,How would you determine if a companys pricing strategy is effective from a financial standpoint,Analyze profit margins and market demand.
Business,Finance,medium,What are the primary financial indicators you would consider when evaluating a companys longterm sustainability,Profitability cash flow debt and market position.
Business,Finance,medium,How would you assess the impact of interest rate changes on a companys financial performance,Look at borrowing costs and profits.
Business,Finance,medium,How would you determine the appropriate financing mix for a company,Balance debt and equity based on cost and risk.
Business,Finance,medium,How do you assess a companys operational efficiency through financial analysis,Look at operating margins and asset turnover.
Business,Finance,medium,What is your approach to analyzing a companys revenue growth potential,Review market trends and past growth.
Business,Finance,medium,What strategies would you use to analyze a companys investment decisions,Evaluate ROI and risk.
Business,Finance,medium,How do you calculate return on equity ROE,ROE is calculated by dividing net income by shareholders' equity.
Business,Finance,medium,What is beta and how is it used in investment decisions,Beta measures a stock's volatility relative to the market and helps assess investment risk.
Business,Finance,medium,What is the importance of cash flow analysis,Cash flow analysis is vital to ensure a company has sufficient liquidity to meet its obligations.
Business,Finance,medium,What is the difference between CAPEX and OPEX,CAPEX refers to capital expenditures for longterm assets while OPEX refers to operational expenses for daytoday activities.
Business,Finance,medium,What is regression analysis and how is it used in finance,Regression analysis examines relationships between variables and is used for forecasting and trend analysis.
Business,Finance,medium,How do you forecast earnings,I forecast earnings by analyzing historical performance market trends and economic indicators.
Business,Finance,medium,What is working capital management,Working capital management involves optimizing the balance between current assets and liabilities to ensure liquidity.
Business,Finance,medium,If I could use only one statement to review the overall health of a company which statement would I use and why,The cash flow statement as it shows actual liquidity and financial health without noncash adjustments.
Business,Finance,medium,How do you determine a companys valuation when comparing it to industry peers,By comparing valuation ratios like P/E and EV/EBITDA to industry averages.
Business,Finance,medium,What are the key indicators that help assess the profitability of a company,Profit margins and return ratios ROA ROE.
Business,Finance,medium,What are the potential risks associated with the use of debt in a companys capital structure,Higher financial risk and the potential for default.
Business,Finance,medium,What is a financial covenant in a loan agreement and why is it important,Its a condition set by lenders to ensure the company stays financially healthy.
Business,Finance,medium,Whats the role of cost of capital in making investment decisions,Its the minimum return needed to justify an investment.
Business,Finance,medium,Whats the difference between a fixed and a floating interest rate and when might a company prefer one over the other,Fixed stays the same floating changes. Fixed is preferred for stability floating if rates are expected to fall.
Business,Finance,medium,How do you assess the efficiency of a companys asset utilization,By looking at asset turnover ratios.
Business,Finance,medium,Whats the difference between nominal and real GDP and why is this distinction important in financial analysis,Nominal is unadjusted for inflation real is adjusted. Real GDP gives a clearer picture of economic growth.
Business,Finance,medium,What financial ratios are the most important to consider when evaluating a companys shortterm financial health,Current ratio quick ratio and cash ratio.
Business,Finance,medium,How do you assess the potential for a companys future earnings growth,By analyzing market trends past performance and industry outlook.
Business,Finance,medium,How do you differentiate between financial and operational risk when analyzing a companys financial performance,Financial risk comes from debt operational risk from daytoday operations.
Business,Finance,medium,How does a companys working capital cycle affect its overall financial health,A shorter cycle improves cash flow and liquidity.
Business,Accounting,medium,What are the common reasons for a cash flow shortage in a company,Cash flow shortages can be caused by delayed receivables excessive expenses poor inventory management or high debt repayments.
Business,Accounting,medium,What are the challenges faced by an Accountant,Challenges include staying updated with regulatory changes ensuring compliance managing tight deadlines and preventing financial fraud.
Business,Accounting,medium,How do you analyze the financial impact of a company taking on new debt,I assess debttoequity ratio interest coverage repayment capacity and the overall impact on cash flow and profitability.
Business,Accounting,medium,What are the advantages of using the accrual basis of accounting over the cash basis,Accrual accounting provides a more accurate financial picture by recognizing revenues and expenses when they occur not when cash is exchanged improving financial reporting accuracy.
Business,Accounting,medium,Can you explain the difference between financial accounting and cost accounting,Financial accounting focuses on external reporting and compliance while cost accounting analyzes internal costs for operational efficiency and decisionmaking.
Business,Accounting,medium,What are the key differences between a capital lease and an operating lease,A capital lease transfers ownership risks and benefits to the lessee while an operating lease is treated as a rental expense with no asset ownership transfer.
Business,Accounting,medium,What are the key differences between a budget and a forecast,A budget is a financial plan with fixed targets while a forecast is an updated projection based on current financial trends and conditions.
Business,Accounting,medium,What are the key considerations when preparing financial statements for an audit,I ensure accuracy reconcile all accounts provide proper documentation and review all adjustments before the audit.
Business,Accounting,medium,What are the key considerations when preparing consolidated financial statements,Key considerations include eliminating intercompany transactions aligning accounting policies handling minority interest and currency translation adjustments.
Business,Accounting,medium,What are the key considerations when evaluating a companyâs capital structure,I assess debttoequity ratio cost of capital interest coverage and the companyâs ability to meet its financial obligations.
Business,Accounting,medium,What are the key considerations when accounting for intangible assets,Key considerations include initial recognition amortization impairment testing and compliance with IFRS or GAAP reporting standards.
Business,Accounting,medium,What are the key considerations in preparing consolidated financial statements,Considerations include eliminating intercompany transactions aligning reporting periods accounting for noncontrolling interests and currency translation.
Business,Accounting,medium,What are the key considerations in capitalizing software development costs,Capitalization depends on development stage future economic benefits and compliance with accounting standards like IAS 38 or ASC 350.
Business,Accounting,medium,What are the key considerations for accounting for leases under IFRS 16,IFRS 16 requires lessees to recognize rightofuse assets and lease liabilities impacting financial ratios and reporting transparency.
Business,Accounting,medium,What are the key components of a company's statement of cash flows,Operating investing and financing activities summarize cash inflows and outflows providing insight into liquidity and financial health.
Business,Accounting,medium,What are the key challenges in implementing an ERP accounting system,Challenges include high implementation costs employee training data migration issues and the need for process standardization.
Business,Accounting,medium,What is Contingent Liabilities,Contingent liabilities are potential obligations like lawsuits or warranties disclosed in financial statements if they are probable and estimable.
Business,Accounting,medium,What are the main purposes of financial statement footnotes,Footnotes provide additional details on accounting policies contingencies relatedparty transactions and assumptions used in financial reporting.
Business,Accounting,medium,What are the main principles behind cost allocation in managerial accounting,Cost allocation principles include causality benefit received fairness and consistency in assigning costs to products services or departments.
Business,Accounting,medium,What are the main objectives of cost allocation in accounting,Objectives include accurate product costing expense tracking profitability analysis and informed decisionmaking.
Business,Accounting,medium,What are the main objectives of a financial audit,A financial audit ensures accuracy compliance fraud detection and reliability of financial statements for stakeholders.
Business,Accounting,medium,What are the main differences between managerial accounting and cost accounting,Managerial accounting focuses on decisionmaking for business operations while cost accounting specifically tracks and analyzes costs for efficiency.
Business,Accounting,medium,What are the key steps in financial statement consolidation,Steps include eliminating intercompany transactions aligning reporting periods converting foreign currency items and recognizing minority interest.
Business,Accounting,medium,What are the key risks associated with revenue recognition,Risks include premature revenue recognition fraudulent revenue reporting contract complexities and compliance with IFRS 15 or ASC 606.
Business,Accounting,medium,What are the key principles of cost accounting,Key principles include cost allocation standard costing marginal costing and variance analysis to optimize cost control and decisionmaking.
Business,Accounting,medium,What are the key indicators that a business may be facing financial distress,Indicators include declining revenue increasing debt levels negative cash flows high accounts payable balances and liquidity issues.
Business,Accounting,medium,What are the key financial ratios used to evaluate a companyâs liquidity,Liquidity ratios include the current ratio quick ratio and cash ratio measuring a companyâs ability to meet shortterm obligations.
Business,Accounting,medium,What are the key differences between standard costing and actual costing,Standard costing assigns predetermined costs to products while actual costing records real costs incurred during production.
Business,Accounting,medium,What are the key differences between operational and capital budgeting,Operational budgeting focuses on shortterm revenues and expenses while capital budgeting involves longterm investments in fixed assets and projects.
Business,Accounting,medium,What factors should be considered when analyzing a company's debttoequity ratio,Considerations include industry norms cost of debt repayment ability interest coverage ratio and overall financial health.
Business,Accounting,medium,What factors should a company consider when selecting an accounting software,Factors include scalability integration with existing systems compliance with accounting standards userfriendliness and costeffectiveness.
Business,Accounting,medium,Can you explain the importance of working capital management in a business,Effective working capital management ensures liquidity optimizes cash flow minimizes reliance on external financing and supports daily operations efficiently.
Business,Finance,medium,How would you evaluate a companys dividend policy and its impact on shareholder value,Check if dividends are consistent and growing.
Business,Accounting,medium,Could you emphasize the three financial statements in a year,The three financial statements are the Income Statement Balance Sheet and Cash Flow Statement. They provide a comprehensive view of a companyâs financial performance and position.
Business,Accounting,medium,What experience do you have with financial audits,I have experience preparing for and participating in both internal and external financial audits organizing documentation and addressing any findings.
Business,Accounting,medium,What are the advantages and disadvantages of using the LastIn FirstOut LIFO inventory method,LIFO reduces taxable income during inflation but may distort inventory valuation and is prohibited under IFRS.
Business,Accounting,medium,What are the advantages and disadvantages of using FIFO for inventory valuation,FIFO reflects current costs in ending inventory increasing profits during inflation but also leading to higher tax liabilities.
Business,Accounting,medium,What are the key differences between operating and nonoperating income,Operating income comes from core business activities while nonoperating income includes onetime gains such as asset sales or interest revenue.
Business,Accounting,medium,What are the key differences between direct and indirect costs,Direct costs are directly attributable to a specific product or service such as raw materials while indirect costs support the business as a whole such as rent and utilities.
Business,Accounting,medium,What are the key differences between cash flow hedging and fair value hedging,Cash flow hedging protects future cash flows from price fluctuations while fair value hedging reduces volatility in asset and liability valuations.
Business,Accounting,medium,What are the key differences between a financial audit and an operational audit,A financial audit ensures accuracy in financial statements while an operational audit evaluates efficiency effectiveness and compliance with company policies.
Business,Accounting,medium,Describe Real and Nominal Accounts.,Real accounts include tangible and intangible assets e.g. cash machinery while Nominal accounts record expenses income and profits e.g. rent salaries sales.
Business,Accounting,medium,Describe CPA.,CPA stands for Certified Public Accountant a professional designation awarded to accountants who meet education and experience requirements and pass the CPA exam.
Business,Accounting,medium,Define the terms Debit and Credit in accounting.,Debit increases assets and expenses while Credit increases liabilities revenue and equity.
Business,Accounting,medium,Define the equation for the AcidTest ratio in accounting.,AcidTest Ratio = Current Assets  Inventory Ã· Current Liabilities. It measures a company's shortterm liquidity without relying on inventory sales.
Business,Accounting,medium,Define the dual aspect concept in accounting.,The dual aspect concept states that every transaction affects two accounts ensuring that total debits equal total credits.
Business,Accounting,medium,What are the key challenges faced by accountants in digital transformation,Challenges include adapting to new accounting software ensuring data security and integrating AI and automation in financial processes.
Business,Accounting,medium,What are the primary challenges in implementing IFRS 16 for lease accounting,Challenges include identifying lease components reevaluating lease terms updating accounting systems and ensuring compliance with financial disclosures.
Business,Accounting,medium,What are the prerequisites of revenue recognition,Revenue is recognized when it is earned and realizable based on criteria such as delivery of goods completion of services and reasonable assurance of payment.
Business,Accounting,medium,What are the major challenges in implementing IFRS in an organization,Challenges include compliance costs system adjustments staff training and reconciling IFRS with local GAAP standards.
Business,Accounting,medium,What are the main types of financial risks businesses face,Types include credit risk market risk liquidity risk and operational risk impacting financial stability and performance.
Business,Accounting,medium,Can you explain the difference between GAAP and IFRS,GAAP is a set of accounting standards used primarily in the U.S. while IFRS is globally recognized. They differ in principles such as revenue recognition inventory valuation and financial statement presentation.
Business,Accounting,medium,Can you describe a time when you identified and corrected a significant financial discrepancy,I discovered an accounting error in payroll tax filings conducted a review and implemented corrective measures to prevent recurrence.
Business,Accounting,medium,Draw the difference between accounts payable and accounts receivable.,Accounts payable represents amounts a company owes to suppliers while accounts receivable represents amounts customers owe to the company.
Business,Accounting,medium,Differentiate public accounts and private accounts.,Public accounts refer to government financial statements while private accounts belong to individuals or businesses and are not publicly disclosed.
Business,Accounting,medium,Difference between inactive and dormant accounts,Inactive accounts have been closed or no longer used while dormant accounts have had no transactions for an extended period but remain open.
Business,Accounting,medium,Describe a time when you had to work exceptionally hard to provide great service to clients.,I worked overtime during tax season to ensure accurate filings for clients avoiding penalties and maximizing deductions.
Business,Accounting,medium,What are the financial reporting challenges faced by multinational corporations,Challenges include currency translation tax compliance IFRS/GAAP differences and consolidation of financial statements across jurisdictions.
Business,Accounting,medium,What are the different types of financial analysis techniques used in accounting,Techniques include ratio analysis trend analysis commonsize analysis horizontal and vertical analysis and cash flow analysis.
Business,Accounting,medium,What are the differences between operating leverage and financial leverage,Operating leverage measures how fixed costs impact profitability while financial leverage examines the effect of debt on a companyâs earnings per share.
Business,Accounting,medium,What are the differences between financial forecasting and budgeting,Financial forecasting estimates future financial outcomes based on historical data and trends while budgeting sets financial plans and targets for a specific period.
Business,Accounting,medium,What are the common types of inventory valuation errors,Errors include overstatement or understatement of ending inventory misclassification of costs and failure to apply consistent valuation methods.
Business,Accounting,medium,Define Payroll Source Documents.,Payroll source documents include timesheets tax forms and payroll registers used to calculate employee wages and deductions.
Business,Finance,medium,How do you assess the impact of economic cycles on a companys financial health,Look at sales costs and cash flow during ups and downs.
Business,Finance,medium,How do you calculate a companys return on invested capital ROIC,ROIC = NOPAT ÷ Invested Capital.
Business,Finance,medium,What do you understand by financial modeling,Financial modeling involves creating abstract representations of financial scenarios to forecast performance and evaluate investments.
Business,Accounting,medium,How do you approach calculating depreciation for an asset with an uncertain useful life,I use industry estimates reassess annually and choose a conservative depreciation method like straightline or units of production.
Business,Accounting,medium,How do you approach implementing a new accounting system or software in an organization,I evaluate business needs conduct a costbenefit analysis ensure staff training and monitor implementation for smooth transition.
Business,Accounting,medium,How do you assess a companyâs solvency using financial ratios,Solvency is assessed using ratios like the debttoequity ratio interest coverage ratio and fixed charge coverage ratio to evaluate a companyâs longterm financial stability.
Business,Accounting,medium,How do you assess whether a company is financially healthy,I analyze key financial ratios such as liquidity profitability and solvency ratios along with cash flow trends and debt levels.
Business,Accounting,medium,How do you calculate and report goodwill impairment,I conduct an impairment test comparing the carrying value of goodwill to its fair value then record a loss if goodwill is impaired.
Business,Accounting,medium,How do you determine the appropriate level of cash reserves a company should maintain,I analyze working capital needs operational risks debt obligations and industry norms to establish a reasonable cash reserve.
Business,Accounting,medium,How do you determine the fair value of financial instruments under IFRS 9,Fair value is determined using marketbased measurements valuation techniques like discounted cash flows or market comparables depending on IFRS 9 guidelines.
Business,Accounting,medium,How does inventory shrinkage affect financial statements,Inventory shrinkage reduces inventory value and increases cost of goods sold negatively impacting net income and gross profit margin.
Business,Accounting,medium,How does lease capitalization affect a companyâs financial ratios,It increases assets and liabilities affecting debt ratios return on assets and EBITDA calculations.
Business,Accounting,medium,How does the FIFO inventory method affect financial statements during inflation,FIFO results in higher profits and tax liabilities during inflation as older lowercost inventory is expensed first.
Business,Accounting,medium,How does the accrual basis of accounting differ from the cash basis,The accrual basis recognizes revenue and expenses when they are incurred while the cash basis records transactions only when cash is received or paid.
Business,Accounting,medium,How does the effective interest method differ from the straightline method in amortization of bonds,The effective interest method calculates interest based on the carrying amount of the bond while the straightline method allocates equal interest expense over the bondâs life.
Business,Accounting,medium,How does the matching principle impact financial reporting,The matching principle ensures that expenses are recognized in the same period as the revenue they generate improving financial accuracy.
Business,Accounting,medium,How does the time value of money concept affect financial decisionmaking,It influences investment financing and valuation decisions by considering the impact of interest rates and cash flow timing.
Business,Accounting,medium,How have you helped a company save money or use financial resources effectively,I optimized tax strategies streamlined accounting processes and implemented costsaving measures in procurement and operational budgeting.
Business,Accounting,medium,How have you helped reduce costs in a previous accounting job,I identified and eliminated redundant expenses negotiated better vendor terms and improved budget forecasting.
Business,Accounting,medium,How do you ensure that expense reports submitted by employees are legitimate,I review receipts crosscheck with company policies verify approval signatures and flag any inconsistencies for further investigation.
Business,Accounting,medium,How do you ensure that payroll processing is accurate and compliant with labor laws,I crosscheck timesheets ensure correct tax deductions review benefits allocations and stay updated with labor law changes.
Business,Accounting,medium,How do you ensure that vendor payments are made accurately and on time,I verify invoice details crosscheck with purchase orders confirm approvals and schedule payments to align with due dates and cash flow needs.
Business,Accounting,medium,How do you evaluate the effectiveness of an internal control system,I test transaction approvals verify segregation of duties review compliance records and conduct periodic audits to assess control effectiveness.
Business,Accounting,medium,How do you handle an unexpected shortfall in a companyâs cash flow,I analyze cash flow projections prioritize essential payments negotiate with creditors and explore shortterm financing options.
Business,Accounting,medium,How do you handle discrepancies in financial reports discovered during monthend closing,I perform a thorough review of journal entries trace back transactions consult relevant stakeholders and make necessary adjustments while ensuring compliance.
Business,Accounting,medium,How do you handle interdepartmental conflicts regarding financial allocations,I mediate discussions ensure budget transparency align spending with strategic goals and provide datadriven justifications for allocations.
Business,Accounting,medium,In what circumstances does goodwill increase,Goodwill increases when a company acquires another business at a price higher than its net identifiable assets reflecting intangible value such as brand reputation or customer relationships.
Business,Accounting,medium,In what way do you maintain accounting accuracy,I maintain accuracy by reconciling accounts regularly ensuring compliance with standards and using accounting software to track financial data.
Business,Accounting,medium,In which account does an unpresented cheque get recorded,An unpresented cheque is recorded as an outstanding cheque in the bank reconciliation statement under cash or bank accounts.
Business,Accounting,medium,List out several examples of liability accounts.,Examples include accounts payable accrued expenses loans payable and deferred revenue.
Business,Accounting,medium,How does a change in depreciation method affect financial statements,A change impacts net income asset valuation and tax liabilities requiring disclosure under accounting standards such as IFRS or GAAP.
Business,Accounting,medium,List out things that fall under intangible assets.,Intangible assets include patents trademarks goodwill copyrights and brand recognition.
Business,Accounting,medium,How does MS Excel make accounting easier Provide three instances.,Excel helps in data analysis with PivotTables automates calculations using formulas and simplifies financial reporting through templates and charts.
Business,Accounting,medium,How do you recognize revenue for longterm contracts under IFRS 15,Revenue for longterm contracts is recognized over time using performance obligations milestones or the percentageofcompletion method based on IFRS 15 guidelines.
Business,Accounting,medium,Explain computerized accounting.,Computerized accounting uses software such as QuickBooks SAP and Tally to record analyze and report financial transactions efficiently.
Business,Accounting,medium,Explain deferred assets with an example.,Deferred assets are prepaid expenses such as insurance paid in advance recorded as assets and expensed over time.
Business,Accounting,medium,Explain doubleentry accounting with an example.,Doubleentry accounting records transactions with equal debits and credits. Example: A company purchasing inventory on credit debits Inventory and credits Accounts Payable.
Business,Accounting,medium,Explain how you would handle accounting for a company that operates in multiple tax jurisdictions.,Accounting for multiple tax jurisdictions requires separate tax compliance tracking transfer pricing adjustments and adherence to local and international tax laws.
Business,Accounting,medium,Explain the Convention of Materiality.,The Convention of Materiality states that only significant financial information affecting decisions should be included in financial statements.
Business,Accounting,medium,Explain the disadvantages of a doubleentry system.,Disadvantages include complexity time consumption higher cost and the need for skilled professionals to maintain records accurately.
Business,Accounting,medium,How do you determine whether a company is at risk of breaching its debt covenants,I analyze financial ratios specified in loan agreements monitor cash flow trends and assess the ability to meet interest and principal payments.
Business,Accounting,medium,How do you determine whether a financial lease should be recorded as a liability,I evaluate lease terms assess whether ownership transfers review present value calculations and follow lease accounting standards like IFRS 16.
Business,Accounting,medium,How do you differentiate Deferred Revenue from Accounts Receivable,Deferred revenue is cash received before goods/services are provided while accounts receivable is revenue earned but not yet collected in cash.
Business,Accounting,medium,How do you differentiate between financial risk and operational risk in accounting,Financial risk is related to a companyâs capital structure debt levels and liquidity while operational risk comes from internal processes systems and human errors.
Business,Accounting,medium,How do you ensure a companyâs financial statements comply with industry regulations,I stay updated with regulatory changes apply relevant accounting standards and conduct internal audits before external audits.
Business,Accounting,medium,How do you ensure accuracy in financial statements,I ensure accuracy by meticulously reviewing transactions reconciling accounts regularly and adhering to accounting principles and regulations.
Business,Accounting,medium,How do you ensure accuracy when preparing monthly journal entries and recording transactions,I doublecheck entries reconcile accounts regularly and use automation tools to minimize human errors.
Business,Accounting,medium,How do you ensure compliance with tax regulations in financial reporting,I stay updated with tax laws use compliance checklists and verify that all tax liabilities are accurately recorded and reported.
Business,Accounting,medium,How do you ensure that a companyâs financial statements remain compliant with new regulatory changes,I stay updated on accounting standards participate in training sessions adjust internal controls and implement policy changes as needed.
Business,Accounting,medium,How do changes in working capital affect cash flow,Increases in current assets reduce cash flow while increases in current liabilities improve cash flow by delaying outflows.
Business,Accounting,medium,How do companies account for dividends paid to shareholders,Dividends reduce retained earnings and are recorded as liabilities when declared impacting cash flows upon distribution.
Business,Accounting,medium,How do companies account for restructuring costs,Restructuring costs are recorded as an expense in the income statement and disclosed separately in financial reports.
Business,Accounting,medium,How do companies account for stock options granted to employees,Stock options are recognized as an expense based on fair value at grant date and expensed over the vesting period under IFRS 2 or ASC 718.
Business,Accounting,medium,How do companies determine the useful life of fixed assets,Useful life is estimated based on asset type usage industry standards and expected wear and tear.
Business,Accounting,medium,How do companies differentiate between capital and revenue expenditure,Capital expenditures create longterm assets while revenue expenditures maintain or operate existing assets affecting expense recognition.
Business,Accounting,medium,How do companies evaluate the effectiveness of internal controls over financial reporting,Effectiveness is assessed through risk assessments control testing management reviews and compliance with frameworks like COSO or SOX.
Business,Accounting,medium,How do you manage financial data security in your role as an accountant,I use encryption access controls audit trails and regular system updates to safeguard sensitive financial information.
Business,Accounting,medium,How do you manage multiple accounting projects and deadlines simultaneously,I prioritize tasks use accounting software for automation maintain organized records and communicate effectively with stakeholders.
Business,Accounting,medium,How do you prepare for an internal audit to ensure minimal discrepancies,I conduct preaudit reconciliations ensure supporting documentation is in place and address known discrepancies before the audit process begins.
Business,Accounting,medium,How do you prepare for financial reporting during periods of economic uncertainty,I perform stress tests assess liquidity adjust financial forecasts and ensure transparent disclosures on financial risks.
Business,Accounting,medium,How do you prioritize tasks and manage deadlines in a fastpaced environment,I assess task urgency and importance utilize tools like todo lists and project management software and communicate regularly with stakeholders to manage expectations.
Business,Accounting,medium,How do you verify the accuracy of an accrual recorded for an expense that has not yet been invoiced,I review historical data estimate costs based on contract terms confirm with department heads and adjust for reasonableness before posting.
Business,Accounting,medium,What factors influence a companyâs working capital requirements,Factors include business cycle industry norms credit terms inventory turnover and seasonal fluctuations in cash flow.
Business,Accounting,medium,List the three basic elements of cost.,The three basic elements of cost are material cost labor cost and overhead cost.
Business,Accounting,medium,Name any other accounting application you are familiar with.,Other accounting applications include Xero FreshBooks Sage and Microsoft Dynamics.
Business,Accounting,medium,What are the implications of recognizing contingent liabilities,Contingent liabilities impact financial disclosures and can affect investor confidence requiring judgment in assessing likelihood and measurement.
Business,Accounting,medium,What are the important terms used in the balance sheet,Key terms include assets liabilities equity retained earnings working capital and intangible assets.
Business,Accounting,medium,Name the major errors in accounting.,Common errors include omission commission principle duplication and compensating errors.
Business,Accounting,medium,Name the ways we can estimate bad debts,Bad debts can be estimated using the percentage of sales method the aging method or specific identification of doubtful accounts.
Business,Accounting,medium,Outline material facts in accounting.,Material facts in accounting are financial information or events that significantly impact decisionmaking and financial statements.
Business,Accounting,medium,Share a stressful situation you have been a part of and how you handled it.,During yearend closing I handled multiple deadlines by prioritizing critical tasks coordinating with auditors and leveraging automation tools for accuracy.
Business,Accounting,medium,State the company's payable cycle.,A company's payable cycle refers to the time taken to pay suppliers after purchasing goods or services typically ranging from 30 to 90 days.
Business,Accounting,medium,What are Accounting Entities,Accounting entities refer to business units for which financial transactions are recorded separately from their owners or other entities.
Business,Accounting,medium,What steps would you take if you identified an accounting error that impacted previous financial statements,I investigate the error assess its materiality prepare a restatement if necessary and disclose the correction in the next reporting cycle.
Business,Accounting,medium,What strategies do you use to mitigate currency exchange risks in financial reporting,I use hedging techniques maintain multicurrency accounting records and apply foreign currency translation adjustments per IFRS or GAAP.
Business,Accounting,medium,When are revenues reported in the accounting period,Revenues are reported when they are earned following the revenue recognition principle regardless of when cash is received.
Business,Accounting,medium,What is the purpose of a debt covenant in accounting,Debt covenants are conditions set by lenders to ensure borrowers maintain financial discipline such as maintaining a certain debttoequity ratio.
Business,Accounting,medium,What is the purpose of a provision account and how does it impact financial statements,A provision account records anticipated liabilities or losses reducing net income while ensuring financial statements reflect potential obligations.
Business,Accounting,medium,What is the purpose of impairment testing for assets,Impairment testing determines whether an assetâs carrying value exceeds its recoverable amount ensuring assets are not overstated in financial statements.
Business,Accounting,medium,What is the purpose of the matching principle in accrual accounting,The matching principle ensures expenses are recorded in the same period as the revenues they help generate improving financial accuracy.
Business,Accounting,medium,What is the role of an audit committee in corporate governance,An audit committee oversees financial reporting internal controls and external audits to ensure compliance and transparency.
Business,Accounting,medium,What is the role of financial ratios in evaluating a companyâs performance,Financial ratios assess liquidity profitability and solvency helping stakeholders evaluate financial health and business efficiency.
Business,Accounting,medium,What is the role of forensic accounting in fraud detection,Forensic accounting involves investigating financial records detecting fraud and providing litigation support in legal proceedings.
Business,Accounting,medium,What is the significance of EBITDA in evaluating a companyâs financial health,EBITDA Earnings Before Interest Taxes Depreciation and Amortization is used to assess a company's operational profitability by excluding nonoperating expenses.
Business,Accounting,medium,What is the significance of EBITDA in financial analysis,EBITDA Earnings Before Interest Taxes Depreciation and Amortization measures operating performance by excluding nonoperating costs.
Business,Accounting,medium,What is the significance of accounting ratios in financial analysis,Accounting ratios help assess liquidity profitability and solvency providing insights into a company's financial health and operational efficiency.
Business,Accounting,medium,What is the significance of goodwill in mergers and acquisitions,Goodwill represents the premium paid for an acquired companyâs intangible assets such as brand value and customer relationships.
Business,Accounting,medium,What is the significance of net realizable value NRV in inventory valuation,NRV ensures inventory is valued at the lower of cost or market price preventing overstated asset values and ensuring accurate financial reporting.
Business,Accounting,medium,Why do companies use activitybased costing ABC instead of traditional costing,ABC assigns overhead costs based on activities improving cost accuracy compared to traditional costing which allocates costs using broad averages.
Business,Accounting,medium,Which Enterprise Resource Planning ERP systems have you used,I have used SAP Oracle NetSuite Microsoft Dynamics and QuickBooks for financial management and reporting.
Business,Accounting,medium,Where should a cash discount be recorded in a journal entry,A cash discount should be recorded as a reduction in revenue for sales discounts or an expense reduction for purchase discounts.
HR,Interview Preparation,medium,Why should we hire you,I bring strong analytical skills a deep understanding of accounting principles and experience in financial software that aligns with your companyâs needs.
Business,Accounting,medium,What are the implications of negative retained earnings on financial statements,Negative retained earnings indicate accumulated losses which can affect investor confidence borrowing capacity and compliance with dividend distribution laws.
Business,Accounting,medium,Mention the types of ledgers.,Types of ledgers include the General Ledger Sales Ledger Accounts Receivable and Purchase Ledger Accounts Payable.
Business,Accounting,medium,What are the functions of Accounting,Accounting functions include recording financial transactions reporting financial performance analyzing costs and ensuring regulatory compliance.
HR,Interview Preparation,medium,Why do you want this job,I admire your company's commitment to financial transparency and innovation and I want to contribute my expertise to help drive financial efficiency.
Business,Accounting,medium,Name real and nominal accounts with examples.,Real accounts represent assets and liabilities e.g. cash buildings while nominal accounts include income and expenses e.g. salaries rent interest.
Business,Accounting,medium,How does an increase in accounts payable affect cash flow,An increase in accounts payable improves operating cash flow by delaying cash outflows enhancing liquidity in the short term.
Business,Accounting,medium,How does cost allocation impact financial decisionmaking,Accurate cost allocation improves pricing strategies budgeting and profitability analysis by correctly assigning indirect costs to products/services.
Business,Accounting,medium,How does deferred tax liability arise in financial statements,Deferred tax liability occurs when taxable income is lower than financial income due to temporary differences leading to higher taxes in future periods.
Business,Accounting,medium,How does earnings management affect financial statements,Earnings management manipulates financial results within legal limits impacting investor perception financial ratios and regulatory scrutiny.
Business,Accounting,medium,How does fair value accounting differ from historical cost accounting,Fair value accounting reports assets and liabilities at market value whereas historical cost accounting records them at original purchase price.
Business,Accounting,medium,How does financial leverage impact a companyâs profitability,Financial leverage amplifies returns when investments generate higher returns than borrowing costs but increases risk during downturns.
Business,Accounting,medium,How does inventory obsolescence impact financial statements,Obsolete inventory leads to higher writedowns reducing net income and inventory valuation on the balance sheet.
Business,Accounting,medium,What are Accounting Values,Accounting values include principles such as relevance reliability comparability and consistency ensuring meaningful financial reporting.
Business,Accounting,medium,What are Contingent Liabilities,Contingent liabilities are potential obligations that depend on future events such as lawsuits or guarantees and are disclosed in financial statements if probable.
Business,Accounting,medium,What are reversing journal entries,Reversing journal entries are made at the beginning of an accounting period to cancel adjusting entries from the previous period simplifying transaction recording.
Business,Accounting,medium,What are some key financial metrics used to assess a companyâs profitability,Key profitability metrics include gross margin operating margin net profit margin and return on assets ROA.
Business,Accounting,medium,What are some red flags that indicate potential financial fraud,Unusual journal entries missing documentation unexplained account fluctuations and excessive manual transactions are common fraud indicators.
Business,Accounting,medium,What are the Accounting Concepts,Accounting concepts include the going concern concept accrual concept matching principle and consistency principle ensuring standardized financial reporting.
Business,Accounting,medium,What are the accounting events that are frequently involved in compound entries,Common events include payroll expenses depreciation adjustments and recording accrued interest or taxes.
Business,Accounting,medium,What are the activities included in the Cash Flow Statement,The Cash Flow Statement includes operating investing and financing activities showing cash inflows and outflows.
Business,Accounting,medium,What are the adjustment entries made while preparing the final accounts from the trial balance,Adjustment entries include accruals depreciation provision for bad debts closing stock and prepaid expenses to ensure accurate financial reporting.
Business,Accounting,medium,How many types of business transactions are there in accounting,There are two main types: cash transactions and credit transactions. Additionally transactions can be categorized as revenue expense capital and noncash transactions.
Business,Accounting,medium,How would you adjust for an overaccrued expense in financial statements,I review supporting documents reverse excess accrual entries and ensure that expenses reflect actual incurred costs.
Business,Accounting,medium,How would you assess whether a company's accounts receivable turnover is efficient,I calculate the accounts receivable turnover ratio and compare it to industry benchmarks to evaluate collection efficiency.
Business,Accounting,medium,How would you determine if a company's financial leverage is too high,I analyze the debttoequity ratio interest coverage ratio and cash flow adequacy to determine if the company is overleveraged.
Business,Accounting,medium,How would you evaluate the effectiveness of a companyâs costcontrol measures,Effectiveness is measured by variance analysis benchmarking against industry standards and reviewing expense trends relative to revenue growth.
Business,Accounting,medium,How would you record a lease under IFRS 16,I recognize a rightofuse asset and a lease liability amortize the asset over its useful life and record interest expense on the liability.
Business,Accounting,medium,If you get this job what will your routine 8hour day look like,My daily routine would involve recording transactions reconciling accounts preparing financial reports and ensuring compliance with company policies.
HR,Interview Preparation,medium,How do you handle stress and pressure,I prioritize tasks stay organized and use time management techniques to meet deadlines without compromising accuracy.
HR,Interview Preparation,medium,What are your goals for the future,My goal is to continue developing my accounting expertise take on leadership roles and contribute to financial decisionmaking at a strategic level.
HR,Interview Preparation,medium,What is the pay you expect for this role,I am looking for a competitive salary that reflects my experience and contributions but I am open to discussing the compensation package.
HR,Interview Preparation,medium,Why do you want to leave or have left your current job,I am seeking new challenges and growth opportunities where I can apply my skills to more complex financial operations.
Business,Accounting,medium,What is a normative theory,Normative accounting theory prescribes how accounting should be done focusing on ideal accounting practices based on economic models.
Business,Accounting,medium,What are the benefits of using an activitybased costing ABC system,ABC improves cost allocation accuracy enhances pricing strategies and identifies inefficiencies in production and service delivery.
Business,Accounting,medium,What do we mean by perpetual or periodic inventory,Perpetual inventory continuously updates stock levels with each transaction while periodic inventory updates stock levels at specific intervals.
Business,Human Resources,medium,How do you ensure remote employees feel integrated into the company culture,By fostering virtual engagement opportunities ensuring frequent communication and involving remote employees in decisionmaking processes.
Business,Human Resources,medium,How do you ensure new hires integrate smoothly into the company culture,By implementing structured onboarding programs assigning mentors and facilitating team engagement activities.
Business,Human Resources,medium,How do you ensure legal compliance in HR processes,By staying updated with labor laws conducting compliance audits and implementing clear HR policies.
Business,Human Resources,medium,How do you ensure fairness in an organizationâs disciplinary actions,By applying policies consistently documenting incidents properly and using unbiased decisionmaking processes.
Business,Human Resources,medium,How do you ensure fairness and consistency in handling employee grievances,By following structured grievance procedures ensuring impartial investigations and maintaining clear communication with all parties involved.
Business,Human Resources,medium,How do you ensure fair representation in hiring when dealing with unconscious bias,By using structured interviews diverse hiring panels and implementing blind resume screening.
Business,Human Resources,medium,How do you ensure fair and unbiased promotions within a company,By setting clear criteria using datadriven evaluations and promoting transparency in career advancement.
Business,Human Resources,medium,How do you ensure fair and unbiased hiring practices,By standardizing interview questions using diverse hiring panels and incorporating objective candidate assessments.
Business,Human Resources,medium,How do you ensure fair and equitable promotion opportunities in an organization,By implementing transparent promotion criteria tracking diversity metrics and ensuring leadership accountability.
Business,Human Resources,medium,How do you handle an employee who regularly misses deadlines due to personal reasons,I would discuss challenges offer support resources and explore reasonable adjustments or performance plans.
Business,Human Resources,medium,How do you handle an employee who performs well but has a negative impact on team morale,I would address behavioral concerns provide coaching and ensure their actions align with company values while maintaining performance expectations.
Business,Human Resources,medium,How do you handle an employee who frequently clashes with colleagues but delivers excellent results,I would address interpersonal concerns provide feedback and encourage teamwork while balancing performance expectations.
Business,Human Resources,medium,How do you handle an employee who consistently works overtime despite being advised to maintain worklife balance,I would discuss their workload assess if adjustments are needed and encourage a healthy balance to prevent burnout.
Business,Human Resources,medium,How do you handle a situation where multiple employees file complaints about a specific manager,Conduct a confidential investigation gather feedback assess management practices and implement corrective action if necessary.
Business,Human Resources,medium,How do you handle a situation where employees feel HR policies are too restrictive,I would gather employee feedback assess policy effectiveness and collaborate with leadership to find a balance between compliance and flexibility.
Business,Human Resources,medium,How do you handle a situation where an employee refuses to sign a performance improvement plan PIP,I would explain the purpose of the PIP document their refusal and escalate the matter to ensure compliance with company policies.
Business,Human Resources,medium,How do you ensure a fair and unbiased performance evaluation process,By setting clear performance criteria providing bias training to managers and using datadriven evaluation tools.
Business,Human Resources,medium,How do you ensure a company remains compliant with labor laws in different locations,By conducting regular audits collaborating with legal experts and adapting policies to local regulations.
Business,Human Resources,medium,How do you ensure HR policies remain aligned with evolving workplace trends,By monitoring industry best practices gathering employee feedback and updating policies regularly to reflect new workplace norms.
Business,Human Resources,medium,How do you ensure HR policies align with a companyâs core values,By integrating values into performance evaluations ensuring leadership models company culture and reinforcing values through training and recognition programs.
Business,Human Resources,medium,How do you ensure HR compliance in an organization expanding into a new country,I would research labor laws consult with local legal experts and adapt policies to meet local regulations.
Business,Human Resources,medium,How do you develop an effective talent pipeline for key leadership roles,By identifying highpotential employees offering leadership development programs and creating succession planning strategies.
Business,Human Resources,medium,How do you design an effective leadership development program,By identifying leadership competencies providing mentorship and offering tailored training sessions for emerging leaders.
Business,Human Resources,medium,How do you deal with resistance to change in an organization,By fostering open communication involving employees in decisionmaking and providing adequate support.
Business,Human Resources,medium,How do you deal with a scenario where employees refuse to participate in teambuilding activities,I would assess reasons for resistance make activities more inclusive and highlight the benefits of participation.
Business,Human Resources,medium,How do you ensure that performance evaluations are fair and unbiased,By setting clear criteria training managers using 360degree feedback and applying objective measurement tools.
Business,Human Resources,medium,How do you ensure that leadership training programs are effective,By setting clear objectives tracking participation gathering feedback and measuring leadership performance outcomes.
Business,Human Resources,medium,How do you implement an effective performance appraisal system,By setting clear objectives providing regular feedback and utilizing 360degree evaluations.
Business,Human Resources,medium,How do you ensure that employee engagement surveys lead to meaningful improvements,By analyzing feedback data communicating findings transparently and implementing measurable action plans.
Business,Human Resources,medium,How do you implement flexible work policies effectively,By setting clear guidelines leveraging remote work tools and ensuring accountability in performance expectations.
Business,Human Resources,medium,How do you manage HR compliance when operating in multiple countries,By staying updated on labor laws working with local HR consultants and ensuring policies adhere to countryspecific regulations.
Business,Human Resources,medium,How do you implement a fair and transparent promotion policy,By establishing clear criteria using objective performance evaluations and ensuring equal growth opportunities for all employees.
Business,Human Resources,medium,How do you handle underperforming employees,Through performance reviews improvement plans coaching and clear communication of expectations.
Business,Human Resources,medium,How do you handle situations where employees feel HR decisions are not transparent,I would promote open communication provide clear explanations and implement feedback mechanisms to increase trust in HR.
Business,Human Resources,medium,How do you handle situations where an employee requests a counteroffer after receiving an external job offer,I would assess the employeeâs value to the company review compensation benchmarks and discuss longterm retention strategies before making a decision.
Business,Human Resources,medium,How do you handle layoffs or terminations professionally,By ensuring compliance maintaining empathy and offering support resources to affected employees.
Business,Human Resources,medium,How do you handle employees who resist digital transformation in HR processes,By providing training addressing concerns proactively and demonstrating the efficiency benefits of new technologies.
Business,Human Resources,medium,How do you handle employees who frequently request lastminute leave,By setting clear leave policies discussing the impact on operations and exploring flexible scheduling options if necessary.
Business,Human Resources,medium,How do you handle cases where employees feel underpaid compared to market standards,By conducting salary benchmarking ensuring pay transparency and offering competitive nonmonetary benefits.
Business,Human Resources,medium,How would you handle a situation where an employee refuses to share knowledge with their team,I would have a private discussion to understand their concerns emphasize collaboration and implement knowledgesharing initiatives.
Business,Human Resources,medium,How would you handle a situation where a new policy is met with employee resistance,I would communicate the policy's benefits address concerns and provide training to ease the transition.
Business,Human Resources,medium,How would you handle a situation where a new hire is struggling to adapt to the company culture,I would arrange oneonone meetings pair them with a mentor and provide resources to help them understand the company culture.
Business,Human Resources,medium,How would you handle a situation where a highperforming employee is requesting an immediate transfer due to a conflict with their manager,I would mediate a discussion explore possible resolutions and assess if a transfer aligns with company needs.
Business,Human Resources,medium,How would you address a situation where employees feel their career growth opportunities are limited,I would conduct employee surveys assess internal mobility options and implement career development programs.
Business,Human Resources,medium,How would you address a situation where an employee frequently interrupts colleagues in meetings,I would privately discuss the issue with the employee provide feedback on professional communication and offer training if necessary.
Business,Human Resources,medium,How does HR support mental health in the workplace,By offering Employee Assistance Programs EAPs promoting worklife balance and ensuring managers are trained to recognize and support mental health concerns.
Business,Human Resources,medium,How do you handle a situation where an employee refuses to follow company policies,I communicate the importance of policies document the issue and apply progressive discipline if necessary.
Business,Human Resources,medium,How do you handle a situation where an employee continuously arrives late despite verbal warnings,I would document the issue conduct a formal discussion explore underlying causes and implement corrective action if needed.
Business,Human Resources,medium,How do you handle a situation where an employee consistently fails to follow safety protocols,I would issue a formal warning provide additional training and escalate disciplinary action if noncompliance continues.
Business,Human Resources,medium,How do you handle a situation where a longterm employee resists adopting new company policies,I would explain the necessity of the change provide training and address their concerns to ease the transition.
Business,Human Resources,medium,How do you evaluate the success of an employee training program,Through employee feedback skills assessments productivity tracking and performance reviews.
Business,Human Resources,medium,How do you evaluate the success of HR policies,By tracking employee feedback analyzing HR metrics and assessing business impact.
Business,Human Resources,medium,How do you evaluate the effectiveness of employee recognition programs,By tracking engagement metrics gathering employee feedback and assessing retention rates.
Business,Human Resources,medium,How do you ensure the accuracy of payroll processing,By implementing checks and audits ensuring timely data updates and using reliable payroll software.
Business,Human Resources,medium,How do you ensure that performance review processes remain unbiased,By implementing standardized evaluation criteria providing manager training and using multisource feedback.
Business,Human Resources,medium,How do you manage internal conflicts between two employees in a leadership position,By facilitating mediation reinforcing company values and ensuring their conflict does not negatively impact their teams.
Business,Human Resources,medium,How do you manage conflict between an employee and their direct manager,By conducting a neutral mediation session understanding both perspectives and working on a resolution that aligns with company policies and culture.
Business,Human Resources,medium,How do you manage confidential employee complaints while ensuring fair resolutions,By handling complaints discreetly following company procedures and ensuring unbiased investigations.
Business,Human Resources,medium,How do you keep HR practices updated with evolving labor laws,By attending legal workshops consulting legal advisors and reviewing HR policies regularly.
Business,Accounting,medium,What does Negative Working Capital mean,Negative working capital means a companyâs current liabilities exceed its current assets which may indicate shortterm liquidity challenges but can also suggest operational efficiency in certain industries.
Business,Human Resources,medium,How do you ensure that a remote workforce stays engaged and motivated,By fostering virtual teambuilding activities maintaining regular communication and recognizing remote employee contributions.
Business,Human Resources,medium,How do you ensure that HR supports a positive remote work culture,By fostering virtual engagement providing flexible work arrangements and maintaining clear communication channels.
Business,Human Resources,medium,How can HR foster a culture of continuous learning within an organization,By implementing learning and development programs offering mentorship and providing employees with access to online courses and certifications.
Business,Human Resources,medium,How can HR effectively manage generational differences in the workplace,By fostering crossgenerational mentorship programs encouraging inclusive communication and implementing flexible work options.
Business,Human Resources,medium,How can HR contribute to business sustainability efforts,By implementing green workplace initiatives promoting ethical labor practices and encouraging corporate social responsibility programs.
Business,Human Resources,medium,Can you share an example of optimizing an HR process,I implemented an automated onboarding system reducing processing time by 40%.
Business,Human Resources,medium,How do you create an effective strategy for internal talent mobility,By identifying skill gaps providing career development resources and facilitating transparent job rotation programs.
Business,Human Resources,medium,How do you create an HR strategy that aligns with business growth objectives,By analyzing workforce needs developing talent pipelines and aligning HR policies with company expansion plans.
Business,Human Resources,medium,How do you create a positive work environment,By fostering inclusivity recognizing contributions encouraging collaboration and maintaining transparent communication.
Business,Human Resources,medium,How do you balance enforcing company policies while maintaining employee morale,By applying policies fairly offering flexibility when appropriate and communicating the rationale behind rules.
Business,Human Resources,medium,How do you balance employee privacy with company security needs,By implementing data protection policies ensuring compliance with privacy laws and restricting access to sensitive information.
Business,Human Resources,medium,How do you balance costcutting measures with maintaining employee morale,By being transparent about financial decisions providing nonmonetary benefits and ensuring open communication about company challenges.
Business,Human Resources,medium,How do you balance company costsaving measures with maintaining competitive employee benefits,By prioritizing highvalue benefits negotiating with providers and offering creative nonmonetary incentives.
Business,Human Resources,medium,An employee has requested a demotion due to worklife balance concerns. How would you respond,I would discuss alternatives such as flexible scheduling and assess if a demotion aligns with both company and employee needs.
Business,Human Resources,medium,An employee feels undervalued despite receiving positive feedback. How do you improve their engagement,I would explore their career aspirations offer development opportunities and implement recognition programs tailored to their preferences.
Business,Human Resources,medium,An employee feels their job expectations were not clearly communicated. How do you address this,I would clarify job expectations provide role documentation and ensure alignment with their managerâs expectations.
Business,Human Resources,medium,An employee complains about receiving unclear instructions from their manager. How do you address this,I would facilitate communication ensure clear expectations and provide leadership coaching if needed.
Business,Human Resources,medium,A topperforming employee refuses to work with a specific manager. How do you handle the situation,I would mediate a discussion understand the concerns and explore solutions like role adjustments or conflict resolution training.
Business,Human Resources,medium,A team reports feeling overworked and underappreciated. How do you address this,I would assess workload distribution discuss recognition initiatives and propose solutions such as flexible scheduling.
Business,Human Resources,medium,A newly promoted manager is struggling with leadership responsibilities. How would you support them,I would offer leadership training provide a mentor and set up regular checkins to guide their transition.
Business,Human Resources,medium,A manager requests to adjust an employeeâs salary based on individual performance. How do you handle this,I would review company pay policies analyze market benchmarks and ensure fair and consistent compensation practices.
Business,Human Resources,medium,A longtime employee is struggling to keep up with new technology required for their job. How would you support them,I would offer training assign a mentor and provide additional time to adapt before considering role adjustments.
Business,Human Resources,medium,How do you approach conflict resolution between a manager and an employee,By facilitating an open discussion understanding both perspectives and implementing conflict resolution strategies tailored to the situation.
Business,Human Resources,medium,How do you approach a situation where a senior leader is accused of favoritism in promotions,I would investigate the claims objectively review promotion decisions and ensure fairness through transparent promotion criteria.
Business,Human Resources,medium,How do you approach a situation where a manager consistently receives complaints about their leadership style,I would review feedback provide targeted leadership coaching and monitor improvements while ensuring a fair process.
Business,Human Resources,medium,How do you address pay discrepancies between employees with similar roles and experience,By conducting a salary audit ensuring transparent compensation policies and adjusting pay if needed to ensure fairness.
Business,Human Resources,medium,How can HR use data analytics to improve workforce planning,By analyzing hiring trends turnover rates and skill gaps to make datadriven talent acquisition and development decisions.
Business,Human Resources,medium,How can HR proactively reduce workplace conflicts,By promoting open communication offering conflict resolution training and fostering an inclusive environment.
Business,Human Resources,medium,How can HR proactively prevent workplace harassment,By implementing strong antiharassment policies conducting regular training and establishing confidential reporting channels.
Business,Human Resources,medium,How can HR help a company improve its employer brand,By creating a positive employee experience encouraging employee advocacy and maintaining transparency in recruitment and workplace culture.
Business,Human Resources,medium,How do you ensure that HR technology investments align with company goals,By conducting needs assessments collaborating with leadership and selecting scalable solutions that improve efficiency and employee experience.
Business,Human Resources,medium,How can HR help improve communication within an organization,By implementing opendoor policies facilitating regular feedback sessions and encouraging transparent leadership communication.
Business,Human Resources,medium,How can HR improve diversity and inclusion in the workplace,By removing biases in hiring implementing diversity training and ensuring equitable opportunities for all employees.
Business,Human Resources,medium,How do you ensure that HR initiatives align with company values,By incorporating company mission statements into HR programs and reinforcing values in leadership training.
Business,Human Resources,medium,A key employee submits their resignation unexpectedly. How do you respond,I would conduct an exit discussion explore retention possibilities and develop a transition plan to minimize disruption.
Business,Human Resources,medium,A department is experiencing frequent absenteeism. How would you investigate and address this,I would analyze absence trends conduct confidential discussions and work with leadership to address underlying causes.
Business,Human Resources,medium,How do you balance business goals with employee satisfaction,By aligning HR strategies with company objectives while ensuring employee wellbeing.
Business,Human Resources,medium,How do you assess the effectiveness of an employee recognition program,By tracking engagement metrics analyzing employee feedback and monitoring retention and performance improvements.
Business,Human Resources,medium,How do you assess the effectiveness of a company's diversity and inclusion program,By tracking hiring and promotion metrics conducting employee surveys and assessing workplace culture inclusivity.
Business,Human Resources,medium,How do you assess the effectiveness of HR policies,By monitoring key metrics like compliance rates employee feedback and workplace efficiency.
Business,Human Resources,medium,How do you assess and improve employee training programs,By gathering feedback analyzing performance improvements and adjusting training content accordingly.
Business,Human Resources,medium,How do you approach succession planning for key leadership roles,By identifying potential successors providing leadership development programs and ensuring a structured transition process.
Business,Human Resources,medium,How do you approach performance issues for an employee with personal struggles outside of work,I would offer support resources adjust expectations where feasible and maintain communication while balancing company needs.
Business,Human Resources,medium,How do you approach implementing a performance improvement plan PIP,By setting clear expectations offering support and resources tracking progress regularly and ensuring fairness in the evaluation process.
Business,Human Resources,medium,How do you approach implementing a new HR policy that employees may resist,By communicating its benefits addressing concerns proactively and involving employees in the development process.
Business,Human Resources,medium,How do you ensure employees feel comfortable raising concerns about workplace issues,By fostering a culture of trust ensuring confidentiality and providing multiple reporting channels.
Business,Human Resources,medium,How do you ensure effective communication of HR policies to employees at all levels,By using multiple communication channels providing training sessions and ensuring policies are easily accessible.
Business,Human Resources,medium,How do you ensure confidentiality when handling sensitive employee complaints,By following strict data security protocols limiting access and maintaining ethical HR practices.
Business,Human Resources,medium,How do you ensure confidentiality when handling internal investigations,By restricting access to sensitive information following a structured process and maintaining impartiality.
Business,Human Resources,medium,How do you ensure confidentiality in handling HR data,By implementing secure storage systems limiting access to sensitive information and training employees on data privacy policies.
Business,Human Resources,medium,How do you ensure compliance when managing remote employees across different jurisdictions,By researching local labor laws updating company policies and consulting legal experts to ensure HR compliance.
Business,Human Resources,medium,How do you ensure a smooth offboarding process,By conducting exit interviews revoking system access collecting company assets and assisting with transitions.
Business,Human Resources,medium,An employee requests to switch from fulltime to parttime due to personal reasons. How do you evaluate this request,I would assess the impact on workload consult the manager and explore flexible solutions that work for both the employee and the company.
Business,Human Resources,medium,An employee requests to change teams due to personal differences with a coworker. How do you handle this,I would assess the severity of the issue encourage conflict resolution and consider a transfer only if it benefits both the employee and the organization.
Business,Human Resources,medium,An employee requests a salary increase citing market trends. How would you evaluate and respond,I would analyze market benchmarks assess their performance and discuss possible adjustments or alternative benefits.
Business,Human Resources,medium,An employee refuses to participate in diversity and inclusion training. How do you handle this,I would discuss their concerns explain the importance of the training and ensure compliance with company policies.
Business,Human Resources,medium,An employee is outperforming their job role but has not been considered for promotion. How do you address this,I would discuss career progression with the employee review internal opportunities and align their skills with company needs.
Business,Human Resources,medium,An employee is consistently late but claims personal issues are the reason. How do you address this,I would have a private discussion explore support options and set clear expectations while considering company policies.
Business,Human Resources,medium,An employee has submitted a complaint about their workload being unmanageable. How would you address this,I would review their tasks discuss workload distribution with their manager and explore solutions such as delegation or prioritization.
Business,Human Resources,medium,How can HR improve diversity recruitment strategies,By expanding sourcing channels reducing hiring biases and actively promoting an inclusive hiring culture.
Business,Human Resources,medium,How can HR improve communication between management and employees,By facilitating town halls implementing opendoor policies and using employee feedback tools to enhance transparency.
Business,Human Resources,medium,How do you implement a skillsbased hiring approach,By defining job competencies using structured assessments and focusing on skills over traditional qualifications.
Business,Human Resources,medium,What are the key components of an effective compensation strategy,Marketbased pay incentives benefits and performancebased rewards.
Business,Human Resources,medium,What methods would you use to improve employee participation in wellness programs,By offering incentives promoting awareness and ensuring programs address employee needs effectively.
Business,Human Resources,medium,What role does HR play in company culture development,HR shapes culture through policies engagement programs and fostering a positive work environment.
Business,Human Resources,medium,What role does HR play in ensuring ethical leadership within an organization,By reinforcing ethical guidelines providing training and holding leaders accountable for their actions.
Business,Human Resources,medium,What role does HR play in fostering innovation within the workplace,By promoting a culture of collaboration encouraging open feedback and recognizing creative contributions.
Business,Human Resources,medium,What steps do you take to build a strong employer brand,By improving candidate experience showcasing company culture and maintaining an active presence on professional networks.
Business,Human Resources,medium,What are effective talent acquisition strategies,Leveraging job boards networking employee referrals structured interviews and employer branding.
Business,Human Resources,medium,What are the best methods for conducting an exit interview,Keeping it confidential asking openended questions and using the insights to improve workplace conditions.
Business,Human Resources,medium,What are the challenges in implementing a new HR software system,Challenges include user adoption resistance data migration issues training needs and ensuring system integration.
Business,Human Resources,medium,What are the challenges of managing a global workforce,Handling cultural differences managing compliance across countries and ensuring cohesive company policies.
Business,Human Resources,medium,What are the challenges of managing a multigenerational workforce and how do you address them,By understanding generational differences promoting inclusive policies and offering flexible work arrangements.
Business,Accounting,medium,What is retail banking,Retail banking refers to banking services offered to individuals including savings accounts loans credit cards and mortgages.
Business,Human Resources,medium,What are the key components of an effective remote work policy,Clear expectations communication tools performance tracking and cybersecurity protocols.
Business,Human Resources,medium,What are the key considerations when conducting layoffs due to budget cuts,Ensuring legal compliance fair selection criteria clear communication and providing support for affected employees.
Business,Human Resources,medium,What are the key elements of an effective HR communication strategy,Transparency consistency timely updates and multiple communication channels to reach all employees.
Business,Human Resources,medium,What steps would you take to improve internal communication within a growing organization,By implementing feedback loops leveraging multiple communication channels and ensuring leadership transparency.
Business,Human Resources,medium,What steps would you take to improve pay transparency in an organization,Conducting salary audits defining clear compensation structures and educating employees on pay scales and benefits.
Business,Human Resources,medium,What strategies can HR use to encourage more employees to participate in company initiatives,By creating incentive programs promoting inclusivity and clearly communicating the benefits of participation.
Business,Human Resources,medium,What strategies can HR use to ensure remote employees feel included in company culture,By hosting virtual events encouraging regular checkins and ensuring remote employees have equal opportunities for engagement.
Business,Human Resources,medium,What strategies can HR use to foster continuous learning and development,By implementing mentorship programs offering tuition assistance and encouraging participation in industry certifications.
Business,Human Resources,medium,What strategies can HR use to improve collaboration between remote and inoffice employees,By implementing virtual engagement tools promoting hybrid meeting structures and fostering an inclusive work culture.
Business,Human Resources,medium,What strategies can HR use to improve crossfunctional collaboration,Encouraging open communication hosting teambuilding activities and establishing interdepartmental meetings.
Business,Human Resources,medium,What is the impact of HR analytics on workforce planning,HR analytics helps predict hiring needs identify retention risks and improve talent management strategies.
Business,Human Resources,medium,What measures would you implement to prevent favoritism in performance evaluations,By standardizing evaluation criteria training managers on bias reduction and ensuring a transparent review process.
Business,Human Resources,medium,What measures would you implement to reduce high turnover rates in a specific department,I would analyze exit interviews address management concerns and implement targeted retention strategies.
Business,Human Resources,medium,What methods can HR use to identify highpotential employees for leadership roles,By using performance analytics conducting leadership assessments and providing mentorship opportunities.
Business,Human Resources,medium,What methods can HR use to identify workplace harassment,Conducting anonymous surveys establishing reporting channels and encouraging a speakup culture.
Business,Human Resources,medium,What methods do you use to ensure fair and unbiased performance evaluations,By setting clear criteria using multiple evaluation sources and conducting calibration sessions with management.
Business,Human Resources,medium,What methods do you use to track HR performance metrics,I use HR dashboards employee feedback and industry benchmarks to measure HR effectiveness.
Business,Human Resources,medium,What proactive steps can HR take to prevent legal disputes related to terminations,By ensuring clear documentation following due process and providing proper legal training to HR and management teams.
Business,Human Resources,medium,What methods would you use to assess and improve employeemanager relationships,I would use employee feedback surveys conduct regular oneonones and provide leadership development programs.
Business,Human Resources,medium,What policies would you put in place to prevent nepotism in hiring and promotions,I would implement transparent selection criteria require diverse hiring panels and enforce conflictofinterest disclosures.
Business,Human Resources,medium,How would you resolve a situation where an employee refuses to work overtime but their role requires it occasionally,I would clarify expectations during hiring review legal requirements and find alternative solutions such as compensatory time off.
Business,Human Resources,medium,What HR strategies can improve employee retention,Providing career development opportunities enhancing company culture and ensuring competitive compensation packages.
Business,Human Resources,medium,What approach would you take to resolve conflicts between employees from different cultural backgrounds,I would foster cultural awareness training mediate discussions and encourage inclusive workplace practices.
Business,Human Resources,medium,What approach would you take to resolve conflicts between employees with different working styles,By promoting open communication fostering mutual understanding and providing conflict resolution training.
Business,Human Resources,medium,What are effective strategies for managing conflicts between employees,Mediation clear communication conflict resolution training and enforcing fair policies.
Business,Human Resources,medium,How do you measure employee satisfaction,Through surveys oneonone meetings and monitoring retention rates and productivity levels.
Business,Human Resources,medium,How do you measure the effectiveness of HR policies,By tracking employee feedback compliance rates and workplace productivity improvements.
Business,Human Resources,medium,How do you measure the effectiveness of an employee engagement strategy,Through engagement surveys retention rates productivity metrics and feedback from employee focus groups.
Business,Human Resources,medium,How do you measure the success of employee wellness programs,By tracking participation rates employee feedback and improvements in productivity and absenteeism.
Business,Human Resources,medium,How do you resolve conflicts in a professional environment,By promoting open communication understanding different perspectives and facilitating mediation.
Business,Human Resources,medium,How do you safeguard confidential employee information,By using secure HR systems limiting access and ensuring compliance with data protection laws.
Business,Human Resources,medium,How do you stay informed about changes in employment laws,By attending workshops reading government updates and being a member of HR professional associations.
Business,Human Resources,medium,How do you support employees during a company restructuring,By offering clear communication career transition support and ensuring transparency to reduce uncertainty.
Business,Human Resources,medium,How does HR contribute to risk management,HR ensures compliance with labor laws prevents workplace conflicts and promotes safety measures to mitigate risks.
Business,Human Resources,medium,What are the key elements of an effective employee assistance program EAP,Confidential counseling worklife balance support mental health resources and crisis intervention services.
Business,Human Resources,medium,What are the key factors in designing an effective flexible benefits program,Employee needs budget constraints market trends and legal compliance.
Business,Human Resources,medium,What are the key steps in designing a companywide training program,Assess needs set learning objectives develop materials implement training and evaluate results.
Business,Human Resources,medium,What are the most effective ways to manage highpotential employees,Providing mentorship offering challenging projects and ensuring career advancement opportunities.
Business,Human Resources,medium,What factors should be considered when creating an employee benefits package,Market trends employee needs company budget and legal compliance.
Business,Human Resources,medium,What initiatives can HR take to improve worklife balance,Flexible work arrangements mental health support and encouraging timeoff usage.
Business,Human Resources,medium,What initiatives can HR take to promote a feedbackdriven work environment,By implementing 360degree feedback encouraging continuous checkins and fostering a culture of open communication.
Business,Human Resources,medium,How would you handle a situation where employees are resisting a companywide restructuring,I would provide transparent communication involve employees in the process and offer resources to support the transition.
Business,Human Resources,medium,How would you handle a situation where employees feel HR policies are too restrictive,I would gather employee feedback assess policy effectiveness and collaborate with leadership to balance compliance with flexibility.
Business,Human Resources,medium,How would you handle an employee who consistently disregards constructive feedback,I would have a structured conversation set clear expectations and provide additional coaching or training if necessary.
Business,Human Resources,medium,How would you handle an employee who frequently requests time off but does not provide sufficient notice,I would review company policies have a conversation with the employee and implement clear expectations regarding leave requests.
Business,Human Resources,medium,How would you handle an employee who frequently takes unapproved leaves and ignores HR warnings,I would have a oneonone discussion to understand the reasons reinforce attendance policies and take disciplinary action if necessary.
Business,Human Resources,medium,How would you handle an employee who regularly ignores company dress code policies,I would have a private discussion with the employee clarify dress code expectations and enforce policies fairly while considering any reasonable accommodations.
Business,Human Resources,medium,How would you measure the success of an employee engagement initiative,By tracking participation rates collecting feedback and analyzing performance improvements linked to engagement efforts.
Business,Human Resources,medium,How would you respond if an employee is consistently disengaged during team meetings,I would check in with the employee privately identify underlying concerns and work on engagement strategies to improve participation.
Business,Human Resources,medium,How would you support employees who are struggling with major workplace changes,By offering change management training providing open communication channels and ensuring leadership transparency.
Business,Human Resources,medium,What HR practices can help increase employee loyalty,Offering career growth opportunities maintaining a positive work environment and recognizing employee contributions regularly.
Business,Human Resources,medium,What HR policies would you put in place to protect employees working in highstress environments,Implementing workload management strategies mental health support and structured debriefing sessions.
Business,Accounting,medium,What is an Accounting Loss,An accounting loss occurs when total expenses exceed total revenue leading to a negative net income in financial statements.
Business,Accounting,medium,What financial analysis techniques do you use to evaluate a company's profitability,I use margin analysis return on assets ROA return on equity ROE and trend analysis to assess profitability over time.
Business,Accounting,medium,What financial documents would you review before advising on a major capital expenditure,I analyze cash flow statements return on investment ROI projections budget impact and funding sources before making recommendations.
Business,Accounting,medium,What financial metrics are most commonly used for investment analysis,Key metrics include Return on Investment ROI PricetoEarnings P/E ratio Earnings Per Share EPS and Net Present Value NPV.
Business,Accounting,medium,What financial metrics would you use to evaluate the performance of a business unit,I focus on contribution margin operating income return on investment ROI and key performance indicators KPIs relevant to the unit.
Business,Accounting,medium,What financial ratios would you prioritize when evaluating a companyâs shortterm liquidity,I focus on the current ratio quick ratio and cash conversion cycle to assess shortterm financial stability.
Business,Accounting,medium,What is Accounting Ethics,Accounting ethics refers to the moral values and principles guiding accountants in maintaining transparency integrity and compliance with financial regulations.
Business,Accounting,medium,What is Accounting Management,Accounting Management involves overseeing financial records budgeting cost control and ensuring compliance with financial regulations.
Business,Accounting,medium,What is Accounting Normalization,Accounting normalization adjusts financial statements by removing onetime expenses or revenues to reflect a companyâs true financial health.
Business,Accounting,medium,What is Accrual Accounting,Accrual accounting recognizes revenues and expenses when they are incurred rather than when cash is received or paid ensuring accurate financial reporting.
Business,Accounting,medium,What is Amortization,Amortization refers to the gradual reduction of an intangible asset's value or loan balance over time through scheduled payments or expense recognition.
Business,Accounting,medium,What is Capital What type of account is it and where is it shown in financial statements,Capital represents the ownerâs investment in a business. It is a liability for the business and is recorded under 'Equity' on the balance sheet.
Business,Accounting,medium,What is Computerized Accounting,Computerized accounting uses software like QuickBooks SAP and Tally for financial transactions reporting and data accuracy.
Business,Accounting,medium,What is the difference between Reserves and Provisions,Reserves are retained earnings set aside for future use while provisions are funds allocated for expected liabilities or losses.
Business,Accounting,medium,What is Deferred Revenue Expenditure,Deferred Revenue Expenditure refers to large expenses benefiting multiple periods recorded as assets and expensed over time such as advertising or research costs.
Business,Accounting,medium,What is Executive Accounting,Executive Accounting is designed for servicebased businesses and focuses on project costing revenue tracking and profit analysis.
Business,Accounting,medium,What is Fiduciary Accounting,Fiduciary accounting is the financial management of assets held in trust ensuring compliance with legal and ethical obligations for beneficiaries.
Business,Accounting,medium,What are the principles for debit and credit for various accounts to extend the quantity in your business accounts,For assets and expenses: Debit increases Credit decreases. For liabilities equity and revenue: Credit increases Debit decreases.
Business,Accounting,medium,What are the risks associated with accounts payable management,Risks include late payments affecting credit reputation duplicate payments fraud risks and cash flow constraints due to poor payment scheduling.
Business,Accounting,medium,What are the steps involved in preparing a cash budget,Steps include estimating cash inflows forecasting expenses analyzing cash shortfalls and planning financing or investment strategies.
Business,Accounting,medium,What are the talents needed to work as an accountant,Key talents include analytical skills attention to detail knowledge of accounting principles proficiency in accounting software and problemsolving skills.
Business,Accounting,medium,What are the three Golden Rules of Bookkeeping,1 Debit what comes in credit what goes out. 2 Debit the receiver credit the giver. 3 Debit all expenses and losses credit all incomes and gains.
Business,Accounting,medium,What are the types of Nominal Accounts,Types of nominal accounts include expense accounts salaries rent and income accounts sales interest earned.
Business,Accounting,medium,What are the types of Real Accounts,Types of real accounts include tangible accounts land buildings equipment and intangible accounts patents trademarks goodwill.
Business,Accounting,medium,What are the various fields of accounting,Fields of accounting include financial accounting managerial accounting cost accounting tax accounting and forensic accounting.
Business,Accounting,medium,What are three common budgeting methods used in accounting,Common budgeting methods include ZeroBased Budgeting Incremental Budgeting and ActivityBased Budgeting.
Business,Accounting,medium,What considerations must be taken into account when performing a yearend financial closing,I ensure all revenue and expenses are recorded reconcile all accounts adjust accruals and prepare final reports for audit.
Business,Accounting,medium,What is accounting ethics,Accounting ethics involves following principles such as integrity objectivity confidentiality and professional competence in financial reporting.
Business,Human Resources,medium,What strategies would you use to reduce absenteeism in a department with high rates of unplanned leave,I would analyze absence patterns address underlying causes and implement flexible scheduling or wellness initiatives.
Business,Accounting,medium,What is a âdeposit in transitâ,A deposit in transit is a payment recorded in the companyâs books but not yet reflected in the bank statement.
Business,Accounting,medium,What is a deferred tax asset and how is its value created,A deferred tax asset is created when a company overpays taxes or has carryforward losses allowing future tax reductions.
Business,Human Resources,medium,What would you do if a newly promoted manager is struggling to lead their team,I would provide leadership coaching offer management training and facilitate oneonone mentoring sessions.
Business,Human Resources,medium,What would you do if a topperforming employee requests an unscheduled raise due to receiving an external offer,I would assess the market competitiveness discuss company policies and explore retention strategies that align with business goals.
Business,Human Resources,medium,What would you do if an employee requests to bring their emotional support animal to the office,I would review company policies consult legal requirements and explore reasonable accommodations while considering the impact on workplace dynamics.
Business,Human Resources,medium,What would you do if employees express frustration over unclear performance evaluation criteria,I would work with leadership to refine evaluation criteria ensure transparency and provide manager training on fair assessments.
Business,Human Resources,medium,What would you do if employees report feeling undervalued despite strong company benefits,I would conduct engagement surveys enhance recognition programs and ensure leadership acknowledges employee contributions.
Business,Human Resources,medium,Which HR metrics are crucial for organizational success,Turnover rate employee satisfaction recruitment efficiency training ROI and absenteeism rate.
Business,Accounting,medium,What is the Accounts Payable Cycle,The Accounts Payable Cycle involves recording verifying approving and processing supplier invoices and payments.
Business,Accounting,medium,What is the Journal Entry for Free Samples,"Advertisement A/C Dr. 
 To Purchases A/C 
 Being free samples distributed recorded as advertisement expense"
Business,Accounting,medium,What is the Journal Entry for Goods Given in Charity,"Charity A/C Dr. 
 To Purchases A/C 
 Being goods given in charity recorded"
Business,Accounting,medium,What is the advantage and disadvantage of different accounting packages you have used in your previous jobs,QuickBooks is userfriendly but lacks advanced features for large enterprises while SAP is robust but requires extensive training.
Business,Accounting,medium,What is the difference between Accountancy and Financial Accounting,Accountancy covers all aspects of financial management while Financial Accounting specifically focuses on financial reporting and compliance.
Business,Accounting,medium,What is the difference between Accountancy and Management Accounting,Accountancy focuses on financial reporting and compliance while Management Accounting helps internal decisionmaking by analyzing financial data and trends.
Business,Accounting,medium,What is the significance of the economic entity assumption in accounting,It ensures financial records are maintained separately for each business entity preventing the mixing of personal and corporate finances.
Business,Accounting,medium,What is the difference between a financial audit and a forensic audit,A financial audit ensures accuracy and compliance of financial statements while a forensic audit investigates fraud legal disputes or financial misconduct.
Business,Accounting,medium,What is the difference between a trial balance and a balance sheet,A trial balance ensures total debits equal total credits while a balance sheet summarizes a companyâs financial position at a specific date.
Business,Accounting,medium,What is the difference between accounting and auditing,Accounting records and processes financial transactions while auditing reviews financial records to ensure accuracy and compliance with regulations.
Business,Accounting,medium,What is GAAP,GAAP Generally Accepted Accounting Principles are standardized rules and practices that govern financial reporting in the U.S.
Business,Accounting,medium,What is ICAI,ICAI stands for the Institute of Chartered Accountants of India a regulatory body for the accounting profession in India.
Business,Accounting,medium,What is Microsoft Accounting Professional,Microsoft Accounting Professional is an accounting software designed for small and mediumsized businesses to manage financial transactions payroll and reporting.
Business,Accounting,medium,What is Normative Accounting,Normative Accounting focuses on creating accounting policies based on economic predictions and theoretical frameworks.
Business,Accounting,medium,What is Payroll,Payroll refers to the process of calculating and disbursing employee wages salaries deductions and taxes.
Business,Accounting,medium,What is TDS Tax Deducted at Source,TDS is a mechanism where tax is deducted at the time of payment for certain transactions such as salaries rent and professional fees and then deposited with the government.
Business,Accounting,medium,What is a Credit Note and Debit Note,A Credit Note is issued by a seller when reducing an amount due from a buyer while a Debit Note is issued by a buyer when returning goods or requesting adjustments.
Business,Accounting,medium,What is a Debit Note and Credit Note What is the difference between them,A Debit Note is issued by a buyer for returned goods reducing supplier liability while a Credit Note is issued by a seller to adjust amounts receivable.
Business,Accounting,medium,What is a Fixed Asset Register,A Fixed Asset Register is a detailed record of an organizationâs fixed assets including purchase date cost depreciation and disposal details.
Business,Accounting,medium,What is a bank reconciliation statement,A bank reconciliation statement is a report that compares the bank balance as per company records with the balance as per the bank statement to identify discrepancies.
Business,Accounting,medium,What is a contra account,A contra account offsets a related account such as Accumulated Depreciation offsetting Fixed Assets to provide clearer financial reporting.
Business,Accounting,medium,What is the impact of stock repurchases on a companyâs financial statements,Stock repurchases reduce cash and equity increasing earnings per share by reducing the number of outstanding shares.
Business,Finance,hard,How would you assess the impact of mergers and acquisitions on a companys financial performance,Look at cost savings revenue growth and stability after the deal.
Business,Finance,hard,How do you calculate the cost of equity,I calculate cost of equity using the CAPM formula incorporating the riskfree rate beta and market risk premium.
Business,Finance,hard,What is scenario analysis,Scenario analysis examines how different assumptions affect a financial model's outputs.
Business,Finance,hard,How would you assess the financial impact of a merger or acquisition,By analyzing changes in EPS synergies and debt burden.
Business,Finance,hard,What are some common methods used for financial forecasting in volatile industries,Scenario analysis sensitivity analysis and rolling forecasts.
Business,Finance,hard,What metrics would you use to determine the financial impact of a potential acquisition,EPS impact ROI debt levels and synergies.
Business,Finance,hard,How would you assess the financial stability of a startup company,By analyzing cash flow burn rate and revenue growth potential.
Business,Finance,hard,How would you approach creating a financial budget for a large organization,By forecasting revenues controlling costs and allocating resources efficiently.
Business,Finance,hard,How would you calculate the weighted average cost of capital WACC in different market conditions,By adjusting cost of debt and equity based on interest rates and market risk.
Business,Finance,hard,How would you interpret a companys capital expenditure CapEx in relation to its overall financial health,High CapEx may indicate growth but should align with cash flow and returns.
Business,Finance,hard,How do you assess the impact of mergers or acquisitions on a companys earnings per share EPS,By analyzing pre and postmerger EPS and synergies.
Business,Finance,hard,How would you analyze a companys competitive advantage in terms of financial performance,By assessing profitability market share cost efficiency and pricing power.
Business,Finance,hard,How do you assess the financial impact of mergers and acquisitions on a companys operations,Look at cost savings revenue growth and changes in debt.
Business,Finance,hard,How do you calculate the internal rate of return IRR in project evaluations,Find the rate that makes NPV equal to zero.
Business,Finance,hard,How do you calculate the weighted average cost of capital WACC in financial analysis,WACC = Equity / Total * Cost of equity + Debt / Total * Cost of debt * 1  Tax rate.
Business,Finance,hard,How would you perform a sensitivity analysis for a financial model,By adjusting key assumptions to assess impact on outcomes.
Business,Finance,hard,What are some of the challenges associated with valuing companies in the financial services industry,Regulatory complexity intangible assets and fluctuating interest rates.
Business,Finance,hard,How would you approach financial forecasting for a company in a volatile market,Using scenario analysis stress testing and conservative assumptions.
Business,Finance,hard,Can you explain how a companys financial performance might be impacted by changes in exchange rates,It affects revenue costs and profitability for multinational companies.
Business,Finance,hard,What factors should you consider when performing financial due diligence for an acquisition,Financial statements liabilities cash flow and valuation accuracy.
Business,Finance,hard,What would you consider when deciding whether to restructure a companys debt,Interest rates repayment terms cash flow and financial stability.
Business,Finance,hard,How do you assess whether a companys financial statements are accurate and reliable,By reviewing audit reports consistency and compliance with accounting standards.
Business,Finance,hard,What are the different ways to calculate the cost of capital for a business,Using WACC CAPM and cost of debt/equity calculations.
Business,Finance,hard,What strategies would you employ to reduce financial risk within an organization,Diversification hedging maintaining liquidity and optimizing debt levels.
Business,Finance,hard,What is the significance of a companys capital structure in its financial stability,It balances debt and equity to optimize cost of capital and minimize financial risk.
Business,Finance,hard,Can you explain the role of a financial analyst in mergers and acquisitions,They evaluate financial health and value companies involved.
Business,Finance,hard,How do you assess the impact of a potential acquisition or merger on a companys financial position,Evaluate debt synergies profitability and longterm growth.
Business,Finance,hard,What are the most important factors to consider when valuing a startup,Market potential revenue growth business model and competition.
Business,Finance,hard,Can you explain how you would approach creating a financial model for a business,Define assumptions build income statements balance sheets and cash flows.
Business,Finance,hard,How do you value a company that is not yet profitable,Using discounted cash flow DCF revenue multiples and industry comparisons.
Business,Finance,hard,What are some methods to mitigate financial risk in an organization,Diversification hedging and strong internal controls.
Business,Finance,hard,How do you determine the appropriate discount rate for a discounted cash flow DCF analysis,By using WACC or required rate of return.
Business,Finance,hard,What strategies can a company use to reduce its financial risk in volatile markets,Diversifying income sources using hedging and controlling debt.
Business,Finance,hard,What is your approach to valuing a companys goodwill and why is it important in financial reporting,Compare acquisition price to asset value; it affects balance sheet accuracy.
Business,Finance,hard,How do you evaluate financial statements to identify potential risks in a business,Check for high debt low profits or erratic cash flow.
Business,Finance,hard,What would be your approach to determining the cost of capital for a new business venture,Combine debt and equity costs based on risk.
Business,Finance,hard,How do you assess the impact of changes in the tax code on a companys financials,Look at changes in tax expenses and profits.
Business,Finance,hard,How would you assess a companys investment in intangible assets like intellectual property,Check for potential revenue and strategic value.
Business,Finance,hard,How do you handle tight deadlines for financial reporting,I prioritize tasks maintain organized data and collaborate with my team to ensure timely completion.
Business,Finance,hard,Can you describe a challenging financial analysis project you worked on,I modeled a complex merger scenario that involved detailed sensitivity and scenario analyses under tight deadlines.
Business,Finance,hard,How do you assess the risk of an investment,I evaluate market credit and operational risks using both qualitative judgment and quantitative models.
Business,Finance,hard,What is DCF analysis,DCF analysis estimates a company's value by discounting its future cash flows to their present value.
Business,Finance,hard,Explain the concept of time value of money.,It means money available now is worth more than the same amount in the future due to its earning potential.
Business,Finance,hard,What is the difference between enterprise value and equity value,Enterprise value reflects the total value of a company including debt whereas equity value represents the shareholders portion.
Business,Finance,hard,How do you value a company,I typically use discounted cash flow DCF analysis comparable company analysis and precedent transaction methods.
Business,Finance,hard,How would you approach valuing a startup company with limited financial history,Id use projections market comparisons and the potential for growth to estimate its value.
Business,Finance,hard,How do you perform sensitivity analysis in financial modeling and what value does it provide,By changing key assumptions to see how they affect outcomes helping to assess risk.
Business,Finance,hard,What is the purpose of a financial model and how do you go about creating one,To forecast a companys future. I gather data make assumptions and use Excel to build projections.
Business,Finance,hard,How do you evaluate a companys creditworthiness when considering lending or investing,By reviewing credit ratings debt levels and cash flow.
Business,Finance,hard,How would you analyze a companys capital budgeting decisions,By evaluating the expected returns payback period and NPV.
Business,Finance,hard,How would you handle a situation where a companys financial statements are inconsistent or inaccurate,Id investigate the issues and possibly request an audit.
Business,Finance,hard,How do you assess the financial risk involved in international investments,By looking at currency risk political instability and market conditions.
Business,Finance,hard,What is the role of financial derivatives in hedging against risk,They allow companies to manage risks related to interest rates commodities or currency fluctuations.
Business,Finance,hard,How do you assess the financial health of a company during an economic downturn,By analyzing cash flow liquidity and debt levels.
Business,Finance,hard,What is a leveraged buyout LBO and how would you structure one,An LBO uses borrowed funds to acquire a company. The target companys assets often secure the loan.
Business,Finance,hard,What is the importance of discounted cash flow DCF analysis in financial modeling,DCF helps estimate the value of future cash flows.
Business,Finance,hard,How do you evaluate the risk associated with a companys investments in new markets or products,By checking market conditions competition and potential returns.
Business,Finance,hard,How do you handle situations where financial data is not readily available or incomplete,Id use industry averages and available market data to make informed estimates.
Business,Finance,hard,How do you calculate the cost of equity and why is it important,Using CAPM Capital Asset Pricing Model it helps determine the return investors expect.
Business,Finance,hard,How would you handle a situation where a companys earnings report shows a sudden significant deviation from analyst expectations,Id investigate the reasons behind the deviation.
Business,Finance,hard,How do you approach performing a company valuation using discounted cash flow DCF,Project future cash flows discount using WACC and determine present value.
Business,Finance,hard,How would you evaluate whether a company should pursue a merger or acquisition,Analyze synergies financial impact valuation and strategic fit.
Business,Finance,hard,What are the key factors that affect the cost of capital for a company,Interest rates credit rating debttoequity ratio and market conditions.
Business,Finance,hard,What is RAROC,Measures return on investment adjusting for the risk involved.
Business,Finance,hard,How/Why do you lever or unlever beta," Levered Beta: Includes debt risk.
 Unlevered Beta: Removes debt to compare companies fairly."
Business,Finance,hard,How can a company have positive net income but go bankrupt,Poor cash flow excessive debt or uncollected receivables.
Business,Finance,hard,When do you use an LBO model,For leveraged buyouts to assess debt capacity and returns.
Business,Finance,hard,Can a company have a negative book equity value,Yes if liabilities exceed assets often in distressed firms.
Business,Finance,hard,If you were CFO what would keep you up at night,Cash flow debt levels competition economic conditions and compliance.
Business,Finance,hard,How does an inventory writedown affect the three financial statements," Income Statement: Increases expenses lowers net income.
 Balance Sheet: Reduces inventory and equity.
 Cash Flow Statement: No immediate impact but lowers taxes."
Business,Finance,hard,How do you record PP&E and why is this important,Recorded at cost depreciated over time; important for asset valuation and cash flow.
Business,Finance,hard,What in your opinion makes a good financial model,Accuracy clarity flexibility realistic assumptions and integration of key financial statements.
Business,Finance,hard,What is the impact on the companys valuation,Higher EBITDA strong cash flow and low debt increase valuation while high costs lower it.
Business,Finance,hard,How do you determine a companys cost of debt and why is it important for financial planning,The interest rate paid on debt; its important for forecasting costs.
Business,Finance,hard,How would you assess the impact of changes in exchange rates on a companys financial performance,Look at foreign revenues costs and hedging strategies.
Business,Finance,hard,What is Deferred Tax Liability,Taxes owed in the future due to differences in tax and accounting rules.
Business,Finance,hard,How do you handle evaluating a companys financial performance during a recession,Focus on cash flow cost control and debt management.
Business,Finance,hard,How do you manage multiple financial models simultaneously,I use organized file structures version control and clear documentation to manage my models efficiently.
Business,Finance,hard,How do you evaluate the impact of interest rate changes on a company,I analyze the sensitivity of cash flows and profitability to variations in interest rates.
Business,Finance,hard,Explain the concept of Monte Carlo simulation in finance.,Monte Carlo simulation uses random sampling to model and forecast the probability of different outcomes in a financial model.
Business,Finance,hard,How do you approach budgeting in a dynamic business environment,I build flexible budgets that can be adjusted as market conditions change.
Business,Finance,hard,How do you incorporate risk adjustments into your valuation,I adjust discount rates and model multiple scenarios to account for various risks.
Business,Finance,hard,How would you use discounted cash flow DCF to value a company,Forecast future cash flows and discount them to present value.
Business,Finance,hard,Can you explain the concept of a bonds yield to maturity and why its important,Its the total return from a bond; helps assess bond value.
Business,Finance,hard,How do you perform scenario analysis when building financial models,Create scenarios with different assumptions to see their impact.
Business,Finance,hard,How would you assess whether a company is undervalued or overvalued in the market,Compare market price to intrinsic value using valuation methods.
Business,Finance,hard,What is your approach to managing financial risks in a volatile market,Diversify hedge and maintain cash.
Business,Finance,hard,How do you handle financial forecasting in an uncertain economic environment,Use conservative assumptions and scenarios.
Business,Finance,hard,Explain the concept of cost of capital.,Cost of capital is the return a company needs to justify its investment calculated as the weighted average of cost of equity and debt.
Business,Finance,hard,If it were up to you what would our companys budgeting process look like,Strategic datadriven with input from all departments regular reviews and flexibility for market changes.
Business,Finance,hard,What is your experience with financial modeling,I have experience building financial models for forecasting valuation and decisionmaking using DCF sensitivity analysis and financial projections.
Business,Finance,hard,How would you perform a sensitivity analysis in a financial model,Test how changes in key assumptions impact outcomes.
Business,Finance,hard,How would you assess the financial risk of a company in a volatile market,Look at debt levels cash reserves and sensitivity to market changes.
Business,Finance,hard,How do you assess a companys risk profile when making investment decisions,Evaluate market credit operational and liquidity risks.
Business,Finance,hard,How would you approach valuing a company with limited financial data,Use industry benchmarks comparable company analysis and qualitative factors.
Business,Finance,hard,Can you explain how different accounting methods affect a companys financial statements,Different methods e.g. FIFO vs. LIFO impact reported income taxes and asset values.
Business,Finance,hard,How do changes in the interest rate environment affect corporate investment decisions,Higher rates increase borrowing costs reducing investment attractiveness.
Business,Finance,hard,What is the importance of scenario analysis in financial modeling,It helps assess potential risks and outcomes by modeling different financial scenarios.
Business,Finance,hard,How do mergers and acquisitions create value for shareholders,Through economies of scale synergy and increased market share leading to higher profitability.
Business,Finance,hard,What are the risks and benefits of using derivatives in financial risk management,Risks include complexity and leverage; benefits include hedging against price movements and managing exposure to financial risks.
Business,Finance,hard,How do you differentiate between economic value added EVA and market value added MVA,EVA measures value created beyond the cost of capital; MVA reflects the difference between market value and capital invested.
Business,Finance,hard,What are some common challenges in financial forecasting and how do you address them,Challenges include data inaccuracies and market unpredictability. I address them by using conservative assumptions and scenario analysis.
Business,Finance,hard,What are the key components of a strong financial model,Key components include accurate assumptions clear projections and the inclusion of risk factors and sensitivities.
Business,Finance,hard,How would you handle a situation where a company has excessive debt but strong cash flow,Focus on reducing debt while maintaining cash flow.
Business,Finance,hard,What role does financial modeling play in making business decisions,It helps forecast outcomes and supports decisionmaking.
Business,Finance,hard,How would you structure a companys capital to maximize shareholder value,By balancing debt and equity to minimize cost of capital and maximize returns on investments.
Business,Finance,hard,What are the potential tax implications of a corporate merger,Mergers may lead to tax liabilities from capital gains adjustments to depreciation and changes in tax structure.
Business,Finance,hard,What are the key differences between an assetbacked security ABS and a mortgagebacked security MBS,ABS are backed by loans or receivables; MBS are specifically backed by mortgage loans.
Business,Finance,hard,What are the key risks involved in corporate finance decisions,Key risks include market risk credit risk liquidity risk and operational risk.
Business,Finance,hard,How would you advise a company facing high debt levels and financial distress,Debt restructuring costcutting and revenue improvement strategies.
Business,Finance,hard,What role does the weighted average cost of capital WACC play in investment decisions,WACC helps determine if an investment generates sufficient returns.
Business,Finance,hard,How do you determine the appropriate discount rate for a companys valuation,Using WACC riskfree rate and industry benchmarks.
Business,Finance,hard,What are the primary risks associated with international investments,Currency fluctuations political instability and regulatory risks.
Business,Finance,hard,What is goodwill impairment and how does it impact financial statements,When goodwill loses value it is written off reducing assets and earnings.
Business,Finance,hard,Can you explain the concept of economic value added EVA,EVA measures a companys real profitability by subtracting capital costs from net profit.
Business,Finance,hard,If you were the CFO of our company what key challenges would you face,Managing cash flow optimizing capital structure and ensuring regulatory compliance.
Business,Finance,hard,What are the different ways to value a company and which is most appropriate for our business,Methods include DCF comparable company analysis and precedent transactions; the best method depends on industry and business model.
Business,Finance,hard,What is the DCF method and why might we use this,A valuation method that discounts future cash flows to present value; used to assess investment opportunities.
Business,Finance,hard,Explain Future and Forward Contracts.,Both are agreements to buy/sell assets at a future date; futures are standardized and traded on exchanges while forwards are customized and traded privately.
Business,Finance,hard,How do you determine the cost of equity and how is it used in financial analysis,Use models like CAPM to estimate return expectations for investors.
Business,Finance,hard,How do you perform sensitivity analysis,I adjust key variables in my models to see how changes impact the outcome.
Business,Finance,hard,Can you describe a situation in which you used financial analysis to make a strategic decision,I analyzed costs and streamlined expenses boosting profitability by 10%.
Business,Human Resources,hard,What strategies do you implement to manage generational diversity in the workplace,Customizing engagement strategies providing flexible work options and fostering intergenerational mentorship.
Business,Marketing,hard,What is the importance of customer lifetime value CLV in marketing,CLV helps businesses measure the total revenue a customer will generate over their lifetime aiding in marketing spend and retention strategies.
Business,Accounting,hard,How do companies recognize revenue for longterm service contracts,Revenue is recognized based on percentage of completion or over time when performance obligations are satisfied under IFRS 15 or ASC 606.
Business,Accounting,hard,How do companies use transfer pricing in multinational operations,Transfer pricing involves setting prices for transactions between subsidiaries in different countries to allocate income efficiently while complying with tax regulations.
Business,Accounting,hard,How do currency exchange rate fluctuations impact financial statements,Exchange rate fluctuations affect revenues expenses and asset valuations in foreign operations requiring adjustments for translation and transaction gains or losses.
Business,Accounting,hard,How do hedge accounting and derivative financial instruments impact financial statements,Hedge accounting reduces earnings volatility by aligning derivative gains/losses with hedged item changes affecting balance sheet and income statement reporting.
Business,Accounting,hard,How do mergers and acquisitions affect financial statements,M&A transactions impact goodwill asset revaluations liabilities and require consolidation of financials per acquisition accounting rules.
Business,Accounting,hard,How do mergers and acquisitions impact financial statements,M&A affects goodwill asset revaluations debt structures and consolidation accounting impacting earnings and financial ratios.
Business,Accounting,hard,How do nonrecurring items impact financial statement analysis,Nonrecurring items such as asset sales or litigation settlements distort earnings trends and require adjustments for accurate performance evaluation.
Business,Accounting,hard,Describe a time when you had to use numerical data in a graph to convince a manager.,I created a financial performance graph highlighting cost overruns which helped management make informed budgeting decisions.
Business,Accounting,hard,Describe an accounting process that youâve developed or sought to improve.,I implemented an automated invoicing system that reduced manual errors and improved cash flow tracking.
Business,Accounting,hard,Do you know about service tax or excise duty,Yes service tax is levied on service providers for specific services whereas excise duty is a tax on manufactured goods within a country.
Business,Accounting,hard,Does your company have three bank accounts for processing payments What is the minimum ledger accounts required,The number of ledger accounts depends on company structure but generally separate ledgers for accounts payable receivable payroll and tax payments are needed.
Business,Accounting,hard,Elucidate on Accruals.,Accruals refer to revenues earned or expenses incurred but not yet recorded ensuring financial statements reflect all financial activities of a period.
Business,Accounting,hard,Explain Revenue Recognition and the Matching Principle.,Revenue Recognition states that revenue should be recorded when earned not when cash is received. The Matching Principle ensures expenses are recorded in the same period as related revenues.
Business,Accounting,hard,Explain TDS. Where is TDS shown in the balance sheet,TDS Tax Deducted at Source is a tax collected by the payer on specified payments. It appears under 'Current Liabilities' until deposited with the government or as a 'Current Asset' if refundable.
Business,Accounting,hard,Explain how offbalance sheet financing affects financial analysis.,Offbalance sheet financing conceals liabilities from financial statements affecting solvency analysis and potentially misleading investors and creditors.
Business,Accounting,hard,Explain how you would audit financial statements for a publicly traded company.,The audit process includes risk assessment internal control evaluation substantive testing and issuing an opinion on financial statement accuracy.
Business,Accounting,hard,Explain how you would detect and prevent fraudulent transactions in an organization.,Fraud detection involves reviewing unusual transactions implementing internal controls and using audit trails and forensic accounting techniques.
Business,Accounting,hard,Explain the difference between working capital and available cash/bank balance.,Working capital is current assets minus current liabilities while cash/bank balance refers to liquid funds available for immediate use.
Business,Accounting,hard,Explain the impact of inventory valuation methods FIFO LIFO Weighted Average on financial statements.,FIFO results in higher profits in inflationary periods LIFO reduces taxable income and weighted average smooths out price fluctuations in inventory costs.
Business,Human Resources,hard,A competitor is aggressively recruiting your top employees. How do you mitigate this risk,By enhancing employee engagement offering competitive benefits and strengthening internal career development opportunities.
Business,Human Resources,hard,A department has consistently failed to meet performance goals. How would you assess and address this issue,I would conduct a needs assessment identify process inefficiencies and collaborate with leadership to implement performance improvement strategies.
Business,Human Resources,hard,A longterm employee is struggling to meet the evolving requirements of their role. How do you approach this,I would offer upskilling opportunities provide additional coaching and discuss alternative roles if necessary.
Business,Human Resources,hard,A manager consistently fails to document employee performance issues. How do you ensure compliance,I would provide training on documentation best practices emphasize legal implications and implement accountability measures.
Business,Accounting,hard,How do companies determine the fair value of financial instruments,Fair value is determined using market prices discounted cash flows or valuation models depending on the nature of the instrument.
Business,Accounting,hard,How do companies determine the discount rate for present value calculations,Companies consider factors like risk cost of capital market conditions and investment alternatives to determine an appropriate discount rate.
Business,Accounting,hard,How do companies determine impairment losses on financial assets,Impairment is determined using expected credit loss ECL models under IFRS 9 or discounted cash flow analysis for nonfinancial assets.
Business,Accounting,hard,How do companies account for research and development R&D costs,R&D costs are expensed as incurred unless they meet specific capitalization criteria under IFRS or GAAP for development phase expenses.
Business,Accounting,hard,How does hedge accounting reduce financial statement volatility,Hedge accounting aligns the timing of derivative gains/losses with the hedged item reducing earnings volatility and improving risk management disclosure.
Business,Accounting,hard,How does impairment of an asset differ from depreciation,Depreciation is the systematic allocation of an assetâs cost over its useful life whereas impairment is a sudden reduction in an assetâs recoverable value due to external factors.
Business,Accounting,hard,How does impairment of intangible assets differ from amortization,Impairment is a onetime writedown when an assetâs recoverable amount falls below its carrying value while amortization spreads the asset's cost over its useful life.
Business,Accounting,hard,How do pension liabilities affect a companyâs balance sheet,Pension liabilities represent future employee benefits recorded as obligations that can impact solvency and cash flow planning.
Business,Accounting,hard,How do you adjust entries into an account,Adjusting entries are recorded to ensure revenue recognition and expense matching including accruals deferrals and depreciation adjustments.
Business,Accounting,hard,How do you assess a companyâs ability to service its debt,I analyze the debtservice coverage ratio cash flow from operations interest coverage ratio and overall liquidity metrics.
Business,Accounting,hard,How do you assess the financial impact of a company expanding into a new market,I conduct financial modeling analyze market risks project revenue and assess the cost structure before advising on expansion feasibility.
Business,Accounting,hard,How do you assess the financial impact of a company restructuring plan,I evaluate costcutting measures onetime expenses potential savings and the effect on profitability and shareholder equity.
Business,Accounting,hard,How do you assess the financial viability of a business acquisition,Financial viability is assessed through due diligence analyzing financial statements revenue trends liabilities debt structure and projected cash flows.
Business,Accounting,hard,How do you assess whether a company has excessive inventory,I analyze inventory turnover ratios compare inventory levels with industry benchmarks and evaluate cash flow impact and storage costs.
Business,Accounting,hard,How do you assess whether an acquisition is financially viable for a company,I analyze valuation multiples projected cash flows potential synergies and the impact on financial statements and debt levels.
Business,Human Resources,hard,A manager requests to fire an employee without proper documentation. How would you handle it,I would emphasize due process ensure compliance and provide guidance on corrective action steps before termination.
Business,Accounting,hard,How do you calculate the financial impact of issuing new equity shares,I assess dilution impact measure effects on earnings per share EPS and analyze changes in shareholder equity and capital structure.
Business,Accounting,hard,How do you determine the fair market value of an asset,I use valuation techniques such as market comparisons discounted cash flows and cost approaches based on asset type.
Business,Accounting,hard,How do you determine the optimal capital structure for a business,I evaluate debttoequity ratios cost of capital risk tolerance and financial flexibility to balance debt and equity financing.
Business,Accounting,hard,How do you determine whether goodwill should be impaired,I perform impairment tests by comparing the carrying amount of goodwill to its fair value and recognizing impairment losses when necessary.
Business,Accounting,hard,How do you differentiate between a financial lease and an operating lease in accounting,A financial lease transfers ownership risks and benefits while an operating lease is treated as a rental expense without asset ownership implications.
Business,Accounting,hard,How do you ensure internal controls are effective in preventing financial misstatements,I implement segregation of duties conduct regular audits enforce approval workflows and use compliance monitoring systems.
Business,Accounting,hard,How do you handle accounting for a company that operates in multiple currencies,Multicurrency accounting requires using exchange rate tables applying currency adjustments and consolidating financial statements per IFRS or GAAP standards.
Business,Accounting,hard,How do businesses apply the concept of capital budgeting in financial planning,Capital budgeting involves evaluating investment projects using NPV IRR and payback period to determine financial feasibility and return on investment.
Business,Accounting,hard,How do changes in accounting estimates impact financial statements,Changes in accounting estimates affect financial statements prospectively requiring disclosure but not restatement of prior periods.
Business,Accounting,hard,How do changes in interest rates impact financial reporting,Changes in interest rates affect loan valuations pension obligations and the fair value of financial instruments requiring adjustments in financial statements.
Business,Accounting,hard,How do companies account for foreign currency transactions under IFRS,Transactions are initially recorded at the exchange rate on the transaction date and adjusted for gains or losses upon settlement.
Business,Accounting,hard,How do companies account for government grants in financial statements,Government grants are recorded as deferred income and recognized in the income statement over the period in which the related expenses are incurred.
Business,Accounting,hard,How do you determine the appropriate discount rate for valuing future cash flows,I consider the company's cost of capital market risk premiums inflation expectations and industryspecific risks.
Business,Human Resources,hard,A newly hired employee is struggling with onboarding and feels overwhelmed. How do you support them,I would assign a mentor provide additional onboarding resources and ensure regular checkins to address their concerns.
Business,Human Resources,hard,A remote employee is underperforming and their manager is considering termination. How do you proceed,I would first ensure proper performance documentation explore possible support measures and follow fair disciplinary processes if termination is the best course of action.
Business,Human Resources,hard,An employee has accused HR of being biased in handling complaints. How do you restore trust in HR,I would conduct an impartial review of HR practices improve transparency in decisionmaking and offer employees a platform for open feedback.
Business,Human Resources,hard,What strategies can HR implement to foster innovation within teams,Encouraging crossfunctional collaboration promoting psychological safety and providing employees with creative problemsolving training.
Business,Human Resources,hard,What strategies can HR implement to prevent unconscious bias in promotion decisions,Using structured evaluation criteria providing training for managers and ensuring diverse panels in the decisionmaking process.
Business,Human Resources,hard,What strategies can HR use to reduce unconscious bias in hiring,By using structured interviews implementing AI screening tools and providing diversity training to hiring managers.
Business,Finance,hard,What is your approach to handling large data sets,I utilize advanced data analytics tools and programming languages like Python or R to manage and analyze large datasets.
Business,Human Resources,hard,What strategies do you use to reduce employee turnover,Enhancing engagement improving worklife balance recognizing achievements and offering competitive compensation.
Business,Human Resources,hard,What strategies would you implement to improve workforce planning in a fastgrowing company,Using predictive analytics talent pipelines succession planning and strategic hiring to align workforce growth with business needs.
Business,Human Resources,hard,What strategies would you use to improve HRâs role as a strategic partner within the organization,By aligning HR initiatives with business objectives leveraging workforce analytics and actively participating in executive decisionmaking.
Business,Human Resources,hard,What strategies would you use to prevent toxic workplace behaviors from spreading within a team,By promoting a strong workplace culture addressing toxic behaviors early and reinforcing company values through leadership accountability.
Business,Human Resources,hard,What corrective actions would you take if an HR initiative failed to meet its objectives,I would analyze root causes gather employee feedback and adjust the strategy to better align with workforce needs.
Business,Human Resources,hard,What corrective actions would you take if you discover a longstanding HR policy is negatively affecting employee morale,I would collect feedback propose necessary adjustments and collaborate with leadership to ensure a more employeefriendly policy.
Business,Human Resources,hard,What is HRâs role in preventing workplace harassment,HR implements policies conducts training establishes reporting channels and ensures a zerotolerance approach to harassment.
Business,Human Resources,hard,What steps would you take to rebuild company culture after a period of high turnover,By strengthening leadership trust recognizing employee contributions and reinforcing company values through engagement initiatives.
Business,Human Resources,hard,What is workforce planning and how do you approach it,Analyzing company goals assessing workforce trends and forecasting future staffing needs.
Business,Human Resources,hard,What legal considerations should HR keep in mind when terminating an employee,HR should ensure due process document performance issues comply with labor laws and avoid wrongful termination risks.
Business,Human Resources,hard,What legal risks should HR consider when terminating an employee,Ensuring documentation following due process avoiding discrimination claims and complying with labor laws.
Business,Human Resources,hard,What methods do you use to prevent burnout among employees,Offering flexible work schedules encouraging wellness initiatives and ensuring reasonable workloads.
Business,Human Resources,hard,What role does HR play in company restructuring or mergers,HR manages workforce transitions communicates changes and ensures cultural alignment postmerger.
Business,Human Resources,hard,What role does HR play in digital transformation within a company,HR drives digital adoption upskills employees and integrates new technologies into workforce management.
Business,Human Resources,hard,What role does HR play in managing organizational change during mergers and acquisitions,HR ensures cultural alignment communicates effectively manages talent retention and integrates policies and benefits.
Business,Human Resources,hard,What role does HR play in supporting mental health in the workplace,HR promotes mental health through wellness programs employee assistance programs EAPs and policies that support worklife balance.
Business,Human Resources,hard,What steps do you take to implement diversity and inclusion in the workplace,Developing inclusive policies diversity training programs and unbiased hiring practices.
Business,Human Resources,hard,What steps do you take to manage HR crises such as workplace scandals or employee misconduct,HR ensures legal compliance investigates thoroughly and communicates transparently while maintaining confidentiality.
Business,Human Resources,hard,What steps would you take if a department continuously fails to meet diversity hiring goals,I would review recruitment practices provide bias training expand sourcing channels and track hiring metrics to identify gaps.
Business,Human Resources,hard,What steps would you take if an anonymous complaint accuses a senior executive of misconduct,I would conduct a thorough and impartial investigation ensure confidentiality and apply company policies fairly regardless of position.
Business,Human Resources,hard,What key HR metrics should be tracked to measure employee productivity,Key metrics include absenteeism rates performance evaluations employee engagement scores and timetoproductivity for new hires.
Business,Accounting,hard,How does goodwill impairment testing differ from asset depreciation,Goodwill impairment is tested annually for a decrease in recoverable value whereas depreciation systematically allocates asset costs over time.
Business,Human Resources,hard,What steps would you take to improve underrepresentation in leadership positions,By implementing leadership development programs promoting inclusive hiring and ensuring equal career growth opportunities.
Business,Human Resources,hard,What steps would you take if you discovered a significant gender pay gap within your organization,I would conduct a compensation audit present findings to leadership and propose adjustments to ensure pay equity.
Business,Human Resources,hard,An employee has accused another employee of making inappropriate comments but there are no witnesses. How do you investigate,I would conduct separate interviews review any supporting evidence and ensure a fair and unbiased resolution based on company policies.
Business,Human Resources,hard,An employee has been caught sharing confidential company data externally. What steps do you take,I would conduct an immediate investigation ensure compliance with data protection policies and take disciplinary action as needed.
Business,Human Resources,hard,An employee has been underperforming despite additional training and support. How do you proceed,I would set a clear performance improvement plan PIP monitor progress and discuss alternative roles or termination if necessary.
Business,Human Resources,hard,An employee has filed a complaint about gender discrimination. What steps would you take,I would ensure confidentiality conduct a thorough investigation and enforce company policies on diversity and inclusion.
Business,Human Resources,hard,An employee has filed a complaint against their supervisor for aggressive behavior. How do you handle the investigation,I would ensure confidentiality gather unbiased evidence and follow proper disciplinary procedures to resolve the issue fairly.
Business,Human Resources,hard,An employee has repeatedly violated company policies but is highly valued for their technical expertise. How do you approach this,I would reinforce policy adherence provide a final warning and work on developing a replacement strategy if needed.
Business,Human Resources,hard,What strategies would you use to rebuild morale after a mass layoff,I would engage leadership in open discussions provide support programs and reinforce stability and growth plans for remaining employees.
Business,Human Resources,hard,What strategies would you use to reduce bias in hiring decisions,I would implement structured interviews use diverse hiring panels and provide unconscious bias training for recruiters.
Business,Human Resources,hard,What would you do if a department had consistently high turnover rates,I would analyze exit interviews assess workload concerns review leadership effectiveness and propose retention strategies.
Business,Human Resources,hard,What would you do if a department head consistently ignores HR recommendations,I would document concerns escalate if necessary and align HR solutions with business objectives to gain leadership buyin.
Business,Human Resources,hard,What would you do if a department head constantly undermines HR policies and procedures,I would discuss the importance of compliance escalate to senior management if needed and reinforce HRâs role in ensuring fairness.
Business,Human Resources,hard,What steps would you take to improve an underperforming HR initiative,I would gather employee feedback analyze performance data and adjust the strategy to better align with workforce needs.
Business,Human Resources,hard,What would you do if a highlevel executive refuses to participate in mandatory compliance training,I would communicate the importance of compliance escalate concerns if necessary and ensure leadership accountability.
Business,Human Resources,hard,What would you do if an employee consistently performs well but has difficulty collaborating with others,I would provide coaching facilitate teambuilding activities and set clear expectations for teamwork.
Business,Human Resources,hard,What would you do if an employee refuses to comply with new HR policies,I would explain the importance of compliance address concerns and apply disciplinary measures if necessary.
Business,Human Resources,hard,What would you do if an employee refuses to participate in mandatory compliance training,I would explain the importance of compliance offer alternative training formats and take disciplinary action if necessary.
Business,Human Resources,hard,What would you do if an employee refuses to return to the office after a remote work policy change,I would discuss their concerns explore reasonable accommodations and ensure compliance with company policies.
Business,Human Resources,hard,What would you do if an employee refuses to work with a colleague due to personal differences,I would mediate the situation encourage professional conduct and establish clear expectations for collaboration.
Business,Human Resources,hard,What would you do if employees express concerns about workplace safety after an incident,I would assess risks implement safety measures and ensure proper training to prevent future issues.
Business,Human Resources,hard,What would you do if you discover that an HR policy unintentionally discriminates against a specific employee group,I would conduct an immediate review consult legal advisors and revise the policy to ensure fairness and compliance.
Business,Human Resources,hard,What steps would you take if an employee alleges workplace retaliation after reporting a complaint,I would conduct an independent review enforce antiretaliation policies and ensure protection for the affected employee.
Business,Human Resources,hard,What steps would you take if an employee submits a complaint about their managerâs behavior,I would document the complaint conduct a fair investigation and take appropriate corrective action based on findings.
Business,Human Resources,hard,What steps would you take if employees express concerns about favoritism in promotions,I would review promotion criteria ensure transparency in the selection process and address any inconsistencies in management decisions.
Business,Human Resources,hard,What steps would you take if multiple employees from the same department report a toxic work environment,I would conduct confidential interviews identify common issues and implement necessary changes including leadership coaching if required.
Business,Human Resources,hard,What would you do if a new hire fails to meet performance expectations within the probation period,I would provide targeted coaching assess their challenges and determine if an extension or termination is the best course of action.
Business,Human Resources,hard,How would you respond to an employee who refuses to work with a newly appointed supervisor,I would discuss the concerns privately facilitate mediation and reinforce workplace professionalism and expectations.
Business,Accounting,hard,How does goodwill impairment affect financial statements,Goodwill impairment reduces net income and equity as the writedown is recorded as an expense impacting earnings per share and financial ratios.
Business,Accounting,hard,How does fair value accounting impact financial statement analysis,Fair value accounting can introduce volatility to financial statements by requiring assets and liabilities to be recorded at market value rather than historical cost.
Business,Accounting,hard,What is the impact of corporate tax changes on financial statements,Changes in corporate tax rates affect net income deferred tax assets and liabilities and cash flows requiring adjustments in tax provisions.
Business,Accounting,hard,What is the impact of debt restructuring on financial reporting,Debt restructuring affects liabilities interest expenses and financial ratios requiring disclosure and potential impairment testing.
Business,Accounting,hard,What is the main difference between accumulated depreciation and depreciation expense,Depreciation expense refers to the amount allocated for a period while accumulated depreciation is the total depreciation recorded over an assetâs life.
Business,Accounting,hard,What is the possible way for a company to show positive cash flows and still be in trouble,A company may have positive cash flows from financing activities while suffering operational losses leading to longterm financial instability.
Business,Accounting,hard,What is the role of an auditor in detecting financial fraud,Auditors assess internal controls review financial records and perform risk assessments to detect material misstatements and potential fraud.
Business,Accounting,hard,What is your approach to reconciling intercompany transactions,I align intercompany accounts ensure proper eliminations verify supporting documentation and reconcile balances across entities.
Business,Accounting,hard,What challenges do businesses face in revenue recognition compliance,Challenges include contract complexities variable consideration timing of revenue recognition and compliance with IFRS 15 or ASC 606.
Business,Accounting,hard,What challenges do companies face in revenue recognition under IFRS 15,Challenges include contract complexity variable consideration multiple performance obligations and timing of revenue recognition.
Business,Accounting,hard,What considerations do you take into account when analyzing a companyâs pension obligations,I evaluate funding levels actuarial assumptions discount rates and projected benefit obligations in relation to company cash flow.
Business,Accounting,hard,What factors influence a companyâs capital structure decisions,Factors include risk tolerance cost of capital profitability economic conditions and regulatory requirements.
Business,Accounting,hard,What factors influence a companyâs choice of inventory valuation method,Factors include tax implications financial reporting objectives inflation industry norms and inventory turnover rates.
Business,Accounting,hard,What factors influence the decision to capitalize versus expense a business purchase,I consider the assetâs useful life materiality matching principle and whether the expenditure provides future economic benefits.
Business,Accounting,hard,What factors should be considered when analyzing goodwill impairment,Factors include changes in market conditions declining cash flows increased competition and regulatory changes that affect business valuation.
Business,Accounting,hard,What financial metrics would you use to evaluate a companyâs performance over time,Key metrics include revenue growth gross margin EBITDA return on assets ROA and debttoequity ratio.
Business,Accounting,hard,What happens to the Inventory if the Income Statement Goes up by $10,If the increase is due to sales the inventory decreases as goods are sold. The cost of goods sold will be reflected in the income statement impacting net income.
Business,Accounting,hard,What is Creative Accounting,Creative accounting involves legally manipulating financial records to enhance financial appearance often misleading stakeholders about a company's true financial position.
Business,Accounting,hard,What is Deferred Revenue Expenditure Give some examples.,Deferred Revenue Expenditure is a large expense that benefits multiple periods such as advertisement expenses research costs and preliminary business expenses.
Business,Accounting,hard,What is Depreciation What are the different types of depreciation & its journal entry,"Depreciation is the systematic allocation of an assetâs cost over its useful life. Types include StraightLine Declining Balance and Units of Production. 
 Journal Entry: 
 Depreciation Expense A/C Dr. 
 To Accumulated Depreciation A/C 
 Being depreciation recorded for the period"
Business,Accounting,hard,What is DoubleEntry Bookkeeping What are the rules associated with it,Doubleentry bookkeeping records every transaction in two accounts: a debit and a credit. The rule is: Debit what comes in Credit what goes out; Debit expenses/losses Credit income/gains.
Business,Accounting,hard,What is a compound journal entry,A compound journal entry is a single accounting entry that affects multiple accounts commonly used for payroll depreciation or complex transactions.
Business,Accounting,hard,What is accounting normalization,Accounting normalization adjusts financial statements by eliminating anomalies such as nonrecurring expenses to show a companyâs true financial position.
Business,Accounting,hard,What is an over accrual,An over accrual occurs when an expense is accrued at a higher amount than the actual liability requiring a reversal or adjustment in the next period.
Business,Accounting,hard,What are the financial reporting implications of lease modifications under IFRS 16,Lease modifications require reassessment of lease liabilities and rightofuse assets with changes recorded in financial statements as adjustments to lease terms or costs.
Business,Accounting,hard,What is the financial impact of buying a fixed asset,Buying a fixed asset increases capital expenditure reduces cash flow and is recorded as an asset with depreciation impacting future income statements.
Business,Accounting,hard,What is the equation for the AcidTest Ratio in accounting,AcidTest Ratio = Current Assets  Inventory Ã· Current Liabilities measuring a companyâs shortterm liquidity.
Business,Accounting,hard,What is the difference between book value and market value,Book value is the value of an asset on the balance sheet while market value represents its current price in the open market.
Business,Accounting,hard,What is the difference between SAP Memory and ABAP Memory,SAP Memory is a global userrelated memory that all main sessions can access whereas ABAP Memory is a local memory specific to an internal session and accessible through programs running within the same session.
Business,Accounting,hard,Cash collected from the customer is not recorded as revenue. What happens to it,If cash is collected before revenue recognition it is recorded as Deferred Revenue a liability until the revenue is earned.
Business,Accounting,hard,Deferred taxation falls under which equity category,Deferred taxation is classified under 'NonCurrent Liabilities' rather than equity as it represents future tax obligations.
Business,Accounting,hard,Define partitioning in accounting.,Partitioning in accounting refers to dividing financial data into different categories or accounts to track transactions efficiently.
Business,Accounting,hard,Describe a time when you had to explain a complex accounting subject to someone without an accounting background.,I simplified a financial report for a nonfinance manager by using visual aids and avoiding technical jargon.
Business,Accounting,hard,Have you ever worked on MIS reports What are they,Yes MIS Management Information System reports provide financial and operational data for management decisionmaking and business performance analysis.
Business,Accounting,hard,Have you used any accounting applications before or do you prefer working manually,I have experience using multiple accounting applications such as QuickBooks SAP and Tally but I also understand manual bookkeeping for small businesses.
Business,Accounting,hard,How can a company improve its working capital flow,A company can improve working capital by optimizing inventory accelerating receivables and negotiating better payment terms with suppliers.
Business,Accounting,hard,How do businesses account for environmental liabilities in financial statements,Environmental liabilities are recognized as provisions when the obligation is probable and can be reasonably estimated often reported under contingent liabilities.
Business,Accounting,hard,What methods do you use to ensure accurate inventory valuation in financial reports,I use FIFO LIFO or weighted average methods conduct physical inventory counts and reconcile stock records with financial statements.
Business,Accounting,hard,What methods do you use to evaluate the financial stability of a supplier before entering a contract,I review their financial statements check credit ratings analyze working capital and assess debt obligations to ensure financial stability.
Business,Accounting,hard,What role does impairment testing play in asset valuation,Impairment testing ensures assets are not overvalued by comparing carrying values to recoverable amounts adjusting for declines in value.
Business,Accounting,hard,What are the financial risks associated with incorrect revenue recognition,Incorrect revenue recognition can lead to regulatory fines misstated earnings loss of investor confidence and potential legal actions.
Business,Accounting,hard,What role does risk assessment play in financial reporting,Risk assessment identifies financial uncertainties ensures contingency planning and helps mitigate potential losses through strategic decisionmaking.
Business,Accounting,hard,What strategies do you use to optimize cash flow management in a company,I monitor cash flow statements negotiate payment terms manage receivables efficiently and forecast future cash needs.
Business,Accounting,hard,Where do accruals generally appear on the balance sheet,Accruals appear under current liabilities as 'Accrued Expenses' or under current assets as 'Accrued Revenues' depending on their nature.
Business,Accounting,hard,Where should TDS be shown in the balance sheet,TDS deducted by the company is recorded under 'Current Liabilities' until it is deposited with the government whereas TDS receivable if applicable is shown under 'Current Assets'.
Business,Accounting,hard,Why is Closing Stock not recorded in the Trial Balance,Closing stock is not recorded in the trial balance because it is derived from physical inventory counts and needs adjustment in final accounts.
Business,Accounting,hard,Why is it easier for someone to commit fraud using a journal entry rather than with a ledger,Journal entries provide flexibility to manipulate accounts without direct transaction evidence whereas ledgers require reconciliations that increase transparency.
Business,Accounting,hard,What is deferred tax liability,Deferred tax liability arises when a companyâs taxable income is lower than its financial statement income due to temporary differences leading to future tax obligations.
Business,Accounting,hard,What is hedge accounting and how does it impact financial statements,Hedge accounting aligns the recognition of hedging instruments and hedged items reducing volatility in financial statements due to market fluctuations.
Business,Accounting,hard,What is project implementation in accounting,Project implementation in accounting involves budgeting financial planning resource allocation and monitoring financial performance for a specific project.
Business,Accounting,hard,What is the biggest challenge that you face in the accounting profession today,The biggest challenge is keeping up with constantly changing accounting regulations and ensuring compliance with international standards like IFRS and GAAP.
Business,Accounting,hard,What is the connection between financial accounting and managerial accounting,Financial accounting reports external financial performance while managerial accounting focuses on internal decisionmaking and cost analysis.
Business,Accounting,hard,What is the difference between Accrual Accounting and Cash Accounting,Accrual accounting records revenues and expenses when incurred while cash accounting records transactions only when cash is received or paid.
Business,Accounting,hard,What strategies do you use to manage and reduce outstanding accounts receivable,I implement credit control policies send timely reminders offer early payment incentives and negotiate payment plans with delinquent accounts.
Business,Accounting,hard,What are the four phases of Accounting,The four phases are data recording classifying summarizing and interpreting financial information.
Business,Accounting,hard,What are the implications of a negative cash conversion cycle,A negative cash conversion cycle means a company collects payments faster than it pays suppliers improving liquidity and operational efficiency.
Business,Accounting,hard,What are the key considerations in accounting for intangible assets under IFRS,Intangible assets must be identifiable controlled and expected to generate future benefits. Recognition criteria and amortization depend on whether they have a finite or indefinite life.
Business,Accounting,hard,How does inflation impact financial statement analysis,Inflation affects asset valuations purchasing power and financial ratios requiring adjustments for comparability in financial reporting.
Business,Accounting,hard,How does lease accounting impact financial ratios,Capitalizing leases increases assets and liabilities affecting debt ratios while operating leases improve returnonasset calculations.
Business,Accounting,hard,How does lease accounting under IFRS 16 impact financial statements,IFRS 16 requires lessees to recognize lease liabilities and rightofuse assets increasing reported debt and affecting financial ratios.
Business,Accounting,hard,How does the adoption of IFRS impact the financial statements of a company previously using GAAP,Adopting IFRS may lead to changes in revenue recognition lease accounting asset valuation and increased disclosure requirements compared to GAAP.
Business,Accounting,hard,How does the adoption of lease accounting under IFRS 16 impact financial reporting,IFRS 16 requires lessees to recognize most leases as assets and liabilities affecting balance sheets EBITDA and financial ratios.
Business,Accounting,hard,How does the concept of substance over form apply in accounting,It ensures transactions are recorded based on economic reality rather than legal form providing more accurate financial statements.
Business,Accounting,hard,How does the present value concept apply in lease accounting,Lease obligations are discounted to present value using the lesseeâs incremental borrowing rate ensuring proper liability recognition under IFRS 16.
Business,Accounting,hard,How is a consignor different from a consignee,A consignor is the owner of goods sent for sale while a consignee is the agent who receives and sells the goods on behalf of the consignor.
Business,Accounting,hard,How would you account for an investment in a joint venture under IFRS,I use the equity method for significant influence investments recognizing proportionate earnings and adjustments in financial statements.
Business,Accounting,hard,How would you account for foreign currency transactions in financial statements,I record transactions at the exchange rate on the transaction date adjust unrealized gains/losses and comply with IFRS/GAAP for foreign currency translation.
Business,Accounting,hard,How would you adjust financial statements for a discontinued operation,I separate the operationâs revenue expenses and cash flows from continuing operations and disclose the impact in the financial footnotes.
Business,Accounting,hard,How does inflation impact financial reporting,Inflation affects financial statements by eroding the real value of assets and liabilities leading to adjustments in purchasing power and financial ratios.
Business,Accounting,hard,How would you handle a situation where financial records do not match the bank statement,I would perform a detailed bank reconciliation identify missing or incorrect entries and make the necessary adjustments to ensure accuracy.
Business,Accounting,hard,How would you handle an instance of financial fraud detected within an organization,I would document the findings report to management and internal auditors conduct a forensic review and implement stronger internal controls to prevent future fraud.
Business,Accounting,hard,How would you prepare financial statements for a company with multiple subsidiaries,I consolidate financials eliminate intercompany transactions apply currency conversion where needed and ensure compliance with accounting standards.
Business,Accounting,hard,How do you handle deferred revenue and ensure it is recognized correctly,I track deferred revenue separately recognize revenue based on service delivery or contract terms and comply with revenue recognition standards like ASC 606 or IFRS 15.
Business,Accounting,hard,How do you handle discrepancies in financial records,I investigate the root cause by reviewing transactions communicate findings with stakeholders and implement corrective actions to prevent recurrence.
Business,Accounting,hard,How does IFRS 9 affect financial instrument accounting,IFRS 9 replaces IAS 39 requiring expected credit loss ECL models for impairment and new hedge accounting rules.
Business,Accounting,hard,How does a company hedge against foreign exchange risk,Companies use forward contracts currency swaps and natural hedging strategies to minimize foreign exchange fluctuations.
Business,Accounting,hard,How does a company's credit policy impact its accounts receivable turnover ratio,A lenient credit policy may increase accounts receivable turnover while strict policies can reduce sales but improve cash flow efficiency.
Business,Accounting,hard,How does an inventory writedown affect the three financial statements,On the Income Statement an inventory writedown increases expenses reducing net income. On the Balance Sheet it decreases inventory value and equity. On the Cash Flow Statement it is added back to operating cash flows.
Business,Accounting,hard,How does capitalizing rather than expensing a purchase affect financial statements,Capitalizing increases assets on the balance sheet and spreads the expense over time as depreciation whereas expensing reduces net income immediately.
Business,Accounting,hard,How does changes in interest rates impact financial reporting,Changes in interest rates affect loan repayments borrowing costs asset valuations and discount rates used in financial reporting for fair value calculations.
Business,Accounting,hard,How does currency translation impact multinational financial reporting,Currency translation affects financial statements through foreign exchange adjustments requiring compliance with IFRS or GAAP translation methods.
Business,Accounting,hard,How would you handle accounting for a business that earns revenue through subscription models,Subscription revenue is recognized over time with deferred revenue accounts used for unearned income and periodic adjustments for revenue recognition.
Business,Accounting,hard,How does fair value measurement impact financial reporting under IFRS,Fair value measurement ensures assets and liabilities reflect market conditions potentially leading to volatility in reported financials due to revaluation gains or losses.
Business,Accounting,hard,What are the financial implications of a company writing off a significant asset,Writing off an asset reduces net income impacts balance sheet equity and may require disclosure in financial reports.
Business,Accounting,hard,What are the challenges of implementing accounting automation in an organization,Challenges include integration with existing systems data migration issues staff training and ensuring regulatory compliance in automated reporting.
Business,Accounting,hard,What are the key considerations in accounting for stockbased compensation,Stockbased compensation requires fair value measurement at grant date expense recognition over vesting periods and compliance with IFRS 2 or ASC 718.
Business,Accounting,hard,What are the key differences between financial modeling and financial forecasting,Financial modeling involves scenario analysis and valuation while financial forecasting focuses on predicting future financial performance using historical data.
Business,Accounting,hard,What are the key elements of an effective internal control system in accounting,Key elements include segregation of duties approval processes audit trails reconciliations and compliance monitoring.
Business,Accounting,hard,What are the key factors considered in a business valuation,Factors include cash flow projections market conditions industry trends asset valuation and financial ratios.
Business,Accounting,hard,What are the key financial ratios used in credit risk analysis,Important ratios include the debttoequity ratio interest coverage ratio current ratio and quick ratio which assess a companyâs ability to meet its obligations.
Business,Accounting,hard,What are the key steps in performing an internal financial audit,Steps include risk assessment planning sampling transactions testing controls verifying compliance and reporting findings to management.
Business,Accounting,hard,What are the main differences between financial accounting and fund accounting,Financial accounting focuses on profitoriented entities while fund accounting is used by nonprofits and governments to track restricted and unrestricted funds separately.
Business,Accounting,hard,What are the most common errors in accounting,Common errors include omission errors commission errors transposition errors duplication errors and errors in principle.
Business,Accounting,hard,What are the risks associated with overreliance on nonoperating income,It can create earnings volatility mislead stakeholders and indicate a lack of sustainable revenue sources from core operations.
Business,Accounting,hard,What are the three factors that can affect cash flow and business profitability,Key factors include revenue generation expense control and investment decisions affecting liquidity and profitability.
Business,Accounting,hard,What challenges arise in recognizing revenue from multipleelement contracts,Challenges include identifying performance obligations allocating transaction prices and determining when control transfers to customers.
Business,Accounting,hard,What are the effects of International Accounting Standards on accounting practices in developing nations,International Accounting Standards improve transparency and comparability but may require regulatory adjustments and training for adoption in developing nations.
Business,Accounting,hard,If a company decides to change its depreciation method what impact does it have on financial reporting,Changing the depreciation method affects net income asset values and tax calculations requiring disclosure in financial statements for transparency.
Business,Accounting,hard,If you are given financial statements of three competitors what two key parameters will you use to determine the best financial shape,Key parameters include profitability ratios such as Net Profit Margin and liquidity ratios such as Current Ratio.
Business,Accounting,hard,If you were made the CFO of this company what changes would you recommend to the Board of Directors,I would focus on improving financial transparency optimizing cost control strategies and enhancing investment opportunities for sustainable growth.
Business,Accounting,hard,List down important cost control techniques.,Cost control techniques include budgetary control standard costing variance analysis activitybased costing and costbenefit analysis.
Business,Accounting,hard,List errors that affect the trial balance and those that do not.,Errors that affect the trial balance include mathematical mistakes and ledger entry errors while compensating errors and omitted transactions do not affect it.
Business,Accounting,hard,List out the stages of the doubleentry bookkeeping system.,Stages include journalizing transactions posting to the ledger preparing trial balance adjusting entries preparing financial statements and closing accounts.
Business,Accounting,hard,List some accrued expenses and the accounts used to record them.,Examples include accrued salaries recorded under 'Salaries Payable' accrued interest under 'Interest Payable' and accrued taxes under 'Taxes Payable'.
Business,Accounting,hard,Name the types of business transactions in accounting.,Business transactions include cash transactions credit transactions capital transactions and revenue transactions.
Business,Accounting,hard,Was there any deadline that you faced in completing the financial statements How did you complete the work,During the yearend closing I prioritized critical tasks collaborated with auditors and streamlined reconciliations to meet deadlines.
Business,Accounting,hard,What are MIS reports,MIS Management Information System reports provide financial and operational data to assist in management decisionmaking and performance analysis.
Business,Accounting,hard,What are accounting standards How many are there in India,Accounting standards are principles guiding financial reporting. India follows Ind AS Indian Accounting Standards which align with IFRS and there are 41 notified standards.
Business,Accounting,hard,What are the accounting implications of sharebased payments,Sharebased payments require fair value measurement at grant date expense recognition over vesting periods and disclosure in financial reports.
Business,Accounting,hard,If a companyâs revenue is increasing but profits are declining what could be the reasons,Potential reasons include rising operational costs high interest expenses increased cost of goods sold or inefficient resource allocation.
Business,Marketing,hard,How would you conduct a competitive analysis,By identifying key competitors analyzing their strengths and weaknesses understanding their marketing strategies and evaluating their pricing customer engagement and content strategy.
Business,Human Resources,hard,What HR challenges arise when scaling a company and how do you address them,Challenges include maintaining culture hiring rapidly and compliance risks. Solutions involve structured hiring processes and strategic workforce planning.
Business,Human Resources,hard,What HR metrics should companies track to measure diversity and inclusion success,Metrics include diverse hiring ratios promotion rates across demographics retention of diverse employees and employee feedback on inclusivity.
Business,Marketing,hard,How do you build brand loyalty,Brand loyalty is built by consistently delivering value fostering strong customer relationships offering rewards or loyalty programs and providing excellent customer service.
Business,Marketing,hard,How do you measure customer engagement,Customer engagement is measured through metrics such as social media interactions time spent on website email open rates and customer feedback indicating the level of interest and connection with the brand.
Business,Marketing,hard,What are key challenges in international marketing,Key challenges in international marketing include understanding cultural differences navigating regulations managing logistics and adapting marketing strategies to suit local preferences.
Business,Marketing,hard,What is the difference between a product launch and a product rebranding,A product launch introduces a new product to the market while a product rebranding involves changing the product's image messaging or positioning to attract a different audience or rejuvenate interest.
Business,Marketing,hard,What is the difference between lead generation and lead nurturing,Lead generation is the process of attracting and capturing potential customers while lead nurturing involves building relationships with those leads to guide them through the sales funnel.
Business,Marketing,hard,What is a customercentric marketing strategy,A customercentric marketing strategy focuses on understanding and addressing the needs preferences and behaviors of the customer ensuring that marketing efforts align with customer expectations.
Business,Marketing,hard,What is the purpose of customer segmentation in marketing,Customer segmentation allows businesses to tailor marketing messages and offerings to specific groups of customers based on shared characteristics improving targeting and engagement.
Business,Marketing,hard,What is the significance of customer lifetime value CLV in marketing,CLV helps businesses understand the total worth of a customer over the entire relationship enabling better resource allocation marketing budget optimization and customer retention strategies.
Business,Marketing,hard,How do you calculate Return on Investment ROI in marketing,ROI is calculated by subtracting the cost of the marketing campaign from the revenue generated by the campaign and dividing that number by the cost of the campaign.
Business,Marketing,hard,What is a customer retention strategy,A customer retention strategy aims to keep existing customers by enhancing customer satisfaction offering loyalty programs and providing exceptional service.
Business,Marketing,hard,What is the role of Artificial Intelligence AI in marketing,AI in marketing helps automate tasks personalize content predict customer behavior and optimize campaigns based on data making marketing efforts more efficient and effective.
Business,Marketing,hard,What is behavioral segmentation,Behavioral segmentation divides customers based on their actions such as purchasing behavior online activity and usage patterns to target specific customer needs and preferences.
Business,Marketing,hard,What is a customer acquisition strategy,A customer acquisition strategy outlines the tactics and channels used to attract new customers including digital advertising content marketing referral programs and partnerships.
Business,Marketing,hard,How do you use data analytics in marketing,Data analytics helps marketers understand customer behavior measure the success of campaigns segment audiences and optimize strategies for better performance and ROI.
Business,Marketing,hard,What is the customer lifetime value CLV metric,Customer lifetime value CLV represents the total revenue a business expects to earn from a customer over their entire relationship which helps guide customer retention strategies.
Business,Marketing,hard,What is influencer marketing and how do you choose the right influencers,Influencer marketing involves collaborating with influential figures to promote products. The right influencer should align with your brand values have an engaged audience and fit the campaign goals.
Business,Marketing,hard,What is the importance of branding in marketing,Branding creates an emotional connection with customers builds trust differentiates a company from competitors and can command higher prices for products or services.
Business,Marketing,hard,How do you perform competitive analysis,Competitive analysis involves identifying key competitors analyzing their strengths and weaknesses understanding their strategies and using that data to improve your own marketing strategy.
Business,Marketing,hard,What is content syndication,Content syndication involves distributing content to thirdparty platforms or websites to expand its reach and drive more traffic back to the original source.
Business,Marketing,hard,What is the difference between direct and indirect marketing,Direct marketing involves directly reaching out to customers through channels like email phone calls or direct mail while indirect marketing uses channels like content social media and PR.
Business,Marketing,hard,What is the purpose of attribution modeling,Attribution modeling is used to determine which marketing channels or touchpoints contribute most to a conversion or sale helping optimize marketing strategies and budgets.
Business,Marketing,hard,What is the role of personalization in marketing,Personalization involves tailoring marketing messages and experiences to individual customers based on their preferences behavior or demographics improving engagement and conversions.
Business,Marketing,hard,What is the importance of data privacy in marketing,Data privacy is crucial in marketing to ensure that customer data is handled ethically and complies with laws and regulations building trust and maintaining brand reputation.
Business,Marketing,hard,What are the key elements of a digital marketing strategy,Key elements include content marketing SEO social media marketing email marketing paid advertising and data analytics.
Business,Marketing,hard,What is an omnichannel marketing strategy,An omnichannel marketing strategy integrates all marketing channels digital and physical to create a seamless customer experience across platforms enhancing engagement and satisfaction.
Business,Marketing,hard,What is a content management system CMS,A content management system CMS is software used to create manage and modify digital content on websites without requiring specialized technical knowledge.
Business,Marketing,hard,What is a multichannel marketing strategy,A multichannel marketing strategy uses multiple marketing channels to reach customers but the channels operate independently without an integrated strategy.
Business,Marketing,hard,What are some key strategies for customer retention,Key strategies for customer retention include providing excellent customer service offering loyalty programs personalizing communications and regularly engaging customers through content.
Business,Marketing,hard,How do you calculate return on investment ROI for marketing,ROI for marketing is calculated by dividing the revenue generated from a marketing campaign by the cost of the campaign then multiplying by 100 to get a percentage.
Business,Marketing,hard,What is an omnichannel marketing strategy,An omnichannel strategy integrates all marketing channels both online and offline to create a seamless and consistent customer experience across all touchpoints.
Business,Marketing,hard,What is behavioral targeting,Behavioral targeting involves using data about a user's past behavior e.g. browsing history search queries to personalize advertisements and marketing efforts.
Business,Marketing,hard,What is a brand audit,A brand audit involves reviewing a brand's current market position messaging and performance to identify strengths weaknesses and opportunities for improvement.
Business,Marketing,hard,What is the difference between organic and paid social media marketing,Organic social media marketing relies on free methods such as posts and engagement to reach an audience while paid social media marketing involves using paid ads to promote content.
Business,Marketing,hard,What is datadriven marketing,Datadriven marketing uses customer data and analytics to inform decisions optimize campaigns and personalize messaging to increase customer engagement and ROI.
Business,Marketing,hard,How do you create a marketing budget,A marketing budget is created by assessing previous marketing performance identifying key objectives determining necessary resources allocating funds across channels and estimating expected returns on investment ROI.
Business,Marketing,hard,What is a market entry strategy,A market entry strategy defines how a company will enter a new market which may include tactics like franchising partnerships direct investment or exporting.
Business,Marketing,hard,What is predictive marketing,Predictive marketing uses data and analytics to forecast customer behavior and make proactive marketing decisions aimed at increasing conversions and engagement.
Business,Marketing,hard,What is the importance of brand consistency,Brand consistency ensures that all marketing materials and customer touchpoints reflect the same brand identity tone and message fostering trust and recognition.
Business,Marketing,hard,What is the difference between marketing automation and CRM,Marketing automation focuses on automating marketing tasks and campaigns while CRM Customer Relationship Management is a system for managing customer relationships and sales activities.
Business,Marketing,hard,What are the key components of a marketing plan,A marketing plan includes an analysis of the market target audience positioning marketing goals strategies budget and metrics for evaluating success.
Business,Marketing,hard,What is a competitive positioning strategy,A competitive positioning strategy focuses on defining a company's unique position in the market relative to its competitors emphasizing differentiators that make the brand stand out.
Business,Marketing,hard,What is the difference between push and pull marketing,Push marketing involves actively promoting a product to potential customers e.g. through ads while pull marketing aims to attract customers by creating demand through valuable content and brand reputation.
Business,Marketing,hard,What is the significance of product positioning,Product positioning is crucial because it helps businesses define how a product is perceived in the marketplace relative to competitors which influences customer decisions and brand loyalty.
Business,Marketing,hard,How do you optimize an ecommerce website for conversions,Optimizing an ecommerce website for conversions involves improving user experience UX simplifying navigation enhancing product pages implementing clear callstoaction CTAs and using A/B testing to refine the design and content.
Business,Marketing,hard,How do you manage a marketing team,Managing a marketing team involves setting clear goals fostering collaboration providing resources analyzing team performance and adapting strategies to ensure efficient execution of marketing campaigns.
Business,Marketing,hard,What is a product portfolio,A product portfolio refers to the collection of all the products and services offered by a company which can be managed and marketed strategically.
Business,Marketing,hard,How do you determine the effectiveness of a marketing campaign,Effectiveness is determined by tracking key performance indicators KPIs such as ROI conversion rates customer acquisition cost and engagement metrics to assess how well the campaign met its goals.
Business,Marketing,hard,What is the difference between paid owned and earned media,Paid media involves ads you pay for owned media refers to assets like websites and social profiles you own and earned media is coverage or content generated by third parties such as press mentions or shares.
Business,Marketing,hard,What is predictive analytics in marketing,Predictive analytics uses historical data and machine learning to forecast future customer behavior allowing businesses to proactively optimize their marketing efforts.
Business,Marketing,hard,What is the role of data analytics in marketing,Data analytics in marketing involves analyzing customer data and campaign performance to make datadriven decisions optimize strategies and improve ROI.
Business,Marketing,hard,What is marketing automation,Marketing automation involves using software to automate repetitive marketing tasks such as email campaigns social media posting and lead nurturing to improve efficiency and personalization.
Business,Marketing,hard,What is the importance of market positioning in branding,Market positioning helps define a brands place in the market relative to competitors influencing customer perception buying decisions and overall brand identity.
Business,Marketing,hard,What is the importance of brand positioning,Brand positioning defines how a brand is perceived in the marketplace relative to its competitors and it helps differentiate a product or service to target customers effectively.
Business,Marketing,hard,What is programmatic buying,Programmatic buying refers to the use of automated technology to purchase digital advertising space allowing for more efficient and targeted ad placements.
Business,Marketing,hard,What is customer advocacy,Customer advocacy refers to the promotion of a brand or product by satisfied customers often through wordofmouth testimonials or online reviews.
Business,Marketing,hard,What is neuromarketing,Neuromarketing is the study of how the brain responds to marketing stimuli using techniques like EEG or fMRI to understand consumer behavior.
Business,Marketing,hard,How do you optimize a marketing budget,To optimize a marketing budget prioritize highperforming channels allocate funds based on ROI and continually measure performance to adjust strategies.
Business,Marketing,hard,How do you calculate customer acquisition cost CAC,Customer acquisition cost is calculated by dividing the total cost of marketing and sales efforts by the number of new customers acquired.
Business,Marketing,hard,What are the main stages of the customer journey,The main stages are Awareness Consideration and Decision. Some models include additional stages like Retention and Advocacy.
Business,Marketing,hard,What is an omnichannel strategy in marketing,An omnichannel strategy provides a seamless and integrated customer experience across multiple channels both online and offline.
Business,Marketing,hard,How do you incorporate customer feedback into your marketing strategies,By using customer feedback to adjust product offerings improve customer experiences and finetune marketing messages.
Business,Marketing,hard,Describe a time you failed in a marketing role. How did you handle it and what did you learn,In one instance a campaign I led underperformed due to poor audience targeting. I took responsibility analyzed the data and identified the issue. I then retargeted the campaign which improved its performance by 30%. This taught me the importance of thorough audience research and testing before launching campaigns.
Business,Marketing,hard,Describe a time you faced a significant challenge in your marketing career. How did you overcome it,In a previous role I faced a challenge where a campaign was underperforming despite initial positive feedback. I conducted a thorough analysis of the data identified gaps in targeting and reallocated the budget to more effective channels. By making datadriven adjustments the campaign ultimately exceeded its goals.
Business,Marketing,hard,How do you manage the launch of a new product,Managing a new product launch involves several key steps: 1 Conducting market research to understand the target audience 2 Developing a comprehensive marketing plan that includes prelaunch buzz launch events and postlaunch followups 3 Coordinating with crossfunctional teams to ensure alignment and 4 Monitoring performance metrics to make realtime adjustments.
Business,Marketing,hard,Imagine you have data that suggests a client's audience doesn't use social media. Would you still recommend leveraging these channels,If data shows the audience isnt active on social media I would recommend focusing on channels where they are present such as email or search engines. However I might suggest a small test campaign on social media to validate the data and explore potential opportunities.
Business,Marketing,hard,What is a marketing dashboard and how is it used,A marketing dashboard is a tool that visualizes key performance indicators KPIs and metrics allowing marketers to monitor the success of campaigns and strategies.
Business,Marketing,hard,What is customer relationship management CRM,CRM is a strategy for managing a company's interactions with current and potential customers often through the use of software to streamline communication and improve customer service.
Business,Marketing,hard,How would you measure the effectiveness of a content marketing strategy,By tracking metrics such as traffic engagement rates lead generation conversion rates and ROI.
Business,Marketing,hard,How do you measure brand awareness,Brand awareness is measured through surveys social media engagement website traffic and brand recall studies.
Business,Marketing,hard,What is multichannel marketing,Multichannel marketing involves using multiple platforms to reach customers ensuring a consistent brand experience across all touchpoints.
Business,Marketing,hard,How do you manage a marketing team effectively,By setting clear goals maintaining open communication fostering creativity and providing regular feedback and support.
Business,Marketing,hard,How do you approach integrated marketing communications IMC,IMC involves aligning all marketing channels and messages to create a cohesive and consistent brand experience for the customer.
Business,Marketing,hard,What is a brand audit and why is it important,A brand audit is a comprehensive review of a brands current position in the market. It is essential for identifying strengths weaknesses and areas for improvement.
Business,Marketing,hard,Tell me about a time when you had a serious conflict with a coworker or manager. How did you handle the situation What was the result,I once disagreed with a manager on a campaign direction. I presented data to support my perspective and proposed a compromise. We tested both approaches and my strategy yielded better results. This experience strengthened our working relationship and improved decisionmaking processes.
Business,Marketing,hard,Were planning to launch a new product in six months. Outline your approach to developing its marketing plan.,First I would conduct market research to understand the target audience and competitors. Next Id define clear objectives and KPIs. Then Id develop a multichannel strategy including social media email marketing and influencer partnerships. Finally Id create a timeline allocate resources and monitor performance to make adjustments as needed.
Business,Marketing,hard,Tell me about a time you used datadriven insights to influence a marketing strategy.,In a previous role I analyzed customer behavior data and discovered that email open rates were highest on Tuesdays. I shifted our email campaigns to Tuesdays resulting in a 20% increase in clickthrough rates and a 15% boost in conversions.
Business,Marketing,hard,What is a marketing funnel and how does it work,A marketing funnel represents the customer journey from awareness to decisionmaking guiding them toward making a purchase.
Business,Marketing,hard,How do you calculate ROI for a marketing campaign,ROI is calculated by dividing the revenue generated by the campaign by the cost of the campaign and then multiplying by 100.
Business,Marketing,hard,How would you define content curation in marketing,Content curation is the process of finding organizing and sharing relevant thirdparty content to engage an audience.
Business,Marketing,hard,What is the significance of customer segmentation,Customer segmentation enables businesses to target specific groups with tailored messaging increasing the effectiveness of marketing strategies.
Business,Marketing,hard,How do you evaluate the effectiveness of a social media campaign,The effectiveness of a social media campaign is evaluated through metrics such as engagement rate clickthrough rate CTR conversions and overall return on investment ROI.
Business,Marketing,hard,What is the difference between direct marketing and relationship marketing,Direct marketing involves sending personalized messages to individuals to drive immediate action while relationship marketing focuses on building longterm customer relationships.
Business,Marketing,hard,What is an attribution model in marketing,An attribution model is a framework for determining how credit for a sale or conversion is assigned to different touchpoints in the customer journey.
Business,Marketing,hard,What is content strategy and how do you develop one,A content strategy defines how content will be created published and measured to align with business goals. It includes target audience research content types and a distribution plan.
Business,Marketing,hard,What are the main metrics used to measure digital marketing success,Key metrics include website traffic conversion rates bounce rates clickthrough rates CTR return on investment ROI and customer lifetime value CLV.
Business,Marketing,hard,What is the role of data visualization in marketing,Data visualization helps marketers present complex data in easytounderstand charts or graphs aiding in decisionmaking and strategy development.
Business,Marketing,hard,What is the significance of customer journey mapping in marketing,Customer journey mapping helps visualize the steps customers take from awareness to purchase allowing businesses to optimize the experience and improve conversions.
Business,Marketing,hard,What is customer churn,Customer churn is the rate at which customers stop doing business with a company often used as a key metric to assess customer retention and satisfaction.
Business,Marketing,hard,What is the role of artificial intelligence AI in customer service,AI helps improve customer service by automating responses personalizing interactions predicting customer needs and providing realtime support through chatbots and virtual assistants.
Business,Marketing,hard,What is a cohort analysis,Cohort analysis involves analyzing the behaviors of a specific group of users or customers over a set period to understand patterns and trends.
Business,Marketing,hard,How would you improve our most recent marketing campaign,To improve your recent campaign I would analyze its performance metrics to identify gaps such as low engagement or conversion rates. Id suggest A/B testing different creatives refining the target audience and incorporating more personalized content to enhance relevance and effectiveness.
Business,Marketing,hard,What is marketing attribution,Marketing attribution is the process of determining which marketing channels or touchpoints contributed to a customer's decision to make a purchase helping optimize marketing strategies.
Business,Marketing,hard,How do you manage a brand's online reputation,Managing a brand's online reputation involves monitoring online reviews responding to customer feedback maintaining a positive social media presence and addressing any negative publicity swiftly.
Business,Marketing,hard,How do you determine a target audience,A target audience is determined through demographic psychographic and behavioral research to identify the group most likely to purchase a product or service.
Business,Marketing,hard,How does machine learning apply to marketing,Machine learning helps marketers analyze customer data predict behavior personalize content and optimize marketing campaigns in realtime.
Business,Marketing,hard,What is programmatic advertising,Programmatic advertising uses automation to buy digital ads and target them to specific audiences optimizing in realtime based on data and algorithms.
Business,Marketing,hard,What is the significance of segmentation in marketing,Segmentation allows marketers to tailor their strategies to specific groups within a target audience increasing relevance and improving ROI.
Business,Marketing,hard,What is the difference between qualitative and quantitative content analysis,Qualitative content analysis focuses on interpreting textual content identifying themes and meanings while quantitative content analysis involves counting and analyzing patterns in the content.
Business,Marketing,hard,What is the role of artificial intelligence in marketing,Artificial intelligence in marketing helps automate processes personalize customer experiences analyze data predict trends and optimize campaigns.
Business,Marketing,hard,What is behavioral targeting in digital marketing,Behavioral targeting is the practice of using customer behavior data such as browsing history or previous purchases to deliver personalized ads and content.
Business,Marketing,hard,What is a marketing attribution model,A marketing attribution model determines how credit for conversions is assigned to various marketing channels or touchpoints across the customer journey.
Business,Marketing,hard,What is customer segmentation in digital marketing,Customer segmentation in digital marketing divides a market into distinct groups based on demographics behaviors or interests to tailor personalized campaigns.
Business,Marketing,hard,What is a product bundling strategy,Product bundling is a marketing strategy where multiple products are packaged together and sold as a single unit often at a discounted price.
Business,Marketing,hard,What is the importance of A/B testing in marketing,A/B testing allows marketers to compare two versions of a campaign such as a landing page or email to determine which performs better and optimize future efforts.
Business,Marketing,hard,What is the difference between a push and pull marketing strategy,A push marketing strategy pushes products to customers through promotions and sales tactics while a pull marketing strategy attracts customers by creating demand through content and brand awareness.
Business,Marketing,hard,Imagine your metrics from different platforms contradict each other. What would you do,I would first verify the accuracy of the data by checking for tracking errors or discrepancies. Then Id analyze the context of each platform to understand why metrics differ. Finally Id focus on the overarching campaign goals to determine which metrics are most relevant.
Business,Marketing,hard,Can you tell me about a time you set a goal developed a strategy and established benchmarks,In a previous role I set a goal to increase social media engagement by 30%. I developed a strategy that included posting frequency optimization audience segmentation and A/B testing. Benchmarks were established using historical data and we achieved a 35% increase within three months.
Business,Marketing,hard,What is the difference between conversion rate optimization CRO and A/B testing,CRO focuses on improving the overall conversion rate by optimizing various elements on a website or landing page while A/B testing compares two versions of a specific element to determine which one performs better.
Business,Human Resources,hard,What HR initiatives can help prevent employee disengagement during company downsizing,Providing transparent communication offering career transition support and ensuring remaining employees feel valued and secure.
Business,Marketing,hard,What is the customer decision journey,The customer decision journey describes the process customers go through when making a purchase decision including stages such as awareness consideration and decisionmaking.
Business,Marketing,hard,How can you use data analytics in marketing,By analyzing customer behavior tracking campaign performance optimizing strategies and making datadriven decisions to improve ROI.
Business,Human Resources,hard,How should HR handle situations where employees express concerns about unethical behavior in the company,By implementing anonymous reporting systems ensuring confidentiality and conducting thorough investigations into complaints.
Business,Human Resources,hard,How would you address a situation where an employee claims their pay is unfair compared to their colleagues,I would review compensation structures assess performance metrics and ensure pay equity within company policies.
Business,Human Resources,hard,How would you address concerns about a lack of salary transparency in an organization,By conducting a salary audit presenting fair compensation benchmarks and promoting open discussions on pay equity.
Business,Human Resources,hard,How would you approach a situation where an employee claims they were overlooked for a promotion due to discrimination,I would conduct a fair and thorough investigation review promotion criteria and ensure company policies on equal opportunities are upheld.
Business,Human Resources,hard,How would you approach a situation where employees are hesitant to report workplace harassment due to fear of retaliation,I would reinforce antiretaliation policies provide confidential reporting channels and build trust through proactive HR engagement.
Business,Human Resources,hard,How would you deal with an employee who consistently disregards workplace etiquette and professionalism,I would provide feedback set clear behavioral expectations and implement corrective actions if necessary.
Business,Human Resources,hard,How would you design an HR strategy for a company undergoing a major restructuring,I would assess workforce impact develop clear communication plans and implement retention and reskilling initiatives.
Business,Human Resources,hard,How would you handle a case where a highperforming employee consistently refuses to follow company policies,I would address the behavior through coaching reinforce the importance of policies and take disciplinary action if needed.
Business,Human Resources,hard,How would you handle a scenario where multiple employees complain about an unfair workload distribution,I would assess workload data gather employee feedback and work with management to redistribute tasks fairly.
Business,Human Resources,hard,How would you handle a senior manager who bypasses HR policies for hiring their preferred candidates,I would explain the importance of fair hiring reinforce policies and collaborate to ensure compliance without resistance.
Business,Human Resources,hard,How would you handle a situation where a critical employee is poached by a competitor,I would conduct a retention review assess counteroffer feasibility and strengthen succession planning strategies.
Business,Human Resources,hard,How would you handle a situation where a longterm employee is struggling with job performance due to industry changes,I would provide retraining offer mentoring and explore role adjustments if necessary.
Business,Human Resources,hard,How would you handle a situation where a senior executive ignores HRâs recommendations,I would present datadriven insights escalate concerns strategically and seek leadership alignment on key HR decisions.
Business,Human Resources,hard,How would you handle a situation where a senior executive is consistently dismissive of HR recommendations,I would present datadriven insights highlight business risks and engage other stakeholders to support HRâs position.
Business,Human Resources,hard,How would you handle a situation where an employee accuses HR of favoritism,I would ensure an impartial investigation address concerns transparently and reinforce HRâs role as a neutral body.
Business,Human Resources,hard,How would you handle a situation where an employee has made a false accusation against their manager,I would conduct a thorough investigation ensure fairness and take appropriate disciplinary action if needed.
Business,Human Resources,hard,How do you handle a situation where an employee files a complaint against HR itself,I would ensure an impartial investigation involve a neutral third party if needed and address the complaint transparently.
Business,Human Resources,hard,How do you handle a situation where an employee is caught spreading false rumors about a colleague,I would investigate the situation address the behavior directly and reinforce professional workplace conduct.
Business,Human Resources,hard,How do you handle a whistleblower complaint in the workplace,I would ensure confidentiality conduct a thorough investigation and implement necessary actions to address the issue while protecting the whistleblower.
Business,Human Resources,hard,How do you handle an HR policy that is outdated but still enforced by leadership,I would present data on its impact suggest updates and work with leadership for a practical policy revision.
Business,Human Resources,hard,How do you handle an HR policy violation by a senior manager,I would ensure a fair investigation document findings and recommend disciplinary action based on company policies.
Business,Human Resources,hard,How do you handle difficult conversations with employees such as poor performance or termination,By preparing facts maintaining professionalism offering support and being transparent while showing empathy.
Business,Human Resources,hard,How do you handle employees who feel undervalued despite receiving competitive salaries,I would explore recognition programs career growth opportunities and workplace engagement initiatives.
Business,Human Resources,hard,How would you respond if employees resist a new HR technology implementation,By providing training addressing concerns proactively and demonstrating the system's benefits.
Business,Human Resources,hard,How would you respond if an employee refuses to participate in mandatory HR training,I would explain the trainingâs importance address concerns and if necessary escalate compliance enforcement.
Business,Human Resources,hard,How would you respond if a key employee submits a resignation during a critical company project,I would conduct an exit discussion explore retention options and develop a transition plan to minimize project disruptions.
Business,Human Resources,hard,How would you manage employee layoffs while maintaining workplace morale,I would communicate changes transparently provide outplacement support and ensure remaining employees feel secure.
Business,Human Resources,hard,What HR strategies can be used to support business growth,Workforce planning optimizing hiring processes leadership development and aligning HR goals with business expansion.
Business,Human Resources,hard,What HR strategies can improve employee wellbeing in highstress work environments,Providing wellness initiatives flexible work arrangements and access to mental health resources.
Business,Human Resources,hard,What actions would you take if a company's compensation structure is outdated compared to industry standards,I would conduct a market analysis present findings to leadership and recommend competitive pay adjustments.
Business,Human Resources,hard,What are the best practices for integrating newly acquired employees into a company postmerger,Aligning company cultures providing clear communication offering integration training and ensuring fair transition policies.
Business,Human Resources,hard,What are the biggest challenges in developing leadership succession plans,Identifying potential leaders early balancing internal promotions with external hiring and ensuring leadership development aligns with business goals.
Business,Human Resources,hard,What are the biggest challenges in managing a remote workforce and how do you address them,Challenges include communication gaps performance tracking and maintaining engagement. Solutions involve regular checkins digital collaboration tools and clear remote work policies.
Business,Human Resources,hard,What are the biggest challenges of implementing a global HR strategy,Cultural differences compliance with local labor laws language barriers and diverse employee expectations.
Business,Human Resources,hard,What are the key challenges in integrating HR technology across multiple business locations,Challenges include system compatibility data security user adoption and compliance with regional regulations.
Business,Human Resources,hard,What are the risks of failing to address toxic workplace behaviors,Increased turnover reduced productivity reputational damage and potential legal consequences.
Business,Human Resources,hard,What challenges might arise when implementing a hybrid work model and how do you address them,Challenges include maintaining collaboration ensuring fairness in promotions and addressing technology gaps. Solutions involve clear remote work policies regular checkins and equitable access to career growth opportunities.
Business,Human Resources,hard,What challenges might arise when implementing a remote work policy and how would you address them,Challenges include communication gaps accountability issues and security concerns. Solutions involve clear guidelines technology support and performance tracking.
Business,Human Resources,hard,How do you handle situations where two employees are involved in a personal conflict that affects work productivity,I would mediate a discussion set expectations for professionalism and monitor progress to ensure resolution.
Business,Human Resources,hard,What challenges might arise when implementing an employee recognition program and how do you address them,Challenges include inconsistent application lack of leadership buyin and budget constraints. Address them by ensuring fairness training managers and leveraging costeffective recognition strategies.
Business,Human Resources,hard,How would you handle a situation where an employee refuses to comply with updated HR policies,I would explain the importance of compliance offer additional training if needed and take appropriate disciplinary action if necessary.
Business,Human Resources,hard,How would you handle a situation where an employee repeatedly questions HRâs authority in public settings,I would address concerns privately reinforce HRâs role and ensure mutual respect between HR and employees.
Business,Human Resources,hard,How would you handle a situation where an employee with a critical role submits their resignation without a notice period,I would try to negotiate a transition plan document key responsibilities and ensure knowledge transfer as quickly as possible.
Business,Human Resources,hard,How would you handle a situation where employees feel companywide decisions are made without transparency,I would advocate for improved internal communication encourage leadership transparency and establish employee feedback forums.
Business,Human Resources,hard,How would you handle an employee requesting an unscheduled pay advance due to a personal emergency,I would review company policies explore alternative financial support options and balance company interests with employee needs.
Business,Human Resources,hard,How would you handle an incident where an employee is caught violating workplace confidentiality,I would assess the severity follow company policies and determine the appropriate disciplinary action while reinforcing confidentiality expectations.
Business,Human Resources,hard,How would you implement an HR analytics system to improve workforce planning,I would use datadriven insights to track hiring trends predict turnover risks and optimize talent management strategies.
Business,Human Resources,hard,How would you integrate AI and automation in HR processes,Using AI for resume screening employee engagement analysis chatbots for HR queries and predictive analytics for workforce planning.
Business,Human Resources,hard,How would you manage HR challenges during a company downsizing,I would ensure legal compliance provide employee support programs and communicate transparently with affected staff.
Business,Human Resources,hard,How would you manage a situation where a highly skilled employee is disengaged and unmotivated,I would hold a private conversation identify underlying concerns and offer solutions such as new projects or career development options.
Business,Human Resources,hard,How would you manage conflicts between HR policies and evolving labor laws,By staying informed on legal updates consulting legal experts and revising company policies accordingly.
Business,Human Resources,hard,How would you handle a situation where an employee is suspected of misusing company resources,I would conduct a confidential investigation gather evidence and follow company disciplinary procedures based on findings.
Business,Human Resources,hard,How do you handle workplace bullying allegations,Conduct a confidential investigation enforce antibullying policies provide mediation and implement disciplinary measures if necessary.
Business,Human Resources,hard,How do you manage confidential employee complaints while ensuring a fair investigation process,By maintaining confidentiality following structured investigation procedures and ensuring unbiased decisionmaking.
Business,Human Resources,hard,How do you manage conflicting interests between employees and senior management,By acting as a mediator facilitating open discussions and ensuring fair policy enforcement for all parties.
Business,Human Resources,hard,An employee refuses to comply with company vaccination or health policy requirements. How do you handle this,I would review legal implications discuss alternatives with the employee and ensure compliance with company policies while considering reasonable accommodations.
Business,Human Resources,hard,An employee reports being micromanaged and feels demotivated. How do you address this,I would discuss expectations with both parties coach the manager on leadership approaches and monitor improvements.
Business,Human Resources,hard,An employee reports feeling undervalued despite good performance. How do you respond,I would acknowledge their concern discuss career progression and explore recognition programs or incentives.
Business,Human Resources,hard,An employee reports that their manager is taking credit for their work. How do you handle this,I would investigate the claim facilitate a conversation and ensure proper recognition is given to the employee.
Business,Human Resources,hard,An employee reports unethical behavior by a highlevel executive. How do you proceed,I would ensure confidentiality conduct a thorough investigation and enforce company policies without bias.
Business,Human Resources,hard,An employeeâs productivity has significantly declined after a workplace incident. How do you address this,I would have a confidential discussion offer support resources and explore potential accommodations if necessary.
Business,Human Resources,hard,An executive frequently bypasses HR in decisionmaking. How would you address this,I would have a direct conversation to align HR's strategic role reinforce policy adherence and ensure collaboration with leadership.
Business,Human Resources,hard,How can HR contribute to corporate social responsibility initiatives,By implementing ethical policies encouraging volunteer work and promoting sustainability efforts.
Business,Human Resources,hard,How do you approach a situation where a companywide policy is viewed as outdated or ineffective,I would collect employee feedback analyze industry trends and work with leadership to revise policies that align with current best practices.
Business,Human Resources,hard,A senior employee is resistant to adopting new technology required for their role. How do you handle this,I would provide additional training highlight the benefits and offer transitional support to ensure smooth adoption.
Business,Human Resources,hard,An employee accuses HR of not handling harassment complaints seriously. How do you rebuild trust,I would ensure transparency in processes conduct an internal review of past cases and reinforce HRâs commitment to a safe workplace.
Business,Human Resources,hard,An employee is spreading misinformation about company policies. How do you handle it,I would correct the misinformation privately reinforce accurate policy details and address any concerns openly.
Business,Human Resources,hard,An employee accuses a manager of favoritism. How do you investigate,By collecting objective evidence interviewing affected parties and ensuring fair application of policies.
Business,Human Resources,hard,An employee claims their promotion was unfairly denied. How would you investigate this complaint,I would review the promotion process compare performance data interview stakeholders and ensure transparency in decisions.
Business,Human Resources,hard,An employee claims their recent performance review was biased. How do you address their concerns,I would review the evaluation process gather feedback from multiple sources and ensure the review was conducted fairly.
Business,Human Resources,hard,An employee complains that their performance evaluation was biased. How do you ensure fairness in performance reviews,I would review evaluation criteria compare feedback consistency and provide additional manager training on unbiased assessments.
Business,Human Resources,hard,An employee consistently challenges company policies in front of colleagues. How do you address this,I would have a private discussion with the employee to understand their concerns clarify policy intentions and set expectations for professional conduct.
Business,Human Resources,hard,An employee consistently misses deadlines affecting their teamâs performance. How would you handle this,I would have a performance discussion identify underlying causes and implement an improvement plan with clear expectations.
Business,Marketing,hard,How will you boost Facebooks reach,To boost Facebook reach I would create engaging shareable content use Facebook Ads to target specific audiences and post consistently at optimal times. Collaborating with influencers and running contests can also increase visibility.
Business,Marketing,hard,How do you handle marketing for a new product launch,By conducting market research defining the target audience creating promotional content and executing multichannel campaigns.
Business,Marketing,hard,What is conversion rate optimization CRO,The process of increasing the percentage of users who take a desired action on a website.
Business,Marketing,hard,How do you create a successful marketing strategy,By understanding the target audience setting clear objectives using datadriven insights and executing campaigns across the right channels.
Business,Marketing,hard,How do you optimize a website for SEO,By improving site structure using relevant keywords optimizing meta tags creating highquality content and earning backlinks.
Business,Marketing,hard,How do you handle negative feedback or a public relations crisis,By addressing the issue promptly responding transparently taking corrective action and maintaining a positive brand image through effective communication.
Business,Human Resources,hard,An employee alleges that HR is not impartial in handling internal conflicts. How do you restore confidence in HR,I would review recent cases ensure transparency reinforce HRâs neutrality and implement an anonymous feedback system.
Business,Marketing,hard,What is a positioning statement,A positioning statement is a short clear statement that defines how a brand wants to be perceived in the market relative to competitors and the target audience.
Business,Human Resources,hard,An employee is resistant to a change in company policies and is influencing others. How do you address this,I would communicate the rationale behind the change listen to concerns and ensure leadership alignment in policy enforcement.
Business,Human Resources,hard,An employee is consistently rude to coworkers but claims their behavior is unintentional. How do you address this,I would discuss their behavior privately provide behavioral coaching and set clear expectations for workplace conduct.
Business,Human Resources,hard,How do you manage employee expectations when a company is undergoing financial difficulties,By maintaining transparent communication offering reassurance where possible and exploring costeffective support solutions.
Business,Human Resources,hard,How do you manage succession planning for executive roles,By assessing leadership potential developing tailored growth plans and ensuring a talent pipeline for key positions.
Business,Human Resources,hard,How do you manage the risk of legal disputes related to HR policies,By ensuring clear documentation maintaining compliance and providing legal training for HR teams.
Business,Human Resources,hard,How do you manage workforce planning in a rapidly growing company,By forecasting talent needs developing succession plans and implementing scalable hiring strategies.
Business,Human Resources,hard,How does HR play a role in preventing unconscious bias in hiring,By using structured interviews diverse hiring panels and implementing blind resume screening.
Business,Human Resources,hard,How do you approach a situation where employees feel their compensation is not competitive,I would conduct a market analysis present data to leadership and explore nonmonetary benefits to enhance compensation packages.
Business,Human Resources,hard,How do you approach handling a pay dispute between two employees with similar roles but different salaries,By reviewing salary structures ensuring pay equity and communicating transparently with both employees about company policies.
Business,Human Resources,hard,How do you approach integrating employees after a company merger,By aligning policies facilitating communication and ensuring cultural integration to minimize disruption.
Business,Human Resources,hard,How do you approach leadership development within an organization,By implementing mentorship programs leadership training and performancebased succession planning.
Business,Human Resources,hard,How do you assess and improve diversity hiring metrics,By analyzing recruitment data ensuring diverse candidate pipelines and removing bias from job descriptions and interview processes.
Business,Human Resources,hard,How do you balance maintaining company culture while integrating new leadership hires,I would ensure onboarding includes cultural immersion facilitate leadership workshops and encourage collaboration with existing teams.
Business,Human Resources,hard,An employee is excelling in their role but lacks leadership skills for a promotion. How do you address this,I would provide leadership training offer mentorship opportunities and create a development plan tailored to their growth.
Business,Human Resources,hard,How do you create a competencybased hiring framework,By defining jobspecific competencies using structured assessments and incorporating behavioral interviews to evaluate candidate fit.
Business,Human Resources,hard,How do you ensure compliance with labor laws when expanding operations into a new country,I would consult legal experts review local labor laws and adapt company policies to align with regional regulations.
Business,Human Resources,hard,How do you ensure confidentiality when handling sensitive employee investigations,By limiting access to case details maintaining secure documentation and ensuring unbiased and discreet investigations.
Business,Human Resources,hard,How do you ensure fair pay equity within an organization,By conducting salary audits implementing transparent pay structures and addressing wage gaps proactively.
Business,Human Resources,hard,How do you ensure fairness when dealing with HR policy exceptions requested by senior leadership,By documenting all requests evaluating risks and maintaining consistency in decisionmaking while aligning with company policies.
Business,Human Resources,hard,How do you ensure that company culture remains strong during periods of rapid growth,By reinforcing core values maintaining leadership alignment and onboarding new employees with a cultural focus.
Business,Human Resources,hard,How do you ensure that performance appraisals are not biased,By implementing structured evaluations training managers on unbiased assessments and using 360degree feedback methods.
Business,Human Resources,hard,How do you handle a scenario where an employee claims their job responsibilities have increased without a corresponding salary adjustment,I would review the job description assess market compensation and discuss options with leadership for fair pay adjustments.
Business,Human Resources,hard,How do you handle a situation where a top performer is disrupting team dynamics due to an aggressive work style,I would address the behavior through coaching reinforce teamwork expectations and provide leadership training if necessary.
Business,Human Resources,hard,An employee has reported that their direct manager is not following HR policies. How would you handle this,I would investigate the complaint ensure confidentiality and take corrective action if necessary while reinforcing HR policies with management.
Business,Human Resources,hard,An employee has requested to work remotely indefinitely citing personal reasons. How do you evaluate this request,I would review company policies assess job feasibility for remote work and discuss potential compromises with the employee.
Business,Human Resources,hard,An employee is caught violating workplace ethics but is a top performer. How would you handle the situation,I would ensure fairness by investigating the issue applying company policies and balancing performance with ethical standards.
Business,Human Resources,hard,How do you create a leadership development pipeline,By identifying highpotential employees providing mentorship programs and offering targeted leadership training.
Business,Finance,hard,How do you determine the discount rate in a DCF model,I determine the discount rate based on the companys weighted average cost of capital considering market risk and financial leverage.
