Category,Specialty,Difficulty,Question,Answer
Medical,Dentist,easy,A patient arrives late for her appointment. Tell me how you would handle that situation.,"I would accommodate them if possible, but if it disrupts other appointments, I would reschedule politely."
Medical,Doctor,easy,What are your career goals?,"To become a skilled physician, contribute to patient care, and advance medical research."
Medical,Doctor,easy,What are your favorite medical sources?,Mention trusted medical journals and resources.
Medical,Doctor,easy,What are your long-term career goals?,"To improve patient care, contribute to research, mentor others."
Medical,Doctor,easy,What are your long-term career goals?,To specialize in a field I’m passionate about and contribute to both patient care and research.
Medical,Doctor,easy,What do you like to do for fun?,"I enjoy [hobbies, e.g., hiking, playing music, reading] as they help me relax and maintain a balanced lifestyle."
Medical,Doctor,easy,"What does COVID-19 stand for, how to prevent it, and where did it start?","COVID-19 stands for Coronavirus Disease 2019. It is caused by the SARS-CoV-2 virus. Prevention includes wearing masks, maintaining social distancing, frequent handwashing, and vaccination. The virus was first identified in Wuhan, China, in December 2019."
Medical,Doctor,easy,What does SABA stand for?,SABA stands for Short-Acting Beta Agonist. It is used as a quick-relief medication in conditions like asthma to relieve bronchospasm.
Medical,Doctor,easy,What factors make a training program excellent?,"Structured curriculum, strong mentorship, clinical exposure."
Medical,Doctor,easy,What fellowship will you choose?,I will explore my options during residency.
Medical,Doctor,easy,What goals would you like to achieve by the end of residency?,"I aim to become a competent physician, develop strong procedural skills, and build meaningful mentor-mentee relationships."
Medical,Doctor,easy,What is the most important lesson you've learned from shadowing a doctor?,The importance of patient-centered care and effective communication.
Medical,Doctor,easy,What are you hoping to get from us as your residency program if you are accepted?,"I hope to gain excellent clinical training, strong mentorship, and opportunities to contribute through research and teaching."
Medical,Doctor,easy,What is your class rank?,"While my medical school does not formally rank students, I have consistently performed in the top [percentage] of my class, excelling in [specific subjects or clerkships]."
Medical,Nurse,easy,How do you approach patient education?,"I use simple language, visual aids, and ensure they understand."
Medical,Nurse,easy,How do you build rapport with patients and their families?,"I take the time to introduce myself, actively listen, and show genuine empathy. I involve them in the care process, answer their questions honestly, and make sure they feel valued and respected."
Medical,Nurse,easy,How do you comfort a patient who is fearful of a procedure?,"I provide clear explanations, answer questions, and offer emotional support."
Medical,Nurse,easy,How do you keep patients comfortable?,"By adjusting their environment, addressing their needs, and offering reassurance."
Medical,Nurse,easy,How do you maintain professional boundaries with patients?,I provide compassionate care while keeping interactions professional.
Medical,Nurse,easy,How do you prepare for a shift change report?,"I review patient charts, communicate clearly, and provide essential updates."
Medical,Nurse,easy,How do you prepare for a shift?,"I review patient reports, organize my tasks, and plan accordingly."
Medical,Nurse,easy,How do you respond to a patient’s complaint?,"I listen, address their concerns, and escalate if necessary."
Medical,Nurse,easy,How do you stay organized during a busy shift?,"I use a checklist, prioritize tasks, and stay flexible."
Medical,Nurse,easy,How do you support a newly hired nurse?,"I offer guidance, answer questions, and encourage confidence."
Medical,Nurse,easy,How do you support a patient who is grieving?,"I listen, offer empathy, and provide resources for emotional support."
Medical,Doctor,easy,What kind of learner are you?,"I am a [visual/auditory/kinesthetic] learner. I find that [specific method] helps me retain information best, which I applied during medical school by [study strategy]."
Medical,Nurse,easy,What do you do if a coworker asks for help during your busy shift?,I assist if possible or communicate when I’ll be available.
Medical,Doctor,easy,What are the three most important things you look for in a future job?,"Good work-life balance, opportunity for career growth, and a supportive team."
Medical,Doctor,easy,Why this center?,"Good patient care, advanced systems, diverse case exposure."
Medical,Doctor,easy,Did you take a course to prepare for your USMLEs? (IMG),"Yes, I took [course name] to supplement my independent study. The structured approach helped me solidify my knowledge and improve my test-taking strategies."
Medical,Doctor,easy,Do you envision yourself working rurally or in an urban setting?,I am open to both but am particularly interested in working in an underserved urban area.
Medical,Doctor,easy,Do you want to be involved in teaching during residency? And why?,"Yes, to share knowledge and help train the next generation of doctors."
Medical,Doctor,easy,How do you ensure good teamwork in a medical setting?,"Effective communication, collaboration, and mutual respect among team members."
Medical,Doctor,easy,How do you handle stress and pressure?,"By staying organized, prioritizing tasks, and maintaining a healthy work-life balance."
Medical,Doctor,easy,How do you stay informed about medical advancements?,"Reading medical journals, attending conferences, and following reputable health news sources."
Medical,Doctor,easy,How would you explain your low grades?,"I was proactive in attending various activities. Low grades don't reflect my true aspirations, so I used this as motivation to be stronger, and here I am today."
Medical,Doctor,easy,How would your best friend describe you?,It’s difficult to speak for someone else. Every person has their own way and method of describing others.
Medical,Doctor,easy,"If you could change anything about your education, what would it be and why?",Not really. I’m happy with everything that happened because it made me who I am right now.
Medical,Doctor,easy,Most common cause of bronchiolitis? Other causes?,The most common cause of bronchiolitis is Respiratory Syncytial Virus (RSV). Other causes include rhinovirus and adenovirus.
Medical,Doctor,easy,Obesity definition?,"Obesity is defined as having an excessive amount of body fat, commonly assessed using the body mass index (BMI) where a BMI of 30 or higher is considered obese."
Medical,Doctor,easy,Tell us about yourself?,"Brief introduction including name, education, and key achievements."
Medical,Doctor,easy,Rate yourself out of 10.,"I don’t like to give myself a high rating. People may see things in me that I don’t see. Nobody is perfect, so I’d say 7."
Medical,Doctor,easy,What kind of personalities do you not like?,"Those who don’t respect their colleagues and patients, or who humiliate others to make themselves or others laugh."
Medical,Doctor,easy,What organizations do you belong to?,"I am an active member of [organizations], where I have participated in [specific activities or leadership roles]."
Medical,Doctor,easy,What qualities do you think are essential for a good doctor?,"Empathy, communication skills, resilience, and a strong work ethic."
Medical,Doctor,easy,What questions do you have about the program?,I would love to learn more about the mentorship structure and research opportunities available to residents.
Medical,Doctor,easy,When will you get married?,"Right now, I’m not thinking about marriage, but I might consider it after finishing my board exams or during my senior years."
Medical,Doctor,easy,Who is your idol in life?,A mentor or leader who exemplifies excellence in their field.
Medical,Doctor,easy,Why did you choose this specialty?,Personal interest and relevant skills matching the specialty.
Medical,Doctor,easy,Why do you want to come to this program?,"Your program offers excellent training, mentorship, and a diverse patient population, which aligns with my goals."
Medical,Doctor,easy,Why do you want to enter this specialty?,"I am passionate about [specialty] due to its blend of clinical reasoning, hands-on procedures, and direct patient impact."
Medical,Doctor,easy,Why do you want to pursue a career in medicine?,A passion for science and a commitment to helping others.
Medical,Doctor,easy,Why is empathy important in medicine?,"It builds trust, improves patient compliance, and enhances overall care."
Medical,Doctor,easy,What kind of patients do you find difficult to relate to?,Aggressive patients.
Medical,Doctor,easy,Define empathy OR Define patient-centered care.,"Empathy is the ability to understand and share a patient’s feelings, ensuring compassionate, individualized care."
Medical,Nurse,easy,What do you do if a family member asks for medical advice?,I provide general education but refer them to the physician for specific concerns.
Medical,Nurse,easy,What do you do if a patient is not following dietary restrictions?,I educate them on the importance and inform the care team if needed.
Medical,Nurse,easy,How do you handle workplace gossip or drama?,"I stay professional, avoid engaging, and focus on patient care."
Medical,Nurse,easy,How do you help a patient who is afraid of a procedure?,"I explain the process, answer questions, and provide reassurance."
Medical,Pharmacist,easy,How do HMG-CoA reductase inhibitors lower cholesterol?,"They inhibit cholesterol synthesis in the liver, reducing LDL levels."
Medical,Pharmacist,easy,How do antihistamines work in allergy treatment?,"Antihistamines block histamine receptors, reducing allergic symptoms."
Medical,Pharmacist,easy,How do proton pump inhibitors differ from H2 blockers?,"PPIs provide longer acid suppression compared to H2 blockers, which act more quickly but are less potent."
Medical,Pharmacist,easy,How do proton pump inhibitors help with acid reflux?,They reduce stomach acid production by inhibiting the proton pump in gastric parietal cells.
Medical,Pharmacist,easy,How do you calculate a pediatric dose of medication?,"The dose is often calculated based on weight (mg/kg) or body surface area (BSA). Example: If the dose is 10 mg/kg and the child weighs 20 kg, the dose is 200 mg."
Medical,Pharmacist,easy,How does a diuretic help in managing hypertension?,"Diuretics reduce blood volume by promoting urine output, lowering blood pressure."
Medical,Pharmacist,easy,How does aspirin prevent cardiovascular disease?,"Aspirin inhibits platelet aggregation, reducing the risk of clot formation."
Medical,Pharmacist,easy,How does insulin work in diabetes management?,"Insulin facilitates glucose uptake by cells, lowering blood sugar levels, essential in type 1 diabetes and sometimes in type 2."
Medical,Pharmacist,easy,How would you counsel a patient starting on Metformin?,"Explain its role in diabetes, common side effects like GI upset, and the importance of taking it with food to reduce stomach discomfort."
Medical,Nurse,easy,How do you handle constructive criticism?,I accept it professionally and use it to improve my skills.
Medical,Pharmacist,easy,What are common side effects of statins?,"Common side effects include muscle pain, liver enzyme elevation, and gastrointestinal disturbances."
Medical,Pharmacist,easy,What are the common side effects of opioid analgesics?,"Common side effects include sedation, constipation, respiratory depression, and nausea."
Medical,Pharmacist,easy,What are the common side effects of statins?,"Statins can cause muscle pain, liver enzyme elevation, and gastrointestinal issues."
Medical,Pharmacist,easy,What are the indications for using SSRIs?,"SSRIs are used for depression, anxiety disorders, and obsessive-compulsive disorder."
Medical,Pharmacist,easy,What are the risks of long-term proton pump inhibitor use?,"Risks include osteoporosis, kidney disease, and vitamin B12 deficiency."
Medical,Pharmacist,easy,What are the signs of hypoglycemia and its treatment?,"Signs include dizziness, sweating, confusion; treatment includes glucose administration."
Medical,Pharmacist,easy,What is the difference between generic and brand-name drugs?,"Generic drugs have the same active ingredient, strength, and efficacy as brand-name drugs but are often cheaper."
Medical,Pharmacist,easy,What is the function of anticoagulants?,Anticoagulants prevent blood clot formation and are used in conditions such as atrial fibrillation and deep vein thrombosis.
Medical,Pharmacist,easy,What is the role of diuretics in hypertension?,Diuretics help reduce blood volume and lower blood pressure by increasing urine output.
Medical,Pharmacist,easy,What is the role of pharmacists in medication reconciliation?,Pharmacists ensure accurate and complete medication lists during patient transitions to prevent errors.
Medical,Pharmacist,easy,Why is medication adherence important?,"Adherence ensures effectiveness, reduces complications, and prevents treatment failure."
Medical,Pharmacist,easy,Why is therapeutic drug monitoring important?,"It ensures drug levels remain within the therapeutic range, preventing toxicity and treatment failure."
Medical,Pharmacist,easy,What are the common side effects of ACE inhibitors?,"Common side effects include cough, hyperkalemia, and hypotension."
Medical,Nurse,easy,What do you do if a patient is nervous about a procedure?,"I explain the process, answer questions, and provide reassurance."
Medical,Nurse,easy,How do you handle an upset patient who is crying?,"I offer comfort, listen, and provide emotional support."
Medical,Nurse,easy,How do you handle a patient who is constantly calling for assistance?,"I assess their needs, provide reassurance, and set expectations."
Medical,Nurse,easy,What do you do if a patient refuses to wear compression stockings?,I educate them on the benefits and offer alternatives if possible.
Medical,Nurse,easy,What do you do if a patient wants a second opinion?,I respect their choice and assist with arrangements if needed.
Medical,Nurse,easy,What do you do if you don’t know the answer to a patient’s question?,I let them know I’ll find out and consult reliable resources.
Medical,Nurse,easy,What do you enjoy most about nursing?,I love building relationships with patients and providing compassionate care.
Medical,Nurse,easy,What is your biggest weakness as a nurse?,"I can be a perfectionist, but I’m learning to delegate effectively."
Medical,Nurse,easy,What is your greatest strength as a nurse?,Staying calm under pressure and providing compassionate care.
Medical,Nurse,easy,What steps do you take to prevent falls in patients?,"I ensure call lights are accessible, use bed alarms, and assist as needed."
Medical,Nurse,easy,What would you do if a coworker was struggling on a shift?,"I offer help, assist with tasks, and provide encouragement."
Medical,Nurse,easy,What would you do if a family member requested confidential patient information?,I would follow HIPAA regulations and explain confidentiality policies.
Medical,Nurse,easy,What would you do if a patient needed an interpreter?,I arrange for professional interpretation services to ensure clear communication.
Medical,Nurse,easy,What would you do if a patient was in pain?,I assess their pain level and provide appropriate interventions.
Medical,Nurse,easy,How do you handle a patient who is in distress?,"I stay calm, listen to their concerns, and provide appropriate care."
Medical,Nurse,easy,What would you do if you made a documentation error in a patient’s chart?,"I would correct it according to policy, notify my supervisor, and document the correction."
Medical,Nurse,easy,Why do you want to work at this hospital/clinic?,I admire its reputation for excellent patient care and teamwork.
Medical,Nurse,easy,How do you comfort a patient who is feeling down?,"I listen, offer encouragement, and provide emotional support."
Medical,Nurse,easy,How do you contribute to a positive team culture?,"I maintain a positive attitude, communicate openly, and show appreciation for my colleagues’ efforts. I believe that fostering mutual respect and support creates a healthy and productive team environment."
Medical,Nurse,easy,How do you deal with a coworker who has a different opinion?,I listen to their perspective and work toward a solution.
Medical,Nurse,easy,How do you ensure high-quality patient care?,"I ensure high-quality care by actively listening to my patients, understanding their needs, and providing evidence-based treatments. I stay updated on best practices and work closely with my team to provide comprehensive care."
Medical,Nurse,easy,How do you ensure infection control in daily nursing tasks?,"I follow hand hygiene, PPE use, and isolation protocols."
Medical,Nurse,easy,How do you ensure patient dignity when providing personal care?,"I explain procedures, provide privacy, and involve them in their care."
Medical,Nurse,easy,How do you ensure patients understand discharge instructions?,"I use simple language, provide written instructions, and confirm understanding."
Medical,Nurse,easy,How do you ensure teamwork in a healthcare setting?,"I communicate clearly, support colleagues, and respect all roles."
Medical,Nurse,easy,How do you handle a patient who frequently complains?,"I listen, validate their concerns, and try to address their needs."
Medical,Nurse,easy,How do you handle a patient who is afraid of needles?,"I reassure them, explain the process, and use distraction techniques."
Medical,Nurse,easy,What would you do if you made a small mistake?,"I acknowledge it, correct it immediately, and report it if necessary."
Medical,Doctor,easy,Any international courses?,"Yes, I have a diploma in nutrition from the Shaw Academy in Ireland. It covers the building blocks of nutrition and basics for optimizing good health."
Medical,Nurse,easy,Describe how you maintain patient confidentiality.,"I always follow HIPAA guidelines, ensuring that patient information is only shared with authorized personnel. I’m mindful of where I discuss patient details, even within the hospital, to maintain confidentiality."
Medical,Dentist,easy,How do you handle continuing education requirements and licensure renewals?,I complete required CE courses and stay up to date with regulations.
Medical,Dentist,easy,What methods do you use to track and improve patient satisfaction?,"I collect patient feedback, address concerns promptly, and continuously enhance the patient experience."
Medical,Dentist,easy,What made you choose the dental profession among other careers in the healthcare field?,"I chose dentistry because it combines healthcare, problem-solving, and hands-on work to improve people’s lives."
Medical,Dentist,easy,"What is your favorite dental procedure to perform, and why?","I enjoy restorative procedures because they improve function, aesthetics, and patient confidence."
Medical,Dentist,easy,What is your experience with in-office teeth whitening procedures?,"I have performed various whitening treatments, ensuring safe and effective results for patients."
Medical,Dentist,easy,What is your dental philosophy?,"Prioritize preventive care, patient education, and high-quality treatments."
Medical,Dentist,easy,What do you think makes a great dental assistant?,"A great dental assistant is skilled, organized, has excellent communication, and helps create a comfortable environment for patients."
Medical,Dentist,easy,What do you think is most enjoyable/rewarding about being a dentist?,"Helping patients improve their oral health, relieve pain, and restore confidence in their smiles is the most rewarding part."
Medical,Dentist,easy,What do you like most about dentistry? What do you like the least?,I enjoy helping patients improve their oral health and confidence. The most challenging part is managing patients with severe dental anxiety.
Medical,Dentist,easy,What do you enjoy most about being a dentist?,"I enjoy helping patients achieve healthy, confident smiles and relieving their pain or discomfort."
Medical,Dentist,easy,What do you do if a patient refuses fluoride treatment?,"I explain the benefits of fluoride in preventing decay, but respect their decision and offer alternatives like remineralizing agents."
Medical,Dentist,easy,How do you ensure a positive first impression for new patients?,"I greet them warmly, listen to their concerns, and provide clear explanations to make them feel comfortable."
Medical,Dentist,easy,How do you ensure patients understand their home care instructions?,"I provide clear verbal and written instructions, demonstrate techniques, and answer any questions."
Medical,Dentist,easy,"How do you ensure that you provide equal care to all patients, regardless of their background or financial status?","I treat all patients with the same level of respect and care, offering flexible treatment plans when needed."
Medical,Dentist,easy,How do you explain the importance of oral hygiene to children?,"I use simple language, visual aids, and positive reinforcement to teach children about oral hygiene."
Medical,Dentist,easy,How do you handle constructive criticism?,I welcome feedback as a way to improve and grow professionally.
Medical,Dentist,easy,How do you handle difficult conversations about poor oral hygiene?,"I approach the topic gently, emphasize the importance of good hygiene, and offer guidance on how to improve their oral care routine."
Medical,Dentist,easy,How do you handle patients with a low pain tolerance?,"I use topical anesthetics, gentle techniques, and sedation options to minimize discomfort during procedures."
Medical,Dentist,easy,How do you help patients feel comfortable in the dental chair?,"I use a calm and reassuring approach, explain procedures clearly, and offer sedation or relaxation techniques if needed."
Medical,Dentist,easy,How do you respond if a patient complains about discomfort during a procedure?,"I stop immediately, assess the situation, and adjust the technique or offer additional anesthesia to ensure their comfort."
Medical,Dentist,easy,How long would it take you to complete an extraction?,"The time varies depending on the complexity, but a routine extraction typically takes about 20–30 minutes."
Medical,Dentist,easy,How would you describe your work ethic and approach to practicing dentistry?,"I am patient-focused, detail-oriented, and committed to providing high-quality care with professionalism and compassion."
Medical,Dentist,easy,How would you educate a patient about the importance of regular professional cleanings versus home care?,"I emphasize that professional cleanings remove tartar and plaque that cannot be removed by brushing alone, preventing disease and maintaining oral health."
Medical,Dentist,easy,What are some strategies you use to ensure that patients understand the importance of good oral hygiene at home?,"I demonstrate proper techniques, provide written instructions, and emphasize how home care prevents issues that could require costly or complex treatments."
Medical,Dentist,easy,What are the most common oral health mistakes you see patients making?,"Poor brushing technique, inconsistent flossing, and consuming too many sugary drinks or snacks are the most common issues."
Medical,Dentist,easy,What are you most proud of to date about your dental career?,I am most proud of making a positive impact on patients’ oral health and helping them feel more confident in their smiles.
Medical,Dentist,easy,What are your thoughts on preventive dentistry and patient education?,"Preventive care is key to oral health, and I educate patients on hygiene, diet, and regular check-ups."
Medical,Dentist,easy,What do you do if a patient is unhappy with their cosmetic dental results?,"I listen to their concerns, assess the issue, and work on a satisfactory solution."
Medical,Dentist,easy,What motivates you?,Helping patients achieve better oral health and seeing their confidence grow motivates me.
Medical,Dentist,easy,What qualities do you think make a successful dental practice?,"A successful practice values patient care, efficiency, teamwork, and continuous learning."
Medical,Dentist,easy,What factors do you consider when recommending fluoride treatment for children and adults?,"I consider the patient’s risk for cavities, age, oral hygiene habits, and any existing dental conditions to determine if fluoride treatment would be beneficial."
Medical,Dentist,easy,What steps do you take to ensure pediatric patients feel comfortable in your care?,"I create a friendly and playful environment, use child-friendly language, and involve parents in the process to ease any anxieties."
Medical,Dentist,easy,A patient is frustrated because she had been kept waiting for her appointment. How would you handle that situation?,"I would apologize, explain the delay, and ensure they are seen as soon as possible while making them comfortable."
Medical,Dentist,easy,Are you comfortable performing extractions?,"Yes, I am confident in performing both simple and surgical extractions."
Medical,Dentist,easy,Are you interested in buying into our practice either now or in the future?,I am open to growth opportunities and would consider ownership if it aligns with my long-term goals.
Medical,Dentist,easy,How do you educate patients on the impact of smoking and vaping on oral health?,"I inform them about the risks of gum disease, tooth loss, and oral cancer, and provide resources to help quit smoking or vaping."
Medical,Dentist,easy,How do you educate patients about the risks of oral piercings?,"I inform them about the potential for gum damage, infection, and difficulty in oral hygiene associated with piercings."
Medical,Dentist,easy,What steps do you take to ensure a pain-free experience for patients during invasive procedures?,"I use effective anesthesia techniques, reassure patients, and employ gentle, precise treatment methods."
Medical,Dentist,easy,How do you educate patients about the effects of smoking on oral health?,"I inform them about the risks of gum disease, oral cancer, and delayed healing, and provide resources to help them quit."
Medical,Dentist,easy,How do you educate patients about oral health and preventive care?,"I educate patients by explaining oral hygiene practices, demonstrating techniques, and providing preventive care tips."
Medical,Dentist,easy,How do you educate parents on caring for their child’s baby teeth?,"I explain the importance of early oral care, proper brushing techniques, and how baby teeth affect adult teeth, emphasizing regular check-ups."
Medical,Dentist,easy,How do you communicate with patients who have difficulty understanding dental terminology?,"I simplify explanations, use visual aids, and ensure they fully understand their treatment options and oral health needs."
Medical,Dentist,easy,How do you address patients’ concerns about the longevity of restorations like crowns or bridges?,"I explain the expected lifespan, proper care requirements, and factors that can affect longevity, ensuring they understand how to maintain their restorations."
Medical,Dentist,easy,How comfortable are you working with children?,"I am comfortable working with children and use a patient, gentle approach to make them feel at ease."
Medical,Dentist,easy,Do you read any dental publications?,"Yes, I stay updated by reading dental journals and research publications."
Medical,Dentist,easy,How do you educate patients about the importance of regular dental visits?,I emphasize how routine visits prevent serious issues and explain the benefits of early detection in maintaining long-term oral health.
Medical,Dentist,easy,Can you explain the role of nutrition in maintaining oral health?,"I educate patients on how a balanced diet rich in vitamins and minerals supports strong teeth and gums, while sugary or acidic foods can cause damage."
Medical,Dentist,easy,Can you explain your approach to patient care and comfort?,"I prioritize patient comfort through clear explanations, pain management techniques, and a calm environment."
Medical,Dentist,easy,What steps do you take to maintain accurate patient records?,I use electronic health records to ensure precise documentation.
Medical,Dentist,easy,What steps do you take to make pediatric patients feel comfortable?,"I use a calm tone, show them the tools, and explain the procedures in a fun and non-threatening way to reduce anxiety."
Medical,Dentist,easy,What strategies do you use to encourage patients to maintain regular dental checkups?,"I emphasize the importance of prevention, explain the benefits of early detection, and make appointments convenient for them to encourage adherence."
Medical,Dentist,easy,What would you do if a patient complains about pain after a procedure?,"I assess their symptoms, reassure them, and provide appropriate pain management or follow-up care."
Medical,Dentist,easy,Why did you choose to pursue a career in dentistry?,I enjoy combining science and patient care to improve oral health and confidence.
Medical,Dentist,easy,What strategies do you use to reduce patient wait times?,"I maintain an efficient schedule, use digital records, and ensure smooth workflow coordination."
Medical,Dentist,easy,"Based on your experience, what makes a great dentist?","A great dentist is skilled, compassionate, detail-oriented, and committed to patient care."
Medical,Dentist,easy,Can you describe your bedside manner with patients?,"My bedside manner is professional, empathetic, and focused on making patients feel comfortable and heard."
Medical,Dentist,easy,Can you describe your experience and education in dentistry?,"I earned my dental degree and have extensive experience in general dentistry, including preventive, restorative, and cosmetic procedures."
Medical,Dentist,easy,Can you describe your experience with dental sealants?,"I have applied sealants to help prevent cavities, especially in children and high-risk patients."
Medical,Dentist,easy,Can you describe your experience with pediatric dentistry?,"I use child-friendly language, gentle techniques, and behavior management strategies to treat children comfortably."
Medical,Nurse,medium,How do you ensure safe handling of biohazardous materials?,"I follow protocols, wear PPE, and dispose of waste properly."
Medical,Nurse,medium,How do you ensure patient safety during a shift change?,I give a thorough handoff report and verify important details.
Medical,Nurse,medium,How do you ensure patient safety during procedures?,"I follow protocols, verify patient identity, and explain each step."
Medical,Nurse,medium,How do you ensure patient safety when transferring a patient?,I use proper body mechanics and assistive devices when needed.
Medical,Nurse,medium,How do you ensure proper handoff communication?,"I provide clear, concise, and complete patient updates."
Medical,Nurse,medium,How do you ensure quality patient care?,"I follow best practices, communicate effectively, and advocate for patients."
Medical,Nurse,medium,How do you ensure patient safety during medication administration?,I follow the five rights of medication administration and double-check orders.
Medical,Nurse,medium,How do you ensure that your nursing practice evolves with changing healthcare trends?,"I actively participate in professional development opportunities, attend workshops, and subscribe to nursing journals. This commitment helps me adapt to new evidence-based practices and integrate them into my patient care."
Medical,Nurse,medium,How do you document patient care?,"I record all assessments, interventions, and patient responses accurately and timely."
Medical,Nurse,medium,How do you handle a coworker who isn’t doing their part?,I communicate professionally and address concerns with the team if needed.
Medical,Nurse,medium,How do you handle a difficult patient?,"I stay patient, listen to their concerns, and provide reassurance."
Medical,Nurse,medium,How do you handle a disagreement with a colleague?,I communicate openly and seek a resolution.
Medical,Nurse,medium,How do you handle a disagreement with a coworker?,I address concerns respectfully and work toward a solution.
Medical,Nurse,medium,How do you handle a fast-paced work environment?,"I prioritize tasks, stay organized, and remain flexible."
Medical,Nurse,medium,How do you document an incident accurately?,"I write factual, concise, and objective notes."
Medical,Nurse,medium,How do you ensure patient confidentiality?,"I strictly adhere to HIPAA guidelines and ensure that patient information is only shared with authorized individuals. I’m always mindful of where and how I discuss patient details, ensuring that confidentiality is maintained."
Medical,Nurse,medium,How do you handle a heavy patient workload?,"I prioritize tasks, stay organized, and delegate when needed."
Medical,Nurse,medium,How do you handle a conflict with another nurse?,"I address it professionally, communicate openly, and seek resolution."
Medical,Nurse,medium,How do you handle a patient who is in severe pain?,"I assess their pain level, administer appropriate pain relief as per the doctor’s orders, and offer non-pharmacological methods like repositioning, relaxation techniques, or cold/hot therapy to ensure their comfort."
Medical,Dentist,medium,Tell me about a time you had a disagreement with a colleague. How did you handle it?,"I resolved it by having an open discussion, understanding their perspective, and finding a compromise."
Medical,Nurse,medium,How do you handle a patient who doesn’t trust medical professionals?,"I build rapport, listen to their concerns, and provide transparent information."
Medical,Nurse,medium,How do you handle a situation where a patient has multiple allergies?,"I verify allergies, ensure safety, and alert the care team."
Medical,Nurse,medium,"How do you handle a situation where a patient is in severe pain, but their medication isn’t due yet?","I assess the patient, explore non-medication pain relief methods, and consult the provider if needed."
Medical,Nurse,medium,How do you document patient care?,"I use clear, concise, and accurate charting."
Medical,Nurse,medium,How do you handle a situation where a patient is non-compliant?,I educate them on the consequences and explore alternative solutions.
Medical,Nurse,medium,How do you handle a high workload or understaffing?,"Discuss your time management skills, ability to prioritize, and how you ensure patient care quality during busy times."
Medical,Nurse,medium,How do you handle a high workload?,"I prioritize tasks, delegate, and stay focused."
Medical,Nurse,medium,How do you handle a long shift with minimal breaks?,"I pace myself, stay hydrated, and take short moments to recharge."
Medical,Nurse,medium,How do you handle a mistake made by a colleague?,I address it professionally and report it if necessary for patient safety.
Medical,Nurse,medium,How do you handle a mistake you’ve made in patient care?,"If I make a mistake, I take immediate action to correct it and ensure the patient’s safety. I also report the error to my supervisor, reflect on what went wrong, and take steps to prevent it from happening again."
Medical,Nurse,medium,How do you handle a non-compliant patient?,"I educate them, understand their concerns, and involve support systems."
Medical,Nurse,medium,How do you handle a nurse shortage during a busy shift?,"I prioritize patient needs, delegate tasks, and request additional support."
Medical,Nurse,medium,How do you handle a patient experiencing a panic attack?,"I remain calm, encourage slow breathing, and provide reassurance."
Medical,Nurse,medium,How do you handle a patient experiencing anxiety?,"I use calm communication, deep breathing techniques, and reassurance."
Medical,Nurse,medium,How do you handle a patient experiencing dizziness after medication administration?,"I assess vitals, ensure safety, and notify the provider."
Medical,Nurse,medium,How do you handle a patient experiencing emotional distress?,"I listen, offer support, and refer to appropriate resources."
Medical,Nurse,medium,How do you handle a patient experiencing severe nausea?,"I assess the cause, provide comfort, and administer anti-nausea medication if ordered."
Medical,Nurse,medium,How do you handle a patient who constantly calls for non-urgent requests?,I set clear expectations while ensuring their needs are met.
Medical,Nurse,medium,How do you handle a patient who has a language barrier?,I use translation services to communicate effectively and ensure the patient understands their care. I also use non-verbal communication and visual aids to help them feel more comfortable.
Medical,Nurse,medium,How do you educate a newly diagnosed diabetic patient?,"I explain blood sugar monitoring, diet, medication, and lifestyle changes."
Medical,Nurse,medium,Give me an example of a time when you motivated others?,"During a busy shift, I kept the team positive by encouraging teamwork and acknowledging everyone’s efforts."
Medical,Nurse,medium,How do you educate a patient with low health literacy?,"I use simple language, visual aids, and confirm understanding."
Medical,Nurse,medium,How do you deal with a family member questioning a patient’s care?,"I listen, provide clear explanations, and involve the care team if needed."
Medical,Nurse,medium,How do you deal with a patient who has different cultural or religious beliefs that affect their care?,"I approach each patient with respect and an open mind, learning about their beliefs to provide care that aligns with their preferences. I collaborate with them and any support resources to ensure their care respects their cultural and religious needs."
Medical,Nurse,medium,How do you deal with a patient’s emotional distress?,"I listen, provide reassurance, and offer support."
Medical,Nurse,medium,How do you deal with an overly demanding patient?,"I listen, set clear boundaries, and prioritize their needs effectively."
Medical,Nurse,medium,How do you deal with an overwhelming workload?,"I prioritize tasks, delegate when possible, and remain focused."
Medical,Nurse,medium,Give me an example of a time when you had to make a split-second decision?,"During a code blue, I immediately began CPR while the team prepared emergency interventions."
Medical,Nurse,medium,How do you handle a situation where a family member wants to change the patient’s care plan?,"I listen, provide education, and consult with the provider."
Medical,Nurse,medium,How do you deal with a demanding family member?,"I listen actively, provide clear information, and set realistic expectations."
Medical,Nurse,medium,Give me an example of a time when you tried to accomplish something and failed?,"I once aimed to implement a new workflow, but it wasn’t practical. I adapted it based on feedback for a better approach."
Medical,Nurse,medium,Give me an example of an awkward situation at work. How did you remove yourself from the situation?,A patient made an inappropriate comment. I stayed professional and redirected the conversation.
Medical,Nurse,medium,Give me an example of when you showed initiative and took the lead?,"I noticed a gap in patient education materials, so I created a guide to improve patient understanding."
Medical,Nurse,medium,Have you ever felt dissatisfied with your work as a Nurse? What could have been done to make it better?,High stress was challenging. Better staffing would have helped.
Medical,Nurse,medium,Have you ever had to comfort a colleague after a traumatic event?,"Yes, I offered emotional support, encouraged debriefing, and promoted self-care."
Medical,Nurse,medium,Have you ever had to work outside your scope of practice? What did you do?,"I recognized my limits, sought guidance, and followed protocol."
Medical,Nurse,medium,Have you ever witnessed unsafe practice by a colleague? How did you respond?,I reported it professionally and ensured patient safety.
Medical,Nurse,medium,How do you adapt to working with new team members or in a new environment?,"I take the initiative to introduce myself, learn about my new team members’ strengths, and adapt to the workflow. I believe being approachable and open-minded helps build rapport quickly in a new setting."
Medical,Nurse,medium,Give me an example of a time when you used fact-finding skills to solve a problem?,"A patient had unexplained symptoms, so I reviewed their history, consulted colleagues, and helped identify a rare drug reaction."
Medical,Nurse,medium,How do you de-escalate a situation with an angry patient?,"I stay calm, listen actively, and address their concerns respectfully."
Medical,Nurse,medium,How do you cope with the stress of rapid changes in a clinical setting?,"I focus on staying organized and maintaining a positive attitude. When rapid changes occur, I take deep breaths, prioritize my tasks, and communicate openly with my team, which helps manage stress effectively."
Medical,Nurse,medium,How do you communicate with people unfamiliar with medical jargon?,"I use simple language and analogies. For example, I compared hypertension to ‘too much pressure in a garden hose’ for better understanding."
Medical,Nurse,medium,How do you educate patients about new medications?,"I explain purpose, side effects, and answer their questions."
Medical,Nurse,medium,How do you ensure a smooth transfer of a patient between units?,I give a thorough report and ensure all documentation is complete.
Medical,Nurse,medium,How do you ensure accuracy in medication administration?,I follow the five rights and double-check orders.
Medical,Nurse,medium,How do you ensure accuracy in patient charting?,"I document promptly, use clear language, and double-check entries."
Medical,Nurse,medium,How do you ensure accurate documentation in patient charts?,"I chart in real-time, use objective language, and verify all information."
Medical,Nurse,medium,How do you ensure accurate handoff reports during shift changes?,"I use SBAR, provide clear details, and allow time for questions."
Medical,Nurse,medium,How do you ensure confidentiality when discussing patient information?,I only share details with authorized individuals and follow HIPAA guidelines.
Medical,Nurse,medium,How do you ensure continuity of care during shift changes?,"I provide thorough handoffs, communicate clearly, and document accurately."
Medical,Nurse,medium,How do you ensure effective communication within your team?,"I prioritize clear and concise communication, use tools like handoff reports, and encourage team members to ask questions. This ensures everyone is on the same page, reducing errors and enhancing patient care."
Medical,Nurse,medium,How do you ensure patient compliance with discharge instructions?,"I provide clear education, answer questions, and offer written instructions."
Medical,Nurse,medium,How do you assist a patient experiencing severe anxiety?,"I use calming techniques, provide reassurance, and ensure a safe environment."
Medical,Nurse,medium,How do you assist a patient who is experiencing chronic pain?,"I assess pain levels, provide relief measures, and follow the care plan."
Medical,Nurse,medium,How do you balance empathy and professionalism?,I show care while maintaining professional boundaries.
Medical,Nurse,medium,How do you build trust with patients?,"I listen, communicate honestly, and show empathy."
Medical,Nurse,medium,How do you comfort a grieving family?,"I offer empathy, listen, and provide support resources."
Medical,Nurse,medium,How do you communicate effectively with a non-English-speaking patient?,"I use an interpreter, visual aids, and simple language."
Medical,Nurse,medium,How do you communicate effectively with your team?,"I use clear, concise language and active listening."
Medical,Nurse,medium,How do you educate a patient about post-discharge care?,"I provide clear instructions, answer questions, and confirm understanding."
Medical,Nurse,medium,How do you handle a situation where a doctor is rude to you?,"I remain professional, address the issue calmly, and escalate if necessary."
Medical,Nurse,medium,How do you handle working with a difficult doctor?,"I remain professional, communicate clearly, and focus on patient care."
Medical,Nurse,medium,How do you handle a patient’s family members who are upset?,"I listen to their concerns, stay calm, and provide clear information."
Medical,Nurse,medium,How do you help a patient manage chronic pain effectively?,"I assess their pain level, provide prescribed interventions, and educate on non-pharmacologic methods."
Medical,Nurse,medium,How do you keep up with new medical procedures?,"I attend workshops, read journals, and participate in training."
Medical,Nurse,medium,How do you keep your nursing skills up to date?,I take continuing education courses and stay informed on best practices.
Medical,Nurse,medium,How do you maintain a positive attitude during stressful shifts?,"I focus on patient care, take short breaks when possible, and stay organized."
Medical,Nurse,medium,How do you manage a patient experiencing nausea and vomiting?,"I assess the cause, provide prescribed medications, and ensure hydration."
Medical,Nurse,medium,How do you manage a pediatric patient who is scared of treatment?,"I use a calm approach, distractions, and explain in simple terms."
Medical,Nurse,medium,How do you manage conflicting priorities during an emergency?,"I stay calm, assess urgency, delegate when possible, and act efficiently."
Medical,Nurse,medium,What do you do to ensure patient safety?,"I follow protocols, assess risks, and act proactively."
Medical,Nurse,medium,How do you manage conflicts with difficult or uncooperative coworkers?,"I remain professional, address concerns privately, and seek mediation if needed."
Medical,Nurse,medium,How do you manage stress during back-to-back critical patient situations?,"I stay focused, prioritize tasks, take deep breaths, and rely on teamwork."
Medical,Nurse,medium,How do you manage stress during long shifts?,"I stay organized, take breaks when possible, and practice self-care."
Medical,Nurse,medium,How do you manage stress during long shifts?,"I take deep breaths, stay organized, and use time management skills."
Medical,Nurse,medium,How do you manage stress in nursing?,"I take breaks, practice self-care, and seek support when needed."
Medical,Nurse,medium,How do you manage stress on a tough shift?,"I take deep breaths, stay organized, and focus on patient care."
Medical,Nurse,medium,How do you manage time during a 12-hour shift?,"I prioritize tasks, take short breaks, and stay focused."
Medical,Nurse,medium,How do you manage time during a busy shift?,"I prioritize tasks based on urgency, use a checklist to stay organized, and delegate when appropriate. I also communicate with my team to ensure everyone is aware of each patient’s needs."
Medical,Nurse,medium,How do you manage difficult conversations with families?,"I stay calm, provide clear information, and offer support."
Medical,Nurse,medium,What do you do if you suspect abuse?,I report it immediately and follow protocol.
Medical,Nurse,medium,What do you do if you make a mistake?,"I take responsibility, correct it, and learn from it."
Medical,Nurse,medium,What do you do if an experienced nurse is not following best practices?,"I address it respectfully, provide evidence-based information, and escalate if needed."
Medical,Pharmacist,medium,What steps do you take when faced with a workplace disagreement?,"I analyze the issue, communicate openly, and collaborate on a solution that benefits everyone."
Medical,Pharmacist,medium,Why should we hire you?,My unique blend of clinical expertise and hands-on experience makes me an asset to your team.
Medical,Nurse,medium,What steps do you take to prevent errors?,"I follow protocols, double-check, and stay focused."
Medical,Nurse,medium,Why should we hire you?,"I bring expertise, teamwork, and a commitment to excellent care."
Medical,Nurse,medium,What would you do if you noticed a patient’s wound was not healing?,"I assess for infection, update the provider, and follow wound care protocols."
Medical,Nurse,medium,What is your experience with electronic health records (EHR)?,I am comfortable using various EHR systems to document patient care.
Medical,Nurse,medium,What is your typical way of dealing with conflict? Give me an example?,"I stay calm, listen to all sides, and find a solution. Once, I mediated a disagreement over patient care and helped reach a compromise."
Medical,Nurse,medium,What makes you a strong candidate for this role?,"My experience, dedication, and patient-centered approach."
Medical,Nurse,medium,What motivates you as a nurse?,Helping patients recover and improving lives.
Medical,Nurse,medium,What motivates you to do your best in nursing?,"The opportunity to make a positive impact on patients’ lives motivates me. Knowing that I can help someone recover, feel comfortable, or navigate a difficult situation inspires me to give my best every day."
Medical,Nurse,medium,What qualities make a good nurse?,"A good nurse is compassionate, empathetic, and an effective communicator. They should also be detail-oriented, adaptable, and capable of working well under pressure."
Medical,Nurse,medium,What qualities make a great nurse?,"Compassion, critical thinking, and communication."
Medical,Nurse,medium,What steps do you take to minimize the risk of infection?,"I follow strict hand hygiene, PPE use, and infection control protocols."
Medical,Nurse,medium,What steps do you take to prevent burnout?,"I practice self-care, take breaks when possible, and seek support."
Medical,Nurse,medium,What do you do if a patient’s IV site becomes red and swollen?,"I stop the IV, assess for infiltration or infection, and report it promptly."
Medical,Nurse,medium,What do you do if a patient’s family member insists on staying overnight?,I follow facility policies while being empathetic to their concerns.
Medical,Nurse,medium,What do you do if a patient’s family requests additional pain medication beyond the order?,I explain the prescription limits and consult the provider if necessary.
Medical,Nurse,medium,How do you handle constructive criticism?,I see it as a chance to grow and improve.
Medical,Nurse,medium,How do you handle a situation where a coworker gossips about another team member?,"I avoid engaging, refocus on work, and address concerns professionally."
Medical,Nurse,medium,How do you handle cultural differences in patient care?,I respect cultural preferences and provide patient-centered care.
Medical,Nurse,medium,How do you handle end-of-life care?,"With compassion, respect, and emotional support."
Medical,Nurse,medium,How do you handle a sudden equipment failure during patient care?,I use backup equipment and report the issue immediately.
Medical,Nurse,medium,How do you handle a workplace conflict?,"I stay calm, communicate directly, and seek a solution."
Medical,Nurse,medium,How do you handle an uncooperative patient?,"I remain patient, explain calmly, and try to gain trust."
Medical,Nurse,medium,How do you handle an uncooperative pediatric patient?,"I use distractions, a gentle approach, and involve parents when needed."
Medical,Nurse,medium,How do you handle an unfamiliar medical procedure?,"I research it, ask for guidance, and ensure patient safety."
Medical,Nurse,medium,How do you handle competing priorities?,I assess urgency and tackle the most critical tasks first.
Medical,Nurse,medium,How do you handle conflicts with team members?,"I address conflicts directly and professionally by discussing the issue privately. I focus on finding a solution that benefits patient care, ensuring open communication and mutual respect."
Medical,Nurse,medium,How do you handle a situation where you don’t know the answer to a patient’s question?,"If I don’t know the answer, I would be honest with the patient and let them know that I’ll find out the information. I would then consult reliable resources or colleagues to provide accurate and timely information."
Medical,Nurse,medium,How do you handle a patient who is not adhering to their treatment plan?,"I identify barriers, educate them on consequences, and offer alternative solutions."
Medical,Nurse,medium,How do you handle a patient who refuses to follow discharge instructions?,"I educate them on the risks, document their decision, and notify the provider."
Medical,Nurse,medium,How do you handle a patient who refuses vital signs checks?,I explain the importance and try to gain their cooperation respectfully.
Medical,Nurse,medium,How do you handle a patient with a Do Not Resuscitate (DNR) order who is declining rapidly?,"I provide comfort care, support the family, and ensure the patient’s wishes are followed."
Medical,Nurse,medium,How do you handle a patient with a history of non-compliance?,I educate them on the importance of their treatment and explore barriers to compliance.
Medical,Nurse,medium,How do you handle a patient with a language barrier?,I use interpreters and visual aids to communicate.
Medical,Nurse,medium,How do you handle a patient with mental health challenges?,"I provide compassionate care, ensure safety, and involve specialists."
Medical,Nurse,medium,How do you handle a patient’s family members who are upset or anxious?,"I listen to their concerns, offer reassurance, and provide clear information about the patient’s condition and care plan. I find that empathy and open communication help ease their worries."
Medical,Nurse,medium,How do you handle a patient who refuses to bathe?,"I respect their choice, explore their concerns, and encourage hygiene."
Medical,Nurse,medium,How do you handle a situation where a treatment plan changes suddenly?,"I adapt quickly, inform the patient, and implement the new plan efficiently."
Medical,Nurse,medium,How do you handle a situation where a patient’s pain is not well controlled?,"I reassess their pain, administer prescribed interventions, and notify the provider if needed."
Medical,Nurse,medium,How do you handle a situation where a patient refuses treatment?,"I respect the patient’s decision but first try to understand their concerns. I provide clear information about the benefits and risks, and work with them to find alternative options if possible."
Medical,Nurse,medium,How do you handle ethical dilemmas in nursing?,"I follow hospital policies, consult colleagues, and prioritize patient rights."
Medical,Nurse,medium,How do you handle long shifts?,"I pace myself, stay hydrated, and take short breaks."
Medical,Nurse,medium,How do you handle patient complaints?,"I listen, apologize if needed, and resolve the issue."
Medical,Nurse,medium,How do you handle patients with dementia?,"I use calm communication, reorientation techniques, and ensure safety."
Medical,Nurse,medium,How do you handle situations where your team’s approach differs from your own?,"I respect others’ perspectives and am open to different approaches. I share my ideas while being willing to adapt, ensuring that our ultimate goal of providing quality patient care is met."
Medical,Nurse,medium,How do you handle stress on the job?,"I manage stress by staying organized, prioritizing my tasks, and taking deep breaths when things get hectic. I also make sure to take short breaks to recharge whenever possible and rely on my team for support."
Medical,Nurse,medium,How do you handle stress on the job?,"I prioritize, take deep breaths, and seek team support."
Medical,Nurse,medium,How do you handle the emotional aspects of nursing?,"I focus on maintaining a healthy work-life balance and practice self-care. I also talk to colleagues, seek support when needed, and remind myself of the positive impact I’m making in my patients’ lives."
Medical,Nurse,medium,How do you handle the emotional toll of patient deaths?,"I reflect, seek support, and focus on providing compassionate care."
Medical,Nurse,medium,How do you approach a coworker who is not following proper infection control procedures?,I remind them of protocol and escalate the issue if necessary.
Medical,Nurse,medium,How do you handle working with a physician who has a difficult personality?,"I stay professional, focus on patient care, and adapt my communication style."
Medical,Nurse,medium,How do you handle working with someone whose personality differs from yours?,"I focus on our shared goal of providing excellent patient care. I adapt my communication style and remain open-minded, appreciating the unique strengths my colleague brings to the team."
Medical,Nurse,medium,How do you handle a situation where a patient is non-verbal?,"I use non-verbal communication techniques, gestures, and picture boards if needed."
Medical,Nurse,medium,How do you handle a situation where a patient is noncompliant with their treatment plan?,"I approach non-compliance with empathy, trying to understand the patient’s concerns or barriers. I then provide education, address misconceptions, and involve them in decision-making to encourage adherence."
Medical,Nurse,medium,How do you handle a situation where a patient refuses a procedure?,"I explain the benefits, address concerns, and document their refusal."
Medical,Nurse,medium,How do you handle a situation where a patient refuses life-saving treatment?,"I respect their autonomy, provide education, and involve ethics or counseling if needed."
Medical,Nurse,medium,How do you handle a situation where a patient refuses treatment?,"I respect the patient’s autonomy and try to understand their reasons for refusal. I provide clear information about the treatment’s benefits and risks, address their concerns, and involve them in the decision-making process."
Medical,Nurse,medium,How do you handle disagreements between staff members?,I mediate professionally and encourage open communication.
Medical,Nurse,medium,How do you approach a new nursing role?,"I stay open to learning, ask questions, and adapt quickly."
Medical,Nurse,medium,Give me an example of a problem you faced on the job and how you solved it?,"A new policy confused staff, so I clarified the changes, provided examples, and ensured a smoother transition."
Medical,Nurse,medium,How do you approach learning new technologies in nursing?,"I embrace new technologies by actively participating in training sessions and seeking additional resources. I practice using the technology until I feel confident, allowing me to adapt quickly and effectively in clinical situations."
Medical,Nurse,medium,What do you do if a patient questions their diagnosis?,I encourage them to discuss it with their provider and offer support.
Medical,Nurse,medium,What do you do if a patient refuses to eat?,"I assess the reason, offer alternatives, and involve a dietitian if needed."
Medical,Nurse,medium,What do you do if a patient refuses to take their prescribed diet?,"I assess their concerns, provide alternatives, and consult a dietitian."
Medical,Nurse,medium,What do you do if a patient wants to leave against medical advice?,"I explain the risks, document their decision, and notify the provider."
Medical,Nurse,medium,What do you do if a patient’s IV is infiltrated?,"I stop the infusion, assess the site, and replace the IV as needed."
Medical,Nurse,medium,Tell me about a time when you went above and beyond to get the job done?,"A patient needed extra emotional support, so I stayed after my shift to comfort them."
Medical,Nurse,medium,Tell me about a time when you were forced to make an unpopular decision?,"I had to enforce strict visitor policies for infection control, despite pushback, to protect patients."
Medical,Nurse,medium,Tell me about a time you failed?,"I once missed a medication dose. I reported it immediately, ensured patient safety, and learned from the mistake."
Medical,Nurse,medium,Tell me about a time you had to adjust your communication style to fit a patient’s needs.,"I cared for a patient with cognitive impairment who struggled to understand medical jargon. I simplified my language and used visual aids, adapting my communication style to ensure they understood their care plan."
Medical,Nurse,medium,Tell me about a time you had to train or mentor a new nurse.,"I guided a new nurse through procedures, answered questions, and provided encouragement."
Medical,Nurse,medium,Tell me about a time you successfully dealt with someone who didn’t like you (or vice versa)?,"I remained professional and focused on patient care, eventually earning their respect through teamwork."
Medical,Nurse,medium,"Tell me about a time you were under a lot of pressure. What was going on, and how did you get through it?","During a short-staffed shift, I prioritized, delegated, and stayed organized."
Medical,Nurse,medium,What do you find most challenging about nursing?,"Managing stress and heavy workloads, but I stay organized."
Medical,Nurse,medium,What do you find most difficult about being a Nurse? How do you overcome this difficulty?,Emotional strain is tough. I focus on self-care and support.
Medical,Nurse,medium,What do you find most rewarding about nursing?,Providing comfort and improving patient outcomes.
Medical,Nurse,medium,What do you see as the most challenging aspect of this position?,Balancing high workloads while maintaining quality patient care and team collaboration.
Medical,Nurse,medium,What does diversity mean to you? How do you promote inclusiveness?,"Diversity means respecting different backgrounds and perspectives. I ensure inclusiveness by listening, adapting care to individual needs, and promoting open discussions."
Medical,Nurse,medium,"What experience do you have in strategic planning, staff management, and budgeting?","I have contributed to staffing plans, resource allocation, and process improvements to enhance efficiency and cost control."
Medical,Nurse,medium,What experience do you have working with administrators and leadership?,"I have collaborated with administrators to improve policies, implement initiatives, and enhance patient care."
Medical,Nurse,medium,What do you do if a patient loses trust in your care?,"I listen to their concerns, address issues openly, and work to rebuild confidence."
Medical,Nurse,medium,What is one professional accomplishment that you are most proud of and why?,Earning a leadership role due to dedication and teamwork.
Medical,Nurse,medium,What do you do if a patient is showing signs of dehydration?,"I assess hydration status, encourage fluids, and administer IV fluids if prescribed."
Medical,Nurse,medium,What do you do if a patient is non-compliant?,"I educate them, address concerns, and encourage cooperation."
Medical,Nurse,medium,How do you stay updated on nursing best practices?,"I attend training, read research, and collaborate with colleagues."
Medical,Nurse,medium,How do you stay updated on the latest nursing best practices?,"I attend training, read research, and participate in professional groups."
Medical,Nurse,medium,How do you stay updated with nursing practices?,"I attend training, read medical journals, and take courses."
Medical,Nurse,medium,Tell me about a time you were under pressure?,"During a short-staffed shift, I prioritized tasks, stayed focused, and relied on teamwork to maintain quality care."
Medical,Nurse,medium,Tell me about overcoming objections to an idea?,"I presented evidence, addressed concerns, and demonstrated the benefits to gain support."
Medical,Nurse,medium,What are the most important skills you have developed through your nursing experience?,"Focus on skills such as clinical expertise, communication, critical thinking, and compassion."
Medical,Nurse,medium,What are your career goals in nursing?,To advance my skills and take on leadership roles.
Medical,Nurse,medium,What are your career goals? How does this opportunity fit?,I aim to advance my skills and take on leadership roles. This position aligns with my long-term professional development.
Medical,Nurse,medium,What did you do in your last job to contribute to a teamwork environment?,"I supported colleagues, communicated openly, and helped when needed to ensure smooth workflow."
Medical,Nurse,medium,What did you do in your last job to contribute toward a teamwork environment?,I supported my colleagues by assisting during busy shifts and maintaining open communication.
Medical,Nurse,medium,What do you do if a coworker is not following hygiene protocols?,I politely remind them and report persistent issues if necessary.
Medical,Nurse,medium,What do you do if a coworker is not following proper procedures?,"I address it respectfully, offer guidance, and report if necessary."
Medical,Nurse,medium,How would you handle a situation where you strongly disagreed with hospital policy?,I would follow the policy while professionally voicing my concerns through appropriate channels.
Medical,Nurse,medium,How would your supervisor describe your work style?,"They would say I am organized, proactive, and collaborative, with strong problem-solving skills."
Medical,Nurse,medium,Talk about a conflict within your healthcare team?,"A disagreement over patient assignments arose. I facilitated open communication, and we reached a fair solution."
Medical,Nurse,medium,Talk about a time a patient or family appreciated your care?,"A post-surgery patient thanked me for pain management and comfort, reinforcing my commitment to compassionate care."
Medical,Nurse,medium,Talk about a time when you felt overwhelmed with your work or patient load. What did you do?,"I stayed organized, prioritized, and asked for help when needed."
Medical,Nurse,medium,Talk about a time when you had not communicated well. How did you correct the situation?,I clarified unclear instructions and ensured understanding.
Medical,Nurse,medium,Talk about a time you worked in a fast-paced setting. How do you prioritize tasks while maintaining excellent patient care?,"I prioritized urgent tasks, delegated, and communicated clearly."
Medical,Nurse,medium,What do you do if a patient is reluctant to discuss their symptoms?,"I build trust, ask open-ended questions, and reassure them."
Medical,Nurse,medium,What is the most challenging case you’ve worked on?,"Describe a difficult patient case, how you handled it, and what you learned from the experience."
Medical,Nurse,medium,What do you do if a coworker is not pulling their weight?,I address concerns professionally or inform my supervisor.
Medical,Nurse,medium,What do you do if a family disagrees with a patient’s care plan?,"I explain the plan, listen to concerns, and involve the team."
Medical,Nurse,medium,What would you do if a family member wanted to see a patient outside visiting hours?,I follow hospital policy while showing compassion for their concerns.
Medical,Nurse,medium,What would you do if a patient became confused or disoriented?,"I ensure their safety, reorient them, and notify the provider if needed."
Medical,Dentist,medium,Talk about your approach and experience in managing clinical and administrative staff.,"I believe in clear communication, teamwork, and fostering a positive work environment to enhance efficiency."
Medical,Nurse,medium,What would you do if a patient demands a medication before it’s due?,I explain the schedule and consult the provider if needed.
Medical,Nurse,medium,What would you do if a patient or family member became verbally abusive?,"I stay calm, set boundaries, and seek support if needed."
Medical,Nurse,medium,What would you do if a patient questioned their treatment plan?,"I provide clarification, encourage discussion, and involve the provider if needed."
Medical,Nurse,medium,What would you do if a patient refused a necessary diagnostic test?,"I educate them, respect their choice, and document the refusal."
Medical,Nurse,medium,What would you do if a patient refused medication?,I’d explain the risks and benefits and respect their decision.
Medical,Nurse,medium,What would you do if a patient removed their oxygen mask?,"I assess their breathing, reapply if needed, and educate them on its importance."
Medical,Nurse,medium,What would you do if a patient reports feeling dizzy after standing up?,"I assist them to sit or lie down, check their vitals, and notify the provider."
Medical,Nurse,medium,What would you do if a patient requested a nurse of a different gender?,I accommodate their request if possible or explain staffing limitations.
Medical,Nurse,medium,What would you do if a patient’s monitor alarm goes off?,I assess the patient immediately and determine the cause.
Medical,Nurse,medium,What would you do if you disagreed with a physician’s orders?,"I would review the case, discuss my concerns respectfully, and escalate if necessary."
Medical,Dentist,medium,What steps do you take to determine if dental X-rays are needed?,I follow ALARA principles and use lead aprons to minimize radiation exposure.
Medical,Dentist,medium,What steps do you take to ensure a thorough dental examination?,"I conduct a detailed medical history review, perform a visual and radiographic assessment, and check for signs of disease or decay."
Medical,Dentist,medium,What steps do you take to ensure accurate dental charting?,"I document findings thoroughly, update records promptly, and use digital systems for accuracy."
Medical,Dentist,medium,"What steps do you take to ensure patient comfort during lengthy procedures, like full-mouth restorations?","I offer sedation options, take breaks during the procedure, and ensure the patient’s comfort throughout by providing clear communication."
Medical,Dentist,medium,"What strategies do you use to ensure effective communication between your dental team, including hygienists and dental assistants?","I hold regular team meetings, encourage open dialogue, and ensure everyone is clear on roles and patient care expectations to enhance workflow and patient experience."
Medical,Dentist,medium,What strategies do you use to ensure high patient retention in a practice?,"I focus on providing excellent care, building trust, and maintaining clear communication, so patients feel valued and understood."
Medical,Nurse,medium,What would you do if a doctor questioned your judgment?,I’d provide evidence-based reasoning and discuss respectfully.
Medical,Nurse,medium,How do you manage your time effectively?,"I prioritize urgent tasks, delegate when possible, and stay organized."
Medical,Nurse,medium,How do you manage time during a busy shift?,"I prioritize, delegate, and stay organized."
Medical,Nurse,medium,What is your approach to dealing with difficult coworkers?,"I stay professional, address conflicts calmly, and focus on teamwork."
Medical,Nurse,medium,What do you do if a patient complains about another staff member?,"I listen, document concerns, and report appropriately."
Medical,Nurse,medium,What do you do if a patient doesn’t want you as their nurse?,I respect their wishes and address concerns professionally.
Medical,Nurse,medium,What do you do if a patient experiences severe pain despite medication?,"I reassess, adjust positioning, and notify the provider."
Medical,Nurse,medium,What do you do if a patient has trouble communicating?,"I use nonverbal cues, writing, or an interpreter if needed."
Medical,Nurse,medium,What do you do if a patient is at risk of falling?,I implement fall precautions and educate the patient and family.
Medical,Nurse,medium,What would you do if you found expired medication in a supply room?,I remove it per protocol and report it to the appropriate staff.
Medical,Nurse,medium,What steps do you take to prevent falls in at-risk patients?,"I ensure proper bed positioning, assist with mobility, and remove hazards."
Medical,Nurse,medium,What steps do you take when a patient refuses to follow discharge instructions?,"I educate them on the risks, document their refusal, and involve social services if needed."
Medical,Nurse,medium,What type of patients have you had the most experience with?,"Talk about patient demographics, medical conditions, or specialized areas where you have significant experience."
Medical,Nurse,medium,How do you stay up-to-date with nursing best practices?,"I stay current by attending workshops, reading nursing journals, and participating in online courses. I’m also an active member of nursing organizations, which helps me keep track of the latest trends and developments."
Medical,Nurse,medium,What would you do if a coworker was frequently late for their shift?,I address concerns professionally and notify a supervisor if needed.
Medical,Nurse,medium,What would you do if you saw a colleague making a mistake?,I’d address it respectfully and ensure patient safety.
Medical,Nurse,medium,What’s your approach to teamwork?,"I communicate, support others, and collaborate effectively."
Medical,Nurse,medium,What’s your biggest strength as a nurse?,"My biggest strength is my ability to stay calm under pressure. This helps me make quick, accurate decisions in emergencies and maintain a positive attitude, which reassures my patients and colleagues."
Medical,Nurse,medium,"What’s your biggest weakness, and how do you address it?","I tend to be a perfectionist, which sometimes makes it difficult to delegate tasks. However, I’ve been working on trusting my team more and recognizing that collaboration leads to better patient outcomes."
Medical,Nurse,medium,Where do you see yourself in five years?,"In five years, I hope to have advanced my nursing skills, possibly in a specialized area, and taken on a leadership role where I can mentor and support other nurses."
Medical,Nurse,medium,Why are you leaving your current position? What interests you about this opportunity?,I’m seeking new challenges and growth opportunities in a supportive environment.
Medical,Nurse,medium,Why did you choose nursing as a career?,"I chose nursing because I’ve always had a passion for helping others. I wanted a career where I could make a real difference in people’s lives, provide care during their most vulnerable moments, and be a source of comfort and support."
Medical,Nurse,medium,Why did you choose nursing as a career?,I enjoy helping others and making a difference in patient care.
Medical,Nurse,medium,Why do you want to work at this hospital/clinic?,"I admire this hospital’s commitment to patient care and its reputation for excellence. I believe my skills and experience would be a great fit, and I’m excited about the opportunity to contribute to this team’s success."
Medical,Nurse,medium,What would you do if a doctor gave you unclear instructions?,I ask for clarification to ensure patient safety.
Medical,Nurse,medium,How do you stay flexible when working with diverse patient populations?,"I educate myself about different cultural beliefs and practices to provide patient-centered care. I adapt my communication style and approach based on each patient’s unique needs, ensuring they receive the best care possible."
Medical,Nurse,medium,How do you stay compassionate during long shifts?,"I remind myself that each patient is going through a difficult time, and they rely on me for support. Taking short breaks when possible helps me recharge, ensuring I can provide compassionate care throughout my shift."
Medical,Nurse,medium,How do you respond to an incomplete or unclear doctor’s order?,I seek clarification before proceeding.
Medical,Nurse,medium,Describe a time you had to adapt to a change at work.,A new system was introduced; I quickly learned and adjusted.
Medical,Nurse,medium,Describe a time you had to deal with a critical incident.,"I acted fast in a code blue, followed protocols, and supported the team."
Medical,Nurse,medium,Describe a time you had to manage a combative patient.,"I used de-escalation techniques, ensured safety, and sought assistance."
Medical,Nurse,medium,Describe a time you had to think quickly in an emergency.,I stabilized a patient while calling for help.
Medical,Nurse,medium,Describe a time you organized a diverse group to get work done?,I facilitated a team project by assigning tasks based on strengths and ensuring clear communication.
Medical,Nurse,medium,Describe a time you provided patient education.,I explained medication side effects in simple terms.
Medical,Nurse,medium,Describe a time you provided patient or family education?,"I taught a diabetic patient about insulin use, diet, and symptoms, helping them manage their condition confidently."
Medical,Nurse,medium,Describe a time you worked with a difficult coworker.,I stayed professional and focused on patient care.
Medical,Nurse,medium,Describe a time you worked with limited resources.,I improvised while ensuring safe and effective care.
Medical,Nurse,medium,How do you respond to a colleague giving incorrect medical advice?,I correct them privately and ensure the right information is provided.
Medical,Nurse,medium,How do you respond to a patient showing signs of depression?,"I assess their mental health, provide emotional support, and notify the provider."
Medical,Nurse,medium,Describe a situation where you had to change your approach to patient care.,"I once cared for a patient who had a strong preference for alternative therapies. I adapted my approach by incorporating their preferences into the care plan, ensuring they felt respected while also discussing the importance of conventional treatments."
Medical,Nurse,medium,Describe a stressful work situation that tested your coping skills?,"During a short-staffed shift, I prioritized tasks, delegated when possible, and remained focused to ensure patient care."
Medical,Nurse,medium,Describe a stressful work situation that tested your coping skills?,"During an emergency, I stayed calm, prioritized tasks, and worked efficiently under pressure."
Medical,Nurse,medium,Describe a time a patient withheld important information?,"A patient was embarrassed to discuss symptoms. I reassured them of confidentiality, and they opened up."
Medical,Nurse,medium,Describe a time when a patient misjudged your care. How did you handle it?,"I listened to their concerns, clarified misunderstandings, and reassured them."
Medical,Nurse,medium,Describe a time when you advocated for a patient.,"I once had a patient who needed a specific medication, but there was an issue with insurance approval. I communicated with the insurance company, provided the necessary documentation, and ensured the patient received the medication promptly."
Medical,Nurse,medium,Describe a time when you anticipated potential problems and developed preventive measures?,"I noticed frequent medication errors, so I helped implement a double-check system to improve safety."
Medical,Nurse,medium,Describe a time when you dealt with a difficult patient.,"I remained calm, listened, and addressed their concerns professionally."
Medical,Nurse,medium,Describe a time you anticipated and prevented a problem?,"I noticed early signs of sepsis and alerted the physician, leading to timely intervention."
Medical,Nurse,medium,Describe a time when you were proud of your healthcare team?,"During an emergency, we worked seamlessly. I administered medications and monitored the patient, ensuring teamwork led to a positive outcome."
Medical,Nurse,medium,Describe a time when you were particularly proud of your healthcare team. What was your role in this situation?,My team handled an emergency efficiently. I contributed by staying calm and ensuring smooth coordination.
Medical,Nurse,medium,Describe a time when you went over and above your job requirements. What motivated you to put forth the extra effort?,I stayed late to comfort a distressed patient.
Medical,Nurse,medium,How do you approach time management during a shift?,I prioritize tasks based on urgency and patient needs.
Medical,Nurse,medium,Describe a time your facility underwent change?,"During an EHR transition, I attended training and helped colleagues adapt smoothly."
Medical,Nurse,medium,Describe an assignment you handled creatively?,I improved patient education by creating visual guides to simplify complex medical information.
Medical,Nurse,medium,Describe handling an upset customer or patient?,"I listened, validated their concerns, and provided a solution to address their issue."
Medical,Nurse,medium,Describe how you handle a situation where a team member is not performing their duties.,"I approach the situation privately and offer support, asking if they need help or resources. If the issue persists, I escalate it to a supervisor to ensure patient care isn’t compromised."
Medical,Nurse,medium,Describe the ideal person to work for?,"A leader who is supportive, communicative, and values teamwork."
Medical,Nurse,medium,Describe your experience with a very ill patient who required a lot of your time. How did you manage this patient’s care while ensuring your other patients were adequately cared for?,I balanced care by prioritizing tasks and coordinating with my team.
Medical,Nurse,medium,Describe your experience with electronic health records (EHR).,"I’ve worked with several EHR systems, including Epic and Cerner. I’m comfortable inputting data, updating patient information, and using EHR to monitor patient progress and communicate with the healthcare team."
Medical,Nurse,medium,Give an example of a mistake you’ve made. How did you handle it?,"I forgot to document medication, corrected it, and improved my workflow."
Medical,Nurse,medium,Describe a time when you got behind schedule?,"I reassessed priorities, delegated tasks, and focused on the most urgent needs to get back on track."
Medical,Nurse,medium,Give an example of a time when you were able to successfully persuade a patient to agree to something. How did you persuade this person?,"I explained benefits, addressed concerns, and reassured the patient."
Medical,Nurse,medium,Give an example of an awkward work situation?,A patient made an inappropriate comment. I redirected the conversation and maintained professionalism.
Medical,Nurse,medium,Give an example of an important goal you set for yourself. Did you accomplish that goal? How did you ensure that you accomplished it?,I improved time management by using checklists and prioritization.
Medical,Nurse,medium,Give an example of handling a commitment you weren’t sure you could keep?,I managed expectations by being transparent about limitations while finding an alternative solution.
Medical,Nurse,medium,Give an example of handling a hostile patient?,"A patient was agitated. I stayed calm, listened, and reassured them, which helped de-escalate the situation."
Medical,Nurse,medium,Give an example where you handled a difficult situation with honesty and respect?,I addressed a miscommunication between staff by listening to both sides and finding a fair resolution.
Medical,Pharmacist,medium,What strategies do you use for effective team communication?,"I encourage open dialogue, schedule regular updates, and use collaborative tools."
Medical,Nurse,medium,Describe a time when you had to work with a team that was resistant to change.,"During a process improvement initiative, some team members were hesitant to adopt new protocols. I facilitated open discussions about the benefits of the changes and offered support, which eventually helped the team adapt more easily."
Medical,Nurse,medium,Describe a time when you made a decision you knew would be unpopular?,"I enforced infection control protocols despite resistance, ensuring patient and staff safety."
Medical,Nurse,medium,Describe a time when you received negative feedback and turned it into something positive?,I improved delegation skills after receiving feedback.
Medical,Nurse,medium,Give an example of a weakness that hindered a decision?,"I used to overanalyze decisions, delaying action. I’ve since learned to trust my clinical judgment."
Medical,Nurse,medium,How do you approach a patient who is refusing physical therapy?,I educate them on the benefits and encourage small steps.
Medical,Nurse,medium,Describe a time when you had to advocate for a patient despite resistance.,I ensured a necessary test was done despite initial pushback by providing clear rationale.
Medical,Nurse,medium,Describe a time when you had to make a difficult decision in patient care.,I had to decide whether to escalate care for a deteriorating patient; I acted quickly and involved the team.
Medical,Nurse,medium,How have you created learning opportunities across teams?,I organized cross-department training to improve collaboration and shared knowledge.
Medical,Nurse,medium,How would you handle a patient with cultural or language barriers?,"I would use translation services if needed and take time to understand the patient’s cultural preferences. I believe in providing respectful, patient-centered care that considers their unique needs."
Medical,Nurse,medium,How would you handle a situation where a patient’s condition changes rapidly?,"I would immediately assess the patient, gather vital signs, and communicate with the healthcare team to implement necessary interventions. Being adaptable is crucial in these situations to ensure timely and effective patient care."
Medical,Nurse,medium,Briefly describe your employment history and career path?,"I have worked in various nursing roles, gaining experience in patient care, leadership, and interdisciplinary teamwork."
Medical,Nurse,medium,Can you describe a time when you had to handle a difficult patient?,"I once had a patient who was very anxious and resistant to treatment. I took the time to listen to his concerns, explained the procedures clearly, and reassured him. Eventually, he became more cooperative, and we built a trusting relationship."
Medical,Nurse,medium,Can you describe a time when you had to rely on your team to accomplish a task?,"During a busy shift, we had multiple patients requiring attention. By dividing responsibilities based on each team member’s strengths, we managed to provide efficient and effective care to all patients."
Medical,Nurse,medium,Can you describe your nursing experience in detail?,"Highlight your work settings, specialties, and the types of patients you have cared for."
Medical,Nurse,medium,Can you give an example of how you handled a difficult patient situation that required flexibility?,"A patient was refusing medication due to side effects. I listened to their concerns, provided information about alternative medications, and adjusted the treatment plan accordingly, ensuring their preferences were respected while maintaining care standards."
Medical,Nurse,medium,Can you give an example of how you’ve handled a medical crisis?,"Share a specific emergency situation, the steps you took, and the outcome."
Medical,Nurse,medium,Describe a difficult employee situation and how you handled it?,"I addressed performance concerns through coaching, support, and clear expectations."
Medical,Nurse,medium,Tell me about a recent situation where you dealt with an upset customer or co-worker?,"A patient’s family was frustrated with wait times. I listened, reassured them, and kept them updated on progress."
Medical,Nurse,medium,Tell me about a time when a patient’s family was dissatisfied with your care?,"A family was frustrated about a delay. I listened, explained the situation, and reassured them their loved one was receiving proper care."
Medical,Nurse,medium,Tell me about a time when you demonstrated leadership ability?,"I mentored a new nurse, guiding them through procedures and helping them adjust to the team."
Medical,Nurse,medium,Tell me about a time when you didn’t know the answer to something at work. How did you go about finding the information?,"I admitted I didn’t know, researched, and asked colleagues for accuracy."
Medical,Nurse,medium,Tell me about a time when you had to learn a new skill quickly.,"I had to learn how to use a new piece of medical equipment during a critical situation. I quickly read the manual, asked a colleague for guidance, and successfully used it to provide care, demonstrating my ability to adapt under pressure."
Medical,Nurse,medium,Tell me about a time when you had to rely on written communication to explain yourself to your team or to a patient?,I documented patient care notes to ensure smooth shift handoffs.
Medical,Nurse,medium,Tell me about a time when you had to work with a difficult coworker.,"I worked with a colleague who had a different approach to patient care. I focused on open communication and addressed any concerns directly and professionally. By understanding her perspective, we found a way to collaborate effectively."
Medical,Nurse,medium,Tell me about a time when you provided patient education.,Provide an example where you educated patients or their families about care or treatment plans.
Medical,Nurse,medium,Tell me about a time when you supported a colleague in a challenging situation.,"A colleague was struggling with a heavy patient load. I offered to assist by taking over some tasks, allowing us to manage patient care effectively and ensuring no one was overwhelmed."
Medical,Nurse,medium,How has your previous nursing experience prepared you for this role?,Connect your past experience with the skills and knowledge that align with the job you’re applying for.
Medical,Nurse,medium,How has your experience helped you improve patient care outcomes?,Explain how your hands-on experience has allowed you to contribute positively to patient recovery or satisfaction.
Medical,Nurse,medium,How do you work with a multidisciplinary team?,I communicate clearly and collaborate for patient care.
Medical,Nurse,medium,How do you support new nurses?,"I mentor, share knowledge, and encourage them."
Medical,Nurse,medium,Describe a time when you had to multi-task.,I cared for multiple patients while handling an emergency.
Medical,Nurse,medium,Describe a time when you had to resolve a conflict with a coworker?,"We disagreed on patient care. I listened to their perspective, shared mine, and we found a compromise."
Medical,Nurse,medium,Describe a personnel situation you didn’t handle well and what you learned?,"I once delayed addressing a performance issue, which affected team efficiency. I learned to address concerns promptly and constructively."
Medical,Nurse,medium,Describe a project that you led. What did you do to keep it on track?,"I led a patient safety initiative, assigned tasks, tracked progress, and ensured team collaboration."
Medical,Nurse,medium,How do you manage your time when changes in the schedule occur?,"I remain flexible and quickly reassess my priorities. I adjust my schedule as needed, communicate with my team about any shifts in responsibilities, and ensure that patient care remains the top priority."
Medical,Nurse,medium,How do you motivate your team members during challenging shifts?,"I encourage positivity, acknowledge everyone’s efforts, and offer help whenever needed. By maintaining a supportive environment, I help keep morale high, even during challenging times."
Medical,Nurse,medium,How do you prepare a patient for surgery?,"I verify consent, ensure fasting guidelines are followed, and complete pre-op checks."
Medical,Nurse,medium,How do you prepare for a new patient?,"I review their medical history, listen to their concerns, and assess their needs."
Medical,Nurse,medium,How do you prevent bedsores in immobile patients?,"I reposition them regularly, use protective barriers, and assess skin integrity."
Medical,Nurse,medium,Describe a time when you had to collaborate with a multidisciplinary team.,Share an example where teamwork was critical to patient care and how you contributed.
Medical,Nurse,medium,How do you prevent burnout?,"I maintain a work-life balance, seek support, and practice self-care."
Medical,Nurse,medium,How do you prioritize patient care in a busy shift?,"I assess acuity levels, plan efficiently, and delegate when necessary."
Medical,Nurse,medium,How do you prioritize tasks when you have multiple patients?,"I assess each patient’s needs based on urgency and severity, ensuring that critical tasks are addressed first. I also stay organized by using a checklist and communicate with my team to manage time effectively."
Medical,Nurse,medium,How do you react if a coworker makes an inappropriate joke?,I address it professionally and report it if necessary.
Medical,Nurse,medium,How do you react if a family member questions your care decisions?,"I remain calm, explain the rationale, and address their concerns."
Medical,Nurse,medium,How do you react if you are assigned a patient outside your expertise?,I seek guidance from experienced colleagues and provide safe care.
Medical,Nurse,medium,How do you recognize and value contributions in your workplace?,"I express appreciation, acknowledge hard work, and celebrate team successes."
Medical,Nurse,medium,How do you respond to a call light when you are busy?,"I acknowledge the patient, assess urgency, and ask for help if needed."
Medical,Nurse,medium,How do you support a patient who has received bad news?,"I provide emotional support, listen, and offer resources if needed."
Medical,Nurse,medium,How do you support a patient with a new diagnosis?,"I provide education, emotional support, and resources."
Medical,Nurse,medium,How do you prevent pressure ulcers in bed-bound patients?,"I reposition frequently, assess skin integrity, and use pressure-relieving devices."
Medical,Dentist,medium,What strategies do you use to improve case acceptance among patients?,"I educate patients on the benefits of treatment, address concerns, and offer phased or financial options if needed."
Medical,Pharmacist,medium,What strategies do you use to adapt to unfamiliar systems?,I combine self-study with help from experienced colleagues to build my competence.
Medical,Pharmacist,medium,What strategies do you use to manage uncertainty?,"I focus on clear communication, research solutions, and remain adaptable to evolving situations."
Medical,Pharmacist,medium,How do you set and achieve your professional goals?,I establish measurable objectives and review my progress regularly to stay on track.
Medical,Pharmacist,medium,How do you see this role fitting into your future?,It provides a platform to apply my clinical knowledge while developing business management skills.
Medical,Pharmacist,medium,How do you resolve conflicts within a team?,"I listen to all sides, facilitate discussion, and guide the team toward a mutually beneficial solution."
Medical,Pharmacist,medium,How do you remain flexible when plans change?,I keep an open mindset and quickly re-prioritize tasks as needed.
Medical,Pharmacist,medium,Tell me about a time you disagreed with a team decision.,I respectfully shared my concerns and offered alternative solutions that led to a constructive discussion.
Medical,Pharmacist,medium,Tell me about a time you adapted to a significant change.,I adapted to a major system update by proactively seeking training and support.
Medical,Pharmacist,medium,Tell me about a time when you had to think on your feet.,I quickly adapted during a system failure by devising an alternative workflow to maintain service.
Medical,Pharmacist,medium,Tell me about a time when you effectively organized a project.,"I led a team project by outlining clear responsibilities and timelines, ensuring success."
Medical,Pharmacist,medium,Tell me about a successful team project you worked on.,I collaborated on a patient outreach program that significantly improved community engagement.
Medical,Pharmacist,medium,Tell me about a situation where you led by example.,I demonstrated commitment by taking on extra responsibilities during a busy period.
Medical,Pharmacist,medium,Tell me about a project you started on your own.,I initiated a community health seminar that successfully educated local residents on wellness.
Medical,Pharmacist,medium,How do you manage multiple deadlines simultaneously?,I break tasks into smaller steps and set incremental deadlines to ensure timely completion.
Medical,Pharmacist,medium,How do you manage high customer traffic during busy hours?,I prioritize tasks and work efficiently to ensure every customer receives timely service.
Medical,Pharmacist,medium,How do you manage feedback from supervisors?,"I listen carefully, reflect on the input, and integrate suggestions into my daily work."
Medical,Pharmacist,medium,How do you manage conflict when leading a team?,"I address issues directly, mediate discussions, and work to find win-win solutions."
Medical,Pharmacist,medium,How do you manage beta-blocker overdose?,"Management includes IV fluids, atropine for bradycardia, and glucagon as an antidote."
Medical,Pharmacist,medium,How do you manage a weakness in your skill set?,I seek feedback and training to convert weaknesses into strengths over time.
Medical,Pharmacist,medium,How do you maintain high performance without constant supervision?,"I set clear goals, monitor my progress, and take initiative in solving challenges."
Medical,Pharmacist,medium,How do you learn new computer systems or software?,I use hands-on practice and online tutorials to quickly gain proficiency with new tools.
Medical,Pharmacist,medium,How do you keep yourself organized and efficient?,"I rely on digital tools, clear goal-setting, and regular progress reviews to stay organized."
Medical,Pharmacist,medium,How does your experience match the job requirements?,My background in pharmacy and experience in various healthcare settings make me well-suited for this role.
Medical,Pharmacist,medium,How do you stay current with industry trends?,"I attend seminars, read industry publications, and engage with professional networks regularly."
Medical,Pharmacist,medium,How do you stay motivated during repetitive tasks?,I set personal goals and remind myself of the impact my work has on patient care.
Medical,Pharmacist,medium,How do you stay updated with technological changes?,"I attend webinars, read industry publications, and engage with professional networks."
Medical,Pharmacist,medium,How do you support team dynamics?,I foster an inclusive environment by encouraging collaboration and recognizing everyone’s contributions.
Medical,Pharmacist,medium,What are the common side effects of opioid analgesics?,"Side effects include constipation, sedation, and respiratory depression."
Medical,Pharmacist,medium,What are the common side effects of loop diuretics?,"Side effects include hypokalemia, dehydration, hypotension, and ototoxicity."
Medical,Pharmacist,medium,What are the common side effects of first-generation antihistamines?,"Side effects include drowsiness, dry mouth, and dizziness."
Medical,Pharmacist,medium,What are the common side effects of diuretics?,"Side effects include dehydration, electrolyte imbalances, and hypotension."
Medical,Pharmacist,medium,What are the common side effects of corticosteroids?,"Common side effects include weight gain, hyperglycemia, osteoporosis, and increased infection risk."
Medical,Pharmacist,medium,Tell me about a disagreement you resolved constructively.,I listened to my colleague’s concerns and we adjusted our workflow to prevent future misunderstandings.
Medical,Pharmacist,medium,Share an example of a conflict you navigated in a team setting.,I facilitated an open discussion that allowed us to realign our efforts and improve collaboration.
Medical,Pharmacist,medium,How would your colleagues describe your work ethic?,"They would say I am dedicated, reliable, and always willing to go the extra mile."
Medical,Pharmacist,medium,How would you describe your greatest weakness?,"I tend to be overly meticulous, but I’ve learned to balance detail with efficiency."
Medical,Pharmacist,medium,How have you worked to overcome a personal weakness?,I actively seek constructive feedback and pursue professional development opportunities.
Medical,Pharmacist,medium,How does your background prepare you for this role?,"My diverse experience in hospital, lab, and community settings has honed my ability to adapt and excel."
Medical,Pharmacist,medium,How have you turned a conflict into a positive outcome?,"By addressing the root cause, I helped my team improve communication and workflow."
Medical,Pharmacist,medium,How have you handled disagreements at work?,"I listen actively, clarify misunderstandings, and work with colleagues to reach a mutually beneficial outcome."
Medical,Pharmacist,medium,How have you guided a team through a challenging project?,I maintained open communication and delegated tasks effectively to navigate obstacles.
Medical,Pharmacist,medium,What are the common drug interactions with SSRIs?,"SSRIs can interact with MAOIs, NSAIDs, and anticoagulants, increasing bleeding risk."
Medical,Pharmacist,medium,What are the common adverse effects of ACE inhibitors?,"Common adverse effects include cough, hyperkalemia, hypotension, and angioedema."
Medical,Pharmacist,medium,What are the adverse effects of long-term benzodiazepine use?,"Long-term use can lead to dependency, cognitive impairment, and withdrawal symptoms."
Medical,Pharmacist,medium,What are the adverse effects of long-term PPI use?,"Risks include osteoporosis, vitamin B12 deficiency, and increased infection risk."
Medical,Pharmacist,medium,What are the adverse effects of long-term NSAID use?,"Side effects include gastrointestinal ulcers, kidney dysfunction, and cardiovascular risks."
Medical,Pharmacist,medium,What are the adverse effects of digoxin toxicity?,"Symptoms include nausea, vomiting, visual disturbances, and cardiac arrhythmias."
Medical,Pharmacist,medium,What are the adverse effects of benzodiazepines?,"Adverse effects include drowsiness, cognitive impairment, and dependence."
Medical,Pharmacist,medium,How do you use criticism to improve your performance?,"I analyze the feedback, set specific goals, and adjust my approach accordingly."
Medical,Pharmacist,medium,How have you taught yourself new software in the past?,I utilized online resources and dedicated practice sessions to become confident in new applications.
Medical,Pharmacist,medium,What are the common side effects of opioid analgesics?,"Side effects include respiratory depression, sedation, constipation, and nausea."
Medical,Pharmacist,medium,How does warfarin interact with vitamin K?,"Vitamin K antagonizes warfarin, reducing its anticoagulant effect."
Medical,Pharmacist,medium,How does this opportunity align with your skills?,"It leverages my clinical expertise and passion for patient education, allowing me to make an impact."
Medical,Pharmacist,medium,How do you build trust with your team?,"I maintain transparency, follow through on commitments, and communicate openly."
Medical,Pharmacist,medium,How do you handle unexpected challenges at work?,"I stay calm, analyze the situation, and develop a step-by-step plan to overcome obstacles."
Medical,Pharmacist,medium,How do you handle team disagreements?,I mediate discussions to understand differing opinions and help the team reach consensus.
Medical,Pharmacist,medium,How do you handle stressful situations?,"I remain calm, break tasks into manageable parts, and use effective stress-relief techniques."
Medical,Pharmacist,medium,How do you handle stress in the workplace?,"I utilize stress management techniques and maintain a calm, focused demeanor under pressure."
Medical,Pharmacist,medium,How do you handle routine tasks with efficiency?,I streamline processes and use time-management tools to remain productive.
Medical,Pharmacist,medium,How do you handle responsibility when leading a team?,"I ensure clear communication, accountability, and provide support to guarantee team success."
Medical,Pharmacist,medium,How do you handle repetitive tasks without losing focus?,I set small milestones and maintain a routine to stay motivated and engaged.
Medical,Pharmacist,medium,How do you approach resolving misunderstandings at work?,I clarify facts and encourage open dialogue to ensure everyone is on the same page.
Medical,Pharmacist,medium,How do you approach problem-solving in the workplace?,"I assess the situation, gather necessary information, and work collaboratively to resolve issues."
Medical,Pharmacist,medium,How do you approach customer education and outreach?,I proactively share relevant information and resources to empower customers about their health.
Medical,Pharmacist,medium,How do you adjust your priorities when situations evolve?,I regularly reassess tasks and shift focus to align with the most critical needs.
Medical,Pharmacist,medium,How do you address patients' concerns about medication?,"I provide thorough explanations and reassurance, ensuring they feel informed and secure."
Medical,Pharmacist,medium,How do you address conflicts with coworkers?,I believe in direct communication and work to understand differing viewpoints before finding a solution.
Medical,Pharmacist,medium,How do you adapt your communication style for different audiences?,I assess the audience’s background and tailor my language and tone to meet their needs.
Medical,Pharmacist,medium,How do you adapt to changes in the workplace?,"I remain flexible, embrace new challenges, and adjust my priorities quickly."
Medical,Pharmacist,medium,How do thiazide diuretics lower blood pressure?,They reduce blood volume by inhibiting sodium reabsorption in the kidneys.
Medical,Pharmacist,medium,How do you ensure you meet deadlines?,"I plan ahead, set reminders, and regularly review my progress."
Medical,Pharmacist,medium,How do you ensure you learn from criticism?,I set measurable goals based on the feedback and regularly review my progress.
Medical,Pharmacist,medium,How do you ensure smooth transitions during change?,"I plan ahead, communicate effectively, and offer support during the transition."
Medical,Pharmacist,medium,How do you ensure quality in your work?,I adhere to strict protocols and continuously seek feedback to maintain high standards.
Medical,Pharmacist,medium,How do you calculate creatinine clearance?,"Using the Cockcroft-Gault equation: (140 - age) × weight (kg) / (72 × serum creatinine), adjusted for gender."
Medical,Pharmacist,medium,How do you contribute to a team environment?,"I actively share ideas, support colleagues, and work collaboratively to achieve goals."
Medical,Pharmacist,medium,How do you counsel a patient on the proper use of an inhaler?,"Demonstrate proper inhalation technique, including deep inhalation and breath-holding."
Medical,Pharmacist,medium,How do you deal with unexpected changes in your work schedule?,I adapt quickly by reassessing my priorities and adjusting my schedule as needed.
Medical,Pharmacist,medium,How does naloxone reverse opioid overdose?,"It competitively binds opioid receptors, displacing opioids and reversing respiratory depression."
Medical,Pharmacist,medium,How does aspirin work as an antiplatelet drug?,"Aspirin irreversibly inhibits COX-1 and COX-2 enzymes, reducing thromboxane A2 production and preventing platelet aggregation."
Medical,Pharmacist,medium,How do you handle miscommunication at work?,I address gaps immediately by clarifying details and confirming mutual understanding.
Medical,Pharmacist,medium,How do you handle difficult customers or patients?,"I remain calm, listen actively, and work to resolve their concerns professionally."
Medical,Pharmacist,medium,How do you handle differences within a team?,I encourage respectful dialogue and seek common ground to resolve differences.
Medical,Pharmacist,medium,How do you handle criticism at work?,I view criticism as an opportunity to learn and improve my performance continuously.
Medical,Pharmacist,medium,How do you handle communication challenges in a busy environment?,I use concise messaging and confirm understanding even when under pressure.
Medical,Pharmacist,medium,How do you handle challenging patient situations?,"I remain calm, listen to their concerns, and offer clear, supportive guidance."
Medical,Pharmacist,medium,How do you foster collaboration among team members?,"I encourage open dialogue, respect diverse opinions, and hold regular team meetings."
Medical,Pharmacist,medium,How do you follow up with patients after counseling?,I schedule follow-up calls or visits to monitor progress and address any concerns.
Medical,Pharmacist,medium,How does this position align with your career goals?,"The role offers growth in both clinical and business aspects, aligning with my long-term aspirations."
Medical,Pharmacist,medium,How do you ensure you understand new software applications?,I practice regularly and ask for feedback to confirm my understanding.
Medical,Pharmacist,medium,How do you prioritize tasks in a busy environment?,"I assess urgency, set clear priorities, and manage my time effectively."
Medical,Pharmacist,medium,How do you overcome challenges with new technology?,"I remain patient, research solutions, and collaborate with technical support when needed."
Medical,Pharmacist,medium,How do you motivate others in a team setting?,"I inspire colleagues by setting clear goals, offering support, and recognizing achievements."
Medical,Pharmacist,medium,How do you manage work-life balance in a demanding role?,I prioritize effective time management and self-care to meet both professional and personal commitments.
Medical,Pharmacist,medium,How do you manage self-directed projects?,"I create detailed plans, set milestones, and track progress to ensure successful outcomes."
Medical,Pharmacist,medium,How do you manage opioid-induced constipation?,"Treatment includes increased fiber, fluids, exercise, and use of laxatives such as stool softeners or stimulants."
Medical,Pharmacist,medium,How do you ensure customers feel heard and valued?,I give my full attention during interactions and follow up to address their needs.
Medical,Pharmacist,medium,How do you ensure continuous improvement in your performance?,I set personal benchmarks and regularly review my progress to identify areas for enhancement.
Medical,Pharmacist,medium,How do you ensure clear communication in your role?,"I use active listening, ask clarifying questions, and confirm details to avoid misunderstandings."
Medical,Pharmacist,medium,How do you ensure accuracy in your work?,I double-check my work and seek feedback to maintain high standards of precision.
Medical,Pharmacist,medium,How do you react to constructive criticism?,I appreciate it as a tool for professional growth and continuously seek to improve.
Medical,Pharmacist,medium,What are the contraindications for NSAID use?,"Contraindications include peptic ulcer disease, kidney disease, and bleeding disorders."
Medical,Pharmacist,medium,Tell me about a time you had a conflict with a colleague?,I addressed a disagreement by discussing the issue directly and collaboratively finding a solution.
Medical,Pharmacist,medium,Tell me about a time you resolved a customer complaint.,"I addressed a complaint by listening, apologizing, and providing a solution that satisfied the customer."
Medical,Pharmacist,medium,What do you consider your most significant professional achievement?,Successfully implementing a new patient counseling program that improved outcomes is my proudest achievement.
Medical,Pharmacist,medium,What do you consider most important in patient care?,Building trust and ensuring patients understand their care are my top priorities.
Medical,Pharmacist,medium,What are the risks of prolonged benzodiazepine use?,"Risks include dependence, cognitive impairment, and withdrawal symptoms."
Medical,Pharmacist,medium,What are the risks of long-term proton pump inhibitor use?,"Risks include osteoporosis, vitamin B12 deficiency, and kidney disease."
Medical,Pharmacist,medium,What are the risks of long-term opioid use?,"Risks include dependence, tolerance, and respiratory depression."
Medical,Pharmacist,medium,What are the risks of long-term lithium use?,"Risks include kidney damage, hypothyroidism, and lithium toxicity."
Medical,Pharmacist,medium,What are the risks of long-term benzodiazepine use?,"Risks include dependence, cognitive decline, and withdrawal symptoms."
Medical,Pharmacist,medium,What are the risks of long-term NSAID use?,"Risks include gastrointestinal ulcers, kidney disease, and increased cardiovascular events."
Medical,Pharmacist,medium,What are the risks of long-term NSAID use?,"Risks include gastrointestinal ulcers, kidney damage, and cardiovascular issues."
Medical,Pharmacist,medium,What are the risks of combining NSAIDs with anticoagulants?,The combination increases the risk of bleeding and gastrointestinal ulcers.
Medical,Pharmacist,medium,What are the risks of benzodiazepine use?,"Risks include dependency, drowsiness, cognitive impairment, and respiratory depression."
Medical,Pharmacist,medium,What are the uses of selective estrogen receptor modulators (SERMs)?,SERMs are used for osteoporosis and estrogen receptor-positive breast cancer.
Medical,Pharmacist,medium,What are the uses of dopamine agonists?,Dopamine agonists are used for Parkinson’s disease and restless legs syndrome.
Medical,Pharmacist,medium,What are the symptoms of serotonin syndrome?,"Symptoms include agitation, hyperthermia, muscle rigidity, and autonomic instability."
Medical,Pharmacist,medium,What are the symptoms of opioid withdrawal?,"Symptoms include sweating, agitation, nausea, diarrhea, and muscle pain."
Medical,Pharmacist,medium,What are the side effects of thiazide diuretics?,"Side effects include hypokalemia, dehydration, and increased uric acid levels."
Medical,Pharmacist,medium,What are the side effects of proton pump inhibitors (PPIs)?,"Side effects include osteoporosis, vitamin B12 deficiency, and increased infection risk."
Medical,Pharmacist,medium,What are the side effects of prolonged corticosteroid use?,"Side effects include weight gain, osteoporosis, muscle weakness, and hyperglycemia."
Medical,Pharmacist,medium,What are the key responsibilities of a community pharmacist?,"Dispensing medications, providing patient counseling, advising on over-the-counter drugs, and ensuring prescription accuracy."
Medical,Pharmacist,medium,What are the indications for using proton pump inhibitors (PPIs)?,"PPIs are used for GERD, peptic ulcers, and Zollinger-Ellison syndrome."
Medical,Pharmacist,medium,What are the indications for using dopamine agonists?,They are used for Parkinson’s disease and restless legs syndrome.
Medical,Pharmacist,medium,What do you do to contribute to team success?,"I actively participate, offer assistance, and take initiative in solving problems."
Medical,Pharmacist,medium,What do you do when you encounter a task you’ve never done before?,"I research, ask for guidance, and approach the task methodically to ensure success."
Medical,Pharmacist,medium,What do you hope to learn in this position?,I look forward to expanding my technical skills and gaining deeper insights into patient care management.
Medical,Pharmacist,medium,What do you value most in teamwork?,"I value trust, open communication, and a shared commitment to quality care."
Medical,Pharmacist,medium,What are your salary expectations?,I am open to discussing a competitive package that reflects my experience and industry standards.
Medical,Pharmacist,medium,What are your plans for professional development in the next year?,I plan to attend industry seminars and pursue certifications to further enhance my skills.
Medical,Pharmacist,medium,What are your long-term career aspirations?,I aim to advance in the pharmacy field by taking on leadership roles and expanding my expertise.
Medical,Pharmacist,medium,What are you looking forward to in this role?,I look forward to engaging directly with patients and further developing my clinical skills.
Medical,Pharmacist,medium,What are the uses of selective estrogen receptor modulators (SERMs)?,SERMs are used in osteoporosis and estrogen receptor-positive breast cancer.
Medical,Pharmacist,medium,What is the mechanism of action of HMG-CoA reductase inhibitors (statins)?,Statins inhibit cholesterol synthesis in the liver by blocking HMG-CoA reductase.
Medical,Pharmacist,medium,What is the mechanism of action of GLP-1 receptor agonists?,"They enhance insulin secretion, suppress glucagon release, and slow gastric emptying."
Medical,Pharmacist,medium,What is the function of histamine H2-receptor antagonists?,They reduce stomach acid production and are used to treat GERD and ulcers.
Medical,Pharmacist,medium,What is the difference between bactericidal and bacteriostatic antibiotics?,"Bactericidal antibiotics kill bacteria (e.g., Penicillins), while bacteriostatic antibiotics inhibit bacterial growth (e.g., Tetracyclines)."
Medical,Pharmacist,medium,What is polypharmacy and why is it a concern?,Polypharmacy is the use of multiple medications; it increases the risk of drug interactions and adverse effects.
Medical,Pharmacist,medium,What are the indications for using beta-blockers?,"Beta-blockers are used for hypertension, heart failure, and arrhythmias."
Medical,Pharmacist,medium,What is one area where you seek further development?,I am focused on developing stronger leadership skills for future team management.
Medical,Pharmacist,medium,What are the side effects of opioid analgesics?,"Side effects include respiratory depression, constipation, sedation, and nausea."
Medical,Pharmacist,medium,What are the side effects of long-term opioid use?,"Side effects include tolerance, dependence, and respiratory depression."
Medical,Pharmacist,medium,What are the side effects of long-term corticosteroid use?,"Side effects include osteoporosis, adrenal suppression, and hyperglycemia."
Medical,Pharmacist,medium,What are the side effects of long-term NSAID use?,"Side effects include gastrointestinal ulcers, kidney damage, and increased cardiovascular risk."
Medical,Pharmacist,medium,What are the side effects of long-term NSAID use?,"Side effects include gastrointestinal ulcers, kidney damage, and cardiovascular risk."
Medical,Pharmacist,medium,What are the side effects of long-term NSAID use?,"Side effects include gastrointestinal bleeding, renal impairment, and cardiovascular risks."
Medical,Pharmacist,medium,What are the side effects of chronic opioid therapy?,"Side effects include tolerance, dependence, constipation, and respiratory depression."
Medical,Pharmacist,medium,What are the side effects of beta-blockers?,"Side effects include bradycardia, hypotension, fatigue, and dizziness."
Medical,Pharmacist,medium,What does excellent customer service mean to you?,"It means providing empathetic, prompt, and knowledgeable care that exceeds expectations."
Medical,Pharmacist,medium,What is an example of your initiative in the workplace?,I spearheaded an update to our patient information system that improved data accuracy.
Medical,Pharmacist,medium,What are the indications for using benzodiazepines?,"Benzodiazepines are used for anxiety, seizures, muscle spasms, and alcohol withdrawal."
Medical,Pharmacist,medium,What are the indications for using aldosterone antagonists?,"They are used in heart failure, hypertension, and conditions with excessive aldosterone."
Medical,Pharmacist,medium,What are the indications for using TNF inhibitors?,"TNF inhibitors are used for rheumatoid arthritis, psoriasis, and Crohn's disease."
Medical,Pharmacist,medium,What are the common side effects of beta-blockers?,"Side effects include fatigue, bradycardia, hypotension, and dizziness."
Medical,Pharmacist,medium,What are the common side effects of atypical antipsychotics?,"Side effects include weight gain, metabolic changes, and sedation."
Medical,Pharmacist,medium,What are the common side effects of SSRI antidepressants?,"Side effects include nausea, sexual dysfunction, weight gain, and insomnia."
Medical,Pharmacist,medium,What are the common indications for anticoagulant therapy?,"They are used for preventing strokes, deep vein thrombosis, and pulmonary embolism."
Medical,Pharmacist,medium,What are the common drug interactions with warfarin?,"Interactions include antibiotics, NSAIDs, and foods high in vitamin K."
Medical,Pharmacist,medium,What are the common drug interactions with warfarin?,"Interactions include NSAIDs, antibiotics, and foods rich in vitamin K."
Medical,Pharmacist,medium,What are the common drug interactions with anticoagulants?,"Anticoagulants interact with NSAIDs, antibiotics, and foods high in vitamin K."
Medical,Pharmacist,medium,What are the common drug interactions with SSRIs?,"SSRIs interact with MAOIs, NSAIDs, and anticoagulants, increasing bleeding risk."
Medical,Pharmacist,medium,What are the indications for proton pump inhibitors?,"PPIs are used for GERD, peptic ulcers, and Zollinger-Ellison syndrome."
Medical,Pharmacist,medium,What are the indications for proton pump inhibitors (PPIs)?,"They are used for GERD, peptic ulcers, and Zollinger-Ellison syndrome."
Medical,Pharmacist,medium,What are the common side effects of chemotherapy drugs?,"Side effects include nausea, vomiting, hair loss, immunosuppression, and fatigue."
Medical,Pharmacist,medium,What are the indications for opioid analgesics?,They are used for moderate to severe pain management.
Medical,Pharmacist,medium,What are the indications for HMG-CoA reductase inhibitors?,They are used to lower cholesterol and reduce cardiovascular risk.
Medical,Pharmacist,medium,What are the factors affecting drug absorption?,"Factors include solubility, pH, food intake, and drug formulation."
Medical,Pharmacist,medium,What are the different types of insulin and their onset times?,"Rapid-acting, short-acting, intermediate-acting, and long-acting insulins vary in onset and duration."
Medical,Pharmacist,medium,What are controlled substances and how are they regulated?,Controlled substances are drugs regulated due to potential for abuse; they are categorized by schedules.
Medical,Pharmacist,medium,What accomplishment are you most proud of in your career?,I successfully implemented a new patient counseling protocol that improved care outcomes.
Medical,Pharmacist,medium,Tell me about your experience working in a diverse team.,"I have collaborated with professionals from various backgrounds, enriching our problem-solving."
Medical,Pharmacist,medium,Tell me about a time you worked through a challenging conflict.,"I addressed a misunderstanding head-on, leading to a clearer division of responsibilities."
Medical,Pharmacist,medium,Tell me about a time you went above and beyond in your role.,"I volunteered for extra duties during a staffing shortage, ensuring patients received quality care."
Medical,Pharmacist,medium,Tell me about a time you supported a team member.,I offered assistance and shared resources with a colleague facing a challenging task.
Medical,Pharmacist,medium,Tell me about a time you successfully conveyed difficult news.,"I delivered challenging information with empathy and clarity, ensuring the recipient fully understood the situation."
Medical,Pharmacist,medium,What are the indications for anticoagulant therapy?,"Used for preventing blood clots in conditions such as atrial fibrillation, DVT, and pulmonary embolism."
Medical,Pharmacist,medium,How do you ensure patients understand their medications?,I break down complex information into simple terms and encourage questions.
Medical,Pharmacist,medium,What are the main differences between type 1 and type 2 diabetes?,"Type 1 diabetes is autoimmune and insulin-dependent, while type 2 diabetes is characterized by insulin resistance and lifestyle factors."
Medical,Pharmacist,medium,What are the major side effects of statins?,"Side effects include muscle pain, liver enzyme elevation, and rhabdomyolysis."
Medical,Pharmacist,medium,What are the indications for using H2 receptor antagonists?,"They are used for GERD, peptic ulcers, and Zollinger-Ellison syndrome."
Medical,Pharmacist,medium,What are the indications for using ACE inhibitors?,"ACE inhibitors are used for hypertension, heart failure, and chronic kidney disease."
Medical,Pharmacist,medium,What are the side effects of benzodiazepine use?,"Side effects include drowsiness, cognitive impairment, and risk of dependency."
Medical,Pharmacist,medium,What are the side effects of SSRI withdrawal?,"Withdrawal symptoms include dizziness, nausea, irritability, and brain zaps."
Medical,Pharmacist,medium,What are the side effects of SSRI withdrawal?,"Symptoms include dizziness, nausea, irritability, and brain zaps."
Medical,Pharmacist,medium,What are the side effects of SGLT2 inhibitors?,"Side effects include urinary tract infections, dehydration, and ketoacidosis."
Medical,Pharmacist,medium,What are the risks of using atypical antipsychotics?,"Risks include weight gain, diabetes, and extrapyramidal symptoms."
Medical,Pharmacist,medium,What are the risks of statin therapy?,"Risks include muscle pain, liver enzyme elevation, and rhabdomyolysis."
Medical,Pharmacist,medium,What are the risks of prolonged corticosteroid use?,"Risks include adrenal suppression, osteoporosis, hyperglycemia, and immunosuppression."
Medical,Pharmacist,medium,What are the different types of insulin and their onset times?,"Rapid-acting (e.g., lispro), short-acting (e.g., regular), intermediate-acting (e.g., NPH), and long-acting (e.g., glargine)."
Medical,Pharmacist,medium,What are the major drug interactions with warfarin?,"Interactions include antibiotics, NSAIDs, and foods high in vitamin K."
Medical,Pharmacist,medium,What are the contraindications for using fibrinolytics?,"Contraindications include recent surgery, active bleeding, and severe hypertension."
Medical,Pharmacist,medium,What are the contraindications for using beta-blockers?,"Contraindications include asthma, bradycardia, and severe heart failure."
Medical,Pharmacist,medium,What are the contraindications for using NSAIDs?,"Contraindications include peptic ulcer disease, kidney disease, and cardiovascular conditions."
Medical,Pharmacist,medium,What are the contraindications for using NSAIDs?,"Contraindications include peptic ulcer disease, kidney disease, and bleeding disorders."
Medical,Pharmacist,medium,What are the contraindications for opioid analgesics?,"Contraindications include respiratory depression, severe asthma, and untreated sleep apnea."
Medical,Pharmacist,medium,What are the contraindications for anticoagulant therapy?,"Contraindications include active bleeding, severe liver disease, and recent surgery."
Medical,Pharmacist,medium,What are the contraindications for NSAID use?,"Contraindications include peptic ulcer disease, renal impairment, and history of gastrointestinal bleeding."
Medical,Pharmacist,medium,What are the risks associated with opioid use?,"Risks include addiction, respiratory depression, and constipation."
Medical,Pharmacist,medium,What are the risks associated with opioid analgesics?,"Risks include dependence, respiratory depression, and constipation."
Medical,Pharmacist,medium,What are the risks associated with long-term corticosteroid therapy?,"Risks include osteoporosis, adrenal suppression, hyperglycemia, and immunosuppression."
Medical,Pharmacist,medium,What are the risks associated with long-term benzodiazepine use?,"Risks include dependency, cognitive decline, and withdrawal symptoms."
Medical,Pharmacist,medium,What strategies do you use to build long-term customer relationships?,I maintain consistent communication and deliver personalized care to foster trust.
Medical,Pharmacist,medium,How do you ensure open communication within a team?,I advocate for regular meetings and encourage everyone to share their insights.
Medical,Pharmacist,medium,How do selective serotonin reuptake inhibitors (SSRIs) work?,SSRIs increase serotonin levels by inhibiting its reuptake into presynaptic neurons.
Medical,Pharmacist,medium,What is your main motivation for applying?,My desire to grow professionally and contribute to improving patient outcomes motivates me.
Medical,Pharmacist,medium,What motivated you to apply for this role?,My community pharmacy experience and patient care skills inspire me to contribute to your team.
Medical,Pharmacist,medium,What is your approach to continuous improvement?,"I actively seek feedback, set improvement goals, and pursue ongoing professional development."
Medical,Pharmacist,medium,What is your approach to change in a fast-paced environment?,I view change as an opportunity to innovate and improve existing practices.
Medical,Pharmacist,medium,What is the significance of drug half-life?,Half-life determines the duration a drug stays in the body and affects dosing frequency.
Medical,Pharmacist,medium,What is the significance of bioavailability in drug therapy?,"Bioavailability determines the fraction of an administered drug that reaches systemic circulation, affecting its efficacy."
Medical,Pharmacist,medium,What is the role of naloxone in opioid overdose?,Naloxone is an opioid antagonist that rapidly reverses opioid overdose effects.
Medical,Pharmacist,medium,Describe a situation where you proactively solved a problem.,I noticed a scheduling error and quickly implemented a new process to prevent future issues.
Medical,Pharmacist,medium,Describe a situation where teamwork led to success.,Our coordinated efforts at a health fair resulted in exceeding our outreach goals.
Medical,Pharmacist,medium,Describe a situation where communication improved team outcomes.,Improved communication helped our team identify process improvements that boosted efficiency.
Medical,Pharmacist,medium,Describe a situation when you had to compromise during a conflict.,I negotiated a revised deadline that accommodated both our needs.
Medical,Pharmacist,medium,Describe a limitation you are addressing.,I have been enhancing my technical skills with advanced software to improve workflow.
Medical,Pharmacist,medium,Describe a conflict with a colleague and your resolution strategy.,I arranged a private discussion to understand their concerns and reached an amicable solution.
Medical,Pharmacist,medium,Describe a challenging work situation and how you overcame it.,I faced a tight deadline and organized a team effort that allowed us to complete the project on time.
Medical,Pharmacist,medium,What is the role of fibrates in lipid management?,Fibrates lower triglycerides and increase HDL cholesterol levels.
Medical,Pharmacist,medium,What is the role of dopamine agonists in Parkinson’s disease?,"They stimulate dopamine receptors, improving motor function and reducing symptoms."
Medical,Pharmacist,medium,Describe your experience in supervising colleagues.,"I have guided peers in academic projects, fostering an environment of collaboration and trust."
Medical,Pharmacist,medium,What is the role of a pharmacist in a hospital setting?,"A hospital pharmacist ensures the safe and effective use of medications by reviewing prescriptions, monitoring therapy, and providing drug information to healthcare professionals."
Medical,Pharmacist,medium,What is the role of CYP450 enzymes in drug metabolism?,"CYP450 enzymes metabolize drugs, affecting their activation, breakdown, and interactions."
Medical,Pharmacist,medium,What steps do you take to solve a difficult problem?,"I analyze the issue, consult with colleagues, and implement a structured solution."
Medical,Pharmacist,medium,What sets you apart from other candidates?,"My diverse background, proactive approach, and commitment to excellence differentiate me."
Medical,Pharmacist,medium,What is your method for addressing performance concerns?,I engage in open dialogue with my supervisors to understand expectations and adjust accordingly.
Medical,Pharmacist,medium,What is your method for learning from your mistakes?,"I analyze errors, seek feedback, and adjust my approach to prevent future issues."
Medical,Pharmacist,medium,Describe a time when you took initiative at work.,I identified a gap in our process and developed a plan to address it before it became a larger issue.
Medical,Pharmacist,medium,Describe a time when your team overcame a challenge.,"Our team restructured our approach to meet a tight deadline, resulting in a successful project."
Medical,Pharmacist,medium,Describe a situation where you resolved a team conflict.,I mediated a dispute by facilitating open communication and aligning team goals.
Medical,Pharmacist,medium,How do H2 receptor antagonists reduce stomach acid?,"They block histamine receptors in gastric parietal cells, reducing acid production."
Medical,Pharmacist,medium,How do H1 receptor antagonists work in allergy treatment?,"They block histamine H1 receptors, reducing allergic symptoms like itching and swelling."
Medical,Pharmacist,medium,How do GLP-1 receptor agonists work in diabetes management?,"GLP-1 agonists increase insulin secretion, slow gastric emptying, and reduce appetite."
Medical,Pharmacist,medium,How do GLP-1 receptor agonists promote weight loss?,"They slow gastric emptying, increase satiety, and reduce caloric intake."
Medical,Pharmacist,medium,How do GLP-1 receptor agonists help in diabetes?,"They enhance insulin secretion, slow gastric emptying, and promote weight loss."
Medical,Pharmacist,medium,How do ACE inhibitors help in managing hypertension?,"They inhibit the angiotensin-converting enzyme, reducing blood pressure and decreasing fluid retention."
Medical,Pharmacist,medium,How did you manage a difference in opinions at work?,I listened carefully and suggested compromises that respected everyone’s views.
Medical,Pharmacist,medium,Describe a challenging interpersonal conflict and how you resolved it.,"I clarified roles during a task disagreement, which helped prevent future issues."
Medical,Pharmacist,medium,Can you share an example of responding to feedback?,"After receiving feedback on my communication, I took a course to refine my skills."
Medical,Pharmacist,medium,What role does continuous learning play in your career?,Continuous learning is vital; I actively pursue training to enhance my skills.
Medical,Pharmacist,medium,Can you share an example of managing workplace conflict?,I addressed a scheduling conflict by proposing a revised plan that satisfied all team members.
Medical,Pharmacist,medium,Can you discuss a skill you are currently developing?,I am actively working on improving my data management and analytical skills.
Medical,Pharmacist,medium,What is your strategy for staying organized under pressure?,I maintain a structured schedule and use stress-management techniques to stay focused.
Medical,Pharmacist,medium,What is your strategy for effective collaboration?,"I set clear goals, schedule regular updates, and encourage contributions from every team member."
Medical,Pharmacist,medium,What is your response when you receive negative feedback?,"I reflect on the input, identify actionable improvements, and implement changes."
Medical,Pharmacist,medium,What is your process for learning new work tools?,I start with basic tutorials and gradually explore advanced features to gain expertise.
Medical,Pharmacist,medium,Describe your approach to mastering new technology.,I break down the learning process into steps and seek guidance when necessary.
Medical,Pharmacist,medium,Describe your approach to managing a high volume of tasks.,"I prioritize, delegate when possible, and focus on one task at a time to maintain quality."
Medical,Pharmacist,medium,Describe an instance when you mediated a conflict.,"I organized a meeting to address the issues, which helped all parties reach a consensus."
Medical,Pharmacist,medium,Describe a time you quickly adapted to a new system.,I embraced a new patient management system by dedicating extra time to learn its features.
Medical,Pharmacist,medium,Describe a time you provided effective patient education.,"I explained a medication regimen clearly, which led to improved adherence and confidence."
Medical,Pharmacist,medium,Can you explain a time you resolved a dispute among team members?,"I mediated a discussion that clarified roles, restoring harmony within the team."
Medical,Pharmacist,medium,Describe a time when effective communication resolved an issue.,"I clarified a misunderstanding between colleagues, which resulted in smoother project execution."
Medical,Pharmacist,medium,What role do you usually take in team projects?,"I often assume the role of coordinator, ensuring tasks are clear and deadlines met."
Medical,Pharmacist,medium,What resources do you use to learn new systems?,"I rely on online tutorials, training sessions, and peer guidance to master new software."
Medical,Pharmacist,medium,What is the role of ACE inhibitors in hypertension management?,"They lower blood pressure by inhibiting angiotensin-converting enzyme, reducing vasoconstriction."
Medical,Pharmacist,medium,What is the purpose of pharmacovigilance?,"Pharmacovigilance involves monitoring, detecting, and preventing adverse drug reactions to ensure medication safety."
Medical,Pharmacist,medium,What is the process for reporting adverse drug reactions?,Report to regulatory agencies and document adverse effects.
Medical,Pharmacist,medium,What is the mechanism of action of proton pump inhibitors (PPIs)?,"PPIs irreversibly inhibit the H+/K+ ATPase pump, reducing stomach acid production."
Medical,Pharmacist,medium,What is the mechanism of action of methotrexate?,"It inhibits dihydrofolate reductase, interfering with DNA synthesis and immune function."
Medical,Pharmacist,medium,What is the mechanism of action of loop diuretics?,"They inhibit the sodium-potassium-chloride symporter in the loop of Henle, increasing urine output."
Medical,Pharmacist,medium,What is the mechanism of action of loop diuretics?,"They inhibit sodium-potassium-chloride transporters in the loop of Henle, increasing urine output."
Medical,Pharmacist,medium,What attracted you to our company?,"I have heard excellent reviews about your work environment and innovative systems, which motivates me to join."
Medical,Pharmacist,medium,What aspects of this job appeal to you?,"I appreciate the mix of patient interaction, technical challenges, and opportunities for growth."
Medical,Pharmacist,medium,What aspect of your work do you feel needs improvement?,I am working on my time management skills to handle high volumes of tasks more efficiently.
Medical,Pharmacist,medium,What are your strategies for meeting challenging deadlines?,"I plan ahead, break tasks into smaller steps, and communicate progress regularly."
Medical,Pharmacist,medium,What steps do you take when criticized?,"I remain open-minded, evaluate the feedback, and work on practical improvements."
Medical,Pharmacist,medium,Why is this position a good match for your experience?,"My four years of community pharmacy experience, combined with academic training, make this a natural fit."
Medical,Pharmacist,medium,Why do you want to work with us?,I admire your commitment to quality care and believe my skills would complement your team.
Medical,Pharmacist,medium,Why do you believe you are a good fit for this position?,"My hands-on experience, clinical knowledge, and commitment to patient care make me a strong candidate."
Medical,Pharmacist,medium,Why did you choose a career in pharmacy?,I have always been passionate about healthcare and enjoy helping people manage their well-being.
Medical,Pharmacist,medium,Why are you interested in this position?,I am passionate about healthcare and my background in pharmacy aligns well with this role.
Medical,Pharmacist,medium,What was a key lesson you learned from a workplace disagreement?,I learned the importance of proactive communication and setting clear expectations early.
Medical,Pharmacist,medium,What tools help you stay on top of your workload?,I use digital scheduling and task management apps to track my responsibilities.
Medical,Pharmacist,medium,What techniques do you use to communicate effectively with clients?,"I use clear language, active listening, and confirmation techniques to ensure understanding."
Medical,Pharmacist,medium,What techniques do you use for one-on-one patient interactions?,"I use clear explanations, visual aids, and a compassionate approach during counseling sessions."
Medical,Pharmacist,medium,What drives you to achieve your goals?,My commitment to improving patient outcomes and expanding my expertise keeps me motivated.
Medical,Pharmacist,medium,What excites you about joining our team?,The opportunity to work in a dynamic environment where innovation meets patient care excites me.
Medical,Pharmacist,medium,What excites you about working in patient care?,I value one-on-one interactions and the opportunity to educate patients about their health.
Medical,Pharmacist,medium,What factors affect drug metabolism?,"Factors include age, genetics, liver function, enzyme activity, and drug interactions."
Medical,Pharmacist,medium,What motivates you to improve continuously?,I am driven by a desire to provide exceptional care and to constantly expand my skill set.
Medical,Pharmacist,medium,What is the mechanism of action of leukotriene receptor antagonists?,"They block leukotrienes, reducing inflammation and bronchoconstriction in asthma."
Medical,Pharmacist,medium,What is the mechanism of action of fibrates?,"Fibrates activate PPAR-alpha, reducing triglycerides and increasing HDL levels."
Medical,Pharmacist,medium,What is the mechanism of action of direct oral anticoagulants (DOACs)?,"DOACs inhibit thrombin or factor Xa, preventing clot formation."
Medical,Pharmacist,medium,What is the mechanism of action of calcium channel blockers?,"They inhibit calcium entry into cells, causing vasodilation and lower blood pressure."
Medical,Pharmacist,medium,What is the mechanism of action of calcium channel blockers?,"Calcium channel blockers inhibit calcium influx into vascular smooth muscle, leading to vasodilation and reduced blood pressure."
Medical,Pharmacist,medium,What is the mechanism of action of bisphosphonates?,"They inhibit osteoclast activity, reducing bone resorption in osteoporosis."
Medical,Pharmacist,medium,What is the mechanism of action of beta-lactam antibiotics?,"Beta-lactams inhibit bacterial cell wall synthesis, leading to cell lysis."
Medical,Pharmacist,medium,What is the mechanism of action of beta-blockers?,"Beta-blockers block β-adrenergic receptors, reducing heart rate and blood pressure, commonly used for hypertension and heart disease."
Medical,Pharmacist,medium,What is the mechanism of action of SGLT2 inhibitors?,"SGLT2 inhibitors block glucose reabsorption in the kidney, promoting glucose excretion."
Medical,Pharmacist,medium,What role do you usually take in group projects?,"I often assume a coordinating role, ensuring tasks are delegated and deadlines met."
Medical,Pharmacist,medium,What is your leadership style?,I believe in collaborative leadership that values input and fosters team empowerment.
Medical,Pharmacist,medium,What is your approach to teamwork in high-pressure situations?,"I remain calm, prioritize tasks, and ensure clear communication even under pressure."
Medical,Pharmacist,medium,What is your approach to patient counseling?,"I prioritize clear, empathetic communication to ensure patients understand their treatment."
Medical,Pharmacist,medium,What is your approach to managing multiple responsibilities?,I use organizational tools and maintain a structured plan to balance various tasks effectively.
Medical,Pharmacist,medium,What is your approach to explaining complex information?,I break complex ideas into simple concepts and use examples to make them understandable.
Medical,Pharmacist,medium,What is your approach to decision-making as a leader?,"I consider all perspectives, analyze data, and make informed decisions that benefit the team."
Medical,Pharmacist,medium,What is an example of a successful initiative you led?,I initiated a community health outreach program that significantly increased patient engagement.
Medical,Pharmacist,medium,What is an area you are working to improve?,I am focusing on enhancing my technical proficiency with new computer systems.
Medical,Pharmacist,medium,What is a professional challenge you face?,"I sometimes struggle with delegation, but I’m learning to trust my team more effectively."
Medical,Pharmacist,medium,What is a constructive criticism you received about your work?,"I was advised to improve multitasking, and I have since adopted better organizational strategies."
Medical,Pharmacist,medium,What interests you most about our work environment?,"Your fast-paced, patient-focused setting challenges me and supports my growth."
Medical,Pharmacist,medium,What is your experience with patient follow-up in customer service?,I routinely schedule follow-ups to ensure continued satisfaction and address any further concerns.
Medical,Pharmacist,medium,Describe a time when feedback helped you grow.,Constructive feedback on my project management led me to adopt more efficient methods.
Medical,Pharmacist,medium,Describe a time when teamwork improved a project outcome.,Collaborative brainstorming led to innovative solutions that enhanced our patient education program.
Medical,Pharmacist,medium,Describe a time when you exceeded a customer’s expectations.,I provided personalized advice that helped a patient manage their medication regimen effectively.
Medical,Pharmacist,medium,How do statins lower cholesterol?,"Statins inhibit HMG-CoA reductase, reducing cholesterol synthesis in the liver."
Medical,Pharmacist,medium,How do sodium-glucose co-transporter 2 (SGLT2) inhibitors work in diabetes?,SGLT2 inhibitors reduce blood sugar by increasing glucose excretion in the urine.
Medical,Pharmacist,medium,How do serotonin-norepinephrine reuptake inhibitors (SNRIs) work?,They increase serotonin and norepinephrine levels by inhibiting their reuptake.
Medical,Pharmacist,medium,How do serotonin reuptake inhibitors (SSRIs) work?,"They block serotonin reuptake, increasing its availability in the synaptic cleft."
Medical,Pharmacist,medium,How do serotonin reuptake inhibitors (SSRIs) treat depression?,"They inhibit serotonin reuptake, increasing serotonin levels in the synaptic cleft."
Medical,Pharmacist,medium,How do bronchodilators work in asthma management?,"Bronchodilators relax airway smooth muscles, improving airflow and easing breathing."
Medical,Pharmacist,medium,How do bisphosphonates prevent osteoporosis?,"They inhibit osteoclast activity, reducing bone resorption and increasing bone density."
Medical,Pharmacist,medium,How do bisphosphonates prevent bone loss?,"They inhibit osteoclast activity, reducing bone resorption and increasing bone density."
Medical,Pharmacist,medium,How do bisphosphonates help in osteoporosis?,"They inhibit bone resorption by osteoclasts, strengthening bones."
Medical,Pharmacist,medium,How do bisphosphonates help in osteoporosis?,"They inhibit bone resorption by osteoclasts, increasing bone density."
Medical,Pharmacist,medium,How do bisphosphonates help in osteoporosis?,"Bisphosphonates inhibit bone resorption by osteoclasts, strengthening bones."
Medical,Pharmacist,medium,How do beta-lactam antibiotics work?,"They inhibit bacterial cell wall synthesis, leading to bacterial lysis and death."
Medical,Pharmacist,medium,How do beta-blockers affect heart rate?,They slow heart rate by blocking beta-adrenergic receptors.
Medical,Pharmacist,medium,How do loop diuretics differ from thiazide diuretics?,"Loop diuretics act on the loop of Henle and are more potent than thiazides, which act on the distal tubule."
Medical,Pharmacist,medium,How do leukotriene receptor antagonists help in asthma?,"They block leukotrienes, reducing inflammation and bronchoconstriction in asthma patients."
Medical,Pharmacist,medium,How do leukotriene receptor antagonists help in asthma treatment?,"They block leukotrienes, reducing inflammation and bronchoconstriction."
Medical,Pharmacist,medium,How do histamine H1 receptor antagonists treat allergies?,"They block histamine receptors, reducing allergic reactions such as itching and swelling."
Medical,Pharmacist,medium,How do histamine H1 receptor antagonists treat allergies?,"They block histamine receptors, preventing allergy symptoms like itching and swelling."
Medical,Pharmacist,medium,How do glucocorticoids suppress inflammation?,They inhibit inflammatory cytokines and suppress the immune response.
Medical,Pharmacist,medium,How do glucocorticoids suppress inflammation?,They inhibit inflammatory cytokines and immune cell activity.
Medical,Pharmacist,medium,How do statins reduce cholesterol levels?,"Statins inhibit HMG-CoA reductase, reducing cholesterol synthesis in the liver."
Medical,Pharmacist,medium,How do thiazide diuretics help in hypertension?,Thiazides reduce blood pressure by decreasing blood volume and sodium reabsorption.
Medical,Pharmacist,medium,How do direct oral anticoagulants (DOACs) differ from warfarin?,"DOACs require less monitoring, have fewer interactions, and a more predictable effect."
Medical,Pharmacist,medium,How do diuretics help in managing heart failure?,They reduce fluid overload and decrease blood pressure by increasing urine output.
Medical,Pharmacist,medium,How do proton pump inhibitors work?,"PPIs block the proton pump in gastric parietal cells, reducing stomach acid production."
Medical,Pharmacist,medium,How do proton pump inhibitors differ from H2 blockers?,PPIs provide longer-lasting acid suppression than H2 blockers by irreversibly inhibiting the proton pump.
Medical,Pharmacist,medium,How do proton pump inhibitors affect calcium absorption?,"PPIs can reduce calcium absorption, increasing the risk of osteoporosis and fractures."
Medical,Pharmacist,medium,How do proton pump inhibitors (PPIs) reduce stomach acid?,They irreversibly inhibit the hydrogen-potassium ATPase pump in gastric parietal cells.
Medical,Pharmacist,medium,How do monoclonal antibodies work in immunotherapy?,They target specific antigens to modulate immune response or destroy diseased cells.
Medical,Pharmacist,medium,How do monoclonal antibodies target cancer cells?,"They bind specific antigens on cancer cells, marking them for destruction by the immune system."
Medical,Pharmacist,medium,How do loop diuretics differ from thiazide diuretics?,"Loop diuretics are more potent and act on the loop of Henle, while thiazides act on the distal tubule."
Medical,Pharmacist,medium,How do loop diuretics differ from thiazide diuretics?,"Loop diuretics are more potent and act on the loop of Henle, while thiazides act on the distal tubule and are used for hypertension."
Medical,Pharmacist,medium,How do you build trust with your patients?,I listen attentively and provide personalized care tailored to their needs.
Medical,Pharmacist,medium,How do you build positive relationships with colleagues?,"I prioritize clear communication, empathy, and reliability in all interactions."
Medical,Pharmacist,medium,How do antiviral drugs work against viral infections?,Antiviral drugs inhibit viral replication by targeting specific viral enzymes or processes.
Medical,Pharmacist,medium,How do you believe your background prepares you for this job?,My training at UCSF and diverse work experience have equipped me with the necessary skills.
Medical,Pharmacist,medium,How do you balance patient care and administrative duties?,I allocate specific time slots for each and use organizational tools to manage both efficiently.
Medical,Pharmacist,medium,How do you balance individual tasks with team goals?,I set personal objectives aligned with team targets and regularly update the group on my progress.
Medical,Pharmacist,medium,How do you approach setting priorities in your work?,I evaluate the urgency and impact of tasks to determine the best order of execution.
Medical,Pharmacist,medium,How do fibrinolytics treat thrombotic events?,"They activate plasminogen, converting it to plasmin to dissolve fibrin clots."
Medical,Pharmacist,medium,How do fibrinolytics treat acute ischemic stroke?,"They convert plasminogen to plasmin, breaking down fibrin clots to restore blood flow."
Medical,Pharmacist,medium,How do fibrates lower triglycerides?,"Fibrates activate PPAR-alpha, leading to increased lipolysis of triglycerides."
Medical,Pharmacist,medium,How do dopamine antagonists help in nausea treatment?,"They block dopamine receptors in the chemoreceptor trigger zone, reducing nausea and vomiting."
Medical,Pharmacist,medium,How do dopamine agonists work in Parkinson's disease?,"They stimulate dopamine receptors, improving motor symptoms."
Medical,Pharmacist,medium,How do dopamine agonists treat Parkinson’s disease?,"They stimulate dopamine receptors, improving motor symptoms."
Medical,Pharmacist,medium,How do diuretics help manage heart failure?,Diuretics reduce fluid overload and decrease blood pressure by increasing urine output.
Medical,Pharmacist,medium,How do you balance quality with speed in a high-traffic environment?,I focus on efficiency while maintaining high standards by using streamlined procedures.
Medical,Pharmacist,medium,How do antiplatelet drugs prevent blood clots?,"They inhibit platelet aggregation, reducing clot formation risk."
Medical,Pharmacist,medium,How do antihypertensive drugs help in heart failure?,"They lower blood pressure and reduce cardiac workload, improving heart function."
Medical,Pharmacist,medium,How do antihistamines work in allergy treatment?,"They block histamine receptors, reducing allergic symptoms such as itching and swelling."
Medical,Pharmacist,medium,How do antivirals work against viral infections?,They inhibit viral replication by targeting viral enzymes or blocking entry into host cells.
Medical,Pharmacist,medium,How do antiviral medications work against influenza?,"They inhibit viral neuraminidase, preventing virus replication and spread."
Medical,Pharmacist,medium,How did you learn about our company?,I learned about your company through industry peers and was impressed by your reputation for excellence.
Medical,Pharmacist,medium,How did you handle a situation where you had conflicting views?,I ensured all perspectives were heard and worked to integrate the best ideas into our plan.
Medical,Pharmacist,medium,Describe your time management strategies.,I use planning tools and prioritize tasks based on deadlines and impact.
Medical,Pharmacist,medium,Describe your role in a collaborative setting.,"I often take on a coordinating role, ensuring clear communication and task delegation."
Medical,Pharmacist,medium,Describe your process for adapting to new protocols.,I review new guidelines thoroughly and collaborate with peers for smooth implementation.
Medical,Pharmacist,medium,What methods do you use to stay organized at work?,"I rely on digital calendars, to-do lists, and regular reviews of my priorities."
Medical,Pharmacist,medium,Describe your communication style with patients.,I maintain an approachable and empathetic style to ensure understanding and comfort.
Medical,Pharmacist,medium,Describe your approach to receiving feedback.,"I listen carefully, ask clarifying questions, and use feedback to enhance my work."
Medical,Pharmacist,medium,How do atypical antipsychotics differ from typical antipsychotics?,Atypical antipsychotics have a lower risk of extrapyramidal side effects and treat both positive and negative symptoms of schizophrenia.
Medical,Pharmacist,medium,Describe your approach to professional development.,"I set clear goals, seek mentorship, and take courses to continually update my knowledge."
Medical,Pharmacist,medium,How do anticholinergic drugs help in COPD management?,"They block muscarinic receptors, reducing bronchoconstriction and mucus secretion."
Medical,Pharmacist,medium,How do anticholinergic drugs affect the body?,"They block acetylcholine, leading to dry mouth, constipation, urinary retention, and blurred vision."
Medical,Pharmacist,medium,How do alpha-blockers help in hypertension?,"They relax blood vessels by blocking alpha-adrenergic receptors, lowering blood pressure."
Medical,Pharmacist,medium,How do alpha-blockers help in hypertension management?,"They relax blood vessels by blocking alpha-adrenergic receptors, lowering blood pressure."
Medical,Pharmacist,medium,How do aldosterone antagonists work in hypertension?,"They block aldosterone receptors, reducing sodium retention and lowering blood pressure."
Medical,Pharmacist,medium,How do aldosterone antagonists work in heart failure?,"They block aldosterone receptors, reducing fluid retention and blood pressure."
Medical,Pharmacist,medium,Describe a time when you took a leadership role.,"I led a team project at UCSF, coordinating efforts and ensuring deadlines were met."
Medical,Pharmacist,medium,Describe a time when you improved a process at work.,I identified inefficiencies in our scheduling system and implemented a digital solution that increased accuracy.
Medical,Pharmacist,medium,Describe a time when you had to quickly adjust to new circumstances.,I transitioned to a new system by rapidly learning and applying new processes.
Medical,Pharmacist,medium,Describe a time when you had to make a quick decision.,I made a prompt decision during a busy shift that prevented a potential error in medication dispensing.
Medical,Pharmacist,medium,How do anticholinergics help in COPD management?,"They block muscarinic receptors, reducing bronchoconstriction and mucus production."
Medical,Pharmacist,medium,How do you ensure everyone is on the same page?,I summarize key points during meetings and follow up with written communications.
Medical,Pharmacist,medium,How do beta-2 agonists work in asthma treatment?,They relax airway smooth muscle by stimulating beta-2 adrenergic receptors.
Medical,Pharmacist,medium,How do antifungal medications work?,They inhibit fungal cell membrane synthesis or interfere with fungal cell division.
Medical,Pharmacist,medium,How do anticoagulants prevent clot formation?,"They inhibit clotting factors, reducing the risk of thrombosis."
Medical,Pharmacist,medium,How do anticoagulants differ from antiplatelet drugs?,"Anticoagulants prevent clot formation, while antiplatelets prevent platelet aggregation."
Medical,Pharmacist,medium,How do anticoagulants differ from antiplatelet drugs?,"Anticoagulants prevent clot formation, while antiplatelet drugs prevent platelet aggregation."
Medical,Pharmacist,medium,How do direct oral anticoagulants (DOACs) differ from warfarin?,"DOACs require less monitoring, have fewer drug interactions, and a more predictable effect."
Medical,Pharmacist,medium,How do direct oral anticoagulants (DOACs) differ from warfarin?,"DOACs have fewer drug interactions, a more predictable effect, and do not require frequent monitoring."
Medical,Pharmacist,medium,How do corticosteroids work in inflammation?,"Corticosteroids inhibit inflammatory cytokines, reducing swelling and immune response."
Medical,Pharmacist,medium,How do calcium channel blockers work?,"They inhibit calcium influx in smooth muscle cells, causing vasodilation and reduced blood pressure."
Medical,Pharmacist,medium,How do calcium channel blockers lower blood pressure?,They relax blood vessels by inhibiting calcium entry into smooth muscle cells.
Medical,Pharmacist,medium,How do beta-2 agonists help in asthma?,"They relax airway smooth muscles, improving airflow and easing breathing."
Medical,Pharmacist,medium,How do calcium channel blockers help in hypertension?,They relax blood vessels by inhibiting calcium entry into vascular smooth muscle.
Medical,Pharmacist,medium,How do SSRIs treat depression?,"SSRIs block serotonin reuptake, increasing its availability in the synaptic cleft."
Medical,Pharmacist,medium,How do SNRIs differ from SSRIs in treating depression?,"SNRIs increase both serotonin and norepinephrine levels, while SSRIs target serotonin only."
Medical,Pharmacist,medium,How do SNRIs differ from SSRIs in depression treatment?,"SNRIs inhibit the reuptake of both serotonin and norepinephrine, while SSRIs target serotonin only."
Medical,Pharmacist,medium,How do SNRIs differ from SSRIs in depression treatment?,"SNRIs inhibit the reuptake of both serotonin and norepinephrine, whereas SSRIs target serotonin only."
Medical,Pharmacist,medium,How do SGLT2 inhibitors work in diabetes management?,"They promote glucose excretion through urine, lowering blood sugar levels."
Medical,Pharmacist,medium,How do SGLT2 inhibitors lower blood glucose levels?,They promote glucose excretion through urine by inhibiting renal glucose reabsorption.
Medical,Pharmacist,medium,How do SGLT2 inhibitors help in diabetes management?,They reduce blood sugar by promoting glucose excretion in urine.
Medical,Pharmacist,medium,How do MAO inhibitors treat depression?,"They inhibit monoamine oxidase, preventing the breakdown of serotonin, norepinephrine, and dopamine."
Medical,Pharmacist,medium,How do H2-receptor antagonists work in acid suppression?,"They block histamine receptors in the stomach, reducing acid production."
Medical,Pharmacist,medium,How do beta-blockers affect heart rate and blood pressure?,They reduce heart rate and lower blood pressure by blocking beta-adrenergic receptors.
Medical,Pharmacist,medium,How do calcium channel blockers affect blood pressure?,"They relax blood vessels by preventing calcium entry, lowering blood pressure."
Medical,Dentist,medium,What strategies do you use to improve patient retention in a dental practice?,"I focus on building trust, educating patients, ensuring comfort, and providing exceptional care to encourage long-term relationships."
Medical,Nurse,medium,What would you do if a patient complains about their care?,"I listen, apologize for their dissatisfaction, and work toward a solution."
Medical,Doctor,medium,What would you do if you found out that a patient’s medical record was incomplete or inaccurate?,"If I discovered that a patient’s medical record was incomplete or inaccurate, I would first correct the error if possible and notify the appropriate personnel, such as the medical records department, to ensure that the record is updated. I would inform the patient if the error affected their care and take steps to prevent future mistakes, reinforcing the importance of accurate documentation in providing safe and effective care."
Medical,Dentist,medium,"In a case where a patient requires both orthodontics and restorative work, how would you integrate these treatments?","I would coordinate with the orthodontist to first address alignment issues, then proceed with restorative work to achieve the best aesthetic and functional results."
Medical,Dentist,medium,"In cases of complex cosmetic dentistry, how do you balance aesthetic desires with long-term dental health and functionality?",I discuss the patient’s goals while emphasizing the importance of dental health. I design treatments that ensure both aesthetic outcomes and long-term functionality.
Medical,Dentist,medium,"How do you stay current with evolving trends in minimally invasive dentistry, and how have you incorporated them into your practice?",I stay updated through continuing education and apply minimally invasive techniques like laser dentistry and microdentistry to improve outcomes and reduce recovery time.
Medical,Dentist,medium,How do you stay efficient in a busy practice?,"I stay efficient by managing my schedule well, prioritizing tasks, and working collaboratively with my team."
Medical,Dentist,medium,How do you stay organized during a busy day at the clinic?,"I prioritize tasks, stay ahead of my schedule, and use effective time management to ensure that each patient receives the attention they need."
Medical,Dentist,medium,How do you stay organized while managing multiple treatment plans at once?,"I keep detailed records, prioritize treatments based on urgency, and use scheduling software to stay on top of appointments and follow-ups."
Medical,Dentist,medium,How would you address a situation where a patient is unhappy with their care?,I listen to their concerns and work to resolve the issue professionally.
Medical,Dentist,medium,How would you approach a patient who has an unrealistic expectation about cosmetic dentistry procedures?,"I explain the limitations and potential outcomes of the treatment, set realistic goals, and ensure the patient understands the long-term care required."
Medical,Dentist,medium,How would you deal with a situation where a patient is non-compliant with their post-operative care instructions?,"I would discuss the potential risks of non-compliance, offer support, and adjust the care plan to make it more manageable, ensuring the patient understands the importance of follow-through."
Medical,Dentist,medium,I see that you were president of ADEA. Talk about your approach and experience in managing that group.,"I focused on leadership, organization, and collaboration to advance dental education initiatives."
Medical,Dentist,medium,"How would you determine whether a dental procedure should be done under sedation, local anesthesia, or general anesthesia?","I assess the complexity of the procedure, patient anxiety, and medical history to determine the most appropriate anesthesia option for their comfort and safety."
Medical,Dentist,medium,How do you manage cross-infection control in your daily practice?,"I follow strict sterilization protocols, use disposable items when possible, and ensure a clean environment to prevent cross-contamination."
Medical,Dentist,medium,How do you manage last-minute cancellations and no-show patients?,"I maintain a waiting list, encourage patients to give notice as early as possible, and may charge a cancellation fee depending on the practice policy."
Medical,Dentist,medium,How do you manage patient expectations when performing minimally invasive cosmetic procedures?,"I set realistic expectations, clearly explain the procedure, and ensure patients understand the potential results and limitations."
Medical,Dentist,medium,How do you manage patient records and keep them up to date with accurate and comprehensive information?,"I use electronic health record systems to document patient information securely, ensuring updates are made promptly and thoroughly for continuity of care."
Medical,Dentist,medium,How do you manage patients who have a high risk of tooth decay and prevent further cavities?,"I educate patients on proper oral hygiene, recommend fluoride treatments, sealants, and more frequent check-ups to monitor and prevent cavities."
Medical,Dentist,medium,How do you manage stress and stay focused during long dental procedures?,"I break down tasks into manageable steps, take regular short breaks, and maintain good posture to avoid fatigue."
Medical,Dentist,medium,How do you manage stress in a busy dental practice?,"I prioritize tasks, take short breaks, and practice stress-relief techniques like deep breathing to stay focused and maintain quality care."
Medical,Dentist,medium,Can you describe your experience with dentures and partials?,"I have experience in designing, fitting, and adjusting dentures to ensure patient comfort and function."
Medical,Dentist,medium,Can you describe your experience with digital impressions and how they compare to traditional impressions in terms of patient comfort and accuracy?,"I find digital impressions more comfortable for patients, quicker, and more accurate compared to traditional methods, which reduces the need for retakes and enhances treatment planning."
Medical,Dentist,medium,"How do you manage cases of severe dental decay in elderly patients, considering their medical history and potential limitations?","I adjust treatments to be less invasive, consult with their medical team, and prioritize their comfort and safety throughout the process."
Medical,Dentist,medium,Can you describe your experience with digital impressions?,"I have used digital scanning technology for crowns, bridges, and aligners to improve accuracy and comfort."
Medical,Dentist,medium,How would you treat a patient missing many teeth and needing both restorative work and dentures or implants?,"I assess the patient’s oral health, discuss options like dentures or implants, and create a personalized treatment plan focusing on both function and aesthetics, while ensuring comfort and durability."
Medical,Dentist,medium,How would you manage a situation where a patient develops an allergic reaction to a material or medication used in their dental treatment?,"I would immediately assess the severity of the reaction, provide appropriate medical intervention, and document the incident for future reference."
Medical,Dentist,medium,How do you stay updated on changes in dental insurance policies and reimbursement processes?,"I stay informed through continuing education, industry publications, and collaboration with office staff handling insurance."
Medical,Dentist,medium,How do you stay updated with the latest dentistry and dental technology advancements?,"I attend courses, read dental journals, and stay active in professional organizations."
Medical,Dentist,medium,A new patient is clearly experiencing anxiety? What steps would you take to alleviate their concerns?,"I would take time to listen, explain procedures step-by-step, and use relaxation techniques to ease their anxiety."
Medical,Dentist,medium,A parent’s behavior is agitating your pediatric patient in the chair. How would you handle that situation?,"I would calmly engage the parent, explain how their child’s comfort is crucial, and guide them on how to support the procedure."
Medical,Dentist,medium,A patient insists on a particular treatment plan that you do not agree with - how would you address that situation?,"I would educate them on the best options, address concerns, and recommend evidence-based treatments while respecting their decision."
Medical,Dentist,medium,Are you comfortable providing root canal treatment?,"Yes, I have experience in performing root canals and ensuring patient comfort throughout the procedure."
Medical,Dentist,medium,What are your beliefs about the relationship between oral health and total body health?,"Oral health impacts systemic health, including heart disease and diabetes."
Medical,Dentist,medium,What are your strengths and weaknesses?,"My strengths include attention to detail, communication, and patient care. A weakness I continually work on is improving efficiency in complex procedures."
Medical,Dentist,medium,What are your thoughts on ethical considerations in dentistry?,"Ethics are crucial, and I always uphold confidentiality, informed consent, and patient rights."
Medical,Dentist,medium,How would you manage the dental treatment of a patient with a systemic condition like hypertension or diabetes that complicates oral care?,"I consider their condition during treatment planning, monitor vital signs, and collaborate with their physician to ensure safe and effective care."
Medical,Dentist,medium,What are your thoughts on holistic and alternative dentistry practices?,I respect patient preferences and integrate evidence-based approaches while prioritizing oral health.
Medical,Dentist,medium,What are your thoughts on laser dentistry?,"Laser dentistry is a valuable tool for minimally invasive treatments, reducing discomfort and healing time."
Medical,Dentist,medium,What are your thoughts on teledentistry and its role in patient care?,"Teledentistry enhances access to care, especially for consultations and follow-ups."
Medical,Dentist,medium,What are your thoughts on the role of AI in dentistry?,"AI enhances diagnostics, treatment planning, and efficiency, improving patient outcomes."
Medical,Dentist,medium,Can you describe your experience with laser dentistry and its applications?,"I have experience using lasers for soft tissue procedures, gum disease treatment, and reducing patient discomfort during certain treatments."
Medical,Dentist,medium,Can you describe your experience with minimally invasive dentistry?,"I use techniques like air abrasion, laser treatments, and small, conservative preparations to treat dental issues with less discomfort and quicker recovery."
Medical,Dentist,medium,Can you describe your experience with restorative procedures?,"I have extensive experience with fillings, crowns, bridges, and implants."
Medical,Dentist,medium,Can you describe your experience with same-day crowns or CAD/CAM technology?,"I have used CAD/CAM for same-day restorations, improving efficiency and patient satisfaction."
Medical,Dentist,medium,How would you manage a patient who has sensitivity to dental materials used during treatments?,"I would switch to alternative materials, if possible, and take steps to minimize sensitivity during and after treatment, offering appropriate aftercare advice."
Medical,Dentist,medium,How would you manage a patient with severe dry mouth (xerostomia)?,"I recommend saliva substitutes, advise on hydration, and explore underlying causes, such as medications or medical conditions, to help alleviate symptoms."
Medical,Dentist,medium,What are your thoughts on holistic dentistry?,"I believe in a balanced approach, considering both traditional dental practices and natural remedies for patients seeking holistic options."
Medical,Dentist,medium,"Can you describe your experience with handling orthodontic emergencies, such as broken braces or wires?","I provide immediate relief, such as fixing or removing broken wires, and work closely with the orthodontist to address the issue and prevent further problems."
Medical,Dentist,medium,Can you discuss your experience with treating patients with special needs or disabilities?,"I provide personalized care, use gentle techniques, and create a comfortable environment tailored to their specific needs."
Medical,Dentist,medium,Can you explain how you would address a patient’s resistance to certain treatments due to fear of pain?,"I use empathy, explain the pain management options, offer sedation if necessary, and focus on making the procedure as comfortable as possible."
Medical,Dentist,medium,Can you discuss your approach to managing post-operative infections?,"I provide proper post-op instructions, prescribe antibiotics if needed, and monitor healing closely."
Medical,Dentist,medium,Can you discuss your approach to working with patients who have complex dental needs due to systemic diseases such as cancer or autoimmune disorders?,"I collaborate with the patient’s healthcare team, adjust treatments for safety, and provide comprehensive care that accommodates both their dental and medical needs."
Medical,Dentist,medium,Can you discuss your experience with dental technology and equipment?,"I’m proficient in digital X-rays, CAD/CAM, lasers, and intraoral scanners for better diagnostics and treatment."
Medical,Dentist,medium,Can you discuss your experience with digital impressions and CAD/CAM technology?,"I have experience using digital impressions for crowns, bridges, and aligners, improving accuracy and patient comfort."
Medical,Dentist,medium,Can you discuss your experience with minimally invasive dentistry techniques?,"I use conservative approaches like air abrasion, laser treatments, and adhesive restorations to preserve natural tooth structure."
Medical,Dentist,medium,"How do you approach a case where a root canal didn’t work, and the patient needs retreatment?","I evaluate the previous treatment, perform any necessary revisions, and ensure the canal is thoroughly cleaned to prevent further complications and improve outcomes."
Medical,Dentist,medium,How do you approach a patient who has dental phobia due to past traumatic experiences?,"I create a calm environment, use sedation options, and go at a pace that the patient feels comfortable with."
Medical,Dentist,medium,How do you approach a patient who has multiple untreated cavities and is afraid of dental procedures?,"I create a treatment plan that addresses the cavities step-by-step, offering sedation options and educating the patient on the importance of treatment to prevent further damage."
Medical,Dentist,medium,"How do you approach a treatment plan for a patient with both severe tooth decay and advanced gum disease, and what would you prioritize?",I prioritize treating the gum disease first to stabilize the patient’s oral health before addressing the tooth decay with restorative treatments.
Medical,Dentist,medium,Can you discuss your approach to managing dry mouth (xerostomia) in patients?,"I identify the cause, recommend hydration, saliva substitutes, and treatments to improve comfort and oral health."
Medical,Dentist,medium,"Can you explain the difference between direct and indirect restorations, and how do you decide which one is best for a patient?","Direct restorations are placed in one visit, while indirect restorations require a lab and multiple visits. I consider the tooth’s size, location, and function to determine the best approach."
Medical,Dentist,medium,Can you explain your process for doing a routine check-up?,"I review the patient’s medical and dental history, perform a visual exam, take X-rays if necessary, clean the teeth, and discuss any findings or recommended treatments."
Medical,Dentist,medium,Can you explain your process for managing post-operative pain and ensuring effective recovery for patients after complex dental procedures?,"I prescribe appropriate pain management, provide detailed aftercare instructions, and schedule follow-up appointments to monitor healing."
Medical,Dentist,medium,Can you share your approach to treatment planning and case presentation?,I explain all options clearly and help patients make informed decisions.
Medical,Dentist,medium,Can you talk about a time you had to teach someone something new?,"I have mentored new dental assistants, guiding them through procedures and patient care techniques."
Medical,Dentist,medium,Can you talk about your range of experience regarding general and specialized dental procedures?,"I have experience in preventive, restorative, and cosmetic dentistry, as well as minor oral surgery."
Medical,Dentist,medium,Can you talk about your range of experience with dental equipment?,"I have experience with modern dental technology, including digital X-rays, 3D imaging, and CAD/CAM systems."
Medical,Dentist,medium,Describe how you would treat a patient with dental anxiety who requires a root canal treatment.,"I use calming techniques, offer sedation options, and ensure the patient is fully informed about the procedure to reduce anxiety and increase comfort."
Medical,Dentist,medium,Describe qualities that you think are key to a thriving practice.,"A thriving practice requires strong patient relationships, excellent clinical care, efficient teamwork, and continuous learning."
Medical,Doctor,medium,Would you want to practice inside or outside of the US?,"I am open to both, but I prefer a system where I can maximize patient impact."
Medical,Dentist,medium,Can you explain your approach to treatment planning for patients with severe bruxism or teeth grinding?,"I assess the extent of damage, recommend nightguards to protect teeth, and consider additional treatments like muscle relaxants or behavioral therapy if necessary."
Medical,Dentist,medium,Can you discuss the different techniques you use for managing a patient’s occlusion?,"I assess the patient’s bite, recommend adjustments through orthodontics or restorations, and monitor occlusal changes during treatment to ensure proper alignment."
Medical,Dentist,medium,Can you discuss how you approach managing pediatric patients who are anxious about dental procedures?,"I use a gentle, non-threatening approach, offer explanations in simple terms, and build trust by involving the child in the process, often using distraction techniques or sedation when necessary."
Medical,Dentist,medium,Can you discuss a time when you had to modify a treatment plan due to a patient’s financial constraints?,I worked with a patient to prioritize urgent care and offered phased treatment options to fit their budget while maintaining quality care.
Medical,Dentist,medium,Can you explain how you’ve used your attention to detail as a key skill in caring for patients?,"I use attention to detail in precise procedures, accurate diagnoses, and ensuring high-quality dental work."
Medical,Dentist,medium,Can you explain the benefits of custom mouthguards for athletes?,"I explain how custom mouthguards offer superior protection, comfort, and fit compared to over-the-counter options, reducing the risk of dental injuries."
Medical,Dentist,medium,Can you adapt yourself to a fast-paced working environment?,"Yes, I am highly adaptable and work efficiently without compromising patient care."
Medical,Dentist,medium,Can you describe a situation where you had to deliver bad news to a patient? How did you approach it?,"I remained empathetic, explained the situation clearly, provided options for treatment, and offered support to help the patient make informed decisions."
Medical,Dentist,medium,Can you describe a time when you had to collaborate with other healthcare professionals to provide optimal care for a patient with dental and medical needs?,"I collaborated with a patient’s oncologist to safely treat their dental issues during cancer treatment, ensuring minimal risk to their health."
Medical,Dentist,medium,Can you describe a time when you had to work with a difficult or uncooperative patient? How did you handle the situation?,"I remained calm, listened to their concerns, communicated clearly, and made adjustments to the treatment approach to gain their cooperation and ensure effective care."
Medical,Dentist,medium,Can you describe a time when you worked with a patient who was nervous about a procedure? How did you help them feel more at ease?,"I reassured the patient, explained the procedure step by step, offered sedation options, and ensured they felt in control throughout the process."
Medical,Dentist,medium,Can you describe your approach to managing dental trauma in children and how you adjust treatment to account for their growth?,"I use gentle techniques, reassure both the child and parents, and tailor treatment to the child’s age and growth stage, ensuring that future dental development is not compromised."
Medical,Dentist,medium,Can you describe your experience with Invisalign or other clear aligner systems?,"I have experience in treatment planning, monitoring progress, and adjusting clear aligner therapy for optimal results."
Medical,Dentist,medium,Can you describe your experience with crown and bridge procedures?,"I have experience in preparing, designing, and placing crowns and bridges for both functional and aesthetic restoration."
Medical,Dentist,medium,"How do you treat a patient with serious tooth erosion or wear, and what options do you offer?","I assess the extent of damage and offer restorative options like crowns, veneers, or bonding, and address the cause (e.g., acid reflux or bruxism) to prevent further erosion."
Medical,Dentist,medium,"How do you treat patients with bite problems, and what do you consider when planning their treatment?","I assess the cause, whether it’s due to misalignment, muscle tension, or teeth grinding, and create a treatment plan, which may include orthodontics, splints, or restorations to restore proper function."
Medical,Dentist,medium,How do you work with insurance providers to ensure patients get the coverage they need?,"I verify benefits, provide accurate documentation, and help patients understand their coverage options."
Medical,Dentist,medium,How do you work with orthodontists or other specialists for comprehensive patient care?,"I communicate clearly with specialists, ensuring we align on treatment goals, and provide coordinated care for the patient’s overall dental health."
Medical,Dentist,medium,Do you have experience managing or leading a dental team?,"Yes, I’ve supervised staff, improved workflows, and fostered teamwork."
Medical,Dentist,medium,Do you have experience with the business side of running a practice?,"Yes, I have experience with scheduling, insurance, and financial management."
Medical,Dentist,medium,"Do you prefer private or group practices, and why?","I appreciate both private and group practices, as each offers unique advantages in patient care and collaboration."
Medical,Dentist,medium,Does your long-term career plan include owning your own practice?,"Yes, I aspire to own a practice focused on high-quality patient care."
Medical,Dentist,medium,Can you describe your experience with tooth extractions?,"I have experience with simple and surgical extractions, ensuring patient comfort and proper healing."
Medical,Dentist,medium,Can you describe your typical exam with a new patient?,"I begin with a thorough medical and dental history, conduct an oral examination, take necessary X-rays, discuss findings, and develop a treatment plan."
Medical,Dentist,medium,Can you discuss a time when you had to deal with a difficult or uncooperative patient?,"I remained calm, listened to their concerns, and worked towards a resolution while maintaining professionalism."
Medical,Dentist,medium,How do you stay up-to-date on new treatments and technologies in dentistry while balancing a busy practice schedule?,"I attend continuing education courses, read dental journals, and participate in online webinars to keep up with the latest trends in dentistry."
Medical,Doctor,medium,Why should we choose you?,"Punctual, proactive, dedicated, good evaluations and references."
Medical,Dentist,medium,How do you stay up to date with new advances in complex dental treatments and make sure you use them in your practice?,"I regularly attend continuing education courses, read dental journals, and incorporate new techniques and technologies that improve patient care and outcomes."
Medical,Dentist,medium,What do you enjoy most about working in dentistry?,"I enjoy making a positive impact on people’s lives by improving their oral health and confidence, while also solving complex dental challenges."
Medical,Doctor,medium,What methods do you use to keep your medical knowledge and skills sharp during the demanding residency years?,"I regularly attend continuing education sessions, participate in journal clubs, engage in simulation training, and review recent literature. I also seek mentorship and feedback from senior colleagues to continuously refine my clinical skills."
Medical,Doctor,medium,What makes you excited about coming to work each day in a residency program?,"I am excited by the opportunity to learn and grow every day. Each patient is a new challenge, and I look forward to developing my clinical skills and decision-making abilities. The chance to work with a team of passionate and dedicated healthcare professionals, exchange knowledge, and contribute to patient care motivates me to bring my best self to work every day."
Medical,Doctor,medium,"What is your understanding of the duty of care in medical practice, and how do you ensure it is met?","The duty of care refers to the obligation of healthcare professionals to provide care that meets the accepted standards of practice, ensuring the well-being and safety of patients. I ensure this duty is met by staying informed about clinical guidelines, collaborating with the healthcare team, communicating effectively with patients and their families, and continuously evaluating and improving my clinical skills."
Medical,Doctor,medium,"What is your understanding of patient-centered care, and how do you apply it in your daily practice?","Patient-centered care focuses on understanding and addressing the unique needs, values, and preferences of each patient. I apply this by actively listening to my patients, involving them in decision-making, and tailoring treatment plans to align with their personal goals. I also prioritize clear communication, ensuring they fully understand their diagnosis and treatment options before proceeding."
Medical,Doctor,medium,"What is your understanding of informed consent, and how would you ensure a patient is fully informed before a procedure?","Informed consent is a process in which a patient is given all relevant information about their condition, treatment options, risks, benefits, and potential outcomes, allowing them to make an educated decision regarding their care. I would ensure that the patient understands the information by using simple, clear language, and I would encourage them to ask questions. I would also assess their level of understanding, ensuring they are comfortable with the decision-making process before proceeding with the procedure."
Medical,Doctor,medium,"What is your understanding of antimicrobial stewardship, and how would you apply it during your residency?","Antimicrobial stewardship involves using antibiotics responsibly to prevent resistance, ensuring the right drug is given at the right dose for the appropriate duration. I would adhere to local guidelines, de-escalate therapy based on culture results, and educate patients about the importance of completing their prescribed antibiotic courses."
Medical,Doctor,medium,"What is your stance on the role of physicians in advocating for patients’ rights outside the clinical setting (e.g., policy advocacy)?","I believe physicians have a duty to advocate for patients' rights both inside and outside the clinical setting. This can include advocating for policies that improve access to healthcare, promoting public health initiatives, and ensuring that vulnerable populations receive adequate care. I think physicians should use their expertise to influence policy decisions that impact patient well-being and the broader healthcare system."
Medical,Doctor,medium,What is your ideal future job?,"A position that allows me to balance patient care, research, and mentorship."
Medical,Doctor,medium,What procedures have you assisted in?,"Suturing, retracting, applying VAC, debridement, casting, etc."
Medical,Doctor,medium,What is your backup plan if you do not match this year?,"Improve my application through research, clinical experience, and networking."
Medical,Doctor,medium,"What is your approach to patient confidentiality, especially when discussing cases with colleagues or team members?","I adhere strictly to patient confidentiality at all times, ensuring that patient information is shared only with authorized individuals involved in their care. I discuss cases in private settings, avoiding any unnecessary disclosure of sensitive information. When discussing cases with colleagues, I focus on the clinical aspects relevant to the patient’s care and ensure that their privacy is respected."
Medical,Doctor,medium,"What is your approach to managing patients with chronic pain, and how do you balance pain relief with concerns about opioid use?","I use a multimodal approach to pain management that includes non-opioid medications, physical therapy, and behavioral interventions. When opioids are necessary, I prescribe them at the lowest effective dose with strict monitoring and regular reassessment to minimize risks while ensuring adequate pain control."
Medical,Doctor,medium,"What is your approach to managing a conflict between a team member and a patient, particularly when emotions run high?","I would first acknowledge the emotions of both the patient and the team member. I would listen to the concerns of both parties and try to mediate a resolution. Clear communication is key in such situations, and I would ensure everyone involved feels heard. If necessary, I would involve a senior physician or supervisor to help mediate the situation. My goal is to maintain a respectful and collaborative environment while ensuring that the patient’s needs are met."
Medical,Doctor,medium,What is your approach to giving and receiving feedback during clinical rotations?,"I view feedback as an essential part of growth. When giving feedback, I ensure it is constructive, specific, and delivered with respect. When receiving feedback, I listen carefully, ask for clarification if needed, and reflect on how I can apply the suggestions to improve my practice. I see feedback as an opportunity to learn and continuously improve my skills."
Medical,Doctor,medium,What is the most pressing health issue today?,"One of the most pressing health issues today is the ongoing global COVID-19 pandemic. It has strained healthcare systems worldwide, highlighting the importance of public health measures, timely vaccinations, and effective disease management strategies. In addition, mental health has become a critical issue, especially with the increasing impact of the pandemic on people's emotional well-being. Addressing these challenges, along with improving access to healthcare and tackling non-communicable diseases like heart disease and diabetes, is essential for improving global health outcomes."
Medical,Doctor,medium,What is the lowest and highest level of evidence in research?,"The lowest level of evidence is expert opinion or background information, while the highest is a systematic review or meta-analysis of randomized controlled trials (RCTs)."
Medical,Doctor,medium,What is the difference between us and the hospitals you have been at?,"The hospitals I have worked at are excellent in their own right, but your institution offers a more robust residency program with opportunities for research, a diverse patient population, and a faculty known for their focus on mentoring residents. I believe your hospital’s patient-centered approach and emphasis on academic excellence will provide the ideal environment for my development."
Medical,Doctor,medium,What is the cause of hyperkalemia?,"Hyperkalemia can be caused by renal failure, adrenal insufficiency (Addison's disease), medications (e.g., ACE inhibitors, potassium-sparing diuretics), hemolysis, tissue breakdown (e.g., rhabdomyolysis), or excessive potassium intake."
Medical,Doctor,medium,What is an impact factor?,"An Impact Factor is a measure of a journal’s relative importance based on citation frequency. A higher impact factor indicates higher importance. Generally, an impact factor of 10 or more is considered excellent, while a score of 3 is good."
Medical,Doctor,medium,What is your approach to self-assessment and improving your weaknesses?,"I approach self-assessment by regularly reflecting on my clinical performance and asking for feedback from my mentors and peers. I identify areas where I need improvement and set goals to address them. I take initiative by seeking additional resources, such as online courses or simulation training, to enhance my skills in those areas. I believe in continuous improvement and learning from both successes and mistakes."
Medical,Doctor,medium,What is Bronchial Asthma? And is it common?,"Bronchial asthma is a chronic inflammatory disease of the airways that causes wheezing, breathlessness, and coughing, often triggered by allergens, exercise, or infections. It is quite common, affecting both children and adults, with increasing prevalence globally."
Medical,Doctor,medium,"What qualities do you look for in a mentor, and how would you take advantage of mentorship opportunities during your residency?","I value mentors who are approachable, knowledgeable, and supportive. I would seek regular feedback, shadow their clinical practices, and engage in discussions to learn from their experiences and incorporate their insights into my own development."
Medical,Doctor,medium,What role do you think residents should play in educating patients about their conditions and treatment options?,"Residents play a crucial role in patient education, as we are often at the frontline of patient interaction. I believe it’s important to provide clear, simple explanations about a patient’s condition, treatment options, and potential outcomes, ensuring they are well-informed. Patient education promotes shared decision-making and improves adherence to treatment plans. I also encourage patients to ask questions and ensure they are comfortable with the information provided."
Medical,Doctor,medium,What would you do if a classmate was cheating on an exam?,Report the incident to maintain academic integrity.
Medical,Doctor,medium,What would be your approach to managing diabetes in a patient with multiple complications and comorbidities?,"I would take a comprehensive, multidisciplinary approach that focuses on tight glycemic control, managing comorbidities such as hypertension and dyslipidemia, and regular monitoring for complications. Individualizing treatment plans and involving nutritionists, endocrinologists, and diabetes educators would be key to optimizing outcomes."
Medical,Doctor,medium,What will you do if a child got panic from your white coat?,"I would try to calm the child by using a gentle, reassuring approach. I could remove the white coat to avoid further anxiety and engage with the child at their level, showing empathy and explaining things in a friendly manner to build trust."
Medical,Doctor,medium,What will you contribute to our program?,"Represent department, attend conferences, mentor junior doctors."
Medical,Doctor,medium,What will you add to the center? What would you contribute to our program? How can you add to the field? Why should we choose you?,"I would bring my passion for pediatric care, my commitment to teamwork, and my proactive approach to learning. I strive to contribute to the program by helping junior residents and interns, and engaging in collaborative research. My ability to communicate effectively with patients and colleagues will be valuable. I believe that my enthusiasm and work ethic will make me an asset to your program."
Medical,Doctor,medium,What was your experience in medical school and internship? What did you learn from being an intern?,"My experience in medical school was rewarding, as I developed a solid foundation in medical knowledge and patient care. During my internship, I learned the importance of effective communication and teamwork in healthcare settings. I also realized the value of being proactive, staying organized, and adapting to the fast-paced nature of the clinical environment."
Medical,Doctor,medium,What was your USMLE Step 1 score?,"I scored [score] on Step 1, reflecting my strong understanding of foundational medical sciences. I built on this knowledge in clinical rotations, which helped me perform well in Step 2."
Medical,Doctor,medium,What value will you add for us?,"I bring a strong work ethic, attention to detail, and a collaborative attitude. I am always eager to learn and contribute to team efforts, whether by supporting colleagues or helping improve patient care. I also aim to bring a calm, compassionate approach in stressful situations, making sure patients and families feel heard and cared for."
Medical,Doctor,medium,What type of learning environment do you find most conducive to your growth as a resident?,"I thrive in a learning environment that encourages collaboration and active engagement. I value open communication with senior residents and attendings, as it allows me to learn from their experiences and get constructive feedback. I also appreciate hands-on learning and the opportunity to participate in clinical decision-making while being guided by more experienced colleagues."
Medical,Doctor,medium,"What role do you believe social determinants of health play in patient care, and how would you address them during your residency?","Social determinants are crucial to patient outcomes. I would screen for these factors, collaborate with social services, and tailor treatment plans to address not just the medical but also the socioeconomic challenges affecting patient health."
Medical,Doctor,medium,"What strategies would you use to prevent hospital-acquired infections, particularly in an intensive care unit setting?","I would adhere to strict hand hygiene, use personal protective equipment, follow aseptic techniques during invasive procedures, and implement evidence-based infection control protocols. Regular monitoring of infection rates and adherence to bundle care strategies are also crucial in preventing ICU-acquired infections."
Medical,Doctor,medium,"What strategies do you use to manage stress during long shifts, especially when facing high-acuity cases?","I manage stress by staying organized, prioritizing tasks, and focusing on one task at a time. I also take short breaks when possible to clear my mind. Maintaining a calm demeanor and staying focused on patient safety helps me manage stress. I also rely on my team, recognizing when to ask for help or delegate tasks, ensuring that the workload is manageable and that patients receive the best care."
Medical,Doctor,medium,What strategies do you employ to ensure you’re providing culturally competent care to a diverse patient population?,"I strive to approach each patient with cultural humility, recognizing that cultural beliefs and values shape health behaviors. I take time to learn about patients’ backgrounds and tailor care accordingly. I use interpreters when necessary and make sure to involve family members in decision-making. Additionally, I am always open to learning and adapting my approach based on the patient’s cultural needs and preferences, ensuring their comfort and trust in their care."
Medical,Doctor,medium,What strategies do you employ to ensure you’re providing culturally competent care to a diverse patient population?,"I approach each patient with cultural humility, actively seeking to understand their background, beliefs, and values. I use professional interpreters when necessary, and I adapt my communication style to be respectful and clear. This approach helps build trust and ensures that care is tailored to each patient’s unique cultural context."
Medical,Doctor,medium,What steps would you take to manage a situation where a patient’s family is requesting an intervention that you believe is not in the best interest of the patient?,"I would first listen carefully to the family’s concerns and try to understand their perspective. I would then explain, in clear terms, why I believe the requested intervention may not be beneficial for the patient, using evidence-based reasoning. If necessary, I would involve the senior physician and offer alternative treatments. If the family’s request persists, I would involve an ethics committee to ensure that the decision respects the patient’s best interests."
Medical,Doctor,medium,What steps would you take to manage a patient who has an adverse reaction to a treatment you’ve prescribed?,"I would immediately assess the patient’s condition, discontinue the offending treatment, and initiate appropriate countermeasures. I would notify my supervisor, document the reaction and intervention details, and adjust the treatment plan to prevent recurrence."
Medical,Doctor,medium,What sets you apart?,"What sets me apart is my combination of adaptability, attention to detail, and strong interpersonal skills. I thrive in fast-paced environments and can quickly adapt to new situations while maintaining a high level of care. I prioritize clear communication and collaboration with the healthcare team and patients, which helps me build trust and offer effective solutions. I also bring a genuine passion for continuous learning and improving my skills, which drives me to excel in my field."
Medical,Doctor,medium,What role does research play in a physician’s career?,"Research is crucial in advancing medical knowledge, improving patient outcomes, and ensuring evidence-based practice. It allows physicians to stay at the forefront of medical advancements and contribute to the field."
Medical,Doctor,medium,"What role do you think technology plays in improving patient care, and how would you incorporate it into your practice?","Technology plays a significant role in improving patient care by enhancing diagnostic accuracy, streamlining communication, and increasing access to healthcare. I would incorporate technology into my practice by utilizing electronic health records for better data management, using telemedicine when appropriate to reach underserved populations, and staying informed about emerging medical technologies that could improve patient outcomes."
Medical,Doctor,medium,How do you remember everything you need to do?,Using notes and repetition.
Medical,Doctor,medium,What strategies do you use to stay organized during a busy rotation?,"I use a combination of digital tools and handwritten notes to keep track of tasks. I prioritize based on urgency, with life-threatening situations taking precedence. I make to-do lists for both clinical and non-clinical tasks and break down large tasks into smaller, manageable steps. I also communicate effectively with the team to ensure nothing is missed during busy shifts."
Medical,Doctor,medium,"What inspired you to pursue a career in medicine, and what drives you to continue this journey?","My passion for medicine was ignited during my childhood when I witnessed a family member’s journey through illness. I was deeply moved by the impact healthcare professionals had on their recovery and overall well-being. My desire to make a difference in people’s lives, combined with my curiosity about the human body, inspired me to pursue medicine. What drives me now is the continuous opportunity for learning and the ability to contribute to improving patients’ lives, whether through direct care or by advancing medical knowledge."
Medical,Doctor,medium,What if your senior resident refuses to help you?,Escalate the issue through proper channels.
Medical,Doctor,medium,What if we accepted you without salary?,"Yes, I would accept that as long as I'm achieving my goals, practicing my dream job, and being part of the plastic family and the institution."
Medical,Doctor,medium,"You are a junior resident, and a patient came to you with a lid laceration. After a full history and exam, you found nothing else. What will you do?","I would call the on-call oculoplastic specialist to handle the lid laceration. Since the patient is stable and I am not the best person for this procedure, I would seek the expertise of someone more qualified."
Medical,Dentist,medium,What is your approach to managing dental patients who have a history of poor oral hygiene but are motivated to improve their health?,"I create a supportive, non-judgmental environment, set achievable goals, and provide clear instructions on improving their hygiene habits with follow-up appointments to track progress."
Medical,Dentist,medium,What is your approach to treating a patient with severe tooth decay?,"I assess the extent of decay and recommend the best option, whether it’s a filling, crown, or extraction."
Medical,Dentist,medium,What is your approach to treating an elderly patient with severe oral health issues but limited ability to undergo complex procedures?,"I tailor treatment plans to their needs, offering less invasive options, coordinating with other healthcare providers, and ensuring their comfort during treatment."
Medical,Dentist,medium,What is your approach to treating geriatric patients with complex dental needs?,"I prioritize function, comfort, and oral health maintenance, adapting treatment plans to their medical conditions and lifestyle."
Medical,Dentist,medium,What is your approach to treating patients with severe periodontal disease?,"I provide deep cleanings, patient education, and, if needed, collaborate with a periodontist for advanced care."
Medical,Dentist,medium,"How would you explain a dental health problem to a patient? For example, how would you explain that they need to have a cavity filled?","I would use simple terms to explain that a cavity is a small hole in the tooth caused by decay and, if left untreated, could lead to pain or infection. A filling restores the tooth and prevents further damage."
Medical,Dentist,medium,How would you explain the importance of daily brushing and flossing to a young patient?,"I explain how brushing and flossing keep their teeth clean, prevent cavities, and help them maintain a healthy smile, using simple language and visual aids."
Medical,Dentist,medium,How would you explain the importance of fluoride treatments to a parent of a young child?,"I would explain that fluoride strengthens the teeth, helps prevent cavities, and is essential for maintaining good oral health in children."
Medical,Doctor,medium,You are an R3 or R4 in a surgical specialty and you had a hand fracture. What will you do?,I would inform my team and consultant immediately. I would look for someone to cover my surgeries and focus on hand rehabilitation to prevent disuse atrophy. I would ensure the injury doesn’t affect my ability to contribute to the team while focusing on recovery.
Medical,Dentist,medium,How would you handle a patient who is scared of dentists?,"I reassure them, explain procedures clearly, and offer calming techniques like deep breathing or sedation if needed."
Medical,Dentist,medium,How would you handle a situation in which a patient is anxious about a routine cleaning?,"I would reassure them, explain the procedure calmly, and offer relaxation techniques to help them feel at ease."
Medical,Dentist,medium,How would you handle a situation where a patient insists on a treatment plan that you believe is not in their best interest?,"I respectfully explain the risks of the proposed plan, provide evidence-based recommendations, and collaborate with the patient to find a solution that aligns with their needs."
Medical,Dentist,medium,How would you handle a situation where a patient is not satisfied with the results of a cosmetic dental procedure?,"I listen to the patient’s concerns, assess the results, and offer solutions, which may include adjustments or alternative treatments to meet their expectations."
Medical,Dentist,medium,What do you do if a patient insists on a procedure you believe is unnecessary?,"I educate the patient on why the procedure is not needed, offer alternative solutions, and respect their autonomy in decision-making."
Medical,Dentist,medium,What do you do if a patient refuses X-rays due to radiation concerns?,"I explain the safety of modern X-ray technology and its importance in diagnosing conditions early, but I respect their decision if they still refuse."
Medical,Dentist,medium,What do you do if a patient refuses fluoride treatment?,"I educate them on the benefits of fluoride, address concerns, and offer alternative preventive options."
Medical,Dentist,medium,What do you do if a patient refuses periodontal treatment despite clear clinical need?,"I educate them on the risks of untreated gum disease, offer alternatives, and respect their decision while emphasizing the importance of treatment."
Medical,Dentist,medium,What do you do to ensure proper occlusion after restorative procedures?,I carefully check the bite using articulating paper and make necessary adjustments to ensure that the teeth align properly after restoration.
Medical,Dentist,medium,What do you do to stay calm under pressure in a fast-paced environment?,"I prioritize tasks, stay organized, and take deep breaths to maintain focus and composure."
Medical,Dentist,medium,How would you handle a pediatric patient who needed an extraction?,"I would use a calm and reassuring approach, explain the procedure in a child-friendly way, and ensure a painless experience."
Medical,Doctor,medium,"You are in the ER and you have a patient with asthma exacerbation and a PRAM score of 10, what will you do?","I would immediately administer high-flow oxygen to the patient. I would give nebulized bronchodilators (albuterol), and consider adding ipratropium. If the patient continues to deteriorate, I would escalate treatment with systemic corticosteroids and consider admitting them for further observation and management."
Medical,Doctor,medium,"You are in the OPD, and a patient comes in with shortness of breath and cough, what will you do?","I would begin by taking a detailed history to understand the duration and severity of symptoms. I would perform a thorough physical exam and order relevant investigations, such as a chest X-ray, CBC, and possibly a sputum culture. I would assess the patient for any signs of infection or underlying respiratory conditions and initiate appropriate treatment based on the findings."
Medical,Doctor,medium,"You are on-call, and your mom calls you for an emergency, what will you do?","I would calmly explain the urgency of my situation and let my mom know that I need to attend to a medical emergency. I would ensure she has someone else to assist her, and once I am able, I would check in on her and provide help."
Medical,Doctor,medium,"What has been your most rewarding patient interaction, and why?","One of my most rewarding patient interactions was with a pediatric patient who was admitted for a chronic illness. I developed a rapport with the child and their family, ensuring they understood the treatment plan and addressing their concerns. The child’s condition improved significantly, and the family expressed their gratitude for the care and support. This interaction reinforced my passion for pediatrics and highlighted the importance of building strong relationships with both patients and families."
Medical,Doctor,medium,"What has been the most challenging aspect of transitioning from medical school to clinical practice, and how have you addressed it?","The most challenging aspect has been transitioning from theoretical learning to real-world decision-making. In clinical practice, decisions must be made quickly, and there’s no 'textbook answer.' To address this, I focus on applying evidence-based guidelines, asking for feedback from more experienced colleagues, and learning from each case. I also take time to reflect on my clinical experiences to continuously improve."
Medical,Doctor,medium,What factors would lead you to rank a program very highly?,"A program’s reputation for clinical excellence and strong mentorship would be the primary factors in ranking it highly. Additionally, a program with diverse patient populations, exposure to a wide variety of clinical conditions, and strong research opportunities would significantly influence my ranking. I also value a collaborative and supportive work environment where residents are encouraged to learn and grow."
Medical,Doctor,medium,What factors would lead you to lower your ranking of a program?,"I would lower my ranking of a program if it lacked a supportive learning environment, if residents had limited exposure to a variety of cases, or if there were insufficient opportunities for research and professional development. A program with a high resident burnout rate or poor work-life balance would also be a factor in lowering my ranking."
Medical,Doctor,medium,"What ethical challenges do you foresee encountering during residency, and how would you approach them?","One ethical challenge I foresee is balancing patient autonomy with beneficence, especially in situations where a patient may refuse life-saving treatment. I would approach this by respecting the patient’s decisions while providing them with all the necessary information to make an informed choice. Additionally, I would seek guidance from mentors, ethics committees, and colleagues when facing complex ethical dilemmas."
Medical,Doctor,medium,What drives your passion for a career in medicine?,"My passion for medicine is driven by the opportunity to make a difference in people's lives. Saving the lives of everyday people and improving their health is incredibly rewarding. I believe that everyone deserves excellent healthcare, and I am committed to becoming the best physician I can be. My patients' well-being motivates me every day, and that is what drives me to continuously improve."
Medical,Doctor,medium,What does the term 'team-based approach' mean to you?,"It refers to collaborative patient care where different healthcare professionals work together, ensuring comprehensive and efficient treatment tailored to the patient’s needs."
Medical,Doctor,medium,"What does teamwork mean to you in a clinical setting, and how do you contribute to a collaborative environment?","Teamwork in a clinical setting means effective communication, mutual respect, and shared responsibility for patient care. I contribute by being approachable, actively listening to colleagues, and offering help when needed. I strive to create a collaborative environment by encouraging open dialogue and ensuring that everyone’s opinion is valued. I believe that a cohesive team leads to better patient outcomes."
Medical,Doctor,medium,What does leadership mean to you?,"Leadership is the ability to guide, support, and inspire others while making informed decisions."
Medical,Doctor,medium,What does GPA stand for?,GPA stands for Grade Point Average.
Medical,Doctor,medium,What do you want to do after you finish residency?,Pursue a fellowship or start independent clinical practice.
Medical,Doctor,medium,What do you want to achieve from this specialty/field?,"I aim to become a well-rounded pediatrician with the knowledge and skills necessary to provide excellent care. I am also interested in furthering my knowledge in pediatric subspecialties, especially pediatric cardiology or infectious diseases. Through continuous learning, I hope to contribute to advancing the field of pediatrics and improve patient outcomes."
Medical,Doctor,medium,"What do you think will be the most challenging aspect of residency for you, and how will you tackle it?","I anticipate that the most challenging aspect of residency will be managing the workload and balancing clinical responsibilities with learning. I plan to tackle this by staying organized, setting clear goals each day, and seeking feedback from my seniors to continuously improve. Additionally, I will focus on maintaining my well-being to ensure that I can perform at my best both personally and professionally."
Medical,Doctor,medium,What do you think is the most rewarding part of being a resident?,"The most rewarding part of being a resident is the opportunity to make a tangible difference in patients’ lives. Being part of their healthcare journey and seeing positive outcomes is incredibly fulfilling. I also enjoy the continuous learning process, especially gaining hands-on experience and developing clinical decision-making skills."
Medical,Doctor,medium,"You’re a resident in the clinic. The consultant was giving an anti-VEGF injection to a patient’s eye. Suddenly, a complication occurred. The consultant told you to not say anything and wrote the note without documenting the complication. What would you do?",I would talk to the consultant privately and respectfully explain why documenting the complication is important for the patient's care. I would follow the chain of command and ensure the issue is raised appropriately to safeguard the patient’s health.
Medical,Doctor,medium,Your father/mother got really sick during your on-call. What will you do?,"I would immediately inform my senior about the situation and explain the urgency. If necessary, I would ask to be excused for a short time to attend to the family emergency. I would ensure someone covers for me during my absence and return as soon as I can."
Medical,Doctor,medium,"Your colleague in the on-call room smoked, will you do?","I would approach my colleague privately and express my concern about the implications of smoking in the on-call room, especially regarding the health risks to others. I would remind them of the hospital's policies on smoking. If this behavior persists, I would report the issue to the relevant authorities."
Medical,Doctor,medium,"You were on-call, and a patient decreases LOC and the senior is not answering, what will you do?","I would take immediate action to assess the patient's airway, breathing, and circulation. I would initiate resuscitation if necessary, inform the attending consultant or another senior, and ensure the patient receives timely treatment while documenting all actions taken."
Medical,Doctor,medium,"You were on call, your senior called you into the ER and he did something wrong. What would you do?","I would speak to my senior privately and politely discuss the case with him, showing the evidence that such actions could harm the patient. If he still believes he is correct, I would escalate the issue by following the chain of command and inform the consultant. If even the consultant agrees with him, I would present the evidence that the patient could be harmed and escalate the situation to the program director, even at 3 AM. If the program director agrees with the others, I would call the head of the department. If the situation is still unresolved, I would involve other teams to help the patient, and if they don't come, I will step in to assist the patient directly."
Medical,Doctor,medium,You want to order a specific test and the medical or radiology team refused either due to no availability of the test or for another reason. What will be your response?,"I would listen to the reasons for the refusal and then calmly explain the clinical importance of the test. I would back my request with evidence and relevant guidelines. If necessary, I would escalate the matter to ensure the patient gets the required care."
Medical,Doctor,medium,You don’t know how to treat a critically ill patient. What would you do?,I would stabilize the patient and then call my senior for assistance.
Medical,Dentist,medium,What do you think are the most important qualities for a dentist to have?,"Empathy, attention to detail, communication skills, and a commitment to patient care and safety are essential for a dentist."
Medical,Doctor,medium,What would you do if there were a family issue in your country?,I would inform the program director and sit with him to come up with a good solution and try to resolve it as quickly as possible.
Medical,Doctor,medium,Why did you choose this specialty? Is it your first choice?,"Pediatrics has always been my first choice. I am deeply drawn to the specialty because of my passion for working with children and their families. I find it incredibly rewarding to play a role in ensuring their healthy growth and development. The variety and depth of the field, along with the opportunity to make a lasting impact on a child's life, motivates me to pursue it further."
Medical,Dentist,medium,What techniques do you use to improve efficiency in a busy dental practice?,"I prioritize time management, clear communication, and streamlined workflows while maintaining quality patient care."
Medical,Dentist,medium,How do you explain the need for deep cleaning (scaling and root planing) to patients?,"I educate them on gum disease, show evidence from exams, and explain how the procedure prevents further damage."
Medical,Dentist,medium,How do you follow up with patients after major or invasive dental procedures?,"I follow up through scheduled check-ups, post-procedure calls, and clear aftercare instructions."
Medical,Dentist,medium,How do you handle a patient who frequently cancels or reschedules appointments?,"I address the underlying issues, offer more flexible scheduling, and set clear expectations regarding the importance of consistent care."
Medical,Dentist,medium,How do you handle situations where there are discrepancies between a patient’s expectations and what you believe is medically necessary?,"I communicate openly with the patient, explaining the reasons behind my recommendations, and work with them to find a treatment plan that aligns with both their goals and medical needs."
Medical,Dentist,medium,How do you handle stress in a busy dental office?,"I prioritize tasks, maintain a calm mindset, and rely on teamwork to manage workload effectively."
Medical,Dentist,medium,How do you handle time management when performing lengthy procedures like full-mouth implants or multiple extractions?,"I plan procedures carefully, allocate sufficient time, and ensure efficiency without compromising patient care."
Medical,Dentist,medium,How do you help patients overcome concerns about the appearance of their teeth?,"I discuss treatment options like whitening, veneers, or bonding, and explain how they can enhance both function and aesthetics."
Medical,Dentist,medium,How do you handle a patient who refuses X-rays due to radiation concerns?,I explain the importance of X-rays in diagnosing conditions early and assure them about the safety of modern digital X-ray technology.
Medical,Dentist,medium,How do you handle a patient who refuses necessary dental treatment due to financial constraints?,"I offer alternative treatment options within their budget, discuss payment plans, and explain the potential long-term consequences of delaying care."
Medical,Dentist,medium,How do you explain the benefits of dental implants to patients?,"I highlight their durability, natural appearance, and ability to preserve jawbone health."
Medical,Dentist,medium,How do you handle a patient who refuses to follow post-operative care instructions?,"I explain the importance of following instructions for proper healing, address any concerns, and offer reassurance or alternative solutions."
Medical,Dentist,medium,How do you handle a patient with severe gag reflex during treatment?,"I use techniques like positioning, distraction, or sedation to help manage the gag reflex and ensure the patient’s comfort during treatment."
Medical,Dentist,medium,How do you handle a situation when a patient is running late for their appointment?,"I adjust the schedule to accommodate the patient while ensuring other appointments are not overly delayed, and I communicate any necessary adjustments."
Medical,Dentist,medium,How do you handle a situation where a patient complains about post-treatment pain or complications?,"I listen to their concerns, assess the issue, provide appropriate care, and reassure them throughout the process."
Medical,Dentist,medium,How do you handle a situation where a patient has a severe dental phobia and refuses treatment?,"I use a compassionate approach, explain procedures carefully, and offer sedation or other comfort measures to ease their anxiety."
Medical,Dentist,medium,How do you handle a situation where a patient has an unrealistic expectation about a cosmetic procedure?,"I set realistic expectations, explain limitations, and ensure they understand the expected outcome before proceeding."
Medical,Dentist,medium,How do you handle a situation where a patient is not following through with recommended preventive care?,"I have open conversations with the patient, addressing their concerns and explaining the long-term consequences, and offer solutions to help them comply."
Medical,Dentist,medium,How do you handle a situation where a patient needs a referral to a specialist?,"I explain the need for the referral, provide recommendations, and ensure seamless communication with the specialist."
Medical,Dentist,medium,How do you handle a situation where a patient refuses X-rays?,I educate them on the importance of X-rays for diagnosis and discuss alternative options if necessary.
Medical,Dentist,medium,How do you manage a patient who insists on unnecessary dental procedures?,"I explain the reasons why the procedure is not necessary, provide alternative options, and respect their right to make informed decisions about their care."
Medical,Dentist,medium,How do you handle a patient who wants unnecessary dental procedures?,"I discuss their concerns, provide professional advice, and recommend the most appropriate treatment."
Medical,Dentist,medium,"How do you manage a patient who is non-compliant with post-operative care, particularly after extractions or surgeries?","I educate the patient on the importance of following post-operative instructions, provide reminders, and offer support to encourage proper care for optimal healing."
Medical,Dentist,medium,"How do you evaluate the success of a complex restorative procedure, and what follow-up care do you provide to ensure its longevity?","I assess the procedure’s success by checking for functionality and aesthetics, and I provide follow-up care, including regular check-ups and maintenance to ensure longevity."
Medical,Dentist,medium,How do you evaluate a patient’s oral hygiene habits and provide recommendations for improvement?,"I assess their current practices during exams, provide tailored advice, and recommend products or techniques to improve their oral hygiene based on their needs."
Medical,Dentist,medium,How do you determine whether a patient needs a night guard?,"I evaluate signs of bruxism, TMJ discomfort, and enamel wear before recommending a night guard."
Medical,Dentist,medium,How do you discuss and explain treatment costs with patients?,"I provide a detailed breakdown of costs, explain the value of the treatment, and discuss financing options to make the procedure more accessible."
Medical,Dentist,medium,How do you educate patients about the effects of diet on oral health?,I inform them about how sugary or acidic foods can affect their teeth and recommend healthier alternatives for better oral hygiene.
Medical,Dentist,medium,"How do you educate patients about the potential risks and benefits of various treatment options, especially when it comes to elective procedures?","I provide clear, balanced information on the pros and cons, including cost, longevity, and potential outcomes, allowing the patient to make an informed decision."
Medical,Dentist,medium,How do you educate patients about the risks and benefits of different treatment options?,"I use simple explanations, visual aids, and discussions to ensure they fully understand their options and can make informed decisions."
Medical,Dentist,medium,How do you educate patients about the risks of gum disease?,"I explain its causes, symptoms, and prevention strategies using visual aids and simple language."
Medical,Dentist,medium,How do you educate patients on the dangers of smoking and its effects on oral health?,"I explain its impact on gum disease, tooth loss, and oral cancer, offering cessation resources."
Medical,Dentist,medium,"How do you educate patients on the long-term care of dental restorations like crowns, bridges, or implants?","I provide clear instructions on proper care, including brushing, flossing, and regular check-ups, and discuss the importance of avoiding damaging habits."
Medical,Dentist,medium,How do you educate patients on the long-term value of dental treatments to encourage compliance?,"I explain the benefits, show visual comparisons, and emphasize the impact of oral health on overall well-being."
Medical,Dentist,medium,"How do you evaluate the health of a patient’s gums during a routine check-up, and what are the early signs of periodontal disease you look for?","I check for signs of inflammation, bleeding, or pockets around the gums, and assess the patient’s medical history for risk factors like smoking or diabetes."
Medical,Dentist,medium,How do you ensure a smooth transition when joining a new dental practice?,"I adapt quickly, build rapport with staff and patients, and align with the practice’s protocols and culture."
Medical,Dentist,medium,How do you handle a situation where a patient’s treatment plan changes unexpectedly?,"I discuss the reasons for the change, reassess the options with the patient, and adapt the plan to ensure it meets their needs."
Medical,Dentist,medium,"How do you handle cases where the patient’s underlying medical condition (e.g., autoimmune disorder) affects their ability to heal after a dental procedure?","I collaborate with the patient’s medical team, adjust the treatment plan to minimize risks, and use special post-operative care instructions to ensure better healing."
Medical,Dentist,medium,How do you handle conflicts between staff members in a dental office?,"I address conflicts professionally, encourage open communication, and find fair solutions to maintain a positive work environment."
Medical,Dentist,medium,How do you handle dental phobia in adult patients?,"I use a calming approach, explain procedures thoroughly, and offer sedation options if necessary."
Medical,Dentist,medium,How do you ensure proper infection control in your practice?,"I strictly follow sterilization protocols, use disposable barriers, and stay updated on infection control guidelines."
Medical,Dentist,medium,How do you ensure that patients follow post-treatment care instructions?,"I provide written instructions, review them verbally with the patient, and follow up to check on their recovery."
Medical,Dentist,medium,How do you ensure that your clinical skills and techniques remain at the highest standard over time?,"I regularly attend continuing education courses, stay updated on new research, and refine my skills through hands-on training."
Medical,Dentist,medium,How do you ensure that your dental treatment plans take into account both aesthetic and functional outcomes for your patients?,"I work closely with the patient to understand their goals and preferences, and I use both clinical expertise and aesthetic principles to create a balanced treatment plan."
Medical,Dentist,medium,How do you ensure your dental practice maintains a welcoming and friendly atmosphere for patients?,"I ensure the staff is friendly, maintain a clean and comfortable environment, and foster open communication with patients to make them feel valued and at ease."
Medical,Dentist,medium,How do you ensure accuracy in dental charting and documentation?,"I follow a detailed, systematic process for charting every treatment, ensuring consistency, accuracy, and easy retrieval of patient information."
Medical,Dentist,medium,"How do you manage a situation where a patient has a dental issue but also has an active, untreated medical condition that complicates treatment?","I consult with the patient’s physician, adjust the treatment plan accordingly, and monitor the patient closely during procedures to avoid complications."
Medical,Dentist,medium,How do you manage a situation where a patient is non-compliant with prescribed oral hygiene practices?,"I educate the patient on the importance of oral hygiene, address any concerns they may have, and offer support or alternatives to make it easier for them to comply."
Medical,Dentist,medium,How do you handle language barriers when communicating with patients?,I use translation services or visual aids to ensure the patient understands their treatment options and oral care instructions.
Medical,Dentist,medium,What is your approach to communicating complex dental conditions to patients who may not be familiar with dental terminology?,"I use simple language, visual aids, and ensure the patient understands the condition and treatment options, encouraging them to ask questions."
Medical,Dentist,medium,What inspired you to pursue a career in dentistry?,"I have always been passionate about healthcare, particularly in helping people improve their quality of life, and dentistry offered a perfect balance of science, art, and patient care."
Medical,Dentist,medium,What have you done to continue your professional development of current dental techniques and procedures?,"I attend continuing education courses, dental conferences, and stay updated on new techniques and technology."
Medical,Dentist,medium,What factors do you consider when deciding whether a patient requires a root canal or extraction?,"I consider the tooth’s condition, infection severity, and the patient’s overall health to determine whether saving the tooth or extraction is the best option."
Medical,Dentist,medium,What experience do you have with holistic or biological dentistry approaches?,I understand the principles of holistic dentistry and respect patient preferences when integrating biocompatible materials and minimally invasive techniques.
Medical,Dentist,medium,What experience do you have in providing sedation dentistry?,I have experience administering local anesthesia and coordinating with specialists for sedation when needed.
Medical,Dentist,medium,What experience do you have in handling dental insurance and patient billing concerns?,"I work with insurance providers to ensure accurate claims, offer transparent billing, and help patients understand their coverage and payment options."
Medical,Dentist,medium,What do you think is the most challenging aspect of being a dentist?,The most challenging aspect is managing patient anxiety while providing high-quality care and keeping up with continuous advances in the field.
Medical,Dentist,medium,How do you manage a patient who insists on unnecessary antibiotics?,I educate them on antibiotic resistance and prescribe only when clinically indicated.
Medical,Dentist,medium,What steps do you take to ensure proper follow-up care for root canal patients?,"I schedule follow-up appointments, provide post-treatment instructions, and ensure they know when to contact me if complications arise."
Medical,Dentist,medium,How do you manage a high-risk pregnancy patient who requires dental treatment?,"I consult with the patient’s obstetrician, avoid treatments during the first and third trimesters, and focus on non-invasive procedures to ensure the safety of both the mother and baby."
Medical,Dentist,medium,How do you make treatment recommendations that are both effective and understandable for the patient?,"I simplify medical terms, discuss treatment options clearly, and ensure the patient understands the benefits and risks involved."
Medical,Dentist,medium,How do you make sure that patients feel comfortable during their first visit?,"I create a welcoming environment, introduce myself, listen to their concerns, and explain the process clearly so they feel confident and at ease."
Medical,Dentist,medium,How do you make patients feel confident in your skills and treatment recommendations?,"I provide clear explanations, answer all questions, and offer evidence-based options, creating trust through professionalism and expertise."
Medical,Dentist,medium,How do you maintain a positive attitude when dealing with difficult or uncooperative patients?,"I remain patient, listen to their concerns, stay calm, and work to build rapport by offering solutions that meet their needs."
Medical,Dentist,medium,How do you keep up with changes in dental insurance policies?,"I stay updated through professional resources, training, and communication with insurance representatives."
Medical,Dentist,medium,How do you keep up with changes in dental insurance policies and how they affect patients?,"I review updates regularly, attend relevant seminars, and work closely with insurance coordinators to ensure patients receive the best guidance."
Medical,Dentist,medium,How do you keep up with advancements in dental materials?,"I attend courses, read dental journals, and stay informed on new technologies and techniques."
Medical,Dentist,medium,How do you keep detailed records when working on complex cases involving multiple treatments or specialists?,"I use electronic health records to track all treatments, communicate with specialists, and document detailed notes for accurate follow-up care and coordination."
Medical,Dentist,medium,How do you help patients understand the long-term benefits of periodontal treatments?,"I educate patients on how periodontal treatments prevent tooth loss, reduce inflammation, and improve overall oral health, showing how it benefits them long term."
Medical,Dentist,medium,"How do you manage a dental office emergency, such as a power outage or equipment failure?","I follow emergency protocols, ensure patient safety, and coordinate with staff to resolve the issue swiftly."
Medical,Dentist,medium,What steps do you take to ensure sterilization and infection control in your practice?,"I follow strict infection control protocols, use autoclaves for sterilization, and ensure that all staff are trained in hygiene practices."
Medical,Dentist,medium,What steps do you take to make elderly patients feel comfortable during treatment?,"I adjust my approach to their physical needs, explain procedures in simple terms, and ensure a gentle, empathetic care environment."
Medical,Dentist,medium,What steps do you take to make sure the office environment is clean and safe for both patients and staff?,"I follow strict sterilization protocols, disinfect all surfaces regularly, ensure proper waste disposal, and train staff on infection control practices."
Medical,Dentist,medium,How do you handle last-minute appointment cancellations or no-shows?,"I implement a clear cancellation policy, send reminders, and fill gaps with emergency or waiting-list patients."
Medical,Dentist,medium,How do you handle nervous or anxious pediatric patients?,"I use a gentle approach, child-friendly language, and distraction techniques to help them feel at ease."
Medical,Dentist,medium,How do you handle patient anxiety and fear of dental procedures?,"I use clear communication, gentle techniques, and sedation options to keep patients comfortable and at ease."
Medical,Dentist,medium,How do you handle patient complaints or difficult situations?,"I listen, empathize, and find solutions while maintaining professionalism."
Medical,Dentist,medium,How do you handle patient concerns about the cost of treatment?,"I discuss payment options, explore less expensive alternatives if possible, and ensure the patient understands the value of the treatment."
Medical,Dentist,medium,How do you handle patients who frequently miss or cancel appointments?,I remind them of the importance of consistency and offer scheduling solutions to improve attendance.
Medical,Dentist,medium,How do you handle patients with a strong gag reflex?,"I use relaxation techniques, smaller instruments, and desensitization strategies to improve comfort."
Medical,Dentist,medium,How do you handle professional burnout and maintain a passion for dentistry?,"I balance work with self-care, stay updated on new techniques, and find fulfillment in patient care and positive outcomes."
Medical,Dentist,medium,How do you handle scheduling delays or unexpected emergencies?,"I adjust the schedule as needed, communicate with patients, and prioritize urgent cases efficiently."
Medical,Dentist,medium,How do you handle situations where a patient is unhappy with their cosmetic results?,"I listen to their concerns, assess the issue, and make adjustments or suggest alternative treatments to improve the outcome."
Medical,Dentist,medium,How do you handle situations where a patient refuses necessary dental treatment?,"I educate them on the risks of delaying treatment, answer their concerns, and respect their decision while offering alternative options if possible."
Medical,Dentist,medium,How do you manage your stress and workload in a high-volume dental practice?,"I stay organized, delegate tasks when appropriate, and prioritize self-care to maintain focus and efficiency."
Medical,Dentist,medium,"How do you manage your time when treating patients with multiple, complex dental problems in a busy clinic?","I prioritize treatments based on urgency, break down complex cases into manageable steps, and use efficient scheduling to ensure each patient gets the attention they need."
Medical,Dentist,medium,Will you describe a time when you overcame a difficult situation at work?,"I handled a difficult situation by staying calm, finding a solution, and ensuring patient satisfaction."
Medical,Dentist,medium,What role do you think teledentistry will play in the future of dental care?,"Teledentistry will enhance accessibility, enable remote consultations, and improve preventive care."
Medical,Dentist,medium,What role do you think teledentistry will play in the future of patient care?,"Teledentistry will expand access to care, especially for routine consultations and follow-ups, improving patient convenience and outreach."
Medical,Dentist,medium,What role does ergonomics play in your daily dental practice?,"I use ergonomic tools, maintain proper posture, and adjust my workspace to reduce physical strain and improve efficiency during procedures."
Medical,Dentist,medium,What strategies do you use to build long-term relationships with patients?,"I provide consistent, compassionate care, maintain clear communication, and follow up to ensure their satisfaction and continued trust."
Medical,Dentist,medium,What steps do you take to stay current with the latest research in dental materials and techniques?,"I attend continuing education courses, read dental journals, and participate in professional forums to stay updated on new materials and techniques."
Medical,Dentist,medium,"What steps do you take to prevent dental complications after performing surgical procedures, such as extractions or implants?","I follow proper sterilization, provide clear post-operative instructions, and schedule follow-up appointments to ensure healing and prevent complications."
Medical,Dentist,medium,What steps do you take to prevent burnout in your dental career?,"I set boundaries, take time off when needed, engage in hobbies, and focus on maintaining a healthy work-life balance."
Medical,Dentist,medium,How do you determine when a tooth should be extracted versus saved?,"I assess factors like tooth structure, infection, and overall health, considering both long-term function and the patient’s desires."
Medical,Doctor,medium,Can you describe your understanding of cultural competency and how you would apply it to ensure quality care for diverse patient populations?,"Cultural competency involves understanding and respecting the diverse cultural backgrounds, beliefs, and values of patients to provide effective, personalized care. I would apply cultural competency by actively listening to my patients and being open to learning about their cultural preferences and needs. I would use interpreters when necessary, ensure that patients understand their care options, and avoid making assumptions based on cultural stereotypes. Recognizing the unique perspectives of each patient helps foster trust and enhances the overall care experience."
Medical,Dentist,medium,How do you handle a patient who is resistant to following oral hygiene recommendations?,"I gently educate the patient on the consequences of poor hygiene, offer tips tailored to their needs, and encourage small, manageable changes."
Medical,Dentist,medium,How do you handle a patient who is hesitant about a recommended treatment?,"I provide clear explanations, discuss benefits and risks, and address their concerns with empathy."
Medical,Dentist,medium,What are your thoughts on the use of artificial intelligence in dentistry?,"AI has great potential to enhance diagnostics, treatment planning, and patient management, improving efficiency and accuracy."
Medical,Dentist,medium,"What aspect of your work experience did you find the most challenging, and why?","Managing anxious patients can be challenging, but I address this by building trust and ensuring comfort."
Medical,Dentist,medium,What clinical skills do you wish to develop?,I aim to further enhance my expertise in implant dentistry and digital workflows.
Medical,Dentist,medium,What dental specialties or procedures are you most comfortable with?,"I enjoy [restorative, cosmetic, endodontic, etc.] procedures and focus on both function and aesthetics."
Medical,Dentist,medium,What do you consider your greatest professional achievement in dentistry?,Restoring a patient’s smile and function after severe dental issues.
Medical,Dentist,medium,What do you do if a child refuses to cooperate during a dental visit?,"I use patience, positive reinforcement, and distraction techniques to encourage cooperation."
Medical,Dentist,medium,What do you do if a patient has unrealistic expectations about their treatment outcome?,"I set realistic expectations, explain the limitations, and offer alternative treatments to help achieve the best possible results."
Medical,Dentist,medium,What precautions do you take when treating patients with diabetes?,"I monitor blood sugar levels, schedule treatments at appropriate times, and ensure proper oral care to prevent complications like gum disease."
Medical,Dentist,medium,What precautions do you take when treating pregnant patients?,"I avoid unnecessary X-rays, limit medications, and prioritize safe, preventive care."
Medical,Dentist,medium,What are your thoughts on the role of probiotics in oral health?,I believe probiotics can play a beneficial role in supporting oral health by promoting a healthy balance of oral bacteria.
Medical,Dentist,medium,What procedures do you have the most experience with?,"I have extensive experience with preventive, restorative, and cosmetic procedures, including fillings, crowns, and extractions."
Medical,Dentist,medium,What protocols do you follow when treating a pregnant patient?,"I avoid unnecessary procedures in the first trimester, use safe medications, and coordinate care with their physician when needed."
Medical,Dentist,medium,What qualities are you looking for in the practice you join/how do you define a successful practice?,"A successful practice prioritizes patient care, values teamwork, embraces innovation, and fosters a positive work environment."
Medical,Dentist,medium,What role do you think artificial intelligence will play in the future of dentistry?,"AI will likely assist in diagnostics, treatment planning, and patient management, improving efficiency and precision while enhancing patient care."
Medical,Dentist,medium,What role do you think digital dentistry plays in modern dental care?,"Digital dentistry enhances accuracy, efficiency, and patient outcomes through tools like CAD/CAM, digital impressions, and 3D imaging."
Medical,Dentist,medium,"In your experience, what is the most effective way to establish trust with new patients in a dental setting?","I create a welcoming environment, listen to their concerns, provide clear explanations, and ensure they feel involved in the decision-making process."
Medical,Dentist,medium,"In your work experience, what skills have you learned that you can apply to dentistry?","I have developed strong communication, problem-solving, and dexterity skills that are essential in dentistry."
Medical,Dentist,medium,Please tell me about your experience with cosmetic dentistry.,"I’ve performed teeth whitening, veneers, and smile makeovers to enhance aesthetics."
Medical,Dentist,medium,Describe your experience with dental prosthodontics and how you approach cases requiring crowns or bridges.,"I assess the tooth’s structure, design customized prosthetics, and ensure the restoration fits well, ensuring both function and aesthetics are maintained."
Medical,Dentist,medium,"Do you have any dental specializations (pediatric, sedation)?",I have experience in general dentistry and have worked with patients requiring specialized care in various areas.
Medical,Dentist,medium,What procedures would you feel comfortable doing at our practice?,"I am comfortable with general dentistry procedures, including fillings, extractions, root canals, and crowns."
Medical,Dentist,medium,How do you approach treatment for patients who have dental erosion from acid reflux?,"I recommend fluoride treatments, educate them on reducing acidic food intake, and suggest restorative treatments to protect enamel."
Medical,Dentist,medium,What steps do you take to build strong relationships with your dental assistants and hygienists?,"I foster teamwork, maintain clear communication, and ensure mutual respect in the workplace."
Medical,Dentist,medium,"When choosing materials for crowns or bridges, how do you decide which one is best for each patient?","I consider factors like the location of the tooth, aesthetic preferences, strength requirements, and the patient’s oral habits to recommend the most suitable material."
Medical,Dentist,medium,What techniques do you use to improve patient compliance with oral hygiene instructions?,"I use clear, simple instructions, demonstrate techniques, and provide reminders to encourage consistency in their oral care routine."
Medical,Dentist,medium,What techniques do you use to improve your manual dexterity in dentistry?,"I practice regularly with tools, focus on hand exercises, and attend workshops to improve my precision and control."
Medical,Dentist,medium,What techniques do you use to reduce discomfort when administering local anesthesia?,"I use a slow injection technique, apply topical anesthetics beforehand, and ensure the area is completely numb before starting the procedure."
Medical,Dentist,medium,How do you manage time between consultations and procedures?,"I stay organized, follow an efficient workflow, and communicate with my team to maintain productivity."
Medical,Dentist,medium,How do you manage time efficiently when performing multiple procedures during the same visit?,"I plan the order of procedures carefully, stay organized, and ensure all steps are performed efficiently without compromising patient care."
Medical,Dentist,medium,How do you manage to keep up with the latest dental trends while maintaining a full schedule?,"I dedicate time for continuing education, attend seminars, and utilize online resources to stay informed about new trends and techniques."
Medical,Dentist,medium,How do you manage your schedule and prioritize patient appointments?,I use efficient scheduling software and prioritize based on urgency and procedure complexity.
Medical,Dentist,medium,What is your experience in managing bruxism (teeth grinding) cases?,"I recommend night guards, monitor for signs of damage, and educate patients on stress management techniques to reduce grinding."
Medical,Dentist,medium,What is your experience with Invisalign or other clear aligner treatments?,"I’ve treated patients with clear aligners, designing personalized treatment plans that gradually straighten teeth with minimal discomfort and visible results."
Medical,Dentist,medium,"When do you decide to refer a patient to a specialist, and can you give an example where it was necessary?","I refer when a case requires expertise beyond my scope, such as advanced oral surgery or specialized root canal treatment. For example, I referred a patient with a complex jaw issue to an oral surgeon."
Medical,Dentist,medium,What is your experience with TMJ disorder treatment?,"I assess symptoms, provide splints or bite adjustments, and refer severe cases to specialists if needed."
Medical,Dentist,medium,What is your experience with treating bruxism (teeth grinding)?,"I diagnose bruxism, provide night guards, and recommend stress management techniques."
Medical,Dentist,medium,What is your experience with treating dry mouth (xerostomia)?,"I recommend hydration, saliva substitutes, and proper oral hygiene to manage dry mouth symptoms and prevent complications."
Medical,Dentist,medium,What measures do you take to ensure proper patient education on the importance of maintaining oral health and preventing disease?,"I provide clear instructions on oral hygiene, educate patients on the risks of neglecting oral health, and offer practical tips for disease prevention."
Medical,Dentist,medium,What methods do you use to manage post-operative pain for patients?,"I prescribe appropriate pain relievers, offer ice packs, and provide clear post-op care instructions to manage discomfort effectively."
Medical,Dentist,medium,What types of local anesthesia and administration techniques do you use on a routine basis?,I routinely use local anesthetics like lidocaine and apply techniques such as infiltration and nerve blocks.
Medical,Dentist,medium,What would you do if a patient questions your diagnosis and wants a second opinion?,"I would respect their decision, provide any necessary documentation, and support them in seeking a second opinion if they feel it will help."
Medical,Dentist,medium,What would you do if a patient refused the treatment you believed was necessary?,"I educate them on the importance of treatment, address concerns, and offer alternative options if possible."
Medical,Dentist,medium,What would you do if you accidentally caused a patient discomfort?,"I acknowledge their discomfort, adjust my approach, and ensure they feel reassured and comfortable."
Medical,Dentist,medium,What’s your experience with digital impressions versus traditional molds?,"I find digital impressions more comfortable, accurate, and faster for the patient, and I use them when possible to improve efficiency and precision."
Medical,Dentist,medium,What is your experience with orthodontic treatments like Invisalign?,"I have experience assessing cases, planning treatment, and monitoring progress with clear aligners."
Medical,Dentist,medium,How do you approach treatment planning for patients with limited financial resources but complex dental needs?,"I offer payment plans, prioritize the most urgent needs, and work with the patient to find affordable options without compromising care."
Medical,Dentist,medium,How do you assess and manage patients with temporomandibular joint (TMJ) disorders?,"I conduct a thorough evaluation, recommend conservative treatments such as splints or physical therapy, and refer to specialists if needed."
Medical,Dentist,medium,How do you assess the long-term success of dental implants and monitor their health over time?,"I monitor implant health through regular check-ups, X-rays, and patient feedback, ensuring they are functioning well and the surrounding bone is healthy."
Medical,Dentist,medium,How do you approach treating patients with severe dental anxiety?,"I offer calming techniques, sedation options, and ensure a slow, controlled process to build trust and ease their fears."
Medical,Dentist,medium,How do you approach treating patients with severe enamel erosion?,"I recommend treatments like fluoride varnishes, restorations, and educating the patient on reducing acidic food intake and using remineralizing products."
Medical,Dentist,medium,How do you approach treatment for a patient with a strong gag reflex?,"I use smaller instruments, distraction techniques, and desensitization methods to minimize discomfort."
Medical,Dentist,medium,How do you ensure accurate impressions for prosthetic work?,"I use high-quality materials, ensure proper technique, and verify accuracy to ensure a perfect fit for crowns, bridges, or dentures."
Medical,Dentist,medium,How do you ensure clear communication with elderly patients who have hearing difficulties?,"I speak clearly, face them directly, and use written instructions or visual aids to ensure they fully understand the treatment."
Medical,Dentist,medium,How do you ensure effective communication with your dental team and patients?,"I promote open communication, teamwork, and clear explanations to patients."
Medical,Dentist,medium,How do you ensure effective communication with your dental team during a procedure?,"I maintain clear and concise communication with my team, providing updates and instructions as needed, to ensure smooth and efficient procedures."
Medical,Dentist,medium,How do you balance the need for dental efficiency with providing individualized care for each patient?,I streamline processes to improve efficiency while ensuring each patient’s needs are addressed with personalized care and attention.
Medical,Dentist,medium,How do you balance the need for preventive care with the need for restorative procedures in a patient’s treatment plan?,"I prioritize preventive care to avoid future restorative needs, but I ensure that necessary restorative treatments are planned and executed with minimal disruption to the patient’s overall health."
Medical,Dentist,medium,How do you approach treating patients with severe bruxism (teeth grinding)?,"I recommend custom night guards, stress management techniques, and monitor for any damage caused by grinding."
Medical,Dentist,medium,How do you build rapport with patients who are seeing you for the first time?,"I introduce myself, listen to their concerns, and make sure they feel comfortable by explaining the treatment process and addressing any questions."
Medical,Dentist,medium,How do you collaborate with dental hygienists and assistants to improve patient care?,"I communicate regularly to ensure treatments are coordinated, and delegate tasks while maintaining a focus on providing efficient, patient-centered care."
Medical,Dentist,medium,How do you communicate treatment options to patients to ensure they fully understand them?,"I use easy-to-understand language, models, and visuals to explain treatment options to patients."
Medical,Dentist,medium,How do you communicate with patients who have cognitive impairments or dementia?,"I use simple language, maintain eye contact, and involve caregivers in the conversation to ensure clear understanding and comfort."
Medical,Dentist,medium,How do you communicate with patients who have dental anxiety due to past traumatic experiences?,"I use a calming approach, explain procedures clearly, and offer sedation or relaxation techniques if necessary."
Medical,Dentist,medium,How do you deal with a patient who frequently cancels or misses appointments?,"I have a conversation about the importance of consistency in care, offer flexible scheduling options, and establish a reminder system."
Medical,Dentist,medium,How do you deal with parents who refuse fluoride treatment for their child?,"I educate them on fluoride benefits, provide alternative preventive options, and respect their decision while ensuring the child’s oral health."
Medical,Dentist,medium,How do you deal with patients who are highly sensitive to pain or have a low pain threshold?,"I use gentle techniques, effective anesthesia, and reassure them throughout the procedure."
Medical,Dentist,medium,How do you decide if a damaged tooth can be restored or if it needs to be removed for treatment?,"I evaluate the extent of the damage, the health of the tooth’s root, and the overall prognosis to determine if restoration is feasible or if extraction is necessary."
Medical,Dentist,medium,How do you handle a patient who is dissatisfied with dentures?,"I listen to their concerns, assess the fit and function, and make adjustments or offer alternative solutions to improve comfort."
Medical,Dentist,medium,How do you build trust with new patients?,"I build trust by listening attentively, explaining treatments clearly, and ensuring patient comfort."
Medical,Dentist,medium,How do you approach treating patients with sensitive teeth?,"I identify the cause, recommend desensitizing treatments, and provide guidance on proper care."
Medical,Dentist,medium,How do you approach treating patients with chronic dry mouth?,"I recommend treatments like saliva substitutes, encourage hydration, and suggest products that stimulate saliva production."
Medical,Dentist,medium,How do you approach treating patients who have dental erosion from acid reflux?,"I recommend treatments like fluoride therapy, diet modifications, and protective restorations to manage the erosion and prevent further damage."
Medical,Dentist,medium,Have you ever had a patient who disagreed with your medical opinions regarding their oral health?,"Yes, I listened to their concerns, explained the reasoning behind my recommendations, and provided alternative options when appropriate."
Medical,Dentist,medium,Have you ever had to deal with a patient who was dissatisfied with cosmetic dental work? How did you handle it?,"I listened to their concerns, assessed their expectations, and made necessary adjustments to achieve their desired outcome."
Medical,Dentist,medium,Have you ever had to help a patient who was uncomfortable with a dental procedure? How were you able to help them?,"I reassured the patient, explained the procedure thoroughly, and used techniques to ensure their comfort."
Medical,Dentist,medium,Have you ever had to teach a staff member a clinical technique?,"Yes, I have trained staff on proper sterilization protocols and dental assisting techniques."
Medical,Dentist,medium,How do you adapt your treatment approach for patients with severe tooth sensitivity?,"I use desensitizing treatments, recommend toothpaste for sensitive teeth, and adjust techniques to minimize discomfort during procedures."
Medical,Dentist,medium,How do you address TMJ disorders and what treatment options do you recommend?,"I assess the patient’s symptoms, recommend treatments like splints, physical therapy, or medications, and consider surgical options if necessary."
Medical,Dentist,medium,How do you address a patient’s concerns about the cost of dental treatments?,"I provide transparent cost breakdowns, offer financing options, and discuss the long-term value of the treatment."
Medical,Dentist,medium,How do you address a situation where a patient presents with a missing tooth but has a strong preference for a certain restoration method?,"I discuss the pros and cons of the preferred method, offer alternatives if needed, and ensure the final decision supports both the patient’s preferences and dental health."
Medical,Dentist,medium,How do you address concerns from patients about the safety of fluoride?,I explain the well-established safety and effectiveness of fluoride in preventing tooth decay and provide scientific evidence to support its use.
Medical,Dentist,medium,How do you address concerns from patients who are unsure about the necessity of certain dental treatments you recommend?,"I provide evidence-based explanations, address their concerns openly, and work with them to understand the importance of the recommended treatment for their overall health."
Medical,Dentist,medium,How do you address the growing concern of antibiotic resistance in dentistry?,"I follow evidence-based guidelines, avoid over-prescribing antibiotics, and educate patients on proper usage when necessary."
Medical,Dentist,medium,"How do you adjust your treatment approach for patients with health conditions that affect their dental care, like diabetes or arthritis?","I consider their medical condition when planning treatment, coordinate with their healthcare providers, and adjust procedures to minimize risks and ensure optimal healing."
Medical,Dentist,medium,How do you decide if a tooth can be saved or if it needs to be extracted before placing a crown or bridge?,"I assess the tooth’s condition, including its structure, the extent of decay, and root health, to decide if saving the tooth is viable or if extraction is necessary."
Medical,Dentist,medium,How do you determine the best treatment plan for a new patient?,"I assess their dental history, conduct a thorough exam, and discuss their goals to create a personalized plan."
Medical,Dentist,medium,How do you determine the right shade for dental restorations?,"I use shade guides, natural lighting, and digital tools to ensure a perfect match."
Medical,Dentist,medium,How do you determine when a patient needs orthodontic treatment and how do you collaborate with an orthodontist?,"I evaluate the patient’s bite, alignment, and dental health, and collaborate with the orthodontist to determine the most appropriate treatment plan."
Medical,Dentist,medium,How do you approach creating treatment plans for patients with multiple dental issues that require a series of procedures over time?,"I prioritize urgent issues first, break down the treatment into phases, and communicate the overall plan and timeline to the patient."
Medical,Dentist,medium,How do you approach diagnosing and treating bad breath (halitosis)?,"I identify the underlying cause, such as gum disease or dry mouth, and recommend appropriate treatments like improved oral hygiene or hydration."
Medical,Dentist,medium,How do you approach diagnosing and treating patients with bruxism (teeth grinding)?,"I evaluate signs like tooth wear and jaw pain, recommend night guards or other protective measures, and address underlying causes, such as stress or misalignment."
Medical,Dentist,medium,"How do you approach diagnosing and treating tooth sensitivity, and what are your preferred methods for managing it?","I assess the cause, such as gum recession or enamel wear, and recommend treatments like desensitizing agents, fluoride varnishes, or dietary changes to manage sensitivity."
Medical,Dentist,medium,How do you approach the decision-making process for replacing missing teeth with implants versus bridges or dentures?,"I consider factors like the number of missing teeth, bone density, patient preferences, and long-term outcomes when recommending the best option."
Medical,Dentist,medium,How do you handle a patient who is nervous about getting an injection?,"I explain the procedure, use numbing agents, and apply a gentle technique to minimize discomfort."
Medical,Dentist,medium,How do you remain organized while managing multiple patients per day?,"I stay organized by maintaining a structured schedule, using digital records, and coordinating efficiently with my team."
Medical,Dentist,medium,How do you prioritize your daily tasks when handling multiple patients?,"I prioritize urgent cases, manage time efficiently, and ensure each patient receives personalized care within the scheduled time frame."
Medical,Doctor,medium,What would you do if you saw a colleague making a mistake with a patient’s medication?,"I would first verify the mistake to ensure accuracy, then respectfully bring it to my colleague’s attention. If the mistake could pose a serious risk to the patient, I would escalate the matter to a senior or supervisor while ensuring corrective action is taken immediately."
Medical,Doctor,medium,"If other hospitals called you for an interview, would you go?","I would do the interview. All centers are well known and highly qualified, and I see myself growing as a good physician by being part of any one of them. I'm open to all choices and I don’t know where my destiny lies."
Medical,Doctor,medium,"If a patient refuses life-saving treatment, how would you handle the situation?","I would first ensure that the patient understands the consequences of refusing treatment, providing clear and honest information about the risks and benefits. I would also explore the reasons behind their refusal, addressing any concerns or fears they may have. If the patient still refuses, I would respect their decision while documenting the conversation thoroughly. I would involve the patient's family if appropriate, and seek guidance from senior physicians or an ethics committee if the situation remains unresolved."
Medical,Doctor,medium,"If a patient is reluctant to follow medical advice due to cultural beliefs, how would you address this?",I would first seek to understand the patient's beliefs and concerns without judgment. I would respectfully discuss how their cultural beliefs may intersect with medical recommendations and explore possible compromises that align with their values while ensuring their health is not jeopardized. I would also involve a cultural mediator or a social worker if necessary to facilitate communication and ensure the patient feels heard and respected.
Medical,Doctor,medium,"If a family member is requesting a treatment that you believe is not in the patient’s best interest, how would you handle it?","I would first listen to the family’s concerns and explain my rationale for recommending a different treatment plan. I would provide evidence and guidelines to support my approach while showing empathy for their perspective. If necessary, I would involve other members of the healthcare team, such as a social worker or ethics consultant, to ensure that we are addressing both the clinical and emotional aspects of the situation."
Medical,Doctor,medium,How would you respond if you noticed a team member was not following established protocols or guidelines?,"I would approach the team member respectfully and privately, expressing my concern and asking for clarification if needed. I would emphasize the importance of following protocols for patient safety and provide constructive feedback. If the behavior continues, I would discuss it with a senior colleague to ensure that proper protocols are followed, maintaining patient care and team collaboration."
Medical,Doctor,medium,"How would you respond if a patient requested a treatment that you believed would not benefit them, such as in cases of terminal illness?","If a patient requested a treatment that I believe would not benefit them, I would approach the situation with compassion and empathy. I would explain my reasoning for why the treatment is unlikely to improve their condition, providing evidence to support my view. I would also discuss alternative options, such as palliative care, and emphasize the importance of comfort and quality of life. Ultimately, I would respect the patient’s decision, ensuring they have the necessary support to make an informed choice."
Medical,Doctor,medium,How would you prioritize your duties during an emergency situation where multiple patients require attention at once?,"In such a situation, I would assess each patient’s condition using triage principles, prioritizing those who are most critically ill or injured. I would communicate with the team to delegate tasks and ensure that all patients receive appropriate care. I would also keep the senior physician informed and ask for assistance if needed to ensure that patient care is not compromised."
Medical,Doctor,medium,"How would you manage your time between clinical responsibilities, learning, and personal well-being during residency?","I plan to use a structured schedule that allocates specific time for patient care, study, and self-care, leveraging digital planners and setting clear boundaries to ensure balance despite a demanding workload."
Medical,Doctor,medium,"How would you manage a situation where you disagree with a policy or protocol that affects patient care, but you must adhere to it?",I would follow the policy while respectfully documenting my concerns and suggesting evidence-based revisions during review meetings or committees. I believe in voicing concerns through proper channels to advocate for improvements while maintaining professional conduct.
Medical,Doctor,medium,How would you manage a situation where you are not familiar with the clinical condition a patient presents with?,"I would start by conducting a thorough history and physical exam to gather as much information as possible. Then, I would look up guidelines or consult with colleagues or senior residents who may have more experience with the condition. If necessary, I would reach out to specialists for their input. It’s important to acknowledge when you don’t have all the answers but seek help to ensure the best care for the patient."
Medical,Doctor,medium,How would you manage a situation where a senior colleague asks you to complete a task that is outside your current level of competence?,"I would respectfully express my concerns and request additional guidance or supervision to ensure the task is completed safely, emphasizing the importance of patient safety while being willing to learn."
Medical,Doctor,medium,"How would you manage a situation where a patient is non-compliant with treatment, yet they express a desire for alternative, unproven therapies?","I would first listen to the patient’s reasons for choosing alternative therapies and provide them with clear, evidence-based information about their condition and the potential risks and benefits of both conventional and alternative treatments. I would engage in a respectful dialogue and work with the patient to find a compromise that aligns with their values while ensuring they are well-informed about the risks involved. If necessary, I would refer them to specialists who can address their concerns further."
Medical,Doctor,medium,How would you manage a situation in which a patient is non-verbal or has difficulty communicating?,"I would utilize alternative communication methods such as written notes, picture boards, or assistive devices. Collaborating with speech therapists and involving family members or caregivers can also help ensure that I understand the patient’s needs and that they are actively involved in their care."
Medical,Doctor,medium,"If we did not accept you in our center, do you have other choices?","While your program is my top choice, I would consider other reputable residency programs that align with my career goals in pediatrics. I would continue to pursue opportunities to learn and grow in this field, whether through another institution or further experience in clinical practice."
Medical,Doctor,medium,"If you are the only junior in Team General A (heavy team), what will you do?",I would prioritize tasks based on urgency and seek help from my colleagues when necessary. I would also communicate with my senior to ensure I’m focusing on the most critical cases. I’d make sure to stay organized and take breaks when needed to avoid burnout.
Medical,Doctor,medium,"If you disagreed with a hospital policy, how would you address it while still maintaining professional conduct?","If I disagreed with a hospital policy, I would first seek to understand the reasoning behind it by discussing it with the relevant administrators or leadership. If I still felt the policy was detrimental, I would professionally voice my concerns through appropriate channels, such as a committee or feedback session. I believe in advocating for patient care and safety while maintaining respect for institutional protocols."
Medical,Doctor,medium,"If you saw a mistake from your colleague or nurse, what will you do? And if it harmed the patient?","I would immediately address the situation, making sure to correct the mistake if possible. If the error harmed the patient, I would follow the hospital’s protocols, report the incident, and ensure that the patient receives appropriate care. It is essential to maintain transparency and ensure patient safety."
Medical,Doctor,medium,"Patient seizing in the ER, what will you do?","I would ensure the safety of the patient by removing any hazardous objects around them. I would provide oxygen and check the patient’s blood glucose to rule out hypoglycemia. I would then administer lorazepam or diazepam to stop the seizure if it lasts more than 5 minutes or if there are recurrent seizures. After stabilizing the patient, I would inform my senior for further management and follow-up investigations."
Medical,Doctor,medium,"On-call scenario (mom refuses LP in the ER), what do you do?","I would take the time to explain to the mother why the lumbar puncture is necessary for her child’s condition. I would provide her with detailed information, answer any questions, and address any concerns she might have. If she still refuses, I would document her decision and involve my senior for further discussion."
Medical,Doctor,medium,"Neonatal sepsis: most common organism, what type of antibiotics will you use?","The most common organisms causing neonatal sepsis are Group B Streptococcus (GBS), Escherichia coli, and Listeria monocytogenes. Empiric antibiotic treatment often includes ampicillin and gentamicin, or cefotaxime, depending on local resistance patterns."
Medical,Doctor,medium,Knowledge question about my research (Compare between Nephrotic and Nephritic syndrome),"Nephrotic syndrome is characterized by heavy proteinuria (>3.5 g/day), hypoalbuminemia, hyperlipidemia, and edema. It often results from damage to the glomeruli, leading to protein leakage. Nephritic syndrome involves hematuria, hypertension, and mild to moderate proteinuria. It typically results from glomerular inflammation, often due to infections or autoimmune diseases."
Medical,Doctor,medium,"In your opinion, what is the role of a resident in addressing health disparities in underserved communities?","As a resident, my role in addressing health disparities includes being an advocate for patients who may face barriers to accessing care. I would focus on providing equitable care by considering social determinants of health and ensuring that every patient receives the best possible treatment regardless of their background. Additionally, I would engage in community outreach programs and work with interdisciplinary teams to identify and reduce health disparities in underserved populations."
Medical,Doctor,medium,In what kind of setting would you like to practice?,"I see myself working in an academic medical center with a balance of clinical work, teaching, and research."
Medical,Doctor,medium,How would you manage a situation in which a patient is non-verbal or has difficulty communicating?,"For non-verbal patients, I would utilize alternative communication methods, such as written communication, picture boards, or assistive technology if available. I would also work with speech therapists or other specialists to assess the patient’s needs. It’s important to involve family members or caregivers to help communicate essential information while maintaining the patient’s dignity and ensuring they are comfortable and involved in their care decisions."
Medical,Doctor,medium,"If you’re the senior and the nurse calls you for a patient with hyperkalemia and there’s a code blue, what will you do?","I would first prioritize the code blue situation, ensuring that immediate life-saving measures are in place. Once the patient is stable or being managed, I would address the hyperkalemia by reviewing the lab results, starting the necessary treatments (such as calcium gluconate, sodium bicarbonate, or insulin), and organizing further tests to determine the underlying cause."
Medical,Doctor,medium,"If your colleague can’t come to his on-call and the chief resident told you to cover for him and you have surgery at 6 am, what will you do?","I would prioritize the patient’s care and communicate with the chief resident, explaining the situation. I would seek guidance on how best to manage both responsibilities and ensure that the surgery is covered while fulfilling the on-call duties. Flexibility and clear communication with the team are key in such situations."
Medical,Doctor,medium,"If your colleague can’t come to his on-call and the chief resident told you to cover for him and you have surgery at 6 am, what will you do?","I would explain to the chief resident that I have surgery at 6 am and might not be able to cover the on-call. I would look for another resident to cover. If no one is available, I would agree to cover the shift and handle both responsibilities as best as I can."
Medical,Doctor,medium,"If your child is tired and you are on call, what will you do?",I would make sure my child is taken care of by a family member or someone I trust. I would also communicate with my senior about the situation and explain that I might need a short break to ensure my child’s well-being. I would make sure to balance my responsibilities while also addressing my family’s needs.
Medical,Doctor,medium,"If you were traveling and you had an on-call tomorrow, and your flight got delayed, what will you do?",I would immediately inform my team and the on-call senior about the situation. I would try to find an alternative way to reach the hospital if possible or be ready to assist remotely. Communication and ensuring patient care continuity would be my top priorities in such a situation.
Medical,Doctor,medium,"If you were traveling and you had an on-call tomorrow and your flight got delayed, what will you do?","If my flight got delayed by a couple of hours, I would call the second on-call to cover my shift. If the delay is longer, I would inform the chief resident and ask to swap my on-call with another resident to ensure patient care is maintained."
Medical,Doctor,medium,"If you were involved in a situation where an error was made, how would you handle reporting it to the patient and their family?","If an error was made, I would first take responsibility and ensure that I fully understand the nature of the error. I would then inform the patient and their family in a clear, honest, and empathetic manner, explaining what happened, the potential impact, and the steps we are taking to rectify it. I would offer support and address any concerns they have, ensuring that they are fully informed and involved in the next steps of care."
Medical,Doctor,medium,"If you were given a budget to attend a conference, medical or non-medical, what would you choose and why?","I would choose a medical conference focused on pediatric emergency care. This would allow me to enhance my clinical skills, stay updated with the latest research, and network with experts in the field. A non-medical option I would consider is a leadership seminar, to improve my team-working and leadership skills, which are essential in any healthcare setting."
Medical,Doctor,medium,"If your senior or consultant prescribes the wrong medication, what will you do?","If I noticed a prescribing error, I would first double-check the medication details. Then, I would approach my senior or consultant privately to clarify the issue. If necessary, I would respectfully express my concerns and propose the correct course of action. Patient safety would always be my priority, and I would take all necessary steps to rectify the situation."
Medical,Doctor,medium,Strength point?,"One of my strengths is my ability to remain calm under pressure. I am also a good listener, which helps me communicate effectively with patients and their families. My strong problem-solving skills allow me to handle complex situations and find solutions that are in the best interest of the patient."
Medical,Doctor,medium,How would you manage a patient with suspected sepsis? What initial steps would you take in the emergency department?,"I would initiate sepsis protocols immediately: secure IV access, draw blood cultures and relevant labs (including lactate), start broad-spectrum antibiotics, administer IV fluids, and monitor vital signs closely while preparing for possible escalation of care."
Medical,Doctor,medium,"How would you describe your work ethic, and how does it affect your interactions with colleagues and patients?","I have a strong work ethic, which drives me to give my best in all tasks, whether large or small. I’m dedicated to learning, ensuring patients receive the best care, and supporting my team. My work ethic positively impacts my interactions by demonstrating my commitment to patient care and my reliability. Colleagues appreciate my willingness to contribute and collaborate, and patients sense my genuine desire to help them achieve optimal health outcomes."
Medical,Doctor,medium,How would you describe your decision-making ability?,I consider it good. I think of different solutions and come up with backup plans. I try to view things from different perspectives and make the right decision.
Medical,Doctor,medium,"How would you describe your approach to time management, especially when balancing patient care, studying, and personal time?","My approach to time management is structured and prioritizes tasks based on urgency. I use a planner to organize my day and break larger tasks into smaller, manageable steps. During residency, I would plan study sessions around clinical duties and make time for personal activities to avoid burnout. I also make sure to be flexible when unforeseen events arise, ensuring I can adapt while still maintaining balance."
Medical,Doctor,medium,How would you describe the communication skills you would bring to our program as a resident?,"My communication skills focus on education and compassion. I treat every conversation with the utmost respect, no matter the nature of the communication. As a resident, I understand that my colleagues and patients will expect my communications to be well-thought-out, providing accurate information with empathy and compassion."
Medical,Doctor,medium,How would you approach the treatment of a patient with a condition that has limited treatment options or unclear guidelines?,"I would review the latest evidence and clinical guidelines, consult with specialists, and discuss the uncertainties with the patient. Shared decision-making is key, so I would involve the patient in choosing a treatment plan that balances potential benefits and risks."
Medical,Doctor,medium,How would you approach care for a patient with a rare disease that you have limited experience with?,"I would review the latest literature, consult with specialists, and use established clinical guidelines to develop a safe management plan while clearly communicating any uncertainties with the patient."
Medical,Doctor,medium,How would you approach a situation where a patient's family requests an intervention that is not medically indicated?,"In this situation, I would first listen to the family’s concerns and try to understand their reasons for requesting the intervention. I would then provide a clear explanation of why the intervention is not medically indicated, addressing their concerns with evidence-based reasoning. I would involve the senior physician and other healthcare team members to ensure a unified approach. If the family’s request persists, I would involve an ethics committee or consult with legal counsel to navigate the situation appropriately."
Medical,Doctor,medium,How would you approach a situation where a patient needs immediate treatment but is non-compliant with their care plan?,"I would engage the patient with empathy to understand their concerns, provide clear education on the importance of the treatment, and involve family members or support systems to encourage compliance while ensuring timely intervention."
Medical,Doctor,medium,"How would you approach a situation in which you are the most senior person available, but you are unfamiliar with the condition or procedure required?","If I were the most senior person available, I would stay calm and use the resources at my disposal, such as clinical guidelines, textbooks, and my colleagues, to assist with the decision-making process. I would not hesitate to consult a specialist if needed, ensuring that the patient receives the best care possible while continuing to learn and expand my own knowledge."
Medical,Doctor,medium,How would you address a situation where you feel overwhelmed by the workload and need help from your colleagues?,"I would openly communicate my concerns with my team, delegate tasks where appropriate, and seek guidance or assistance from senior colleagues to ensure patient care is maintained without compromising my well-being."
Medical,Doctor,medium,"How would you address a situation where you disagree with a patient’s treatment choice, particularly in end-of-life care?","I would approach the situation with empathy and respect for the patient’s autonomy. I would provide clear, compassionate explanations about the risks and benefits of the treatment options, ensuring the patient fully understands their decision. I would also involve the family in the conversation if appropriate and collaborate with the palliative care team to ensure that the patient’s wishes are honored while providing them with comfort and dignity."
Medical,Doctor,medium,How would you address a situation where a patient is not adhering to prescribed medications or follow-up appointments?,"I would first speak with the patient to understand the reasons for their non-compliance. I would listen to their concerns, address any misconceptions or barriers to adherence, and provide solutions, such as simplifying the treatment regimen or offering additional support. I would emphasize the importance of adherence for their health and work with them to create a plan that fits their lifestyle."
Medical,Doctor,medium,How many research projects have you participated in? Why are they diverse?,"I have participated in multiple research projects and have 7 publications, with 2 in ophthalmology and 3 ongoing in the same field. Most of my research activities are diverse because I was one of the first in my medical school batch to publish a research paper, which led many of my colleagues to invite me to join their research projects. These research activities span various topics and are not limited to one particular area, showcasing my versatility and willingness to explore multiple fields."
Medical,Doctor,medium,"How is your relationship with the medical staff (nurses, technicians, paramedics, etc.)? If one of them made a mistake, what would you do?","I maintain a respectful and collaborative relationship with all medical staff. If I notice a mistake, I would address it calmly and professionally, ensuring the mistake is corrected and that the patient receives the appropriate care. Open communication is essential for creating a positive work environment and maintaining patient safety."
Medical,Doctor,medium,How would you handle a case where a patient presents with signs of anaphylaxis but is uncertain of the trigger?,"I would immediately treat the patient with intramuscular epinephrine, administer supportive care including oxygen and IV fluids, and monitor vital signs closely. Once stabilized, I would work with the patient to identify potential triggers through a detailed history and refer them for allergy testing as needed."
Medical,Doctor,medium,How would you handle a case where a patient requires a procedure you haven’t performed yet but have received adequate training for?,"I would review the procedural steps, observe an experienced colleague performing the procedure, and then attempt it under supervision to ensure patient safety while building my confidence and competence."
Medical,Doctor,medium,How would you handle a situation where a family member is pressuring you to pursue an aggressive treatment plan that you feel would not benefit the patient?,"I would first listen carefully to the family’s concerns and ensure they feel heard. I would then explain my reasoning for not pursuing the aggressive treatment, providing evidence-based explanations about the risks and lack of benefit. I would involve the healthcare team, including palliative care, to ensure we are offering all available options to the patient. If needed, I would consult with an ethics committee to guide the decision-making process."
Medical,Doctor,medium,How would you handle a situation where a family member is pressuring you to pursue an aggressive treatment plan that you feel would not benefit the patient?,"I would listen carefully to the family’s concerns and then explain, with evidence-based reasoning, why the aggressive treatment might not be in the patient’s best interest. I would involve the healthcare team to offer alternative, more suitable options, and if needed, consult an ethics committee to support a balanced decision."
Medical,Doctor,medium,How would you handle working with a colleague who is not contributing to patient care or is consistently unavailable?,"I would address the issue directly and respectfully with the colleague to understand any underlying challenges, and if the behavior persists, I would escalate the matter to a supervisor while ensuring that patient care remains uninterrupted."
Medical,Doctor,medium,How would you handle an unethical request made by a patient’s family regarding treatment or care decisions?,"If a family made an unethical request, I would explain the medical reasons behind my recommendation and how their request could potentially harm the patient. I would provide alternatives that are medically appropriate and engage in an open, respectful discussion. If necessary, I would involve a senior colleague or ethics committee to ensure that the decision aligns with ethical principles and patient well-being."
Medical,Doctor,medium,"How would you handle a situation where you’re asked to take responsibility for a task you are unsure about, but it’s critical for patient care?","I would seek clarification and additional training from a more experienced colleague, review relevant protocols, and, if necessary, ask for supervision to ensure the task is performed safely and effectively."
Medical,Doctor,medium,How would you handle a situation where your patient’s family members disagree with the treatment plan?,"I would first listen to the family’s concerns and try to understand their perspective. I would then explain the rationale behind the treatment plan, using clear language and addressing any misconceptions they may have. If needed, I would involve the senior physician or a social worker to mediate and help the family understand the situation better. My goal would be to ensure the patient receives the best care while respecting the family's wishes."
Medical,Doctor,medium,How would you handle a situation where you must break bad news to a patient who is unwilling to accept their diagnosis?,"I would provide the news in a private, supportive setting using clear and compassionate language, allow time for the patient to process the information, and offer additional support through counseling or follow-up discussions."
Medical,Doctor,medium,How would you handle a situation where you disagree with a senior resident or attending physician’s treatment plan?,"If I disagree with a treatment plan, I would first ensure I understand the reasoning behind their decision. I would respectfully voice my concerns, supported by evidence and clinical guidelines, while being open to their perspective. If the disagreement persists, I would involve a more senior attending or consult another colleague for additional input, ensuring patient care remains the priority."
Medical,Doctor,medium,How would you handle a situation where you are overworked and not able to manage all your tasks?,"In such situations, I would prioritize tasks based on urgency and importance. I would focus on patient safety and essential responsibilities first. If necessary, I would communicate with my senior resident or attending physician to ask for help or support. It’s important to recognize when help is needed, and asking for assistance ensures that both patient care and personal well-being are maintained."
Medical,Doctor,medium,How would you like to see the delivery of healthcare evolve?,"One of the biggest changes I hope to see is an expansion of at-home care wherever possible. Some institutions are already moving toward home hospital care, and I believe this model has tremendous potential. Patients are generally more comfortable and recover better at home, and with the right monitoring tools and healthcare support, this could become a much more common approach to treatment in the future."
Medical,Doctor,medium,How would you handle a situation where a patient’s family insists on a treatment that you believe is not in the best interest of the patient?,"I would first listen to the family’s concerns and try to understand their perspective. I would then explain, in clear terms, the medical reasons why the treatment they are requesting may not be appropriate for the patient’s condition, providing evidence and possible alternatives. I would also involve the senior physician or a medical ethics consultant to ensure that we have all bases covered while respecting the family's wishes."
Medical,Doctor,medium,"How would you handle a situation where a patient’s condition is deteriorating, and the prognosis is poor, but the family insists on aggressive intervention?","I would have an honest and compassionate conversation with the family, explaining the prognosis and likely outcomes of aggressive intervention versus palliative care. I would involve the palliative care team and, if needed, consult with an ethics committee to help guide a decision that prioritizes the patient’s comfort and best interests."
Medical,Doctor,medium,"How would you handle a situation where a patient’s care requires a decision that could be potentially controversial, such as choosing between treatment options that have different ethical, cultural, or legal implications?","In such a situation, I would first ensure that the patient is fully informed about the available treatment options, including the risks, benefits, and potential consequences. I would take time to understand the patient’s values and cultural preferences, ensuring that their autonomy is respected in the decision-making process. I would also consult with the healthcare team, including specialists, legal, and ethics advisors, to ensure that all factors are carefully considered. If necessary, I would involve the patient’s family to discuss the ethical or legal implications, ensuring that the decision ultimately aligns with the patient’s well-being and values while maintaining professional integrity."
Medical,Doctor,medium,How would you handle a situation where a patient's family member demands a treatment or intervention that is not medically indicated?,"I would first listen to the family member’s concerns and try to understand their perspective. I would then explain, in clear terms, why the treatment or intervention is not medically indicated, using evidence-based reasoning. I would offer alternative options that align with the patient’s best interests and engage in a respectful, open dialogue. If the family insists on the treatment, I would involve a senior physician or ethics committee to further address the situation."
Medical,Doctor,medium,How would you handle a situation where a patient refuses treatment?,"Respect the patient's autonomy, provide all necessary information, and discuss alternative options."
Medical,Doctor,medium,How would you handle a situation where a patient refuses treatment because they don’t believe in conventional medicine?,"I would first listen to the patient’s concerns and try to understand their perspective. I would provide evidence-based information to explain why conventional treatment is important and how it can benefit their health. If the patient still refuses, I would respect their decision while ensuring they are fully informed about the risks. I would also explore alternative treatments, if available, and involve the patient’s family or a cultural mediator to address any misunderstandings."
Medical,Doctor,medium,"How would you handle a situation where a patient needs urgent surgery, but they are unable to give informed consent?","In such emergencies, I would seek consent from a legally authorized representative. If none is available and the surgery is life-saving, I would proceed under the doctrine of implied consent, documenting the circumstances and my decision-making process thoroughly."
Medical,Doctor,medium,How would you handle a situation where a patient is unwilling to accept palliative care despite being in the terminal stage of illness?,"I would approach the situation with empathy, taking time to listen to the patient’s concerns and fears. I would explain the benefits of palliative care in terms they can understand, emphasizing comfort and quality of life. If the patient remains unwilling, I would involve their family and offer emotional support while respecting the patient’s wishes. I would continue to monitor their condition and revisit the discussion as needed."
Medical,Doctor,medium,How would you handle a situation where a patient’s family asks for a treatment that you believe may cause harm?,"I would approach the situation by first listening to the family’s concerns and understanding their perspective. I would then explain, in clear terms, the potential risks and why I believe the requested treatment may cause harm. I would provide evidence-based alternatives and, if necessary, involve senior colleagues or an ethics committee for further guidance. Ensuring the patient’s well-being is my primary concern, and I would work with the family to find a solution that aligns with their values and the best interest of the patient."
Medical,Doctor,medium,How do you think you will be contributing to the specialty (you’re applying to)?,"Through clinical excellence, research, and innovation in patient care."
Medical,Doctor,medium,Talk about one or two of your research projects.,"One of my research projects was a review article on ""Telemedicine Utilization in Ophthalmology."" The aim was to assess the current state of teleophthalmology, especially in light of the COVID-19 pandemic, which increased the demand for telemedicine. We reviewed literature from 2000 to 2021, focusing on teleophthalmology’s impact on patient outcomes, satisfaction, and cost-efficiency. The findings indicated that telemedicine could offer significant cost savings while improving access to care."
Medical,Doctor,medium,Tell me about a mistake you made in patient care and how you rectified it.,"During a rotation, I initially overlooked an abnormal lab value. Upon realizing my mistake, I immediately informed my attending, reassessed the patient’s condition, and ensured that the necessary corrective actions were taken to prevent any complications."
Medical,Doctor,medium,What do you believe is the most important aspect of effective communication with patients and their families?,"I believe that clear, empathetic, and transparent communication is vital, ensuring that patients and their families fully understand the diagnosis, treatment options, and expected outcomes, thereby fostering trust and shared decision-making."
Medical,Doctor,medium,What do you believe is the greatest challenge our specialty will face in the next few years?,"There are numerous challenges facing family physicians in the coming years, such as changes related to MACRA for healthcare payments, modifications in how physicians certify their subspecialties through the American Board of Internal Medicine (ABIM), and the maintenance of certification (MOC) process. However, I recognize that these challenges are faced by all family physicians, and I am confident in my ability to adapt and thrive alongside my peers."
Medical,Doctor,medium,What did you learn from a different specialty that will be helpful to you in this one?,"From my time in internal medicine, I gained strong diagnostic reasoning skills that will enhance my approach in [chosen specialty]."
Medical,Doctor,medium,What did you learn during your rotation?,"Managing patient flow, cultural competence, improved communication."
Medical,Doctor,medium,What did you learn about this conference/course? Mention one topic that you found interesting.,"I attended a course that was very advanced for my level at the time, but my main intent was to get an introductory feel for the field. One topic that stood out was the use of pathology images and surgery videos. Although the content was difficult to fully understand, I gained valuable insight into the complexity and innovation within the field."
Medical,Doctor,medium,What challenges do you foresee facing this specialty in the next 10 years?,"Increasing patient demand, physician shortages, and integration of new medical technologies are key challenges."
Medical,Doctor,medium,What are your weaknesses?,"Meticulous nature sometimes leads to workload issues, but improving prioritization."
Medical,Doctor,medium,"What are your thoughts on the importance of work-life balance in residency, and how do you plan to achieve it?","I believe maintaining a work-life balance is essential to avoid burnout and provide the best patient care. I plan to achieve this by managing my time effectively, prioritizing tasks, and ensuring I set aside time for activities that help me recharge, such as exercise, spending time with family, or pursuing hobbies. I also recognize the importance of seeking support from colleagues and supervisors when needed."
Medical,Doctor,medium,"What are your strengths? Can you list three, briefly?",Strong work ethic – I consistently strive for excellence. Adaptability – I adjust quickly to new environments and challenges. Teamwork – I work well with colleagues and value collaboration.
Medical,Doctor,medium,What are your strengths?,"Proactive, trustworthy, eager to learn, committed to excellence."
Medical,Doctor,medium,What are your long-term goals?,"My long-term goal is to specialize in either pediatric cardiology or pulmonology, depending on my exposure during residency. I aim to become an expert in my chosen specialty and contribute to the development of clinical guidelines and treatment protocols. I am also interested in pursuing academic opportunities, such as teaching and mentoring future medical professionals."
Medical,Doctor,medium,"What are your long-term career goals, and how do you plan to achieve them during residency?","My long-term goal is to specialize in pediatrics and potentially pursue a fellowship in pediatric cardiology or pulmonology. During residency, I plan to focus on gaining in-depth knowledge in pediatrics, engage in research, and develop strong clinical skills. I aim to build meaningful relationships with mentors who can guide my academic and career path."
Medical,Doctor,medium,What are your hobbies?,Mention hobbies listed in CV.
Medical,Doctor,medium,"What are your hobbies or interests outside of medicine, and how do they help you balance your life?","Outside of medicine, I enjoy hiking and photography. These hobbies allow me to disconnect from the stresses of medicine and spend time in nature, which helps me clear my mind. Photography also enhances my attention to detail and patience, skills that are transferable to patient care. Engaging in these activities helps me maintain a healthy work-life balance, which is crucial for long-term success in residency."
Medical,Doctor,medium,What are your career plans and goals after completing our residency program?,"I entered medical school intending to pursue a career as a pediatrician, and I'm so fortunate to be interviewed and considered for your esteemed pediatric residency program. At this point, I can honestly see myself as a general pediatrician or pursuing an additional fellowship to subspecialize in pediatric oncology or gastroenterology. I believe that my goals will become clearer as I work through my residency."
Medical,Doctor,medium,What do you believe is the most important aspect of patient-centered care?,"The most important aspect of patient-centered care is clear and compassionate communication. Understanding the patient’s needs, values, and concerns is essential in developing a care plan that aligns with their expectations. It also involves involving patients in decision-making and ensuring they are fully informed about their treatment options. By building trust, we can provide care that is both effective and respectful of the patient's individuality."
Medical,Doctor,medium,What do you believe is the most important lesson you’ve learned during medical school that you will bring with you to residency?,"The most important lesson I’ve learned is the significance of effective communication, both with patients and within the healthcare team. Clear, compassionate communication helps build trust with patients and ensures collaborative, efficient care with colleagues. In residency, this will be crucial in navigating complex cases and providing comprehensive care to diverse patient populations."
Medical,Doctor,medium,What do you believe is the most important skill to have as a resident?,"I believe the most important skill is the ability to stay organized and manage time effectively. As a resident, balancing patient care, learning, and personal well-being can be challenging, so prioritizing tasks and staying focused is key. Additionally, strong communication skills are essential for interacting with patients, families, and the healthcare team."
Medical,Doctor,medium,What do you consider to be the most difficult aspect of patient care in a residency setting?,"The most difficult aspect is balancing the demands of patient care with the need to continue learning and improving. As a resident, there are often competing priorities, and it can be challenging to find time for self-reflection and learning while managing clinical duties. However, I have learned to manage my time effectively and prioritize tasks to ensure that both patient care and my education are not compromised."
Medical,Dentist,medium,Tell me about a time you had a disagreement with a staff member. How did you handle it?,"I addressed it professionally by discussing the issue openly, finding a resolution, and maintaining a positive working relationship."
Medical,Dentist,medium,Tell me about a time you had to perform an emergency dental procedure that was unexpected. How did you handle it?,"I treated a patient with a fractured tooth after an accident, performing immediate treatment to stabilize the tooth and prevent further damage, while reassuring the patient and providing follow-up care."
Medical,Dentist,medium,What are the key factors you consider when selecting dental materials for restorative procedures in patients with sensitive teeth?,"I consider the material’s biocompatibility, strength, durability, and the patient’s sensitivity to ensure comfort and long-term effectiveness."
Medical,Dentist,medium,What is your approach to dealing with dental emergencies that arise after office hours?,I ensure patients have access to emergency contact information and provide guidance or urgent care when necessary.
Medical,Dentist,medium,What is your approach to diagnosing and managing bruxism (teeth grinding)?,"I assess symptoms, recommend night guards, and address contributing factors such as stress or malocclusion."
Medical,Dentist,medium,What is your approach to discussing treatment costs with patients?,"I provide transparent cost breakdowns, discuss insurance options, and offer flexible payment plans if available."
Medical,Doctor,medium,"What do you think is the most pressing issue in healthcare today, and how would you address it as a resident?","One of the most pressing issues is healthcare accessibility, particularly in underserved areas. As a resident, I would address this by advocating for equitable healthcare policies and participating in community outreach programs. I would focus on improving patient education to promote preventative care and reduce healthcare disparities. Additionally, collaborating with social workers and community health services would help bridge gaps in access to care."
Medical,Doctor,medium,"What are your biggest strengths, and how will they help you succeed in residency?","My biggest strengths are my adaptability, strong work ethic, and ability to remain calm under pressure. These strengths will help me navigate the unpredictable nature of residency, where I must quickly adapt to new challenges and patient needs. My work ethic ensures that I am committed to continuous learning and improving, while my calmness in high-pressure situations allows me to make clear, efficient decisions when time is critical."
Medical,Doctor,medium,"What do you think is the most pressing issue in healthcare today, and how would you address it as a resident?","One of the most pressing issues in healthcare is the challenge of accessibility, particularly for underserved communities. As a resident, I would work to improve access by advocating for policy changes, participating in community outreach, and focusing on patient education to emphasize preventive care. Additionally, I would collaborate with interdisciplinary teams to identify barriers and develop strategies that ensure timely and effective care for all patients."
Medical,Doctor,medium,What do you think are the most important characteristics for a resident to have in order to thrive in a residency program?,"I believe adaptability, strong work ethic, effective communication, resilience, and teamwork are essential characteristics that enable a resident to thrive in a fast-paced and challenging environment."
Medical,Doctor,medium,What do you think are the key components of effective communication in healthcare?,"The key components of effective communication in healthcare include clarity, active listening, empathy, and timely feedback. It’s important to ensure that patients understand their condition and treatment options. Clear communication within the healthcare team is also essential for coordinated care, and fostering an environment where patients and team members feel comfortable sharing concerns is vital for ensuring patient safety."
Medical,Doctor,medium,What do you know about our program? Why this center? How will our center meet your goals?,"I have researched your program and am impressed by the comprehensive training and diverse clinical exposure it offers. Your faculty members are renowned for their commitment to education and mentorship, which aligns with my goal to develop both clinically and academically. I believe this center will provide the best opportunities for my growth as a physician and help me achieve my career aspirations."
Medical,Doctor,medium,What do you know about COVID-19?,"Viral infection, respiratory impact, spread via droplets, PCR diagnosis."
Medical,Doctor,medium,What do you do when you make a mistake?,"I acknowledge the mistake, take immediate corrective action, reflect on it, and ensure I learn from the experience."
Medical,Doctor,medium,What do you do when you make a mistake in patient care?,"When I make a mistake, I take immediate responsibility, inform my senior or attending physician, and ensure that the patient receives the correct care. I also document the error appropriately and reflect on what went wrong to prevent it from happening again. I view mistakes as an opportunity to learn and improve my practice."
Medical,Doctor,medium,What do you do in your free time? Or what are your interests outside medicine?,"In my free time, I enjoy [mention your hobbies]. These activities help me unwind and maintain a good work-life balance. For example, I love [swimming, reading, traveling, playing sports, or any personal interests]. I also enjoy engaging in volunteer work or spending time with friends and family to recharge."
Medical,Doctor,medium,What do you think is the most important quality in a good resident?,"The most important quality in a good resident is a strong commitment to continuous learning and self-improvement. A good resident must be proactive, take responsibility for their education, and seek feedback from mentors and peers. They should also be adaptable, organized, and able to handle high-pressure situations while maintaining patient care standards."
Medical,Doctor,medium,Talk about your personality outside the hospital.,"Outside the hospital, I enjoy spending time with friends and family, which helps me recharge. I’m an easy-going person who enjoys engaging in outdoor activities, like hiking or sports, to stay active. I’m also a big fan of reading, especially fiction, as it helps me unwind. I value being supportive and maintaining a healthy balance between work and personal life."
Medical,Doctor,medium,What are you planning to do in the 3 months after internship?,"I plan to take a short break to rest and recharge after completing my internship. During this time, I will also engage in research and review pediatric literature to prepare myself for the challenges of residency. I want to be well-prepared and focused as I transition into my residency program."
Medical,Doctor,medium,What are you looking for in a training program?,"I am looking for a training program that provides a solid clinical foundation, exposure to a wide variety of cases, and opportunities for hands-on experience. Additionally, I value a program with strong mentorship, where I can learn from experienced faculty and collaborate with dedicated colleagues. Research opportunities are also important to me, as I am committed to continuing my academic journey alongside clinical practice."
Medical,Doctor,medium,Tell us about a time when you had to make a decision with limited information. What was your approach?,"I encountered a situation during my rotation where a patient presented with non-specific symptoms, and there was limited history available. I focused on conducting a thorough examination and prioritized diagnostic tests that could help rule out life-threatening conditions. I also consulted with my senior resident to ensure I was on the right track. Even with limited information, I made sure to act based on clinical urgency and available data."
Medical,Doctor,medium,Tell us about a time when you had to give bad news to a patient or their family. How did you handle it?,"I had to deliver the news of a terminal diagnosis to a patient’s family during my clinical rotation. I made sure to give them the information in a calm and compassionate manner, allowing them to ask questions and express their feelings. I listened to their concerns, provided support, and assured them that we would continue to provide comfort and palliative care. I also made sure they knew they could reach out to me or the team at any time."
Medical,Doctor,medium,Tell us about a time when you had to collaborate with a multidisciplinary team. How did you contribute?,"During my rotation in the ICU, I worked closely with a multidisciplinary team, including doctors, nurses, respiratory therapists, and social workers, to manage a critically ill patient. I contributed by facilitating communication between team members and ensuring that everyone was aligned with the care plan. I also made sure to update the family regularly, ensuring they were well-informed throughout the patient's treatment."
Medical,Doctor,medium,Tell us about a time when you had to act quickly and decisively in a high-pressure situation. What was the outcome?,"During a trauma case in the emergency department, I had to act quickly when a patient arrived with a gunshot wound to the chest. I immediately called for the trauma team, secured the airway, and assisted with IV access and fluid resuscitation. Despite the high pressure, staying calm and focused allowed the team to stabilize the patient, who later underwent surgery successfully. The experience taught me the importance of teamwork and staying composed under pressure."
Medical,Doctor,medium,Tell us about a hard event that you cannot forget in your internship.,"One event that stands out was when I had to manage a critically ill child in the ER. The situation was overwhelming, and I had to act quickly while staying composed. I remember feeling unsure at first, but my senior helped guide me through the management plan. It taught me the importance of remaining calm in high-pressure situations and trusting the team."
Medical,Doctor,medium,Tell me about your experience with the SMLE.,"I started studying for it as soon as I finished college. I took a 2-week break, then began preparing. My first result was good, but it wasn’t my goal, so I studied harder at home, during free time, and during rotations. It was difficult, but I managed to balance it. The second result was an improvement, and the third was my best. I learned from each experience."
Medical,Doctor,medium,Tell me about a time you were outside of your comfort bubble.,"During a global health elective, I worked in an underserved community, adapting to different cultural and medical challenges."
Medical,Doctor,medium,Tell me about a time you struggled to work with a colleague. Are there certain traits you dislike in coworkers?,"One time, I struggled to work with a colleague who had difficulty communicating and lacked attention to detail, which made collaboration challenging. We often had disagreements over the best approach to patient care. However, I tried to address the issue by having an open and honest conversation with them, which helped improve our working relationship. I believe that clear communication, accountability, and a collaborative mindset are essential in any team. I dislike traits such as a lack of transparency, poor communication, and unwillingness to accept feedback. These can lead to misunderstandings and negatively affect patient care."
Medical,Doctor,medium,Tell me about a time you showed leadership.,"As a team leader in a student-run clinic, I organized workflow, delegated tasks, and ensured smooth patient care."
Medical,Doctor,medium,Tell me about a time you made a mistake.,I once missed a key lab value during rounds. I immediately informed my team and ensured corrective measures were taken.
Medical,Doctor,medium,Tell me about a time you had to think quickly on your feet.,"During a rotation, a patient suddenly deteriorated. I quickly initiated CPR, called for help, and followed the emergency protocol effectively."
Medical,Doctor,medium,Tell me about a time when you mediated a conflict between two people.,"During a group project, two colleagues had differing opinions on patient management. I facilitated a discussion, allowing both to express their views and helped them reach a mutual agreement."
Medical,Doctor,medium,Tell me about a research project you participated in.,"I worked on a study analyzing [topic], where we investigated [findings]. This experience strengthened my analytical skills and scientific thinking."
Medical,Doctor,medium,Tell me about a patient you encountered that taught you something.,"Surgeons often get used to doing surgeries and taking consents. One time in the clinic, the resident explained the surgery to the patient quickly and briefly, saying, ""We do this every day, don’t worry."" The patient responded, ""Everyday things for a doctor are new things for a patient. You might be used to it, but it’s a huge thing for me."""
Medical,Doctor,medium,Tell us about a time when you had to manage a patient who was non-compliant with medical advice. How did you address it?,"I had a patient with chronic hypertension who was not adhering to their medication regimen. I took time to discuss their concerns, which included side effects and a lack of trust in medications. I addressed these concerns by providing education on the importance of controlling blood pressure and discussing alternative medications with fewer side effects. I also encouraged regular follow-up visits and emphasized the need for lifestyle changes. Over time, the patient became more compliant, and their blood pressure stabilized."
Medical,Doctor,medium,Tell us about a time when you had to manage multiple competing priorities. How did you ensure that all patients received appropriate care?,"During a night shift, I was managing multiple patients with varying levels of acuity. I prioritized based on clinical urgency, ensuring that critical patients received immediate attention while delegating less urgent tasks to other team members. I used time-management strategies, such as setting reminders for follow-up tasks, and communicated effectively with the team to ensure we were aligned in our approach. By staying organized and focused, all patients received timely care, and the shift ran smoothly."
Medical,Doctor,medium,Tell us about a time when you had to manage multiple competing priorities. How did you ensure that all patients received appropriate care?,"During a particularly busy night shift, I prioritized patient care by using triage principles to identify critical cases first, delegated less urgent tasks to team members, and maintained clear communication to monitor progress. By organizing my tasks and relying on team support, I ensured that each patient received timely and appropriate attention."
Medical,Doctor,medium,Tell us about a time you had to lead a team in a clinical setting. How did you handle it?,"During my internship, I was part of a team managing a patient in critical condition. The senior residents were tied up with other tasks, so I took the lead in coordinating care, assigning tasks, and communicating with other teams. I kept the situation organized by delegating effectively, making sure everyone knew their roles. This experience taught me the importance of leadership in times of pressure, and I learned how to balance team coordination with maintaining patient safety."
Medical,Doctor,medium,What are the weaknesses that you saw in our hospital?,"One weakness I observed in the hospital was occasional delays in interdepartmental communication, which can affect patient care. Another area for improvement is streamlining the patient referral process to ensure timely consultations with specialists."
Medical,Doctor,medium,What are the triggers of asthma?,"Asthma triggers can include allergens (such as pollen, dust mites, pet dander), respiratory infections, exercise, cold air, smoke, air pollution, strong odors, and emotional stress."
Medical,Doctor,medium,What are the key qualities you believe a residency program should foster in its residents?,"A residency program should foster qualities like clinical competence, critical thinking, adaptability, and professionalism. It should also encourage open communication, teamwork, and a commitment to lifelong learning. Strong mentorship, opportunities for research, and exposure to diverse patient populations are also important for developing well-rounded physicians."
Medical,Doctor,medium,What are the key considerations when deciding whether to transfer a patient to another facility?,"I consider the patient’s clinical stability, the level of care required, the capabilities of both the current and receiving facilities, and the risks associated with transport. Effective communication and coordination between facilities are also essential."
Medical,Doctor,medium,What are the criteria you look for in a program?,"I look for a program that offers diverse clinical exposure, with a strong focus on patient-centered care. It should provide opportunities for hands-on learning and mentorship. I also value a collaborative environment where residents are encouraged to participate in research and continuous education. Lastly, a program that promotes a work-life balance is essential for maintaining overall well-being."
Medical,Doctor,medium,What are some ways you stay motivated and maintain your enthusiasm for patient care during the more challenging aspects of residency?,"I stay motivated by focusing on the positive impact I’m making on patients’ lives, even during difficult moments. I remind myself that every challenge is an opportunity to learn and grow. I also make sure to maintain a good work-life balance, find time for relaxation, and engage in hobbies that recharge me. Having a strong support system from my colleagues and mentors also helps keep me enthusiastic about my work."
Medical,Doctor,medium,"What are some personal goals you’ve set for yourself during your residency, and how do you plan to achieve them?","One of my personal goals is to become proficient in procedural skills, particularly those related to my chosen specialty. I plan to achieve this by seeking opportunities to observe and practice under supervision, asking for feedback from senior residents, and attending workshops or skills labs. Another goal is to improve my ability to manage complex cases, which I will achieve through continuous learning, collaboration, and seeking mentorship."
Medical,Doctor,medium,"What are you most excited about in starting your residency, and why?","I am most excited about the opportunity to apply the knowledge and skills I’ve gained in medical school to real-world patient care. Residency will allow me to refine my clinical decision-making, develop my procedural skills, and become more independent as a physician. I am also excited about learning from experienced mentors and collaborating with a diverse team of healthcare professionals to provide the best care for patients."
Medical,Doctor,medium,What are some challenges faced by the field right now?,"Physician burnout, healthcare disparities, and adapting to rapid technological advancements are some of the major challenges."
Medical,Doctor,medium,Weakness point?,A weakness I am working on is my tendency to take on too much responsibility at times. I am learning to delegate tasks when appropriate and ensure I don’t overwhelm myself. I’m also focusing on improving my time management skills to balance my workload effectively.
Medical,Doctor,medium,The patient doesn’t want to see you and asked for the consultant or someone else?,"I would listen to the patient’s reasons for refusal and try to address any concerns they may have. If I am unable to resolve the issue, I would respect their choice and arrange for another doctor to see them."
Medical,Doctor,medium,"The mom was anxious and refused to examine her baby, what will you do?","I would try to comfort and reassure the mother, explaining the importance of the examination and addressing her concerns. I would use a calm, empathetic approach, and if necessary, involve a senior or another healthcare professional to assist in managing her anxiety. If she still refuses, I would document her decision."
Medical,Doctor,medium,"The family refused LP, what do you do?","I would explain to the family the importance of the lumbar puncture in diagnosing and managing their child's condition. I would discuss the potential risks of not performing the procedure and provide them with an opportunity to ask questions. If they still refuse, I would document their decision and involve my senior for further guidance."
Medical,Doctor,medium,Tell us about your teaching skills.,"During medical school and my internship, I taught multiple lectures in specialties such as ophthalmology, internal medicine, neurology, and general surgery. I also conducted OSCE sessions, teaching students how to take medical histories and perform physical exams. I prepared the learning materials with attention to detail, using slides, practice questions, and videos. I received excellent feedback for presenting complex topics in a simple and engaging manner. Some of my lectures are available on YouTube for medical students."
Medical,Doctor,medium,Tell us about your service year. What did you learn and accomplish?,"During my service year, I worked in a variety of clinical settings, enhancing my ability to manage patient care in different specialties. I took on responsibilities such as coordinating care, assisting in surgeries, and working closely with senior physicians. This experience taught me how to manage time efficiently, deal with difficult situations, and improve patient outcomes. Additionally, I worked on improving my clinical knowledge and honing my communication skills with patients and colleagues."
Medical,Doctor,medium,"Tell us about your experience in the on-call, what type of on-call did you take?","During my on-call shifts, I was involved in managing a wide range of cases, from acute emergencies like asthma exacerbations and trauma to chronic disease management and patient follow-up. I worked in a team, collaborating with specialists and other departments to ensure optimal patient care."
Medical,Doctor,medium,What advice would you give to an asthmatic patient?,"I would advise the patient to avoid known triggers, such as allergens, smoke, and respiratory infections. They should follow a medication plan, including daily inhaled corticosteroids if prescribed, and use a SABA as needed for acute symptoms. I would also encourage the patient to monitor their peak flow readings and seek medical advice if symptoms worsen."
Medical,Doctor,medium,How do you stay updated with medical advancements and research?,"I stay updated by regularly reading medical journals, such as The New England Journal of Medicine and JAMA. I also attend webinars, conferences, and participate in journal clubs. Additionally, I make use of resources like PubMed and Google Scholar to keep up with the latest research in my field. Networking with colleagues and mentors also helps me stay informed about emerging trends in healthcare."
Medical,Doctor,medium,"How would you integrate feedback from multiple sources, such as attending physicians, residents, and patients?","I would actively solicit and document feedback from all sources, reflect on recurring themes, and incorporate constructive criticism into my practice through self-assessment and targeted improvement plans."
Medical,Doctor,medium,How do you stay motivated when faced with difficult or monotonous tasks in medicine?,"I stay motivated by focusing on the bigger picture—the positive impact that even small tasks have on patient outcomes. I also remind myself that every experience is an opportunity to learn and grow. When faced with a monotonous task, I take breaks when possible, stay focused on my ultimate goals, and always try to stay patient and organized."
Medical,Doctor,medium,Can you tell me about your 4th-year rotations?,"During my 4th year, I focused on rotations that strengthened my clinical decision-making, such as [list rotations]. My sub-internship in [specialty] was particularly valuable in refining my ability to manage patients independently."
Medical,Doctor,medium,Can you tell me about the research that you have done?,"I have participated in multiple research projects during medical school, primarily focusing on [specific topic]. My most significant research involved [study type] on [disease/condition], where we analyzed [method]. This research was presented at [conference] and is currently under review for publication."
Medical,Doctor,medium,Can you share an experience when you felt the most fulfilled during your clinical rotations?,"During my pediatrics rotation, I worked with a young patient who had a chronic illness and had been in and out of the hospital. Over the course of my rotation, I developed a relationship with both the patient and their family, providing not only medical care but emotional support. When the patient was discharged, they were in much better health, and the family expressed their gratitude for the care we provided. That moment, knowing I made a real difference, was incredibly fulfilling."
Medical,Doctor,medium,Can you share an example of how you’ve applied evidence-based practice in a clinical decision you made during your rotations?,"During a rotation, I encountered a patient with suspected deep vein thrombosis (DVT). I used evidence-based guidelines to assess the patient using the Wells score and ordered the appropriate diagnostic tests. The results confirmed the diagnosis, and the patient received the correct treatment promptly. This experience reinforced the importance of using evidence-based protocols to guide clinical decisions."
Medical,Doctor,medium,Can you share a time when you had to adapt to a new environment or team dynamic? How did you handle it?,"During my internal medicine rotation, I was placed in a new team with residents from different backgrounds and specialties. Initially, there were challenges in communication and workflow. I adapted by taking the time to understand the strengths and working styles of my colleagues, and I made an effort to foster a positive, collaborative atmosphere. This experience taught me the value of adaptability and effective teamwork in diverse environments."
Medical,Doctor,medium,Can you provide an example of how you successfully managed a situation in which a patient’s clinical condition deteriorated unexpectedly?,"During a ward rotation, a patient with pneumonia suddenly developed respiratory failure. I immediately recognized the deterioration, called for help, and initiated oxygen therapy while preparing for intubation. The rapid intervention, along with collaboration with the ICU team, helped stabilize the patient. The experience reinforced the importance of vigilance, quick decision-making, and teamwork in managing critical situations."
Medical,Doctor,medium,Can you give an example of how you’ve used patient feedback to improve your clinical practice?,"After a patient expressed difficulty understanding their discharge instructions, I revamped my communication approach by simplifying the language and incorporating visual aids. I also encouraged the patient to repeat the instructions in their own words to confirm understanding. This change significantly improved patient satisfaction and adherence to their treatment plan."
Medical,Doctor,medium,Can you give an example of how you’ve used patient feedback to improve your clinical practice?,"A patient once provided feedback about the difficulty they faced in understanding their discharge instructions. I took this feedback seriously and made sure to adjust my communication approach by simplifying medical jargon and checking for understanding. Since then, I’ve made a conscious effort to ask patients to repeat information back to me in their own words and provide written instructions, improving overall patient satisfaction and adherence to treatment plans."
Medical,Doctor,medium,Can you give an example of a time when you learned something valuable from a mistake you made in patient care?,"I once made a mistake in calculating medication dosages for a pediatric patient. While no harm was done, I immediately informed my senior and followed up with additional checks to ensure the correct dose was administered. This experience taught me the importance of double-checking calculations and the value of a safety-first approach. Since then, I’ve developed habits for meticulous checking and reducing human error."
Medical,Doctor,medium,"Can you explain the role of imaging in diagnosing traumatic brain injury, and what specific tests would you order?","Imaging is critical in traumatic brain injury to identify intracranial hemorrhage, skull fractures, or cerebral edema. I would typically order a non-contrast CT scan of the head as the first-line imaging modality due to its rapid availability and high sensitivity for acute hemorrhage."
Medical,Doctor,medium,Can you explain the process of determining a treatment plan for patients with heart failure?,"I begin with a thorough clinical evaluation including history, physical examination, and diagnostic tests like echocardiography to assess ejection fraction. Based on the severity and type of heart failure, I develop a treatment plan that may include lifestyle modifications, medications such as ACE inhibitors and beta-blockers, and, when appropriate, device therapy."
Medical,Doctor,medium,Can you explain the differences between nephrotic syndrome and nephritic syndrome? How would you manage each?,"Nephrotic syndrome is marked by heavy proteinuria (>3.5 g/day), hypoalbuminemia, edema, and hyperlipidemia, typically managed with corticosteroids and supportive care. Nephritic syndrome, in contrast, presents with hematuria, hypertension, and mild to moderate proteinuria, often managed by addressing the underlying inflammatory cause and controlling blood pressure."
Medical,Doctor,medium,Can you explain the diagnostic criteria for a condition you frequently encountered during your rotations?,"For example, in diagnosing pneumonia, I rely on a combination of clinical findings—fever, cough, tachypnea, and auscultatory crackles—along with radiographic evidence of consolidation. These criteria, along with laboratory tests, help confirm the diagnosis and guide treatment."
Medical,Doctor,medium,Can you explain how you would manage a multi-trauma patient in the emergency room?,"I would follow trauma protocols by rapidly assessing the patient using the ABCs, coordinating with a multidisciplinary trauma team, and prioritizing life-saving interventions while continuously monitoring vital signs and readiness for escalation."
Medical,Doctor,medium,Can you explain a time when you had to make an urgent decision without all the necessary information? How did you proceed?,"During a night shift in the emergency department, I encountered a patient with chest pain and shortness of breath. While awaiting test results, I initiated treatment based on the clinical presentation and followed the ABCs (Airway, Breathing, and Circulation) protocol. I consulted with my senior resident and called for additional diagnostic tests as soon as possible. This situation taught me to rely on clinical judgment and act swiftly while gathering more information."
Medical,Doctor,medium,Can you tell us about a challenging patient interaction you've had and how you managed it?,"One challenging patient interaction I had involved a non-compliant patient who refused to take prescribed medications. I spent time with the patient, listening to their concerns and fears about the medications. By showing empathy and providing clear explanations about the importance of adherence and addressing their concerns, I was able to gain their trust and encourage them to follow the treatment plan more consistently."
Medical,Doctor,medium,Can you tell us about a specific skill or procedure you’re eager to improve during residency?,"I am eager to improve my procedural skills, particularly in central line placement and intubation. I plan to practice these skills under supervision during my residency and seek feedback from my senior residents and attendings. I believe that mastering these procedures will allow me to become more confident and efficient in managing critically ill patients."
Medical,Doctor,medium,Can you walk us through the process of handling a patient with acute abdominal pain and a potential surgical emergency?,"I would start with a focused history and physical exam, followed by urgent lab tests and imaging such as an abdominal CT scan or ultrasound. If findings suggest a surgical emergency, I would immediately consult the surgical team while stabilizing the patient with IV fluids, pain management, and appropriate monitoring."
Medical,Doctor,medium,"Case of severe hypokalemia, what is your intervention, and what other investigation to order?","The first step in managing severe hypokalemia is to correct the potassium deficit cautiously, often with intravenous potassium replacement, while monitoring cardiac rhythm. I would also investigate the cause by ordering an ECG to look for arrhythmias and serum tests for renal function, adrenal hormones (aldosterone), and acid-base status."
Medical,Doctor,medium,Have you assisted in surgery? On what procedures? Tell me how you were involved.,"Yes, I have assisted in several surgical procedures during my clinical rotations. Some of the procedures I’ve been involved with include laparoscopic cholecystectomy, appendectomy, and cataract surgery. In these surgeries, I assisted by preparing the patient, managing the surgical instruments, and observing the senior surgeon’s techniques. I have also had opportunities to perform smaller tasks under supervision, which has allowed me to gain hands-on experience."
Medical,Doctor,medium,Fellowship Plan?,I am considering pursuing a fellowship in pediatric cardiology or pediatric infectious diseases. I believe further specialization will allow me to make a more significant impact in the care of pediatric patients and give me the opportunity to engage in research that can improve treatments and outcomes in these areas.
Medical,Doctor,medium,Do you want to do a fellowship after you finish residency? What type?,"Yes, I am interested in specializing in a subfield that aligns with my interests."
Medical,Doctor,medium,Do you want to be involved in teaching during your future career? And why?,"Yes, because education strengthens both personal and professional growth."
Medical,Doctor,medium,Do you want to be involved in research after residency? And why?,"Yes, to contribute to evidence-based medicine and improve healthcare outcomes."
Medical,Doctor,medium,Do you think you will have any impact on our specialty? And how?,"Yes, by engaging in research, education, and clinical innovation."
Medical,Doctor,medium,Do you have any publications?,"Yes, I have published 7 research papers, with two of them in ophthalmology and three ongoing in the same field. These publications have focused on various aspects of medical science, including patient care, treatment protocols, and advancements in my specialty. I am passionate about research and plan to continue contributing to the field during my residency."
Medical,Doctor,medium,How do you stay updated on new medical research and advancements outside of clinical practice?,"I stay updated by regularly reading reputable medical journals, attending webinars, and participating in research conferences. I also engage with colleagues to discuss recent advancements and participate in online medical communities. I believe that lifelong learning is essential in the medical field, so I dedicate time each week to reading and reviewing the latest literature."
Medical,Doctor,medium,Did you take any international courses? What did you learn?,"Yes, I attended a research course at Keele University, Newcastle, UK. The course, held at the Guy Hilton Research Center, focused on ""Detecting sensitivity of cancer to drugs through SIFT-MS."" I learned to use SIFT-MS technology to analyze cancer-related compounds in breath samples from lung cancer patients and assess their prognosis. Additionally, we had workshops on how to write research proposals, manuscripts, and posters."
Medical,Doctor,medium,Describe your most valued accomplishment.,Making my family proud through professional achievements.
Medical,Doctor,medium,Describe the worst experience in your rotation?,Personalized answer required.
Medical,Doctor,medium,Describe the most difficult decision you've made?,Personalized answer required.
Medical,Doctor,medium,"Describe how you would handle a situation where you have to deliver bad news to a patient, especially when they are emotionally distressed.","I would deliver the news with empathy and compassion, ensuring the patient is in a private and quiet space. I would be honest but gentle in my communication, using clear and simple language. I would allow the patient time to process the information and provide emotional support. I would also offer resources, such as counseling or palliative care, to help the patient cope with the situation."
Medical,Doctor,medium,Describe a time when you had to work with a team that was experiencing conflict. How did you resolve it?,"In a previous rotation, I worked with a multidisciplinary team where there was disagreement about the management plan for a critically ill patient. I facilitated a meeting where each team member could voice their concerns, ensuring respectful communication. We collaboratively reviewed the evidence and came to a consensus on the most appropriate course of action. This experience taught me the importance of open communication and teamwork in resolving conflicts."
Medical,Doctor,medium,Describe a time when you had to manage a challenging case on your own. How did you approach it?,"During my internship, I managed a patient with acute respiratory distress in the ER. The patient had a complex medical history, and I had to act quickly. I followed the ABCs (Airway, Breathing, Circulation) protocol, initiated oxygen therapy, and consulted with my senior resident. I stayed calm, communicated with the team, and ensured timely interventions to stabilize the patient, learning how to manage critical situations effectively."
Medical,Doctor,medium,Describe a time when you had to challenge a more senior physician’s decision. How did you handle it?,I encountered a situation where a senior physician recommended a treatment plan that I felt was not supported by the latest guidelines. I respectfully expressed my concerns and backed them up with evidence from recent research. The physician appreciated my input and we worked together to adjust the treatment plan. This experience taught me the importance of speaking up respectfully and making decisions that prioritize patient care.
Medical,Doctor,medium,Did you present these researches in conferences?,"Yes, I have presented my research at several conferences in Saudi Arabia, the United Arab Emirates, and the United Kingdom. My presentations have included topics such as the sensitivity of cancer to drugs and telemedicine in ophthalmology."
Medical,Doctor,medium,Have you ever disagreed with a senior resident or attending physician’s clinical decision? How did you handle it?,"Yes, during a rotation, I disagreed with a senior resident’s decision regarding the management of a patient with sepsis. I respectfully voiced my concern, supported by clinical guidelines, and suggested an alternative treatment approach. After a thorough discussion, we decided on a course of action that incorporated both perspectives. I learned that it’s important to voice concerns respectfully and engage in evidence-based discussions to ensure the best patient care."
Medical,Doctor,medium,Can you discuss a situation where you had to navigate a challenging patient relationship? How did you manage it?,"During my rotation, I cared for a patient who was initially very resistant to treatment. They had a history of poor compliance and lacked trust in medical professionals. I took the time to build rapport, addressing their concerns and explaining the treatment plan in simple terms. I involved their family to create a support system and ensured they understood the long-term benefits. Over time, the patient became more compliant and expressed appreciation for the care I provided."
Medical,Doctor,medium,A 4-year-old child seized in the ward. What will you do?,"I will immediately ensure the child’s safety by clearing the area of any hazards. I will then administer oxygen, monitor vital signs, and check the blood glucose level to rule out hypoglycemia. I will provide benzodiazepines (like lorazepam or diazepam) if the seizure lasts longer than 5 minutes or if there are multiple seizures. Afterward, I will inform my senior and prepare for further workup, including labs, imaging, and EEG, as necessary."
Medical,Doctor,medium,"A 3-month-old baby came with fever and irritability, and the mom refused the LP, what would you do?","I would calmly explain to the mother the importance of the lumbar puncture to rule out serious infections like meningitis, emphasizing that it is in the best interest of her baby. I would also provide her with a chance to ask questions. If she still refuses, I would document the refusal and consult with my senior for further guidance on managing the situation."
Medical,Doctor,medium,Why are you choosing to match into this particular specialty?,"My ultimate career goal is to practice in cardiology and electrophysiology, and a residency in a great internal medicine program like yours is how I will get there. After speaking with several physicians who trained at your amazing institution, I feel confident about this opportunity to train with some of the best faculty in the field."
Medical,Doctor,medium,"Who has been your greatest mentor, and why?",Dr. [mentor's name] has been my greatest mentor. They guided me in balancing clinical knowledge with patient-centered care and helped me develop my leadership skills.
Medical,Doctor,medium,Where do you want to practice after you finish residency?,In a reputable institution that supports research and clinical excellence.
Medical,Doctor,medium,Where do you see yourself in 5/10 years?,"Practicing as a board-certified specialist, contributing to research and teaching."
Medical,Doctor,medium,Where do you see yourself in 10 years' time?,"In 10 years, I see myself as a practicing consultant in my chosen specialty, with a focus on patient care, clinical research, and education. I hope to have contributed to advancements in the field through research and to have established a strong presence in both clinical and academic settings. I also see myself actively mentoring younger residents and medical students to foster the next generation of healthcare professionals."
Medical,Doctor,medium,Where do you see yourself after 5 and 10 years?,"In 5 years, I see myself completing my residency training, well-versed in all aspects of pediatrics, and considering fellowship opportunities. In 10 years, I aim to be practicing as a pediatrician with a subspecialty, contributing to the field through research and mentoring future generations of physicians."
Medical,Doctor,medium,"When doing a literature review, what are your sources for searching?","My primary sources for literature review include PubMed, Google Scholar, Web of Science, and relevant medical textbooks."
Medical,Doctor,medium,What would you do if you’re not accepted to this program (or specialty)?,"I would seek feedback, strengthen my application, and apply again while gaining more clinical experience."
Medical,Doctor,medium,What would you do if you were asked to perform a procedure you’ve never done before?,"If I were asked to perform a procedure I haven’t done before, I would make sure I’m fully prepared by reviewing relevant guidelines and techniques. I would ask for a demonstration or guidance from a senior resident or attending physician. I believe in maintaining a respectful attitude by acknowledging my lack of experience while ensuring I am well-informed and supported. If I felt uncomfortable, I would make sure another more experienced team member performed the procedure."
Medical,Doctor,medium,What would you do if you were asked to manage a patient in a specialty outside of your training or expertise?,"If I were asked to manage a patient outside of my expertise, I would first ensure I understand the basics of the condition by reviewing relevant literature and guidelines. I would then consult with a specialist or senior physician who has more experience in the field. It’s important to act within my competencies while ensuring the patient receives the best care, and I would not hesitate to seek help when needed."
Medical,Doctor,medium,What would you do if you suspect a colleague is under the influence while working?,Report to a superior and ensure patient safety while maintaining professionalism.
Medical,Doctor,medium,What would you do if you saw your colleague disrespect a patient?,I’d speak to him privately and politely tell him that his actions were wrong. I would explain that such behavior is against our religion and ethics.
Medical,Doctor,medium,What would you do if you saw another doctor disrespect a patient?,"I would approach the doctor respectfully and express my concerns about their behavior, explaining how it may affect patient care and trust. If the issue isn’t resolved, I would escalate the matter according to the hospital’s protocols, ensuring that the patient’s dignity and well-being are prioritized."
Medical,Doctor,medium,A patient came into your clinic and he was angry. How will you handle the situation?,"I would first try to calm the patient down and acknowledge his concerns. If there are no patients waiting, I would invite him to sit down and listen to his frustrations. If the clinic is busy, I would politely ask him to wait outside for a moment. After addressing his concerns, I would make sure we reach a mutual understanding."
Medical,Doctor,medium,"An 8-month-old with wheeze and shortness of breath, what will you do?","I would assess the patient’s oxygen saturation and provide supplemental oxygen if needed. I would then initiate bronchodilator therapy (e.g., nebulized salbutamol) and consider steroids if the episode is severe. Close monitoring and further investigations, such as a chest X-ray, would be done if necessary."
Medical,Doctor,medium,"An angry patient came to you, what would you do?","I’d acknowledge his anger, explore his feelings, and try to calm him down. If I have another patient inside, I’d ask the angry patient to wait outside until I finish with the current patient."
Medical,Doctor,medium,Are there any physicians in your family?,"[Yes/No]. If yes: 'I have family members who are physicians, which exposed me to medicine early on and inspired my journey.' If no: 'I am the first in my family to pursue medicine, driven by my passion for patient care and problem-solving.'"
Medical,Doctor,medium,Who is your idol in the specialty you’re applying to?,A renowned physician who has made significant contributions to the field.
Medical,Doctor,medium,Can you describe how you would approach a patient with mental health issues that may be affecting their physical health?,"I would take a holistic approach by assessing both their physical and mental health, involving mental health professionals when necessary, and ensuring that the treatment plan addresses both aspects through compassionate, patient-centered care."
Medical,Doctor,medium,Can you describe a time when you had to take initiative during your clinical training?,"During my internship, there was a situation where a patient in the emergency department required urgent care, but the attending was tied up in a different case. I took the initiative to stabilize the patient by following protocols and administering necessary medications while ensuring that the team was updated. I then coordinated with the attending physician, ensuring a smooth transition once they were available. This experience reinforced my ability to act decisively when necessary."
Medical,Doctor,medium,Can you describe a time when you had to deal with failure or a mistake? What did you learn from it?,"During a rotation, I miscalculated a patient’s medication dosage due to a simple oversight. While no harm was done, I took full responsibility, informed my attending, and immediately rectified the error. From this experience, I learned the importance of double-checking all calculations, maintaining focus even in busy environments, and creating a system to avoid similar mistakes in the future."
Medical,Doctor,medium,Can you describe a time when you had to deal with a difficult or non-compliant patient? How did you handle it?,"I once worked with a patient who refused to follow post-operative care instructions, which was essential for recovery. I spent time building rapport with the patient, explaining the importance of the instructions, and addressing any misconceptions they had. By involving their family members and making sure they understood the consequences of non-compliance, the patient eventually agreed to follow the care plan. Patience and clear communication were key in this situation."
Medical,Doctor,medium,"Can you describe a time when you had to collaborate with a non-medical team, such as social workers or case managers, to provide optimal care?","During my rotation in the inpatient ward, I worked with a social worker to secure a safe discharge plan for a homeless patient who required long-term care. We coordinated resources to arrange placement in a rehabilitation facility and scheduled follow-up appointments. This collaborative effort ensured the patient received comprehensive care beyond just medical treatment, addressing both health and social needs."
Medical,Doctor,medium,"Can you describe a time when you had to collaborate with a non-medical team, such as social workers or case managers, to provide optimal care?","During my rotation in the inpatient ward, I worked with a social worker to help a homeless patient who required long-term care but had no support system. Together, we coordinated placement in a rehabilitation facility and arranged follow-up care. The social worker helped manage housing and discharge planning while I focused on the patient’s medical needs. This collaboration improved the patient’s transition to post-hospital care and highlighted the importance of a holistic, multidisciplinary approach to patient care."
Medical,Doctor,medium,Can you discuss a situation where you had to adapt quickly to a change in a patient’s clinical condition? What was your response?,"During a night shift in the emergency department, I managed a patient who suddenly became hypoxic and required urgent intubation. I immediately followed the ABCs (airway, breathing, and circulation), called for assistance, and initiated the necessary interventions while ensuring the team was alerted. After stabilizing the patient, I reviewed the case with my senior resident to ensure that I had handled it appropriately. This situation taught me the importance of staying calm and adapting quickly in high-pressure scenarios."
Medical,Doctor,medium,Can you describe a time when you faced a significant challenge during medical school? How did you overcome it?,"During my third year, I struggled with a particularly challenging rotation in surgery, where the workload was intense, and I felt overwhelmed. I found it difficult to balance academic learning, patient care, and the physical demands of long shifts. I overcame this challenge by seeking advice from mentors, improving my time management skills, and staying organized. I also learned to lean on my team, knowing when to ask for help. Over time, I became more confident, and the experience strengthened my resilience and problem-solving skills."
Medical,Doctor,medium,Can you describe a situation in which you had to deliver bad news to a patient or their family? How did you handle it ethically?,"During my rotation, I had to inform a patient’s family that their loved one had a terminal diagnosis. I ensured the environment was private and calm, gave the family adequate time to absorb the news, and answered any questions they had. I provided emotional support and explained next steps, including palliative care options. Ethically, I was transparent, honest, and empathetic, while maintaining respect for the family’s emotional needs."
Medical,Doctor,medium,"BMI schedule for overweight, obesity, and all that stuff, when would you do surgery?","A BMI between 25 and 29.9 is classified as overweight, and a BMI of 30 or higher is considered obese. Surgery, such as bariatric surgery, is generally considered for individuals with a BMI greater than 40 or those with a BMI greater than 35 with obesity-related comorbidities."
Medical,Doctor,medium,"Asthma: they asked about PRAM score, how to know if it is severe or not, what is the most intervention you do for it?","The PRAM score (Pediatric Respiratory Assessment Measure) is used to assess the severity of asthma in children. A score of 4 or higher suggests a moderate to severe exacerbation. The most common interventions for severe asthma include administering oxygen, nebulized bronchodilators (such as albuterol), and corticosteroids, with close monitoring of the patient’s respiratory status."
Medical,Doctor,medium,"As a new resident of our program, would you be able to handle patient care with little supervision?","I feel confident in my ability to work with any patient independently. However, I also view every interaction as a learning opportunity, and I value the guidance and mentorship that your faculty provides. I know that this support will help me continue to grow as a physician while ensuring optimal patient care."
Medical,Doctor,medium,Are you interested in research activity? Please elaborate.,"Yes, I am deeply interested in research and have been involved in several research projects since the third year of medical school. My research has been diverse, ranging from ophthalmology to general medicine. I am particularly interested in exploring the application of new technologies and treatments in clinical practice. I have presented my research at international conferences in Saudi Arabia, the UAE, and the UK, and I plan to continue this during my residency."
Medical,Doctor,medium,"Are you going to work in private, military, or academic sectors?","I’m not sure about the circumstances at that time. Currently, I want to work and improve myself, and I will explore my options and decide at that time."
Medical,Doctor,medium,Are you applying to any other residency programs?,"Yes, I am applying to several reputable anesthesiology residency programs. However, no matter how many interviews I attend, I hold your program in the highest regard due to its academic and research success, and the outstanding achievements of its past trainees in clinical practice."
Medical,Doctor,medium,Can you describe a situation in which you needed to perform a diagnostic procedure and had to make decisions based on limited information?,"In one instance, a patient presented with non-specific abdominal pain and inconclusive labs. I used bedside ultrasound to gather additional information and consulted with a senior colleague to narrow down the differential diagnosis, which guided further testing and management."
Medical,Doctor,medium,Have you ever experienced a moment of doubt in your clinical ability? How did you overcome it?,"Yes, I experienced doubt during my first surgical procedure, where I felt unsure about my technical skills. To overcome it, I focused on staying calm, following the steps methodically, and asking for guidance when necessary. I also reflected on the experience afterward, seeking feedback from the supervising surgeon to improve. Over time, practice and mentorship have helped me build confidence in my abilities."
Medical,Doctor,medium,Can you discuss how you have applied evidence-based practices in managing a difficult patient case?,"In managing a patient with severe sepsis, I adhered to evidence-based protocols for fluid resuscitation, antibiotic administration, and monitoring. This systematic approach, guided by current clinical guidelines, resulted in improved patient outcomes and reinforced the value of evidence-based practice."
Medical,Doctor,medium,Have you ever made any presentations before a professional group?,"Yes, I have made multiple presentations at professional conferences. These include both national and international conferences, where I presented research on various medical topics, including innovations in treatment and diagnostic methodologies. Presenting at these events has helped me hone my public speaking skills and improve my ability to communicate complex ideas to a wide audience."
Medical,Doctor,medium,"How do you integrate a patient's social and family dynamics into the management plan, especially in complex cases?","I take a comprehensive history that includes social and family factors, involve family members in care discussions when appropriate, and tailor the management plan to address both medical and psychosocial needs for holistic patient care."
Medical,Doctor,medium,"How do you handle working in a high-pressure environment, especially during long shifts or emergencies?","I handle high-pressure environments by staying organized, prioritizing tasks, and maintaining a calm, focused demeanor. I also rely on the support of my team, knowing when to ask for help or delegate tasks. Effective communication is crucial during these times, so I make sure to keep everyone informed and ensure that patient care is not compromised. I also take short breaks when possible to recharge."
Medical,Doctor,medium,How do you handle stress or pressure in a clinical environment?,"I manage stress by staying calm and focused on the task at hand. I break down complex situations into smaller, manageable tasks and tackle them one step at a time. Additionally, I make sure to ask for help when needed and lean on my team for support. After particularly stressful situations, I take time to reflect and learn from the experience to improve my approach in the future."
Medical,Doctor,medium,How do you handle situations where there is disagreement among your team members?,"In situations where there is disagreement, I would encourage open communication and ensure that everyone’s viewpoints are heard. I would try to mediate and find a consensus, focusing on the best interests of the patient. If needed, I would involve a senior or supervisor to help resolve the disagreement. Collaboration is key in any team, and working through differences respectfully is essential for providing quality care."
Medical,Doctor,medium,How do you handle situations where patients refuse life-saving treatment?,"In cases where patients refuse life-saving treatment, I would begin by ensuring they fully understand the consequences of their decision. I would provide all necessary information in a clear, empathetic manner, addressing any concerns they have. I would also involve the patient’s family and consult with colleagues to ensure that the decision aligns with the patient’s values and wishes. If the patient still refuses, I would respect their decision, ensuring that they receive appropriate comfort and support."
Medical,Doctor,medium,How do you handle situations where patients make demands for treatments or medications that are not evidence-based?,"I would first listen to the patient’s concerns and try to understand their reasoning behind the request. I would then explain, using evidence-based reasoning, why the requested treatment may not be appropriate for their condition. I would provide alternative treatment options that are supported by clinical evidence and work with the patient to find a solution that aligns with their values and health goals."
Medical,Doctor,medium,How do you handle situations when you’re given tasks you are not familiar with?,"When given unfamiliar tasks, I first try to gather as much information as possible, whether through reading, consulting with colleagues, or reviewing guidelines. I ask questions to ensure I fully understand the task and its importance. I also remain open to feedback and seek support from more experienced colleagues, while ensuring the task is done thoroughly and correctly."
Medical,Doctor,medium,How do you handle receiving difficult or negative feedback from a senior colleague or attending physician?,"I welcome difficult feedback as an opportunity to grow. I listen carefully to the criticism, ask clarifying questions if needed, and reflect on how I can improve. I make sure to apply the feedback to my practice and seek follow-up discussions to monitor progress. Constructive criticism helps me develop as a physician, and I view it as an essential part of my ongoing learning."
Medical,Doctor,medium,"How do you handle pediatric emergencies differently from adult emergencies, and what considerations should be made in each case?","Pediatric emergencies require careful consideration of age-specific anatomy, physiology, and medication dosing. I adjust treatment protocols accordingly, ensure family involvement, and communicate in an age-appropriate manner. For adults, the focus is on rapid stabilization and addressing comorbidities, whereas in pediatrics, attention to developmental and psychological needs is also paramount."
Medical,Doctor,medium,How do you handle making a decision that might not align with the opinions of other healthcare team members?,"I rely on evidence-based guidelines and patient safety as my guiding principles. I communicate my rationale clearly and invite feedback. If consensus cannot be reached, I escalate the issue to a senior colleague or ethics committee while ensuring that the patient’s best interests are maintained."
Medical,Doctor,medium,"How do you handle emotionally charged situations, such as dealing with a grieving family after a patient’s death?","I approach such situations with empathy and professionalism, providing clear information, expressing sincere condolences, and offering support services. I also debrief with colleagues to process the emotional impact and maintain my own resilience."
Medical,Doctor,medium,How do you handle constructive criticism?,"I appreciate constructive criticism as it helps me grow. When I receive feedback, I listen carefully to understand the areas where I can improve. I ask questions for clarification and use the feedback as an opportunity to reflect on my practice. Afterward, I apply the advice to my future work, and I continually strive to refine my skills based on the feedback I receive."
Medical,Doctor,medium,How do you handle an ethical dilemma?,"Follow professional guidelines, consult ethics committee if needed."
Medical,Doctor,medium,How do you handle a situation when you are asked to perform a procedure you are unfamiliar with?,"If asked to perform a procedure I am unfamiliar with, I would first express my concerns and request assistance from a more experienced colleague. I would seek guidance and review relevant protocols to ensure I understand the procedure thoroughly. If necessary, I would ask to observe the procedure first to build confidence. It’s important to act within the scope of my competence and seek help when needed."
Medical,Doctor,medium,How do you get along with nurses?,"Very well. Nurses are hard workers, and they give a lot for the patients. I also learn many things from them."
Medical,Doctor,medium,How do you maintain patient confidentiality?,By strictly following ethical guidelines and ensuring private information remains secure.
Medical,Doctor,medium,How do you manage a patient with severe asthma exacerbation in the ER?,"I would start by administering high-flow oxygen, nebulized bronchodilators (such as albuterol and ipratropium), and systemic corticosteroids. I would continuously monitor the patient’s respiratory status and be prepared to escalate care, including possible intubation, if there is no improvement."
Medical,Doctor,medium,How do you manage conflicts in a multidisciplinary team and ensure that patient care is not affected?,"I encourage open dialogue, facilitate regular team meetings, and focus on common patient care goals. If conflicts arise, I mediate by ensuring every team member is heard and, when necessary, involve a senior member to help resolve the issue while keeping patient care at the forefront."
Medical,Doctor,medium,"How do you manage ethical dilemmas related to patient consent, particularly when the patient is unable to communicate their wishes?","If a patient is unable to communicate their wishes, I would first assess whether they have a legal guardian or an advance directive in place. If no such directive exists, I would involve the family or a surrogate decision-maker in the conversation, ensuring that their decision aligns with the patient’s previously expressed values and preferences. If necessary, I would consult with an ethics committee to navigate the decision-making process and prioritize the patient’s best interests."
Medical,Doctor,medium,Have you ever failed at anything? How did you deal with it?,"Yes, I struggled with time management early in medical school, but I adapted by refining my study strategies and setting clear priorities."
Medical,Doctor,medium,How do you respond to constructive criticism?,By taking it as a learning opportunity and using it to improve my skills.
Medical,Doctor,medium,What is the most significant change you expect in your practice after completing residency?,"I anticipate a shift from supervised decision-making to independent clinical practice, with enhanced diagnostic acumen, refined procedural skills, and greater confidence in managing complex cases."
Medical,Doctor,medium,How do you remember everything you have to do?,I try to write them down and repeat them in my head over and over again.
Medical,Doctor,medium,How do you prioritize tasks when you have multiple patients requiring urgent attention?,"I use a triage approach: first, I assess each patient’s acuity, then address life‐threatening issues immediately, delegate tasks when possible, and continuously re-assess priorities as the situation evolves."
Medical,Doctor,medium,How do you prioritize tasks during a busy shift?,"I prioritize tasks based on urgency and patient needs. I first address life-threatening or time-sensitive issues, such as critical care, while ensuring that less urgent but important tasks are completed promptly. I also regularly check in with my colleagues to ensure that we are all aligned in our approach. Time management and clear communication are key in balancing multiple responsibilities."
Medical,Doctor,medium,"How do you prioritize patient education, especially when dealing with chronic illness management?","I prioritize patient education by setting aside dedicated time during consultations to explain the disease process, treatment options, and lifestyle modifications in clear language, using visual aids and written materials to reinforce the information."
Medical,Doctor,medium,How do you expect Medicine to change in the next 20 years?,"Advances in AI, telemedicine, and personalized medicine will reshape patient care and diagnostic approaches."
Medical,Doctor,medium,How do you prioritize patient care in a busy clinical setting?,"Triage based on urgency, ensure clear communication, and delegate tasks effectively."
Medical,Doctor,medium,How do you prioritize patient autonomy versus beneficence in clinical decision-making?,"In clinical decision-making, I believe both patient autonomy and beneficence are critical. I prioritize patient autonomy by ensuring that patients are well-informed and involved in their treatment decisions. However, beneficence is also important, as it is my duty to provide the best possible care. I strive to balance these principles by presenting all relevant information to the patient, discussing their preferences, and recommending the best course of action based on evidence and clinical judgment. If the two principles are in conflict, I would seek guidance from my senior colleagues or an ethics committee."
Medical,Doctor,medium,How do you plan to contribute to the academic environment during your residency?,"I plan to contribute to the academic environment by actively participating in journal clubs, research projects, and teaching opportunities. I aim to present my research findings at conferences and engage in discussions that promote knowledge exchange. I also look forward to mentoring junior residents and medical students, sharing my experiences, and helping them navigate their clinical rotations."
Medical,Doctor,medium,How do you navigate situations where a patient’s autonomy conflicts with their best medical interests?,"When a patient’s autonomy conflicts with their best medical interests, I would first have an open discussion with the patient, respecting their wishes and explaining the medical reasoning behind my recommendations. I would ensure the patient fully understands the potential risks and benefits of their choices. If necessary, I would involve the patient’s family or an ethics committee to help navigate the situation and find a solution that respects both the patient’s autonomy and medical best practices."
Medical,Doctor,medium,How do you navigate situations involving cultural or religious beliefs that conflict with medical recommendations?,"I approach these situations with cultural humility, seeking to understand the patient’s beliefs and values. I would discuss the medical recommendations with sensitivity, explaining the potential risks and benefits while respecting their perspective. I would also involve family members or cultural mediators if necessary to ensure the patient’s values are considered while providing the best possible care."
Medical,Doctor,medium,How do you manage your personal life with the demanding schedule of a residency program?,"I prioritize open communication with family and friends, ensuring they understand the challenges of residency. I also try to carve out time for myself by engaging in activities like exercise or reading, which help me recharge. Time management is key—scheduling everything from patient care to personal commitments helps maintain balance. I believe that by staying organized and keeping a clear separation between work and personal time when possible, I can maintain my well-being during residency."
Medical,Doctor,medium,How do you manage making tough clinical decisions when resources are limited?,"In resource-limited situations, I prioritize interventions based on the severity of the patient’s condition and the potential benefits of each option. I use evidence-based guidelines to help make decisions and always consider the patient's preferences. I also communicate with the healthcare team to ensure that we make the best use of available resources while ensuring the patient’s safety and well-being."
Medical,Doctor,medium,How do you manage fatigue and burnout during your busy clinical duties?,"I manage fatigue by maintaining a healthy work-life balance. I make sure to get enough sleep, eat well, and exercise regularly. I also set aside time for relaxation and hobbies to unwind. When feeling overwhelmed, I talk to my colleagues for support, and if needed, I take short breaks to recharge. Recognizing the signs of burnout early and taking proactive steps to manage it is key to maintaining my well-being."
Medical,Doctor,medium,How do you ensure thorough follow-up care for patients discharged with complex medical issues?,"I arrange for scheduled follow-up appointments, provide detailed discharge instructions, and coordinate with primary care and specialist teams to monitor the patient’s progress and adjust the care plan as needed."
Medical,Doctor,medium,How do you maintain empathy?,"I maintain empathy by always reminding myself that every patient is a person with their own experiences, fears, and concerns. I focus on listening actively to their needs and concerns, and I make sure to approach each situation with patience and understanding. By practicing self-care, reflecting on my experiences, and keeping a positive attitude, I can continue to offer compassionate care without becoming overwhelmed. Additionally, I try to foster emotional resilience so I can maintain my empathy during challenging situations."
Medical,Doctor,medium,How do you ensure that you maintain patient-centered care while working under pressure or dealing with a heavy workload?,"I maintain patient-centered care by adhering to a systematic approach, using checklists to prioritize critical tasks, and making sure to communicate effectively with patients even when under pressure. I always take a moment to ensure that the patient’s needs and concerns are addressed."
Medical,Doctor,medium,How do you balance the need to provide excellent patient care with the reality of limited resources in a healthcare setting?,"In a resource-limited setting, I prioritize patient care by using available resources effectively and creatively. I focus on evidence-based interventions that provide the most benefit within the constraints. Communication with the team is critical to ensure we are all working together to optimize care. When resources are limited, I also advocate for patients to receive timely and appropriate care, involving social services or other support systems if necessary."
Medical,Doctor,medium,How do you balance the need to develop your technical skills with the importance of maintaining strong patient relationships?,"I prioritize developing both my technical skills and patient relationships simultaneously by ensuring I communicate effectively with patients while performing procedures. I make sure patients feel involved and informed during their care, and I ask for feedback from them regarding their experience. While improving my technical skills, I ensure I maintain a compassionate and respectful approach, understanding that strong relationships contribute to better outcomes."
Medical,Doctor,medium,How do you balance patient autonomy with medical recommendations?,By providing evidence-based advice while respecting their right to choose.
Medical,Doctor,medium,How do you balance cost-effective care with quality patient care?,By making evidence-based decisions and considering both patient needs and resource allocation.
Medical,Doctor,medium,How do you assess whether a patient’s symptoms are due to a new condition or a progression of an existing one?,"I compare current symptoms with the patient’s previous records and clinical history, assess changes in vital signs and lab results, and may order additional tests to distinguish between a new pathology and exacerbation of a chronic condition. This comprehensive evaluation helps determine the appropriate management strategy."
Medical,Doctor,medium,How do you approach situations where patients have unrealistic expectations about their diagnosis or treatment plan?,"I approach these situations with empathy, first acknowledging the patient's concerns and explaining the reasons behind their expectations. I then provide clear, evidence-based information about their condition and realistic treatment options. I ensure the patient understands the risks and benefits of each option and encourage them to ask questions. In some cases, involving the family or a multidisciplinary team can help align expectations with medical reality while preserving the patient’s dignity."
Medical,Doctor,medium,How do you balance your desire for autonomy with the reality of working in a team-oriented healthcare environment?,"I believe that while autonomy allows for personal growth and independent decision-making, patient care is best achieved through collaboration. I actively seek feedback, share my insights, and work closely with my colleagues to ensure a unified approach. This balance helps me develop my skills while ensuring that patient outcomes remain the top priority."
Medical,Doctor,medium,How do you approach situations where patients have unrealistic expectations about their diagnosis or treatment plan?,"I approach these situations with empathy, ensuring I listen carefully to the patient’s concerns. I then provide clear, evidence-based information about their condition and outline realistic treatment options, discussing both potential benefits and limitations. By fostering an open dialogue and sometimes involving family members or a multidisciplinary team, I help align expectations with medical realities while maintaining a compassionate approach."
Medical,Doctor,medium,How do you approach learning from residents or attendings with different styles or philosophies in patient care?,"I approach learning with an open mind and see the diversity in care philosophies as an opportunity to expand my knowledge. I pay attention to their reasoning behind decisions and try to understand their approach, whether it aligns with my own or not. I adapt and incorporate useful strategies into my practice while also engaging in respectful discussions to understand different perspectives, ultimately aiming to provide the best care possible."
Medical,Doctor,medium,How do you approach continuous learning and staying updated on medical advancements?,"I approach continuous learning by regularly reading medical journals, attending webinars, and participating in clinical discussions. I also engage in online courses and certifications related to my specialty. During my rotations, I make it a point to ask questions, seek feedback, and stay curious about emerging research. Additionally, I collaborate with colleagues and attend conferences to stay informed about the latest developments in medical science."
Medical,Doctor,medium,How do you approach building a professional network within the medical field?,"I build my professional network by attending conferences, participating in collaborative research projects, and actively seeking mentorship from senior physicians. I also make an effort to connect with peers across specialties to share knowledge and experiences. Networking is important for career development and learning, so I ensure that I stay engaged in both formal and informal professional settings."
Medical,Doctor,medium,How do you approach a situation when you are unsure about a clinical decision?,"When I’m uncertain about a clinical decision, I first review relevant clinical guidelines and evidence-based resources. If I still have doubts, I consult with my senior colleagues or specialists. I always aim to make decisions based on the best available evidence, while also considering patient preferences and circumstances. It's important to acknowledge when you're uncertain and seek guidance to ensure the best possible care."
Medical,Doctor,medium,How do I know that you are initiative and a hard worker?,"It’s difficult to prove through talk alone, but I have worked with different teams and specialties, always giving my best as if I were genuinely interested. My evaluations range from 96-100%, and I have multiple recommendations and reference letters."
Medical,Doctor,medium,Have you taught medical students?,"Yes, I enjoy mentoring and sharing knowledge."
Medical,Doctor,medium,How do you ensure thorough documentation of patient care while balancing the demands of a busy clinical environment?,"I utilize electronic health records, standardized templates, and set aside dedicated time for documentation to ensure accuracy. I also perform periodic reviews of my notes to maintain completeness and quality."
Medical,Doctor,medium,How do you approach managing patients who require long-term care for chronic conditions?,"I adopt a multidisciplinary approach, emphasizing regular follow-up, patient education, and lifestyle modifications. I coordinate care with specialists, monitor treatment adherence, and adjust management plans as needed to optimize long-term outcomes while empowering patients to manage their conditions effectively."
Medical,Doctor,medium,How do you balance your desire for autonomy with the reality of working in a team-oriented healthcare environment?,"I value both autonomy and teamwork. While I take initiative in making decisions and managing patient care, I recognize that healthcare is collaborative, and I rely on input from my colleagues and mentors. I see autonomy as an opportunity to develop my skills, while teamwork ensures that patient care is comprehensive. I seek a balance by actively engaging with the team, learning from their expertise, and contributing my own insights to the decision-making process."
Medical,Doctor,medium,Have you held any leadership roles? Elaborate.,"Yes, I have held leadership roles in both academic and extracurricular settings. I served as the head of a medical student research group, where I coordinated research projects and facilitated discussions among team members. I also led community outreach programs aimed at educating the public about preventive healthcare. These experiences have taught me valuable skills in team management, communication, and decision-making."
Medical,Doctor,medium,"How do you build rapport and trust with patients, especially in challenging cases?","Building rapport starts with active listening and showing empathy for the patient’s situation. I try to put myself in their shoes, acknowledging their fears and concerns, and provide clear, honest information about their diagnosis and treatment options. In challenging cases, I make sure the patient feels supported and involved in their care decisions, which helps build trust over time."
Medical,Doctor,medium,How do you balance your professional responsibilities with personal life during residency?,"I try to maintain a structured schedule that allows me to devote time to both my professional responsibilities and personal well-being. I make sure to get adequate rest, exercise, and spend time with family and friends, which helps me recharge. I also keep a clear separation between work and personal time, ensuring that I give my best at work while taking care of myself outside of it."
Medical,Doctor,medium,How do you ensure patient safety while working under pressure?,"I ensure patient safety by staying organized, following protocols, and maintaining clear communication with the healthcare team. I take a systematic approach, ensuring that critical steps such as monitoring vitals and checking lab results are not overlooked. When under pressure, I take a moment to assess the situation calmly and make decisions based on the available data, while prioritizing patient safety."
Medical,Doctor,medium,How do you ensure patient safety while balancing a busy workload and handling multiple cases simultaneously?,"I prioritize patient safety by staying organized, using checklists to track tasks, and ensuring that critical situations are addressed first. I rely on clear communication with the healthcare team to prevent errors and ensure that no details are missed. When dealing with multiple patients, I make sure to manage time effectively and ask for help when necessary to maintain high standards of care."
Medical,Doctor,medium,How do you ensure patient care is continuous when there’s a shift change or during off-hours?,"I ensure continuity of care by providing detailed handoffs using standardized communication tools, documenting all critical information accurately, and verifying that the incoming team understands the patient’s current status and ongoing needs."
Medical,Doctor,medium,How do you ensure effective communication between multidisciplinary teams when managing complex cases?,"I ensure effective communication by fostering an open, respectful dialogue among team members. I make sure to clearly articulate my observations and concerns while actively listening to others. I document key decisions and update the team regularly. When managing complex cases, I ensure that all relevant specialties are involved early on, creating a coordinated plan that addresses all aspects of patient care."
Medical,Doctor,medium,How do you ensure clear communication with patients who may not speak the same language or have limited understanding of medical terms?,"I ensure clear communication by using simple language, avoiding medical jargon, and providing explanations in a way that the patient can easily understand. When necessary, I use professional interpreters or translation services to bridge the language gap. I also encourage patients to ask questions and check for understanding by asking them to explain things in their own words."
Medical,Doctor,medium,How do you determine when to escalate care or seek assistance from senior staff members?,"I continuously monitor patient responses and adhere to clinical protocols. If a patient’s condition deteriorates or if I encounter uncertainty, I promptly consult with senior staff or specialists to ensure timely and safe intervention."
Medical,Doctor,medium,How do you decide whether to order a diagnostic test for a patient presenting with vague symptoms?,"I consider the patient’s history, physical exam findings, and risk factors to determine the pre-test probability of a serious condition. I then order tests that are most likely to influence management decisions, ensuring judicious use of resources and avoiding unnecessary investigations."
Medical,Doctor,medium,How do you ensure proper continuity of care when managing a patient who requires multidisciplinary input?,"I ensure continuity by coordinating regular interdisciplinary meetings, maintaining clear and updated communication through shared electronic records, and developing a comprehensive care plan that incorporates input from all involved specialties."
Medical,Doctor,medium,How do you deal with stress?,"I find time with family and friends, watch movies, read books, go on vacations, and remind myself of the nobility of this job."
Medical,Doctor,medium,How do you deal with moments of self-doubt or uncertainty in clinical practice?,"When I experience self-doubt, I focus on grounding myself in evidence-based practice and seek guidance from more experienced colleagues. I also remind myself that uncertainty is part of medicine, and the key is to stay curious, ask questions, and learn from each experience. I reflect on my previous successes and recognize that every challenge is an opportunity for growth."
Medical,Doctor,medium,How do you deal with differences in non-medical opinions?,"I believe in respecting others' opinions, even if they differ from my own. I try to understand the underlying reasons for their viewpoints and engage in open discussions. It is important to approach such situations with empathy and be willing to accept differing perspectives, as long as they do not impact patient care."
Medical,Doctor,medium,"How do you deal with a situation where you realize that a patient’s care plan needs to be changed urgently, but you have limited resources?","I would reassess the patient’s condition immediately, consult with the team to identify the most critical interventions, and adjust the care plan based on available resources. If necessary, I would advocate for additional support or resources to meet the patient’s needs."
Medical,Doctor,medium,How do you cope with the emotional demands of being a healthcare provider?,"I cope by maintaining a healthy balance between work and personal time, practicing mindfulness, and seeking support from colleagues when needed. I also make it a point to debrief after particularly challenging cases, either with mentors or peers. Focusing on self-care and taking time to recharge helps me stay emotionally resilient and ensures I can provide the best care for my patients."
Medical,Doctor,medium,How do you contribute to fostering a positive and collaborative work environment within your team?,"I promote open communication, actively listen to colleagues, and offer support when needed. I encourage teamwork by acknowledging others’ contributions and addressing conflicts constructively, ensuring a respectful and collaborative atmosphere that benefits patient care."
Medical,Doctor,medium,How do you compare yourself with other candidates?,"Hardworking, proactive, excellent evaluations and recommendations."
Medical,Doctor,medium,How do you deal with the emotional demands of working in healthcare?,"I acknowledge the emotional toll that healthcare can take, especially when dealing with difficult cases. To cope, I make sure to take regular breaks, engage in activities I enjoy outside of work, and talk to colleagues about my experiences. I also remind myself of the importance of self-care and recognize the need to recharge in order to provide the best care to my patients."
Medical,Pharmacist,hard,What is the mechanism of action of thiazolidinediones?,They improve insulin sensitivity by acting on PPAR-gamma receptors.
Medical,Pharmacist,hard,What is the mechanism of action of statins?,"Statins inhibit HMG-CoA reductase, reducing cholesterol synthesis and lowering LDL levels."
Medical,Pharmacist,hard,What is the mechanism of action of sodium-glucose co-transporter 2 (SGLT2) inhibitors?,"They block glucose reabsorption in the kidney, promoting glucose excretion in urine."
Medical,Pharmacist,hard,What is the mechanism of action of methotrexate?,"Methotrexate inhibits dihydrofolate reductase, interfering with DNA synthesis."
Medical,Pharmacist,hard,What is the mechanism of action of fibrinolytics?,"They convert plasminogen to plasmin, breaking down fibrin clots."
Medical,Pharmacist,hard,What are the indications for using methotrexate?,"Methotrexate is used for rheumatoid arthritis, psoriasis, and certain cancers."
Medical,Pharmacist,hard,What is the mechanism of action of direct oral anticoagulants (DOACs)?,"DOACs inhibit thrombin or factor Xa, preventing clot formation."
Medical,Pharmacist,hard,What are the risks associated with long-term opioid use?,"Risks include tolerance, dependence, respiratory depression, and opioid-induced hyperalgesia."
Medical,Pharmacist,hard,What is the mechanism of action of bisphosphonates in osteoporosis treatment?,"They inhibit osteoclast-mediated bone resorption, increasing bone density."
Medical,Pharmacist,hard,What are the risks of long-term PPI use?,"Risks include osteoporosis, vitamin B12 deficiency, kidney disease, and infection risk."
Medical,Pharmacist,hard,What are the risks associated with long-term benzodiazepine use?,"Risks include dependence, cognitive impairment, and withdrawal symptoms."
Medical,Pharmacist,hard,What are the mechanisms of drug resistance in bacteria?,"Resistance occurs through enzymatic degradation, efflux pumps, and target mutations."
Medical,Pharmacist,hard,What are the mechanisms of drug resistance in bacteria?,"Resistance mechanisms include enzymatic degradation, efflux pumps, and target modifications."
Medical,Pharmacist,hard,What are the major drug interactions with warfarin?,"Interactions include antibiotics, NSAIDs, and foods rich in vitamin K."
Medical,Pharmacist,hard,What is the pharmacological action of dopamine agonists?,"Dopamine agonists stimulate dopamine receptors, used in Parkinson’s disease and restless legs syndrome."
Medical,Pharmacist,hard,What is the mechanism of action of chemotherapeutic agents?,They target rapidly dividing cells by interfering with DNA synthesis or mitosis.
Medical,Pharmacist,hard,What is the role of interferons in treating viral infections?,Interferons boost immune response and inhibit viral replication.
Medical,Pharmacist,hard,How do monoclonal antibodies treat cancer?,"They target specific antigens on cancer cells, promoting immune-mediated destruction."
Medical,Pharmacist,hard,What monitoring is required for patients on aminoglycosides?,"Monitor renal function, serum drug levels, and auditory function to prevent toxicity."
Medical,Pharmacist,hard,What are the indications for using immunosuppressants?,They are used to prevent organ rejection and treat autoimmune diseases.
Medical,Pharmacist,hard,How do bisphosphonates help prevent fractures?,"They inhibit osteoclast activity, reducing bone resorption and strengthening bones."
Medical,Pharmacist,hard,How do calcineurin inhibitors prevent organ rejection?,"They inhibit T-cell activation, reducing the immune response to transplanted organs."
Medical,Pharmacist,hard,How do calcium channel blockers differ from beta-blockers in hypertension treatment?,"Calcium channel blockers relax blood vessels, while beta-blockers reduce heart rate and contractility."
Medical,Pharmacist,hard,How do fibrates lower triglyceride levels?,"They activate PPAR-alpha, increasing lipoprotein lipase activity to break down triglycerides."
Medical,Pharmacist,hard,How do fibrinolytics work in the treatment of stroke?,"They convert plasminogen to plasmin, breaking down fibrin clots and restoring blood flow."
Medical,Pharmacist,hard,How do monoclonal antibodies target cancer cells?,"They bind specific antigens on cancer cells, marking them for immune destruction."
Medical,Pharmacist,hard,What is the role of serotonin reuptake inhibitors (SSRIs)?,SSRIs increase serotonin levels in the brain and are commonly used to treat depression and anxiety disorders.
Medical,Pharmacist,hard,How do monoclonal antibodies target cancer cells?,"They bind to specific antigens on cancer cells, marking them for immune destruction."
Medical,Pharmacist,hard,How do monoclonal antibodies work in cancer treatment?,"They bind to specific antigens on cancer cells, marking them for immune destruction."
Medical,Pharmacist,hard,How do you calculate insulin dosage for diabetic patients?,"Dosage is based on weight, insulin sensitivity, and blood glucose levels."
Medical,Pharmacist,hard,How do you adjust dosing for patients with renal impairment?,Adjust based on creatinine clearance and drug elimination pathways to prevent toxicity.
Medical,Pharmacist,hard,How do selective estrogen receptor modulators (SERMs) work?,"SERMs selectively modulate estrogen receptors, acting as agonists in some tissues and antagonists in others."
Medical,Pharmacist,hard,How do monoclonal antibodies work in targeted therapy?,Monoclonal antibodies bind specific antigens to inhibit disease pathways or target cells for destruction.
Medical,Pharmacist,hard,What are the risks associated with long-term corticosteroid use?,"Risks include osteoporosis, hyperglycemia, adrenal suppression, and muscle wasting."
Medical,Pharmacist,hard,What precautions should be taken when dispensing opioids?,"Ensure proper dosing, educate patients on risks, monitor for signs of misuse or overdose, and follow regulatory guidelines."
Medical,Pharmacist,hard,How do monoclonal antibodies treat autoimmune diseases?,They target specific immune components to reduce inflammation and disease progression.
Medical,Pharmacist,hard,What is the role of insulin in diabetes management?,"Insulin facilitates glucose uptake into cells, reducing blood sugar levels."
Medical,Pharmacist,hard,How do antifibrinolytics prevent excessive bleeding?,"They inhibit plasmin formation, preventing clot breakdown and reducing bleeding risk."
Medical,Pharmacist,hard,What is the role of biologics in treating autoimmune diseases?,Biologics target specific immune pathways to reduce inflammation and disease progression.
Medical,Pharmacist,hard,What are the contraindications for using warfarin?,"Contraindications include pregnancy, active bleeding, and severe liver disease."
Medical,Pharmacist,hard,How do anticoagulants differ from thrombolytics?,"Anticoagulants prevent clot formation, while thrombolytics dissolve existing clots."
Medical,Pharmacist,hard,How do anticoagulants differ from antiplatelet drugs?,"Anticoagulants prevent clot formation, while antiplatelet drugs prevent platelet aggregation."
Medical,Pharmacist,hard,How do TNF inhibitors work in autoimmune diseases?,"They block tumor necrosis factor-alpha, reducing inflammation in conditions like rheumatoid arthritis."
Medical,Pharmacist,hard,How do TNF inhibitors work in autoimmune diseases?,"They block tumor necrosis factor, reducing inflammation in conditions like rheumatoid arthritis."
Medical,Pharmacist,hard,How do SGLT2 inhibitors improve glycemic control?,"They reduce glucose reabsorption in the kidneys, increasing glucose excretion in urine."
Medical,Pharmacist,hard,How do GLP-1 receptor agonists work in diabetes?,They enhance insulin secretion and slow gastric emptying.
Medical,Pharmacist,hard,How do GLP-1 receptor agonists assist in diabetes management?,"They enhance insulin secretion, suppress glucagon release, and slow gastric emptying."
Medical,Pharmacist,hard,How do GLP-1 receptor agonists aid in diabetes management?,"They increase insulin secretion, slow gastric emptying, and promote satiety."
Medical,Pharmacist,hard,What are the indications for using dopamine agonists?,They are used for Parkinson’s disease and restless legs syndrome.
Medical,Pharmacist,hard,What are the indications for serotonin-norepinephrine reuptake inhibitors (SNRIs)?,"SNRIs are used for depression, anxiety disorders, and chronic pain conditions."
Medical,Pharmacist,hard,What are the indications for methotrexate?,"Methotrexate is used for rheumatoid arthritis, psoriasis, and some cancers."
Medical,Pharmacist,hard,What are the indications for immunosuppressants?,Immunosuppressants are used for organ transplants and autoimmune diseases.
Medical,Pharmacist,hard,What are the indications for direct oral anticoagulants (DOACs)?,They are used for stroke prevention in atrial fibrillation and treatment of venous thromboembolism.
Medical,Pharmacist,hard,What are the indications for benzodiazepines?,"They are used for anxiety, seizures, muscle spasms, and alcohol withdrawal."
Medical,Pharmacist,hard,What are the risks of long-term benzodiazepine use?,"Risks include dependence, cognitive decline, and withdrawal symptoms."
Medical,Pharmacist,hard,What are the risks of long-term opioid use?,"Risks include dependence, respiratory depression, and opioid-induced hyperalgesia."
Medical,Pharmacist,hard,What are the risks of long-term opioid use?,"Risks include tolerance, dependency, respiratory depression, and opioid-induced hyperalgesia."
Medical,Pharmacist,hard,What are the risks of using TNF inhibitors?,"Risks include increased infection risk, malignancy, and autoimmune reactions."
Medical,Pharmacist,hard,What is the role of aldosterone antagonists in heart failure?,"They block aldosterone receptors, reducing sodium retention and lowering blood pressure."
Medical,Pharmacist,hard,What is the role of a pharmacist in antimicrobial stewardship?,Ensuring appropriate antibiotic use to prevent resistance and improve patient outcomes.
Medical,Pharmacist,hard,What is the role of TNF inhibitors in autoimmune diseases?,"They block tumor necrosis factor, reducing inflammation in rheumatoid arthritis and Crohn’s disease."
Medical,Pharmacist,hard,What is the role of GLP-1 receptor agonists in diabetes management?,"They enhance insulin secretion, suppress glucagon release, and promote satiety."
Medical,Pharmacist,hard,What are the contraindications for using beta-blockers?,"Contraindications include asthma, bradycardia, and severe heart failure."
Medical,Pharmacist,hard,What is the role of fibrinolytics in stroke management?,"They break down fibrin clots, restoring blood flow in ischemic stroke patients."
Medical,Pharmacist,hard,What are the contraindications for using ACE inhibitors?,"Contraindications include pregnancy, angioedema, and severe renal impairment."
Medical,Pharmacist,hard,What are the adverse effects of prolonged corticosteroid use?,"Side effects include osteoporosis, adrenal suppression, hyperglycemia, and weight gain."
Medical,Pharmacist,hard,How does metformin help in managing diabetes?,Metformin decreases hepatic glucose production and increases insulin sensitivity.
Medical,Pharmacist,hard,How do you manage an anaphylactic reaction in a patient?,"Administer epinephrine immediately, provide supportive care, and seek emergency medical attention."
Medical,Pharmacist,hard,What is the mechanism of action of anticoagulants like heparin?,"Heparin enhances antithrombin III activity, inhibiting clot formation."
Medical,Pharmacist,hard,What are the signs and symptoms of digoxin toxicity?,"Symptoms include nausea, vomiting, vision changes (yellow halos), and cardiac arrhythmias."
Medical,Pharmacist,hard,What are the risks of using lithium in bipolar disorder?,"Risks include nephrotoxicity, hypothyroidism, and lithium toxicity."
Medical,Pharmacist,hard,What are the common drug interactions with Warfarin?,"Warfarin interacts with antibiotics (e.g., Ciprofloxacin), NSAIDs, and foods high in Vitamin K, affecting its anticoagulant effect."
Medical,Doctor,hard,Describe a situation in which you had to handle a high-risk patient. How did you manage the situation?,"During my ER rotation, I encountered a patient in cardiac arrest. The situation was high-risk due to the patient’s history of heart disease and the time-sensitive nature of resuscitation. I immediately initiated CPR, established an airway, and called for help. I followed the ACLS guidelines while maintaining communication with the team to ensure all necessary interventions were performed. After stabilizing the patient, I worked with the intensivist to create a post-resuscitation care plan. The experience taught me the importance of staying calm, following protocols, and effective team communication in high-stress situations."
Medical,Nurse,hard,How do you manage stress during a critical patient emergency?,"I stay focused, follow protocols, and work efficiently with the team."
Medical,Dentist,hard,Can you describe a time when you had a particularly challenging procedure? What was the outcome?,"I once had a complex extraction due to an impacted tooth. With careful planning and precision, I successfully removed it with minimal discomfort for the patient."
Medical,Nurse,hard,What would you do if you suspect a patient is developing sepsis?,"I assess for early signs, notify the provider, and prepare for immediate intervention."
Medical,Nurse,hard,What would you do if you suspect a patient is being abused?,"I follow mandatory reporting laws, document observations, and notify the appropriate authorities."
Medical,Nurse,hard,What would you do if you noticed a mistake in a patient’s chart?,I report it immediately and ensure corrections are made.
Medical,Nurse,hard,What would you do if you noticed a medication error?,I report it immediately and take steps to ensure patient safety.
Medical,Nurse,hard,What would you do if you noticed a colleague making a mistake in patient care?,"Patient safety is my top priority, so I would address the issue immediately and discreetly. I would bring it to my colleague’s attention and, if necessary, report it to a supervisor to ensure proper action is taken."
Medical,Nurse,hard,What would you do if you noticed a colleague charting something they didn’t do?,I report it according to policy to maintain ethical standards.
Medical,Nurse,hard,What would you do if you found a patient unresponsive?,"I check for responsiveness, call for help, and start life-saving interventions."
Medical,Nurse,hard,What would you do if you discovered a medication error after administration?,"I’d report it immediately, monitor the patient, and follow safety protocols."
Medical,Nurse,hard,What would you do if a patient’s IV pump malfunctions?,"I check for simple issues, troubleshoot, and replace if needed."
Medical,Nurse,hard,What would you do if a patient's vital signs were abnormal but they felt fine?,"I reassess, monitor closely, and notify the provider."
Medical,Nurse,hard,What would you do if a patient was showing early signs of shock?,"I monitor vitals, keep them warm, provide IV fluids if ordered, and call for help."
Medical,Nurse,hard,What would you do if a patient started seizing?,"I ensure their safety, protect their airway, and call for medical help."
Medical,Nurse,hard,What would you do if a patient needed urgent care but lacked insurance?,I ensure they receive necessary treatment and refer them to resources.
Medical,Nurse,hard,What would you do if a patient fell under your care?,"I assess the patient, provide care, report the incident, and document it properly."
Medical,Nurse,hard,What would you do if a patient falls under your care?,"I assess for injuries, provide assistance, and report the incident."
Medical,Nurse,hard,What would you do if you suspected a coworker was impaired at work?,I report my concerns to the supervisor for patient safety.
Medical,Nurse,hard,What would you do if you witnessed a colleague making a serious mistake?,"I intervene if necessary, report it appropriately, and ensure patient safety."
Medical,Nurse,hard,"What’s the most difficult patient situation you’ve faced, and how did you handle it?",I provided compassionate care to a terminal patient while supporting the grieving family.
Medical,Nurse,hard,How do you comfort a terminally ill patient?,"I provide emotional support, pain management, and involve palliative care."
Medical,Doctor,hard,Can you discuss a time when you had to resolve a conflict between patient autonomy and medical beneficence?,"During my pediatrics rotation, a patient’s parents requested an aggressive treatment for their child with a terminal illness, despite the limited benefit. I explained the risks and the potential harm of continuing aggressive treatment and advocated for palliative care, aligning with the principle of beneficence. After several discussions, the family understood the situation and agreed to the recommended course of action. This experience emphasized the importance of balancing patient autonomy with medical beneficence, especially in end-of-life care."
Medical,Doctor,hard,Can you describe a situation where you had to apply your knowledge of pharmacology to manage a patient’s treatment?,"During my internal medicine rotation, I managed a patient with atrial fibrillation who required careful titration of antiarrhythmic medication. I applied my pharmacology knowledge to adjust dosages based on the patient’s renal function and potential drug interactions, ensuring optimal therapeutic effects while minimizing side effects."
Medical,Nurse,hard,Can you describe a time when you had to adapt to a significant change in your work environment?,"During a shift, our unit transitioned to a new electronic health record system. I took the initiative to attend training sessions, help my colleagues learn the system, and quickly adapted to the changes to ensure patient care remained uninterrupted."
Medical,Nurse,hard,Can you describe a time when you worked effectively as part of a team?,"I worked on a multidisciplinary team for a postoperative patient who developed complications. We collaborated to quickly assess the situation, communicate findings, and implement a care plan, ensuring the patient’s safe recovery."
Medical,Nurse,hard,Can you share an experience where you had to modify a care plan due to changing circumstances?,"A patient’s condition deteriorated unexpectedly, requiring a shift in their care plan. I collaborated with the healthcare team to quickly reassess their needs and adjust treatments, ensuring the patient received appropriate care."
Medical,Nurse,hard,Describe a situation where you had to handle a medical emergency.,"During a shift, a patient experienced sudden chest pain. I quickly assessed the situation, called for help, and followed the protocol for managing potential heart attacks. My team and I worked together to stabilize the patient and transfer them to the ICU."
Medical,Nurse,hard,Describe a situation where you had to lead under pressure.,"I managed a code situation, directed team actions, and ensured patient stabilization."
Medical,Nurse,hard,What would you do if a patient became violent toward staff?,"I ensure safety, use de-escalation techniques, and follow hospital protocols."
Medical,Nurse,hard,How do you handle a disagreement with a physician?,I present my concerns professionally and prioritize patient safety.
Medical,Nurse,hard,How do you handle a code blue situation?,"I follow emergency protocols, assist the team, and stay composed."
Medical,Nurse,hard,How do you ensure infection control?,By practicing proper hand hygiene and following safety protocols.
Medical,Nurse,hard,How do you ensure accuracy when administering medications?,"I follow the ‘five rights’ of medication administration – right patient, right medication, right dose, right route, and right time. I double-check everything before administering and use technology like barcoding systems to avoid errors."
Medical,Nurse,hard,How do you ensure a sterile field during a procedure?,I follow strict aseptic techniques and monitor for contamination.
Medical,Nurse,hard,How do you ensure a sterile environment during wound care?,I follow proper sterile technique and infection control measures.
Medical,Nurse,hard,How do you document an adverse drug reaction?,"I provide detailed, factual documentation and report it immediately."
Medical,Nurse,hard,How do you deal with a sudden change in a patient’s condition?,"I assess the situation, notify the healthcare team, and take appropriate action."
Medical,Nurse,hard,How do you handle a delay in getting lab results for a critical patient?,"I follow up urgently, escalate if needed, and keep the provider informed."
Medical,Doctor,hard,"DKA, fluid type, insulin, why do we start fluid in the 1st hour?","In diabetic ketoacidosis (DKA), we start with intravenous fluids, usually normal saline, to correct dehydration. After the initial fluids, insulin therapy is initiated to lower blood glucose and stop ketosis. Fluids are started in the first hour to stabilize hemodynamics, correct electrolyte imbalances, and prevent further dehydration before insulin therapy is fully effective."
Medical,Nurse,hard,What would you do if a patient became unresponsive?,"I check for signs of life, call for help, and initiate emergency procedures."
Medical,Nurse,hard,What would you do if a patient accused you of negligence?,"I would remain calm, document thoroughly, and follow reporting procedures."
Medical,Nurse,hard,What do you do if a patient is experiencing shortness of breath?,"I assess their breathing, provide oxygen if needed, and alert the provider."
Medical,Nurse,hard,What do you do if a patient insists on leaving against medical advice?,"I educate them on the risks, document the situation, and have them sign an AMA form."
Medical,Nurse,hard,What do you do if a patient has an allergic reaction?,"I stop the trigger, administer appropriate treatment, and monitor closely."
Medical,Nurse,hard,What do you do if a patient has a sudden drop in oxygen saturation?,"I check their airway, provide oxygen, and notify the provider."
Medical,Nurse,hard,What do you do if a patient expresses suicidal thoughts?,"I take it seriously, ensure their safety, and notify the care team immediately."
Medical,Nurse,hard,What do you do if a patient experiences shortness of breath after a procedure?,"I assess oxygen levels, elevate the head, and notify the provider."
Medical,Nurse,hard,What do you do if a patient experiences a sudden drop in blood pressure?,"I assess the cause, notify the provider, and intervene appropriately."
Medical,Nurse,hard,What do you do if a patient becomes unconscious?,"I assess for responsiveness, call for help, and initiate life-saving measures."
Medical,Nurse,hard,What do you do if a medication order seems incorrect?,I clarify with the provider before administering it.
Medical,Nurse,hard,What do you do if a medication is unavailable when due?,"I check for alternatives, inform the provider, and update the patient."
Medical,Nurse,hard,What do you do if a family member is disrupting patient care?,I set boundaries professionally and involve security if necessary.
Medical,Nurse,hard,What do you do if a family disagrees with a patient’s end-of-life wishes?,"I advocate for the patient, provide support, and involve ethics or palliative care."
Medical,Nurse,hard,What do you do if a coworker makes a medication error?,"I ensure patient safety, report it, and support corrective measures."
Medical,Nurse,hard,How do you respond to a sudden code blue situation?,I follow emergency protocols and assist the team as needed.
Medical,Nurse,hard,How do you respond to a sudden code blue situation?,I follow ACLS protocols and assist the team as needed.
Medical,Nurse,hard,What do you do if a patient is in distress but unable to communicate?,"I assess vital signs, observe nonverbal cues, and act accordingly."
Medical,Nurse,hard,What do you do if a patient is showing signs of a stroke?,"I perform a FAST assessment, call for help immediately, and prepare for emergency care."
Medical,Nurse,hard,What do you do if a patient refuses a blood transfusion for religious reasons?,"I respect their beliefs, explore alternatives, and notify the provider."
Medical,Nurse,hard,What do you do if a patient refuses to be discharged?,"I explain the risks, involve the care team, and document their concerns."
Medical,Nurse,hard,What would you do if a family member requests patient information over the phone?,I follow HIPAA guidelines and verify authorization before sharing information.
Medical,Nurse,hard,What would you do if a family member insisted on unnecessary treatment?,I educate them on the patient’s condition and involve the healthcare team.
Medical,Nurse,hard,What would you do if a doctor’s order seemed incorrect?,I double-check the order and clarify with the physician before proceeding.
Medical,Nurse,hard,What would you do if a coworker was not following proper protocol?,I address the issue respectfully and escalate if needed.
Medical,Nurse,hard,What would you do if a coworker violated patient confidentiality?,I report it immediately and reinforce the importance of HIPAA.
Medical,Nurse,hard,What would you do if a colleague was making repeated mistakes that put patients at risk?,I would discuss my concerns with them directly and escalate if necessary.
Medical,Nurse,hard,What steps do you take when a patient is in respiratory distress?,"I assess their breathing, provide oxygen if needed, and call for help."
Medical,Nurse,hard,What would you do if a patient became aggressive?,"I stay calm, ensure safety, and de-escalate the situation."
Medical,Nurse,hard,What steps do you take to ensure patient safety?,"I follow protocols, stay vigilant, and report any safety concerns."
Medical,Nurse,hard,What do you do when a patient’s family disagrees on their treatment plan?,"I facilitate discussions, provide information, and involve ethics or social work if needed."
Medical,Nurse,hard,What do you do if a patient’s condition suddenly worsens?,"I assess, notify the provider, and intervene as necessary."
Medical,Nurse,hard,What do you do if a patient’s condition suddenly worsens?,"I assess, intervene quickly, and notify the healthcare team."
Medical,Nurse,hard,What do you do if a patient’s condition suddenly deteriorates?,"I assess, call for help, initiate emergency protocols, and document thoroughly."
Medical,Nurse,hard,What do you do if a patient suddenly starts bleeding heavily?,"I apply pressure, assess vital signs, and call for immediate medical assistance."
Medical,Nurse,hard,What do you do if a patient suddenly becomes unresponsive?,"I check for a pulse, call for help, and initiate emergency care."
Medical,Nurse,hard,What do you do if a patient reports a new severe headache?,I assess their symptoms and report any concerning findings immediately.
Medical,Nurse,hard,What steps do you take if a patient complains of chest pain?,"I assess their symptoms, provide oxygen if needed, and notify the provider immediately."
Medical,Pharmacist,hard,How do beta-lactam antibiotics work?,"They inhibit bacterial cell wall synthesis by binding to penicillin-binding proteins, leading to cell lysis."
Medical,Doctor,hard,Can you discuss a time when you had to navigate conflicting ethical principles in a clinical situation?,"During my clinical rotation, I encountered a situation where a patient requested to withdraw from life support, but the family wanted to continue aggressive treatment. The conflict between patient autonomy and the family's desire to preserve life was challenging. I addressed the situation by facilitating open communication with both the patient (if possible) and the family, involving palliative care and ethics consultations. Ultimately, the decision was made in a way that respected the patient’s wishes while providing the family with support and guidance."
Medical,Doctor,hard,Can you describe a time when you had to make a difficult ethical decision in patient care? How did you approach it?,"During a rotation, I encountered a terminally ill patient with a poor prognosis who was in significant pain. The family requested aggressive life-sustaining treatment, but the patient had expressed a wish to transition to palliative care. I respected the patient’s autonomy and had a conversation with the family to explain the patient's wishes and the limitations of further treatments. I involved the palliative care team to ensure the patient’s comfort and dignity. This experience reinforced the importance of balancing patient autonomy with family concerns while providing compassionate care."
Medical,Doctor,hard,How would you handle a medical crisis like a pandemic?,"Following public health guidelines, adapting to evolving protocols, and ensuring patient care."
Medical,Doctor,hard,How would you handle a medical error?,"Acknowledge the mistake, report it appropriately, and work to prevent future errors."
Medical,Doctor,hard,How would you handle a patient who refuses to follow medical advice?,"Understand their concerns, provide education, and respect their decision while ensuring safety."
Medical,Doctor,hard,How would you handle a situation where a family insists on continuing aggressive treatment despite a terminal prognosis?,"In this situation, I would acknowledge the family’s emotions and concerns, showing empathy for their desire to fight for their loved one’s life. I would have an honest, compassionate conversation about the prognosis and the potential benefits and harms of continuing aggressive treatment. I would offer palliative care as an alternative, emphasizing comfort and quality of life. If the family still insists, I would involve the palliative care team and, if needed, seek guidance from an ethics committee."
Medical,Doctor,hard,"How would you handle a situation where a patient’s condition rapidly deteriorates, and you’re unsure of the next steps?","In such a situation, I would first ensure the patient is stable, following emergency protocols such as ABCs (airway, breathing, and circulation). I would immediately call for help from a senior resident or attending physician and prepare any necessary medications or interventions. I would stay calm and focused, relying on established protocols while seeking guidance from more experienced colleagues. Once the immediate crisis is resolved, I would review the case thoroughly to learn from the experience."
Medical,Doctor,hard,How would you handle a situation where a senior colleague makes a decision you believe is not in the patient’s best interest?,"If I believe a senior colleague’s decision is not in the patient’s best interest, I would first approach the situation with respect and a willingness to understand their perspective. I would ask for clarification on their rationale behind the decision and share my concerns, backed by evidence and clinical guidelines. If the situation remains unresolved, I would escalate the issue to a more senior physician or ethics committee to ensure the patient’s best interests are prioritized."
Medical,Doctor,hard,How would you handle a situation where you suspect a colleague is violating patient confidentiality?,"If I suspect a colleague is violating patient confidentiality, I would first verify the situation to ensure that I am not mistaken. I would then address the issue with my colleague privately and express my concerns. If the behavior continues or if it involves serious breaches, I would report the matter to the appropriate authority, such as the hospital’s ethics committee or senior management. Maintaining patient confidentiality is a core ethical obligation, and I would take steps to protect the integrity of patient information."
Medical,Doctor,hard,"If the consultant tells you to prescribe a drug for a seizing patient and suddenly she prescribes the wrong dose, would you call her again after midnight?","Yes, patient safety is my priority. If I notice that the dose prescribed is incorrect, I would promptly call the consultant to clarify and ensure the correct dosage is administered. I would approach the situation respectfully, understanding that even experienced professionals can make mistakes, especially under pressure."
Medical,Doctor,hard,"If you are in the ER and you have a critical case you can’t handle, you call your senior many times, but he doesn’t answer, what will you do?","I would escalate the situation by contacting the on-call consultant or another senior colleague for immediate assistance. I would ensure that the patient is stabilized to the best of my ability while awaiting guidance. If necessary, I would alert the hospital's emergency team for additional support."
Medical,Doctor,hard,"If you had $10 million in grant funding, how would you spend it to advance the field?",I would allocate funds to improving access to healthcare in underserved areas and supporting innovative research on emerging treatments.
Medical,Doctor,hard,"If you were asked to perform a procedure you felt was beyond your skill level, how would you handle it?","If I were asked to perform a procedure beyond my skill level, I would first express my concerns and respectfully request assistance or supervision from a more experienced colleague. It is important to acknowledge the limits of my abilities for both patient safety and my own professional development. I would seek opportunities to observe or assist with the procedure to learn from others before performing it independently in the future."
Medical,Doctor,hard,"If you were asked to prescribe a treatment you knew was not evidence-based, how would you handle the situation?","I would express my concerns to the requesting physician, explaining why the prescribed treatment is not supported by evidence and sharing relevant clinical guidelines. I would suggest alternative treatments that are evidence-based and more likely to benefit the patient. If the physician insists on prescribing the treatment, I would escalate the issue to a senior physician or seek guidance from an ethics committee to ensure that patient safety is not compromised."
Medical,Doctor,hard,Teach us something non-medical in one minute?,Share an interesting fact or concept from a book or movie.
Medical,Doctor,hard,How would you handle a disagreement with a senior doctor?,"Respectfully discuss the concern, provide evidence, and seek guidance if needed."
Medical,Doctor,hard,How would you decide which patient should receive a transplant between an elderly judge and a young drug addict?,"I would rely on the transplant committee’s ethical and medical guidelines, which prioritize factors such as medical urgency, likelihood of success, and adherence to post-transplant care. Personal background should not influence medical decision-making."
Medical,Doctor,hard,How would you decide which patient should receive a transplant between an elderly judge and a young drug addict?,"I would follow the transplant committee’s ethical guidelines, which prioritize medical criteria over social judgment."
Medical,Doctor,hard,How would you approach diagnosing a patient with multiple comorbidities? What steps would you take to prioritize care?,"I would start with a comprehensive review of the patient’s history, current medications, and previous records. A systematic physical examination followed by targeted diagnostic tests would help identify active issues. I’d prioritize care by addressing life-threatening conditions first and then managing chronic diseases in a stepwise fashion."
Medical,Doctor,hard,Describe an interesting case you saw?,Describe a case that had an impact on you.
Medical,Doctor,hard,Describe your decision-making ability?,I consider different perspectives and have backup plans.
Medical,Doctor,hard,Do you envision research playing a large role in your practice?,"Yes, I see research as a way to continuously improve patient outcomes and contribute to medical knowledge."
Medical,Doctor,hard,Do you want to be involved in research during residency? And why?,"Yes, research is crucial for medical advancements and improving patient care."
Medical,Doctor,hard,Do you want to become a leader in your field?,"Yes, by advancing research, mentoring, and improving healthcare systems."
Medical,Doctor,hard,Do you want to practice in academia or private practice? And why?,"Academia, to be involved in research and teaching while practicing medicine."
Medical,Doctor,hard,Emergency case and you don’t know what to do?,"In an emergency situation, I would stabilize the patient by following the ATLS/ACLS protocols—calling for help, ensuring airway and cervical spine protection, and ensuring proper breathing and circulation. I would then promptly call the second on-call physician, and if they don't answer, escalate to the third on-call. If necessary, I would contact the program director, head of department, and involve other teams. After the event is resolved, I would review the case and discuss it with my senior to better manage similar situations in the future."
Medical,Doctor,hard,Tell me about a time that you violated confidentiality and why you did it.,"I have never intentionally violated confidentiality. However, if I encountered a situation where disclosing information was necessary for patient safety, such as reporting a case of abuse or imminent harm, I would follow institutional protocols and legal guidelines to ensure proper reporting."
Medical,Doctor,hard,Genetics is an evolving field of medicine. What are your thoughts on the role of genetics in medicine and where do you see the boundaries for genetic research?,"Genetics plays a critical role in personalized medicine, disease prevention, and treatment advancements. However, ethical considerations must guide genetic modifications, ensuring that interventions are used for medical purposes rather than non-medical trait selection."
Medical,Doctor,hard,How do you handle a situation where a patient’s family wants to withhold information from them?,"Assess the patient’s capacity, respect their right to know, and mediate between the family and patient."
Medical,Doctor,hard,How do you handle an aggressive patient?,"Acknowledge their concerns, remain calm, set boundaries."
Medical,Doctor,hard,How do you handle conflicts with colleagues?,"Discuss privately and professionally, escalate if necessary."
Medical,Doctor,hard,How do you think you will be contributing to our program?,"By bringing dedication, teamwork, and enthusiasm for learning."
Medical,Doctor,hard,How have you prepared for the rigors of completing a surgical residency?,"By developing resilience, improving technical skills, and maintaining a strong work ethic throughout medical school."
Medical,Doctor,hard,How would you address a situation where a colleague is not following appropriate infection control procedures?,"If I noticed that a colleague was not following infection control procedures, I would first approach them privately to express my concern, ensuring I focus on the importance of patient safety. I would provide gentle guidance on the correct procedures and emphasize the consequences of non-compliance. If the issue persisted, I would escalate it to a senior staff member or infection control team to ensure patient safety is not compromised."
Medical,Doctor,hard,How would you approach a pediatric patient who requires immediate intubation but is difficult to access the airway?,"I would employ advanced airway techniques, such as using a video laryngoscope or fiber-optic intubation, while ensuring appropriate preoxygenation. If standard methods fail, I would call for a pediatric airway specialist and prepare for alternative methods, such as a surgical airway, while continuously monitoring the patient’s oxygenation."
Medical,Doctor,hard,How do you deal with stress?,"Family time, hobbies, vacations, reminding myself of career nobility."
Medical,Doctor,hard,Tell me about a time you saw something unjust happen. What did you do to stop it?,"I once witnessed a colleague being unfairly blamed for a miscommunication in patient care. I calmly addressed the situation by providing the correct context, ensuring that responsibility was appropriately assigned, and advocating for a constructive resolution."
Medical,Doctor,hard,What are the ethical considerations in genetic testing?,"Issues of privacy, potential discrimination, and the psychological impact of results."
Medical,Doctor,hard,What would you do if you knew an attending was working whilst under the influence of alcohol?,"Patient safety is the top priority. I would immediately notify the appropriate authority, such as the hospital administration or medical board, while ensuring that the attending is removed from patient care duties to prevent any harm."
Medical,Doctor,hard,What would you do if you suspected a fellow resident or healthcare professional of being impaired while on duty?,"If I suspected a colleague of being impaired, I would observe the situation closely to ensure I have adequate grounds for my concern. I would approach the colleague privately to express my concern and offer support if needed. If the situation doesn’t improve or if the colleague is unresponsive, I would follow institutional protocols to report the concern to the appropriate authorities, ensuring patient safety and maintaining professional integrity."
Medical,Doctor,hard,What would you do if you witnessed a fellow resident acting unethically?,"If I saw a fellow resident acting unethically, I would follow the procedures I was trained in for reporting ethical issues. I would first assess the situation to understand the severity of the breach. If necessary, I would bring the matter to the appropriate supervisor or faculty member to address the issue. I am committed to maintaining high moral values and would never turn a blind eye to any unethical behavior in the clinic or hospital."
Medical,Doctor,hard,Where do you see yourself in 10 years?,A well-established physician contributing to patient care and research.
Medical,Doctor,hard,Where do you see yourself in 10 years?,"A well-known physician, involved in research, improving patient care."
Medical,Doctor,hard,"You are R3 or R4 and receive an offer abroad, do you accept?","Depends on circumstances, currently focused on local training."
Medical,Doctor,hard,What would you do if you found that a senior doctor was having a relationship with a patient?,"I would review the hospital’s policies on physician-patient relationships and escalate the matter through the appropriate channels, such as the ethics committee, to ensure that professional boundaries and patient welfare are upheld."
Medical,Doctor,hard,"You are on-call and have a personal emergency, what do you do?","Inform senior, request coverage, prioritize patient safety."
Medical,Doctor,hard,You called a consultant and he told you that this is a silly consultation.,"I would explain that I am still a junior resident and learning, but I believed this consultation was important for the patient’s health. I would respectfully communicate that, as I am still in the learning phase, I may not have all the answers but felt the consultation was warranted for the patient's benefit."
Medical,Doctor,hard,"You have just begun your internship and are walking down the street outside of your hospital wearing your white coat. You notice two men in front of you walking together. One of them suddenly falls down and hits his head on the concrete. His friend says, 'Doctor, please help my friend! He isn’t breathing.' You notice blood coming from the collapsed man’s mouth. The friend says, 'Oh yeah, my friend is HIV positive. Please help!' What do you do?","First, I would remain calm and assess the situation to ensure my safety. Since the patient is not breathing, I would immediately begin CPR (chest compressions and rescue breaths) while ensuring that I wear gloves and use any available protective equipment, such as a mask or face shield, to reduce the risk of exposure to HIV. I would continue CPR until emergency services arrive or the patient shows signs of life. I would also advise the friend to call emergency services immediately. It is important to remember that all patients, regardless of their medical history, deserve care, and I would focus on stabilizing the patient while taking the necessary precautions."
Medical,Doctor,hard,"Your senior doctor makes a mistake and covers it up, what do you do?","Privately discuss, escalate if needed, document carefully."
Medical,Doctor,hard,You’re in the OR and a complication happened during the surgery. The consultant told you not to document the event. What would you do?,"I would respectfully approach the consultant to understand their reasoning for not documenting the complication. However, I would explain that documenting the event is necessary for the patient’s safety and future care, as well as for legal and ethical reasons. I would ensure that the complication is documented accurately and thoroughly, regardless of any objections."
Medical,Doctor,hard,You’re in the OR and a complication happened during the surgery. The consultant told you to not document the event. What would you do?,I would approach the consultant privately and ask for clarification on why the complication wasn’t documented. I would gently explain that documenting the event is crucial for patient safety and future care. I would ensure the complication is documented thoroughly to avoid any potential risks to the patient.
Medical,Doctor,hard,Tell me about a time you had to think of a creative solution.,"During a shortage of supplies in a clinic, I devised an alternative workflow to optimize available resources while maintaining patient safety."
Medical,Doctor,hard,You are working with a particularly challenging resident who made an incorrect order. What do you do?,"I would professionally point out the mistake and discuss the potential consequences. If necessary, I would escalate the concern to the attending physician to ensure patient safety."
Medical,Nurse,hard,How do you respond to a rapid response call?,"I assess the patient quickly, follow emergency protocols, and assist the team."
Medical,Doctor,hard,What would you change about your education?,"No major changes, every experience shaped me."
Medical,Doctor,hard,What will you contribute to our program over the next 5 years?,"I will represent my department in outside hospital activities and international conferences. I will also help junior residents, interns, and medical students by guiding and mentoring them, so that we all become well-trained and excellent physicians."
Medical,Doctor,hard,What are your leadership skills?,"Ability to analyze situations, organize teams, ensure effective collaboration."
Medical,Doctor,hard,What are your thoughts on euthanasia?,It’s a complex ethical issue involving patient autonomy and legal constraints.
Medical,Doctor,hard,What are your views on abortion?,"Abortion is a complex ethical issue influenced by medical, legal, and personal beliefs. I believe in respecting patient autonomy while following medical guidelines and legal frameworks to ensure the best possible care for the patient."
Medical,Doctor,hard,What do you do if someone senior tells you to do something 100% wrong?,"I would respectfully question their instruction and provide evidence-based reasoning for why the action may not be appropriate. If they insist on the incorrect course of action, I would escalate the concern to a higher authority while prioritizing patient safety."
Medical,Doctor,hard,"What do you think of the US healthcare system, compared to other countries’ healthcare systems?",The US system provides cutting-edge medical care but faces challenges in affordability and accessibility compared to universal healthcare models.
Medical,Doctor,hard,What do you think will be the next breakthrough in this field?,I believe that AI-driven diagnostics and personalized medicine will revolutionize patient care in the coming years.
Medical,Doctor,hard,What would make you rank a program low?,"Poor residency support, bad training environment."
Medical,Doctor,hard,What does this quote mean to you? ('There are known knowns...'),"This quote highlights the importance of acknowledging both our knowledge and our limitations. In medicine, it reminds us to remain humble, continuously learn, and prepare for uncertainties."
Medical,Doctor,hard,What impact would you like to have on our specialty?,To contribute to advancements and improvements in patient care and treatment.
Medical,Doctor,hard,What is the most demanding aspect of being a surgeon?,"The long hours, high-stakes decision-making, and the physical and emotional toll of surgical procedures."
Medical,Doctor,hard,What is your opinion on assisted suicide?,A highly debated ethical issue requiring careful consideration of legal and moral factors.
Medical,Doctor,hard,What motivates you?,"Dream, goals, family, and colleagues."
Medical,Doctor,hard,What problems will our specialty face in the next 5-10 years?,"Challenges include physician shortages, increasing healthcare costs, and the need for improved access to care."
Medical,Doctor,hard,What steps would you take if you suspected a colleague of being impaired while on duty?,"I would observe the situation carefully to confirm my suspicions, then discreetly discuss my concerns with a trusted senior or supervisor. Following institutional protocols, I would report the issue to ensure patient and staff safety while maintaining confidentiality and professionalism."
Medical,Doctor,hard,What steps would you take if you suspected a colleague of being impaired while on duty?,"If I suspected a colleague of being impaired, I would first observe the situation carefully and ensure I have enough information to be confident in my assessment. I would then discreetly approach a trusted senior or supervisor to discuss my concerns. The well-being and safety of both patients and colleagues are my priority, and I would follow institutional protocols for reporting such incidents. It’s important to address these issues while maintaining professionalism and respect for confidentiality."
Medical,Doctor,hard,What if we didn’t accept you this year?,"Remain dedicated to the specialty, enhance CV, clinical attachments."
Medical,Dentist,hard,Can you describe a situation in which you had to adjust your treatment approach mid-procedure? What prompted the change?,I once had to switch from a filling to a crown after discovering extensive decay. I adjusted based on the patient’s needs and ensured they were informed and comfortable with the change.
Medical,Nurse,hard,How do you respond to a patient experiencing chest pain?,"I assess their symptoms, administer oxygen if necessary, and notify the provider immediately."
Medical,Nurse,hard,How do you recognize signs of patient deterioration?,"I monitor vitals, assess symptoms, and act promptly."
Medical,Dentist,hard,Tell me about a challenging dental case you’ve handled.,I managed a patient with severe dental anxiety and missing teeth by creating a step-by-step treatment plan and ensuring their comfort.
Medical,Dentist,hard,"If our patient volume decreased, how would you be part of the solution to increasing our clientele?","I would focus on patient education, community outreach, and enhancing the patient experience to attract referrals."
Medical,Dentist,hard,"If a dental implant fails or gets infected, how would you handle the situation?","I assess the cause, manage infection with antibiotics, and may recommend implant removal or revision if necessary, ensuring the patient receives comprehensive care."
Medical,Dentist,hard,How would you manage a patient with mouth cancer and ensure they get the right care after surgery?,"I coordinate with oncologists, ensure proper follow-up care, and monitor healing, offering support and guidance through recovery and any additional treatments."
Medical,Dentist,hard,"How would you handle a patient with severe gum disease, and what treatment plan would you suggest?","I would start with deep cleaning (scaling and root planing), educate on proper oral care, and monitor progress, possibly suggesting surgery if needed."
Medical,Dentist,hard,How would you diagnose and treat a patient with jaw pain caused by temporomandibular joint (TMJ) problems?,"I perform a detailed assessment, recommend therapies like splints or physical therapy, and address any underlying issues like bruxism or misalignment."
Medical,Dentist,hard,"How would you describe your weaknesses in terms of your clinical skills, and what do you need from us to address/develop those skills?",I continuously work on refining my speed and efficiency in certain procedures and value mentorship for growth.
Medical,Dentist,hard,"How would you approach treating a patient with multiple missing teeth, especially if they are looking for a functional and cosmetic solution?","I discuss options like implants, bridges, or dentures, considering the patient’s aesthetic preferences, function, and budget, and develop a comprehensive treatment plan."
Medical,Dentist,hard,How much experience do you have with 3D imaging technology?,"I have experience with 3D imaging for diagnostics, treatment planning, and implant procedures."
Medical,Dentist,hard,"How have digital tools, like CAD/CAM, improved the way you work in restorative dentistry?","CAD/CAM technology allows for precise, custom restorations and quicker treatment times, improving both the quality of the results and patient experience."
Medical,Dentist,hard,"How do you use new technologies, like 3D imaging, when placing dental implants?","I use 3D imaging to plan implant placements precisely, allowing for better accuracy in positioning and minimizing complications for faster healing and better outcomes."
Medical,Dentist,hard,How do you treat patients with severe teeth grinding (bruxism) that has damaged their teeth?,"I recommend wearing nightguards to protect teeth from further damage, address any underlying causes like stress, and may provide restorative treatments to repair worn teeth."
Medical,Dentist,hard,What steps do you take to maintain a safe and sterile environment in your dental practice?,"I adhere to strict infection control protocols, ensure sterilization of instruments, and regularly audit procedures to maintain a clean, safe environment."
Medical,Dentist,hard,What steps do you take to identify and manage early signs of oral cancer?,"I conduct routine screenings, educate patients on risk factors, and refer for biopsies when necessary."
Medical,Dentist,hard,What steps do you take to ensure proper infection control and sterilization?,"I follow strict sterilization protocols, use disposable items when possible, and ensure the office is regularly cleaned and disinfected."
Medical,Dentist,hard,Tell me about a difficult case where you had to work with other dental specialists. How did you manage the treatment plan?,"I collaborated with an oral surgeon and periodontist on a patient requiring extensive implants and grafting, ensuring all specialists were aligned on the treatment goals and timelines."
Medical,Dentist,hard,"Tell me about a time you initiated and implemented a new procedure, program, or system that you are proud of.",I introduced a new patient education program that improved compliance with oral hygiene practices.
Medical,Dentist,hard,What do you believe is the biggest challenge facing dentistry today?,"Balancing accessibility, affordability, and high-quality care while keeping up with advancing technology."
Medical,Dentist,hard,What do you do if a patient has an allergic reaction to a dental material?,"I stop the procedure immediately, assess the severity, provide appropriate medical care, and document the reaction for future reference."
Medical,Dentist,hard,How do you treat patients who need braces or aligners before restorative work like crowns or implants?,"I collaborate with orthodontists to correct alignment first, then proceed with restorative work after the teeth are properly aligned, ensuring better outcomes."
Medical,Dentist,hard,How do you treat adults with bite issues that may require orthodontics or surgery?,"I assess the underlying cause, such as misalignment or jaw issues, and recommend treatments like orthodontics, surgery, or a combination, depending on the severity of the problem."
Medical,Dentist,hard,"How do you stay informed about new developments in dental materials, such as composites and ceramics, and how do you decide when to incorporate them into your practice?","I attend dental conferences, read journals, and test new materials on a case-by-case basis to determine when they improve quality or efficiency for my patients."
Medical,Dentist,hard,"How do you prioritize treatments when a patient has multiple, time-sensitive dental issues?","I prioritize treatments based on urgency, starting with the most critical issues, and discuss a phased approach to address less urgent concerns."
Medical,Dentist,hard,How do you manage time during long or complex dental procedures?,"I stay organized, use efficient techniques, and take planned breaks to maintain focus and ensure high-quality care throughout."
Medical,Dentist,hard,"How do you manage the treatment of a pregnant patient, considering both the dental and health risks?","I follow safety guidelines for pregnant patients, avoid certain procedures during the first trimester, and collaborate with their obstetrician to ensure optimal care."
Medical,Dentist,hard,"How do you manage patients with chronic diseases, such as diabetes or heart conditions, while providing dental care?","I review their medical history, consult with their healthcare providers if necessary, and adjust treatment protocols to minimize risks during dental procedures."
Medical,Dentist,hard,What steps do you take to ensure compliance with infection control and sterilization protocols?,"I strictly follow OSHA and CDC guidelines, ensure staff training, and routinely monitor sterilization procedures."
Medical,Dentist,hard,"How do you manage cases where a patient’s dental issues may require multiple specialists, and how do you coordinate care?","I communicate clearly with specialists, ensuring a collaborative approach, and keep the patient informed at each step to ensure coordinated, comprehensive care."
Medical,Dentist,hard,"How do you manage a full-mouth reconstruction, where both appearance and function are important?","I take a comprehensive approach, creating a detailed plan that balances aesthetics and function, and I prioritize patient comfort and long-term outcomes."
Medical,Dentist,hard,How do you maintain a balance between achieving high-quality dental care and maximizing efficiency in a busy practice?,"I prioritize patient care by streamlining processes, utilizing effective time management, and using the latest dental technology to maintain quality while keeping procedures efficient."
Medical,Dentist,hard,How do you incorporate new research findings into your clinical practice?,"I stay updated on recent research, attend conferences, and integrate the latest findings into my practice to improve patient care and treatment outcomes."
Medical,Dentist,hard,How do you handle situations where a patient has an adverse reaction to anesthesia?,"I stay prepared for emergencies, monitor patients closely, and take immediate action following emergency protocols."
Medical,Dentist,hard,How do you handle patients with complex medical histories that may affect dental treatment?,"I carefully review their medical history, consult with their physicians if needed, and tailor treatment plans to ensure safety and effectiveness."
Medical,Dentist,hard,How do you handle patients who may need extensive dental work but are hesitant or resistant to receiving treatment?,"I listen to their concerns, explain the benefits and consequences of treatment, offer options for sedation or pain management, and work with them to ease their fears."
Medical,Dentist,hard,How do you handle dental treatment for patients with special needs?,"I tailor the treatment plan to their specific needs, ensuring comfort, clear communication, and a supportive environment."
Medical,Dentist,hard,How do you manage and treat cases of dental trauma in athletes?,"I assess the extent of the injury, provide immediate care, such as splinting or suturing, and follow up with a treatment plan for restoration or prevention of further damage."
Medical,Dentist,hard,How do you communicate with patients who do not speak your language?,"I use visual aids, translation services, and simple explanations to ensure clear communication."
Medical,Dentist,hard,What sets you apart from other dental professionals?,"My commitment to patient care, continuous learning, and ability to connect with patients set me apart."
Medical,Dentist,hard,What is your experience with laser dentistry?,"I have used lasers for soft tissue procedures, offering benefits like faster healing and less discomfort for the patient."
Medical,Dentist,hard,What steps do you take to minimize the risk of post-surgical infections?,"I ensure proper sterilization, prescribe antibiotics if necessary, provide clear aftercare instructions, and follow up to monitor healing."
Medical,Dentist,hard,Could you tell me about a time you had to handle a dental emergency or dental trauma?,I treated a patient with a knocked-out tooth by reimplanting it and providing follow-up care to ensure healing.
Medical,Dentist,hard,Can you explain your experience with sedation dentistry?,"I have used oral or intravenous sedation to help patients relax during procedures, ensuring their comfort and reducing anxiety."
Medical,Dentist,hard,Can you explain your approach to diagnosing and treating temporomandibular joint (TMJ) disorders?,"I assess symptoms, perform diagnostic tests, and recommend treatment options like physical therapy, splints, or referrals to specialists for more severe cases."
Medical,Dentist,hard,Can you explain how you would manage a patient with a history of periodontal disease and prevent further progression?,"I would create a personalized treatment plan that includes regular cleanings, possible scaling and root planing, and educating the patient on at-home oral care."
Medical,Dentist,hard,Can you explain how you would handle a situation where a patient has a history of dental anxiety but requires a lengthy procedure?,"I would use calming techniques, explain each step, offer sedation options if necessary, and break the procedure into smaller, more manageable appointments."
Medical,Dentist,hard,"Can you discuss your experience with managing dental emergencies, such as tooth avulsion or fractures?","I act quickly, provide immediate care, like reimplanting a tooth or stabilizing fractures, and ensure the patient receives follow-up care to prevent further complications."
Medical,Dentist,hard,Can you discuss your experience in treating patients with dental implants and handling implant complications?,"I have experience placing and restoring dental implants, and in case of complications, I carefully monitor healing, perform necessary adjustments, and work closely with the patient."
Medical,Dentist,hard,"Can you discuss your approach to treating patients with genetic dental conditions, such as congenital enamel hypoplasia or ectodermal dysplasia?","I customize treatments based on the specific condition, offering restorative work that addresses both function and aesthetics, and collaborating with specialists when necessary."
Medical,Dentist,hard,Can you describe your approach to treating patients with a history of dental trauma or significant tooth loss?,"I develop a personalized treatment plan that may involve restorative procedures, implants, or prosthetics, ensuring functionality and aesthetic restoration."
Medical,Dentist,hard,Can you describe an instance where you had to deal with an ethically challenging situation?,"A patient requested unnecessary treatment, and I educated them on ethical and medical considerations."
Medical,Dentist,hard,Can you describe a time you had to correct a misdiagnosis from a previous dentist?,"I assessed the patient’s situation thoroughly, explained the correct diagnosis, and created an appropriate treatment plan to address the issue."
Medical,Dentist,hard,"Can you describe a time when you successfully treated a complicated root canal case, and what techniques did you use?",I treated a patient with a severely infected tooth by using advanced rotary endodontics and achieving complete debridement to ensure a successful outcome.
Medical,Dentist,hard,Can you describe a time when you had to make a difficult decision between a more conservative and an aggressive treatment plan?,"I always consider the patient’s long-term health, financial situation, and preferences, weighing the benefits of both options before making a well-informed decision."
Medical,Dentist,hard,Can you describe a time when you had to adjust a treatment plan due to unexpected complications?,"I reassessed the situation, discussed options with the patient, and modified the plan while ensuring the best possible outcome."
Medical,Dentist,hard,What tools or techniques do you use to find early dental issues that might not show up on X-rays or during a regular exam?,"I use tools like laser fluorescence devices and visual examination to detect early decay, along with patient history and symptoms to guide my assessment."
Medical,Dentist,hard,What was your most challenging orthodontic case? Describe it.,"I successfully managed a complex orthodontic case by carefully planning, monitoring progress, and adjusting treatment as needed."
Medical,Dentist,hard,What would you do if a patient faints in the dental chair?,"I follow emergency protocols, ensure their safety, and provide appropriate medical attention."
Medical,Dentist,hard,What would you do if you noticed signs of domestic abuse or neglect in a patient?,"I would report it according to legal requirements, offer support, and ensure the patient receives the proper resources or referrals."
Medical,Dentist,hard,What is your experience with full-mouth rehabilitation cases?,"I have worked on comprehensive treatment plans, combining restorative and cosmetic procedures to restore function and aesthetics for patients with complex needs."
Medical,Dentist,hard,What is your experience with digital impressions and 3D printing in dentistry?,"I have used digital impressions for better accuracy and comfort, and 3D printing to create models for crowns, bridges, and dentures."
Medical,Dentist,hard,What is your experience with dental implants?,"I have successfully placed and restored dental implants, providing patients with a durable, natural-looking solution for missing teeth."
Medical,Dentist,hard,What is your experience with advanced gum disease treatment?,"I have treated severe periodontal cases with deep cleanings, scaling, root planing, and surgical options when necessary to restore gum health."
Medical,Dentist,hard,What is your approach to treating elderly patients with complex dental needs?,"I consider their medical history, tailor treatment plans, and prioritize comfort and function."
Medical,Dentist,hard,What is your approach to handling patients with high dental anxiety who need major dental work?,"I use clear communication, offer sedation options, and break the procedure into smaller, manageable sessions to ensure comfort and alleviate anxiety."
Medical,Dentist,hard,What inspired you to pursue your dental specialization?,My passion for a specific area of dentistry and the ability to make a greater impact inspired my specialization.
Medical,Dentist,hard,What measures do you take to prevent cross-contamination in the dental office?,"I follow strict infection control protocols, sterilize instruments, use disposable items when possible, and ensure staff adherence to safety guidelines."
Medical,Dentist,hard,What experience do you have in treating patients with TMJ disorders?,"I diagnose and treat TMJ disorders with methods like splints, physical therapy, and, when necessary, referral to specialists."
Medical,Dentist,hard,"When performing a root canal on a molar, how do you address complications like inaccessible canals or persistent infection?","I use advanced tools like microscopes and rotary instruments to locate and clean difficult canals, and may recommend further treatment if infection persists."
Medical,Dentist,hard,"When managing a patient with advanced periodontal disease, what is your treatment protocol, and how do you educate the patient?","I begin with scaling and root planing, followed by ongoing maintenance, and educate the patient on proper oral hygiene to prevent further disease progression."
Medical,Dentist,hard,"When dealing with a patient who requires a full-mouth reconstruction, how do you prioritize and sequence treatments?","I prioritize the most urgent issues, such as functional needs, and then address aesthetic concerns, ensuring a step-by-step approach that leads to optimal results."
Medical,Dentist,hard,What’s your approach when performing complicated oral surgeries like tooth removal or bone grafting?,"I ensure a thorough pre-surgical assessment, use the proper sedation, and maintain careful post-operative care instructions to minimize complications and ensure healing."
Medical,Dentist,hard,What’s your approach to treating patients with eating disorders that affect oral health?,"I provide a non-judgmental environment, educate them on the oral health risks, and work with a multidisciplinary team to address both dental and psychological needs."
Medical,Dentist,hard,What’s your approach to treating geriatric patients with complex dental needs?,"I tailor treatment to their specific needs, taking into account their medical history, mobility issues, and any cognitive challenges, ensuring comfort and safety."
Medical,Dentist,hard,"What’s your approach to treating dental injuries, like a knocked-out tooth or broken teeth?","For a knocked-out tooth, I reimplant it if possible, or store it properly for future reimplantation. For broken teeth, I assess the damage and provide treatment like bonding, crowns, or root canal therapy depending on severity."
Medical,Dentist,hard,What do you do if a patient has an allergic reaction to dental materials?,"I immediately stop the procedure, assess the severity, and provide necessary treatment, such as antihistamines or emergency care if needed."
Medical,Dentist,hard,How do you coordinate with specialists from different fields during complex treatments?,"I coordinate with specialists by discussing treatment plans, sharing patient records, and ensuring a multidisciplinary approach."
Medical,Dentist,hard,How do you deal with a patient who is overly demanding or aggressive?,"I remain calm, listen to their concerns, set boundaries respectfully, and work to find a solution that addresses their needs without compromising professionalism."
Medical,Dentist,hard,How do you determine the appropriate treatment plan for a patient with multiple dental issues?,"I prioritize the most urgent concerns, develop a phased treatment plan, and communicate with the patient to ensure they understand and are comfortable with the approach."
Medical,Nurse,hard,How do you handle a situation where multiple patients need immediate attention?,I prioritize based on acuity and delegate when possible.
Medical,Nurse,hard,How do you handle a situation where multiple patients need immediate attention?,"I assess urgency, prioritize, and delegate when possible."
Medical,Nurse,hard,How do you handle a situation where a patient lacks insurance for necessary treatment?,I refer them to social services for assistance.
Medical,Nurse,hard,How do you handle a situation where a patient is not improving despite treatment?,"I reassess their condition, consult the team, and adjust care as needed."
Medical,Nurse,hard,How do you handle a situation where a patient is experiencing uncontrolled hypertension?,"I assess symptoms, administer medications if ordered, and monitor vitals closely."
Medical,Nurse,hard,How do you handle a situation where a doctor dismisses your concerns about a patient?,"I advocate respectfully, provide supporting evidence, and escalate if necessary."
Medical,Nurse,hard,Have you ever had to stop a medical procedure for patient safety?,"Yes, I halted a procedure when I noticed a risk and alerted the provider immediately."
Medical,Nurse,hard,Have you ever had to challenge a medical decision that could harm a patient?,"Yes, I voiced my concerns with evidence and worked with the team to find a safe solution."
Medical,Nurse,hard,Have you ever had to break bad news to a patient or family? How did you handle it?,"I communicated with empathy, used clear language, and provided emotional support."
Medical,Nurse,hard,Have you ever had to act outside of your job description in an emergency?,"Yes, I assisted within my scope while waiting for the appropriate personnel to arrive."
Medical,Nurse,hard,Describe a time when you had to make a difficult ethical decision regarding patient care.,"I consulted the care team, considered patient rights, and followed hospital ethics guidelines."
Medical,Nurse,hard,Describe a time when you had to enforce hospital policies with a non-compliant staff member.,"I addressed the issue respectfully, explained the importance, and escalated if necessary."
Medical,Nurse,hard,How do you handle a power outage while using medical equipment?,I use backup power sources and prioritize critical care needs.
Medical,Nurse,hard,How do you handle a patient with dementia who is agitated?,"I use a calm approach, provide reassurance, and minimize environmental triggers."
Medical,Nurse,hard,How do you handle a patient experiencing a seizure?,"I ensure safety, monitor duration, and provide post-seizure care."
Medical,Nurse,hard,How do you handle a situation where you’re short-staffed?,"I prioritize patient care, delegate appropriately, and communicate with my team."
Medical,Nurse,hard,How do you handle a sudden influx of patients in the ER?,"I stay organized, prioritize by severity, and work efficiently with my team."
Medical,Nurse,hard,How do you handle an aggressive dementia patient?,"I remain calm, use redirection, and ensure safety."
Medical,Nurse,hard,How do you handle an emergency in a non-emergency department?,"I assess the situation, stabilize the patient, and call for help."
Medical,Nurse,hard,How do you prioritize tasks when unexpected changes occur during your shift?,"I reassess the situation, determining which tasks are most urgent based on patient needs. I communicate with my team to delegate responsibilities effectively, ensuring we adapt and continue to provide quality care."
Medical,Nurse,hard,How do you prioritize patient care when short-staffed?,"I assess urgency, delegate tasks, and stay organized."
Medical,Nurse,hard,How do you prioritize multiple patients with urgent needs?,I assess acuity levels and address the most critical cases first.
Medical,Nurse,hard,How do you prioritize care for multiple critical patients?,"I assess urgency, delegate tasks, and manage time efficiently."
Medical,Nurse,hard,How do you manage teamwork when faced with tight deadlines or stressful situations?,"I stay calm, prioritize tasks, and communicate clearly with my team. By focusing on collaboration and utilizing each member’s strengths, we can manage stressful situations and meet deadlines efficiently."
Medical,Nurse,hard,How do you manage patient care when dealing with multiple patients?,"I prioritize tasks based on the urgency of patient needs, use organizational tools like checklists, and maintain clear communication with my team to ensure every patient receives the attention they require."
Medical,Nurse,hard,How do you handle a medical error?,"I report it immediately, correct it if possible, and learn from the experience."
Medical,Nurse,hard,How do you manage an emergency situation in the hospital?,"I follow protocols, stay composed, and coordinate with the team."
Medical,Nurse,hard,How do you manage a patient with a contagious disease?,I follow isolation precautions and educate the patient on infection control.
Medical,Nurse,hard,How do you manage a patient experiencing withdrawal symptoms?,"I monitor for complications, provide supportive care, and follow protocols."
Medical,Nurse,hard,How do you keep track of multiple patients during a shift?,"I use organization tools, prioritize care, and maintain clear documentation."
Medical,Nurse,hard,How do you handle unexpected situations or emergencies in the hospital?,"I remain calm and focused, quickly assessing the situation to prioritize actions. For instance, when a patient suddenly coded, I followed protocols, collaborated with my team, and ensured we provided immediate care while remaining adaptable to the evolving situation."
Medical,Nurse,hard,How do you handle multiple high-priority tasks at once?,I prioritize based on urgency and delegate when necessary.
Medical,Nurse,hard,How do you handle end-of-life care?,"I approach end-of-life care with compassion, empathy, and respect for the patient’s wishes. I ensure the patient is comfortable, provide emotional support to the family, and communicate clearly about the care process."
Medical,Nurse,hard,How do you handle an emergency outside of your specialty?,I follow basic emergency protocols and call for appropriate help.
Medical,Nurse,hard,How do you manage a sudden increase in patient admissions?,"I prioritize urgent cases, delegate tasks, and stay organized."
Medical,Nurse,hard,How do you handle a high-risk fall patient?,"I use fall precautions, monitor closely, and educate the patient and family."
Medical,Nurse,hard,How do you handle a high-acuity patient assignment?,"I prioritize care, stay organized, and seek help when needed."
Medical,Nurse,hard,Describe a situation where you had to take the lead in a team setting.,"During a shift, a patient’s condition deteriorated rapidly. I took charge by delegating tasks, communicating with the doctor, and ensuring everyone knew their role, which helped stabilize the patient efficiently."
Medical,Dentist,hard,Have you ever dealt with a malpractice concern or legal issue in dentistry? How did you handle it?,"I adhere to ethical and legal standards to prevent such issues, and if concerns arise, I address them transparently and professionally."
Medical,Dentist,hard,Describe your process for handling a patient with a failed dental implant. What steps do you take to correct the issue?,"I assess the cause of failure, address any underlying issues, and, if necessary, perform implant removal followed by proper healing and re-implantation."
Medical,Dentist,hard,"Describe your experience with implant placement, and how do you manage complications that may arise?","I have experience placing implants and manage complications like infection or failure by adjusting treatment plans, performing necessary repairs, and ensuring proper aftercare."
Medical,Dentist,hard,"Describe a time when you had to perform a complex dental surgery. How did you prepare, and what challenges did you face during the procedure?","I performed an impacted wisdom tooth removal, carefully planning the procedure, managing complications with nerve proximity, and ensuring post-operative care."
Medical,Dentist,hard,How do you handle a situation where a patient requests narcotic pain medication inappropriately?,"I assess the patient’s needs, provide alternative pain management strategies, and, if necessary, refer them to a pain management specialist."
Medical,Dentist,hard,How do you handle a situation where a patient cannot afford necessary treatment?,"I discuss payment options, offer a payment plan, or help them explore financial assistance programs to ensure they receive the care they need."
Medical,Dentist,hard,"How do you handle a patient with a complex medical history that may affect dental care (e.g., heart disease or diabetes)?","I review the patient’s medical history, collaborate with their healthcare providers, and adjust my treatment approach to minimize risks and ensure safety."
Medical,Dentist,hard,How do you adjust your approach when treating patients with special needs?,"I adapt my communication style, consider their physical and cognitive abilities, and provide a calm, supportive environment."
Medical,Dentist,hard,How do you evaluate whether a dental patient should be referred to a specialist for further treatment?,"I assess the complexity of the case, the need for specialized skills or equipment, and the potential for better outcomes with a specialist’s care before making a referral."
Medical,Dentist,hard,How do you ensure the comfort and safety of patients during sedation or anesthesia procedures?,"I assess the patient’s medical history, monitor vital signs throughout the procedure, and ensure they are adequately sedated for comfort while minimizing risks."
Medical,Dentist,hard,How do you ensure that your treatment plans align with a patient’s overall medical history?,"I review the patient’s medical history thoroughly, consult with their healthcare providers if necessary, and adjust treatment plans to ensure safety and effectiveness."
Medical,Dentist,hard,"How do you ensure that a patient’s dental treatment is coordinated with their overall health care providers, especially for patients with chronic conditions?","I communicate with their other healthcare providers, review the patient’s medical history, and adapt the treatment plan to accommodate any medical conditions."
Medical,Dentist,hard,How do you ensure accuracy and efficiency when performing root canal therapy?,"I use magnification, advanced instrumentation, and careful technique to ensure complete cleaning and sealing of the canals."
Medical,Dentist,hard,"How do you diagnose and treat patients with sleep apnea, and how do you use dental devices for treatment?","I assess the severity of sleep apnea, collaborate with other healthcare providers, and recommend dental devices like mandibular advancement devices to help improve breathing during sleep."
Medical,Dentist,hard,How do you determine the ideal treatment plan for a patient with a history of repeated dental infections or abscesses?,"I assess the root cause of the infections, prioritize infection control, and develop a long-term treatment plan that addresses both the immediate and underlying issues."
Medical,Dentist,hard,How do you determine the best treatment plan for a patient with multiple dental issues?,"I prioritize based on urgency, present treatment options, and involve the patient in the decision-making process for their care."
Medical,Dentist,hard,How do you evaluate and treat patients who are at risk of developing oral cancer?,"I perform routine screenings, educate patients about risk factors, and develop prevention strategies, including regular follow-ups and referrals for biopsies if needed."
Medical,Nurse,hard,How do you respond to a code blue situation?,"I act quickly, follow protocols, and support the team as needed."
Medical,Dentist,hard,How do you approach cosmetic treatments for patients with high aesthetic demands?,"I listen carefully to their concerns, set realistic expectations, and plan treatments that balance aesthetics and function, often involving collaborative planning."
Medical,Dentist,hard,How do you approach interdisciplinary cases that require collaboration with other healthcare professionals?,"I maintain open communication with specialists, coordinate treatment plans, and ensure comprehensive care for the patient."
Medical,Dentist,hard,Can you discuss your approach to managing a dental practice’s budget and expenses?,"I focus on cost-effective solutions, monitor expenses closely, and optimize resources without compromising patient care."
Medical,Dentist,hard,Can you discuss how you handle dental cases with both medical and dental emergencies at the same time?,"I assess both situations promptly, prioritize based on urgency, and collaborate with the medical team to provide comprehensive care."
Medical,Dentist,hard,Can you describe your experience with laser dentistry?,"I have used lasers for soft tissue procedures, such as gum contouring and treatment of infections, offering less discomfort and quicker recovery for patients."
Medical,Dentist,hard,Can you describe your experience with implant-supported dentures and full-arch restorations?,I have experience planning and restoring implant-supported prosthetics to improve function and aesthetics.
Medical,Dentist,hard,Can you describe your experience with gum grafting procedures?,I have performed or assisted in gum grafting to restore gum tissue and improve aesthetics.
Medical,Dentist,hard,Can you describe your experience with full-mouth reconstruction cases?,"I have experience in comprehensive treatment planning and performing procedures such as crowns, implants, and bridges to restore function and aesthetics."
Medical,Dentist,hard,Can you describe your experience in treating dental trauma cases?,"I’ve managed cases of fractured or knocked-out teeth, performing emergency care, including splinting, restorations, and providing follow-up care."
Medical,Dentist,hard,How do you approach dental treatment for patients undergoing chemotherapy or other medical treatments?,"I coordinate with their healthcare team, adjust treatments accordingly, and emphasize oral hygiene to prevent complications."
Medical,Dentist,hard,Can you describe your experience in performing full-mouth rehabilitation cases?,"I assess the patient’s full dental and medical history, develop a comprehensive treatment plan, and collaborate with specialists to restore function and aesthetics."
Medical,Dentist,hard,How do you assess whether a patient needs periodontal surgery or non-surgical treatment?,"I evaluate the extent of gum disease, considering factors like pocket depth and bone loss, to determine whether surgical intervention or non-surgical therapy is needed."
Medical,Dentist,hard,"How do you assess the need for a patient to undergo a full-mouth restoration, and what is your approach to treatment planning for such cases?","I evaluate the patient’s oral health, discuss their goals, and create a step-by-step treatment plan that addresses all issues systematically for optimal results."
Medical,Dentist,hard,How do you assess a patient’s risk for oral cancer?,"I perform regular screenings, review their medical history, and look for any suspicious lesions or symptoms that require further investigation."
Medical,Dentist,hard,"How do you approach treatment planning for a patient with complex restorative needs, including crowns, bridges, and fillings?","I assess the patient’s full dental health, develop a phased treatment plan, and consider long-term outcomes to ensure both functional and aesthetic results."
Medical,Dentist,hard,How do you approach treating patients with dental anxiety who refuse anesthesia?,"I use relaxation techniques, like deep breathing or guided imagery, and focus on clear communication to ensure the patient feels comfortable during treatment."
Medical,Dentist,hard,How do you approach treating a patient who has both temporomandibular joint (TMJ) dysfunction and bruxism?,"I address the TMJ issues with physical therapy, splints, or medication, and recommend nightguards to prevent further damage from bruxism."
Medical,Dentist,hard,How do you approach patients with a history of substance abuse affecting their oral health?,"I provide non-judgmental, compassionate care, focusing on preventive treatments and addressing any oral health concerns related to substance use."
Medical,Dentist,hard,How do you balance the financial aspects of a practice while maintaining high-quality patient care?,"I focus on efficiency, ethical treatment planning, and patient education to ensure sustainable and quality care."
Medical,Pharmacist,hard,How do antifungal medications work?,They target fungal cell membranes or interfere with fungal DNA synthesis.