Category,Specialty,Difficulty,Question,Answer
Business,Accounting,easy,Are accounting standards mandatory?,yes  for listed and certain large companies  small businesses may follow simplified standards based on regulatory requirements 
Business,Marketing,easy,What is the difference between traditional and digital marketing?,traditional marketing uses offline channels like tv  radio  and print  while digital marketing utilizes online platforms such as social media  seo  email  and websites 
Business,Marketing,easy,What is the primary goal of marketing?,the primary goal of marketing is to attract and retain customers by meeting their needs and creating value 
Business,Marketing,easy,What is the purpose of a brand audit?,a brand audit evaluates a brand s current market position  performance  and perception  identifying areas for improvement and growth opportunities 
Business,Marketing,easy,What is the purpose of a call to action (CTA)?,a cta encourages users to take a specific action  such as making a purchase  signing up for a newsletter  or requesting more information 
Business,Marketing,easy,What is the purpose of a marketing campaign?,a marketing campaign is designed to promote a specific product  service  or brand  aiming to increase awareness  engagement  and sales 
Business,Marketing,easy,What is the purpose of a marketing funnel?,a marketing funnel helps visualize the customer journey  from awareness through to consideration and conversion  guiding marketers on how to nurture prospects 
Business,Marketing,easy,What is the purpose of a tagline?,a tagline is a short  memorable phrase that conveys a brand s core message or value proposition to create recognition and emotional appeal 
Business,Marketing,easy,What is the purpose of customer surveys in marketing?,customer surveys provide insights into customer satisfaction  preferences  and feedback  helping businesses improve their products and marketing strategies 
Business,Marketing,easy,What is the purpose of email marketing?,email marketing is used to engage with customers through personalized messages  promote products or services  and nurture relationships with prospects 
Business,Marketing,easy,What is the purpose of email segmentation?,email segmentation allows businesses to send targeted emails to specific customer groups based on factors like demographics  purchase history  and engagement  improving relevance and conversions 
Business,Marketing,easy,What is the purpose of influencer marketing?,influencer marketing leverages individuals with large  engaged audiences to promote products or services in an authentic and relatable way 
Business,Marketing,easy,What is the role of SEO in digital marketing?,seo  search engine optimization  is a key component of digital marketing that involves optimizing a website s content  structure  and technical aspects to rank higher on search engine results pages 
Business,Marketing,easy,What is the role of a brand manager?,a brand manager is responsible for developing and maintaining a brand s identity  ensuring consistent messaging and overseeing its positioning in the market 
Business,Marketing,easy,What is the role of a digital marketing agency?,a digital marketing agency helps businesses create and implement online marketing strategies  such as seo  social media marketing  ppc  and content marketing 
Business,Marketing,easy,What is the role of a marketing analyst?,a marketing analyst collects and interprets data to evaluate the performance of marketing campaigns  helping to optimize strategies and improve results 
Business,Marketing,easy,What is the role of a marketing manager?,a marketing manager is responsible for overseeing marketing campaigns  managing the marketing team  conducting market research  and ensuring alignment with business goals 
Business,Marketing,easy,What is the role of a marketing manager?,a marketing manager is responsible for planning  executing  and overseeing marketing campaigns  analyzing market trends  and developing strategies to achieve business goals 
Business,Marketing,easy,What is the role of a marketing strategy?,a marketing strategy helps guide all marketing efforts by defining the target market  setting objectives  and outlining the best tactics to reach those goals 
Business,Marketing,easy,What is the role of branding in marketing?,branding helps create a unique identity  builds trust and loyalty  and differentiates a company from competitors 
Business,Marketing,easy,What is the role of customer feedback in marketing?,customer feedback provides valuable insights into customer satisfaction  pain points  and preferences  which can be used to improve products  services  and marketing strategies 
Business,Marketing,easy,What is the role of email marketing?,email marketing is used to nurture relationships with customers and prospects by sending targeted  personalized messages that promote products  services  and relevant content 
Business,Marketing,easy,What is the difference between traditional and digital marketing?,traditional marketing uses offline channels like tv  radio  and print  while digital marketing utilizes online platforms such as social media  seo  and email 
Business,Marketing,easy,What is the role of email segmentation?,email segmentation involves dividing an email list into smaller segments based on certain criteria  allowing marketers to send more relevant and targeted messages 
Business,Marketing,easy,What is the difference between product and service marketing?,product marketing focuses on tangible goods  while service marketing involves intangible offerings  requiring different strategies to emphasize benefits  customer experience  and reliability 
Business,Marketing,easy,What is the difference between inbound and outbound marketing?,inbound marketing focuses on attracting customers through valuable content  while outbound marketing involves reaching out to potential customers through advertisements  cold calls  and direct mail 
Business,Marketing,easy,What is lead generation?,lead generation is the process of attracting and identifying potential customers  leads  for a business s products or services 
Business,Marketing,easy,What is market research?,market research involves collecting and analyzing data about the target market  industry trends  and competitors to make informed marketing decisions 
Business,Marketing,easy,What is market segmentation?,market segmentation is the process of dividing a broad target market into smaller  more manageable groups based on shared characteristics  needs  or behaviors 
Business,Marketing,easy,What is paid search marketing?,paid search marketing involves using paid advertisements on search engines like google to drive traffic to a website by bidding on relevant keywords 
Business,Marketing,easy,What is remarketing?,remarketing is a strategy that targets individuals who have already interacted with your brand or website but did not convert 
Business,Marketing,easy,What is remarketing?,remarketing is the practice of targeting ads to people who have previously interacted with your brand  such as visiting your website or engaging with social media content 
Business,Marketing,easy,What is search engine marketing (SEM)?,search engine marketing  sem  involves using paid ads on search engine platforms like google to drive traffic to a website 
Business,Marketing,easy,What is search engine marketing (SEM)?,search engine marketing  sem  is the practice of using paid advertisements  such as google ads  to increase a website s visibility on search engine results pages 
Business,Marketing,easy,What is search engine optimization (SEO)?,seo is the practice of optimizing a website to increase its visibility in search engine results pages  serps   ultimately driving more organic traffic 
Business,Marketing,easy,What is social proof in marketing?,social proof refers to the concept of people relying on the actions and opinions of others to guide their decisions  often used in marketing through testimonials or reviews 
Business,Marketing,easy,What is social proof in marketing?,using customer reviews  testimonials  case studies  and influencer endorsements to build credibility and trust 
Business,Marketing,easy,What is social proof?,social proof is the influence that the actions and opinions of others have on our own behavior  often used in marketing to build credibility 
Business,Marketing,easy,What is the 4 Ps of marketing?,the   ps of marketing are product  price  place  and promotion  which are key elements to successfully market a product or service 
Business,Marketing,easy,What is the 80/20 rule in marketing?,the   /   rule  or pareto principle  suggests that     of a company s revenue often comes from     of its customers or products 
Business,Marketing,easy,What is the AIDA model in marketing?,the aida model stands for attention  interest  desire  and action  representing the stages a consumer goes through in making a purchase decision 
Business,Marketing,easy,What is the difference between B2B and B2C marketing?,b b  business to business  marketing targets other businesses  while b c  business to consumer  marketing focuses on individual consumers 
Business,Marketing,easy,What is the difference between SEO and SEM?,seo  search engine optimization  focuses on improving a website s organic ranking in search results  while sem  search engine marketing  involves paid advertising to increase visibility 
Business,Marketing,easy,What is the difference between a lead and a prospect?,a lead is someone who has shown interest in your product  while a prospect is a lead that has been qualified and is more likely to convert 
Business,Marketing,easy,What is the difference between a marketing strategy and a marketing plan?,a marketing strategy outlines the overall goals and direction  while a marketing plan is a detailed roadmap that specifies the tactics and actions to achieve those goals 
Business,Marketing,easy,What is the difference between a product-oriented and a customer-oriented marketing strategy?,a product oriented strategy focuses on the product s features and quality  while a customer oriented strategy focuses on meeting the needs and desires of the target customer 
Business,Marketing,easy,What is the difference between above-the-line (ATL) and below-the-line (BTL) marketing?,atl marketing involves mass media advertising such as tv and radio  while btl marketing includes direct  targeted methods like email marketing and promotions 
Business,Marketing,easy,What is the difference between online and offline marketing?,online marketing takes place on the internet through digital channels  while offline marketing involves traditional channels such as print ads  tv  and radio 
Business,Marketing,easy,What is the role of product packaging in marketing?,product packaging plays a key role in attracting customers  differentiating the product from competitors  and conveying the brand s identity and value proposition 
Business,Marketing,easy,What is the role of public relations (PR) in marketing?,pr in marketing helps manage a brand s reputation  build relationships with the media  and generate positive publicity to support the brand s goals 
Business,Marketing,easy,What is the role of public relations (PR) in marketing?,pr in marketing involves managing a company s reputation  building relationships with the media  and generating positive publicity to enhance brand image and credibility 
Business,Marketing,easy,What do you believe is the most important aspect of customer retention? How do you address it?,the most important aspect of customer retention is building strong  personalized relationships  i focus on delivering exceptional customer service  providing value through loyalty programs  and consistently engaging with customers through tailored content and offers to keep them coming back 
Business,Marketing,easy,What do you believe is the most important quality for a successful marketing agent?,the most important quality is adaptability  the marketing landscape is constantly evolving  and a successful marketing agent must be able to pivot quickly  adopt new tools  and adjust strategies to keep up with trends and changes in consumer behavior 
Business,Marketing,easy,"What do you hope to achieve in this marketing role, and how do you plan to contribute to the team's success?",in this role  i hope to contribute by bringing fresh ideas  data driven strategies  and a strong focus on customer centric marketing  i aim to help the team drive brand growth  improve conversion rates  and strengthen customer relationships to achieve long term business success 
Business,Finance,easy,Can you explain the importance of a company’s liquidity ratio?,it shows if the company can pay its short term debts 
Business,Human Resources,easy,How can HR support employees experiencing work-related stress?,by offering wellness programs  flexible work arrangements  and mental health resources 
Business,Human Resources,easy,How do you address employee concerns and grievances?,by maintaining open communication  conducting fair investigations  and implementing appropriate resolutions 
Business,Human Resources,easy,How do you ensure fair treatment in internal job promotions?,by setting clear promotion criteria  conducting unbiased evaluations  and ensuring transparency in the selection process 
Business,Human Resources,easy,How do you ensure that employee feedback collected from surveys is effectively implemented?,by analyzing trends  discussing findings with management  and creating actionable improvement plans 
Business,Human Resources,easy,How do you ensure that new HR policies align with both company objectives and employee well-being?,by conducting surveys  reviewing industry best practices  and collaborating with leadership and employees 
Business,Human Resources,easy,How does HR contribute to improving cross-departmental collaboration?,by facilitating interdepartmental meetings  promoting knowledge sharing initiatives  and encouraging joint training programs 
Business,Human Resources,easy,How does HR contribute to maintaining a safe work environment?,through safety training  compliance enforcement  and employee wellness programs 
Business,Human Resources,easy,How does HR contribute to reducing employee turnover?,hr enhances retention through competitive compensation  career development opportunities  and positive work culture 
Business,Human Resources,easy,What is the importance of HR audits?,they help identify compliance gaps  improve hr efficiency  and minimize legal risks 
Business,Human Resources,easy,What is the importance of HR benchmarking?,it helps compare hr metrics with industry standards  identify areas for improvement  and enhance hr effectiveness 
Business,Human Resources,easy,What is the importance of HR in fostering employee collaboration?,hr promotes collaboration through team building activities  clear communication strategies  and cross functional projects 
Business,Human Resources,easy,What is the importance of an employee handbook?,it communicates company policies  expectations  and rights to employees  ensuring transparency and compliance 
Business,Human Resources,easy,What is the importance of conducting stay interviews?,stay interviews help identify factors that keep employees engaged and areas for workplace improvement 
Business,Human Resources,easy,What is the importance of continuous learning in HR?,hr professionals must stay updated on labor laws  workplace trends  and leadership practices to remain effective 
Business,Human Resources,easy,What is the importance of cross-training employees?,it increases workforce flexibility  enhances skill development  and improves business continuity in case of turnover 
Business,Human Resources,easy,What is the importance of employee referral programs in recruitment?,they improve candidate quality  reduce hiring costs  and enhance employee engagement by involving staff in the recruitment process 
Business,Human Resources,easy,What is the importance of having a well-defined employee code of conduct?,it sets clear behavioral expectations  promotes ethical workplace practices  and protects the company from legal risks 
Business,Marketing,easy,What brands do you like to follow and engage with on social media? Why?,i follow brands like apple and glossier for their innovative marketing strategies and ability to create a strong emotional connection with their audience  their content is always fresh  engaging  and aligned with their brand identity 
Business,Marketing,easy,What are your methods for identifying key performance indicators (KPIs) for your campaigns?,i identify kpis by aligning them with the campaign s objectives  for example  if the goal is lead generation  kpis might include conversion rates and cost per lead  i ensure kpis are specific  measurable  and relevant to the business goals  allowing for performance tracking and optimization 
Business,Marketing,easy,"What are your long-term career goals in marketing, and how does this position fit into those goals?",my long term career goal is to lead a marketing team at a forward thinking company  where i can drive strategic growth and innovation  this position aligns perfectl
Business,Marketing,easy,What are the most important digital marketing channels today?,some key digital marketing channels include seo  social media marketing  email marketing  content marketing  and paid advertising  ppc  
Business,Marketing,easy,What is the role of visual content in marketing?,visual content  such as images and videos  enhances engagement  helps convey brand messages more effectively  and improves the shareability of content on social media 
Business,Marketing,easy,What is viral marketing?,viral marketing involves creating content or campaigns that are designed to be highly shareable and spread quickly across social networks or word of mouth 
Business,Marketing,easy,What is viral marketing?,viral marketing is a strategy that encourages people to share content  leading to exponential growth in brand awareness or product promotion  typically through social media or word of mouth 
Business,Marketing,easy,What is viral marketing?,viral marketing refers to marketing efforts that spread rapidly and widely across the internet  often through social media  word of mouth  or content sharing  creating a buzz around the brand 
Business,Marketing,easy,What is viral marketing?,viral marketing uses content that spreads quickly and widely across social media and other online platforms  often due to its entertaining or highly shareable nature 
Business,Marketing,easy,What is your approach to creating engaging and informative blog content?,i focus on understanding the target audience s pain points and interests  i create content that is not only informative but also actionable and relatable  i use storytelling  visual aids  and a conversational tone to keep readers engaged while providing valuable insights and solutions 
Business,Marketing,easy,What marketing channels do you have experience with?,i have experience with social media  email marketing  seo  ppc  content marketing  and influencer marketing  each channel has its strengths  and i tailor my approach based on the campaign goals 
Business,Marketing,easy,What metrics do you consider when analyzing the performance of a social media ad campaign?,i typically look at metrics such as click through rates  ctr   engagement rates  conversion rates  and return on investment  roi  to measure the effectiveness of a social media ad campaign 
Business,Marketing,easy,What role does customer education play in your marketing strategies?,customer education helps create informed buyers who better understand the value of a product or service  it can increase customer satisfaction  reduce churn  and promote word of mouth marketing 
Business,Marketing,easy,What role does storytelling play in your marketing campaigns?,storytelling is crucial in my marketing campaigns as it helps humanize the brand and create emotional connections with the audience  by crafting compelling narratives around our products and services  i aim to engage the audience and make the message more memorable  ultimately driving brand loyalty and conversion 
Business,Marketing,easy,What is influencer marketing?,influencer marketing leverages individuals with large followings to promote products or services in exchange for compensation 
Business,Marketing,easy,What techniques do you use to enhance user experience on your website or landing pages?,i enhance user experience by ensuring a clean design  fast load times  and clear navigation  i use a/b testing to optimize landing pages  provide clear ctas  and ensure content is mobile friendly  i also implement personalization techniques to deliver relevant content to users 
Business,Marketing,easy,Which social media platforms are you familiar with using?,i am proficient in using platforms like instagram  facebook  linkedin  twitter  and tiktok  i have experience creating content  running ads  and analyzing performance metrics on these platforms to optimize engagement and roi 
Business,Marketing,easy,How do you handle tight deadlines and high-pressure situations in your work?,i stay calm under pressure by breaking down tasks into manageable chunks  prioritizing the most important tasks  and keeping communication open with the team  i use project management tools to stay organized and ensure that all deadlines are met without sacrificing quality 
Business,Marketing,easy,How do you keep your marketing strategies innovative and fresh?,i keep my marketing strategies fresh by constantly monitoring industry trends  experimenting with new tools and platforms  and incorporating customer feedback  i also encourage creativity within the team to explore new ideas and test out of the box campaigns that can differentiate us from competitors 
Business,Marketing,easy,How do you leverage analytics to optimize your marketing campaigns?,i use analytics tools like google analytics  social media insights  and email campaign metrics to track performance  i monitor key metrics such as traffic  engagement  and conversion rates to adjust the campaign in real time and make data driven decisions that improve overall campaign effectiveness 
Business,Marketing,easy,How do you leverage customer reviews and testimonials in your marketing efforts?,i use customer reviews and testimonials to build trust and social proof  they are incorporated into websites  landing pages  and email marketing campaigns  i also feature positive reviews on social media and in product ads to influence potential customers  purchasing decisions 
Business,Marketing,easy,How do you stay organized and keep track of multiple marketing projects?,i use project management tools like trello or asana to create timelines  assign tasks  and track progress  this helps me stay organized and ensures that nothing falls through the cracks 
Business,Marketing,easy,How do you stay updated on the latest marketing trends and tools?,i stay updated by subscribing to industry newsletters  attending webinars and conferences  and following marketing thought leaders on social media  i also experiment with new tools and platforms to see how they can be integrated into my marketing strategies 
Business,Marketing,easy,What are some examples of traditional marketing channels?,traditional marketing channels include tv  radio  print ads  and billboards 
Business,Marketing,easy,What are some metrics used to evaluate social media marketing?,engagement rate  reach  impressions  follower growth  and conversion rate 
Business,Marketing,easy,What are the key components of a successful marketing proposal?,a successful marketing proposal includes a clear outline of goals  target audience  key strategies  tactics  and channels  it also covers budget estimates  timelines  expected outcomes  and a breakdown of metrics for measuring success  a solid proposal addresses potential risks and provides solutions 
Business,Marketing,easy,What's your favorite thing about marketing?,my favorite thing about marketing is the ability to tell stories that resonate with people and drive meaningful action  it s rewarding to see how strategic creativity can impact a brand s success and customer relationships 
Business,Human Resources,easy,What is the importance of job descriptions in HR management?,they define roles  set performance expectations  and serve as a basis for recruitment and evaluations 
Business,Marketing,easy,What is influencer marketing?,influencer marketing is a strategy where brands collaborate with social media influencers to promote their products or services to a larger audience 
Business,Marketing,easy,What is influencer marketing?,influencer marketing involves collaborating with influential individuals or content creators to promote a brand or product to their audience 
Business,Marketing,easy,What is a brand ambassador?,a brand ambassador is a person who represents and promotes a brand  typically through positive endorsements  with the goal of influencing others  purchasing decisions 
Business,Marketing,easy,What is a brand ambassador?,a brand ambassador is an individual  often an influencer  who represents a company and promotes its products or services 
Business,Marketing,easy,What is a buyer persona?,a buyer persona is a detailed  semi fictional representation of an ideal customer  based on research and real data about current customers 
Business,Marketing,easy,What is a buyer persona?,a buyer persona is a semi fictional representation of a business s ideal customer  based on research and data  helping marketers create more targeted campaigns 
Business,Marketing,easy,What is a call to action (CTA)?,a call to action  cta  is a prompt designed to encourage an immediate response from the audience  such as  buy now  or  learn more  
Business,Marketing,easy,What is a call to action (CTA)?,a call to action  cta  is a prompt that encourages the audience to take a specific action  such as  buy now  or  sign up   commonly used in ads  emails  and websites 
Business,Marketing,easy,What is a call-to-action (CTA)?,a call to action  cta  is a prompt that encourages the audience to take a specific action  such as clicking a button  downloading a resource  or making a purchase 
Business,Marketing,easy,What is a conversion rate?,conversion rate is the percentage of visitors to a website or campaign who complete a desired action  such as making a purchase or filling out a form 
Business,Marketing,easy,What is a customer acquisition cost (CAC)?,customer acquisition cost  cac  is the cost associated with acquiring a new customer  including marketing expenses  sales efforts  and any other resources spent on attracting customers 
Business,Marketing,easy,What is a customer journey?,the customer journey is the process that customers go through when interacting with a brand  from awareness to post purchase 
Business,Marketing,easy,What is a customer persona?,a customer persona is a detailed representation of a company s ideal customer  based on data and research 
Business,Marketing,easy,What is a customer persona?,a customer persona is a semi fictional representation of an ideal customer based on market research and data  helping marketers create targeted campaigns 
Business,Marketing,easy,What is a landing page?,a landing page is a dedicated web page designed to capture leads or drive specific actions  such as signing up for a newsletter or making a purchase 
Business,Marketing,easy,What is a landing page?,a landing page is a standalone webpage designed to capture a visitor s information through a form or encourage them to take a specific action  like making a purchase 
Business,Marketing,easy,What is a landing page?,a landing page is a web page designed with a specific goal in mind  such as capturing leads or promoting a product  typically linked to an advertising or marketing campaign 
Business,Marketing,easy,What is a lead generation campaign?,a lead generation campaign is a marketing initiative aimed at attracting and converting potential customers  leads  through content  offers  or advertisements 
Business,Marketing,easy,What is a lead generation strategy?,a lead generation strategy involves attracting and identifying potential customers  leads  through various methods such as content marketing  social media  and paid ads 
Business,Marketing,easy,What is a lead nurturing strategy?,lead nurturing is the process of building relationships with potential customers by providing valuable content and communication until they are ready to make a purchase decision 
Business,Marketing,easy,What is a market niche?,a market niche is a specific  focused segment of the broader market  typically with specialized needs that a product or service can address 
Business,Marketing,easy,What is a marketing automation tool?,a marketing automation tool is software that automates marketing tasks such as email campaigns  social media posts  and customer segmentation to improve efficiency and effectiveness 
Business,Marketing,easy,What is a marketing calendar?,a marketing calendar is a schedule that outlines all the planned marketing activities  campaigns  and content throughout the year to ensure alignment and timely execution 
Business,Marketing,easy,What is a brand ambassador?,a brand ambassador is a person who promotes and represents a brand  often a loyal customer or influencer who endorses the product or service 
Business,Marketing,easy,What is a marketing campaign?,a marketing campaign is a coordinated series of activities aimed at promoting a product  service  or brand  typically using multiple channels to reach the target audience 
Business,Marketing,easy,What is a brand ambassador?,a brand ambassador is a person who promotes a brand s products or services  typically because they are a loyal customer or influencer 
Business,Marketing,easy,What is a SWOT analysis?,swot analysis is a framework for identifying a company s strengths  weaknesses  opportunities  and threats to assess its competitive position 
Business,Marketing,easy,Can you discuss a time when you successfully built a brand from scratch? What steps did you take?,i built a brand from scratch by first conducting in depth market research to understand the target audience and competition  i then developed a strong brand identity  including logo  messaging  and positioning  after that  i created a content strategy and social media presence to raise brand awareness and drive customer engagement 
Business,Marketing,easy,Can you explain how you would handle a marketing campaign that is underperforming?,if a campaign is underperforming  i would first analyze the data to identify the root cause  such as poor targeting or weak messaging  i would adjust the strategy  whether through better segmentation  a new creative approach  or optimizing the user experience  and monitor the results closely 
Business,Marketing,easy,"Describe a marketing project where you collaborated with other departments (e.g., sales, product development). What was the outcome?",in a product launch campaign  i worked with sales to align messaging and product development to ensure the features were accurately communicated  the collaboration helped increase the product s success rate and led to a     higher conversion rate 
Business,Marketing,easy,Describe your experience with direct mail marketing. How do you measure its effectiveness?,i ve used direct mail campaigns to promote product launches and special offers  i measure effectiveness through response rates  conversion rates  and return on investment  roi   incorporating unique codes or urls helps track conversions from direct mail specifically 
Business,Marketing,easy,Describe your experience with email marketing. What best practices do you follow? ,i ve executed email marketing campaigns where i segment lists based on customer behavior and preferences  best practices i follow include using compelling subject lines  personalizing content  and optimizing emails for mobile  i also a/b test subject lines and calls to action to maximize engagement 
Business,Marketing,easy,Describe your ideal work environment.,my ideal work environment is collaborative  innovative  and data driven  i thrive in teams that value open communication  creativity  and continuous learning 
Business,Marketing,easy,Do you have experience with creating email marketing campaigns?,yes  i have extensive experience creating email marketing campaigns  i ve designed segmented email strategies  crafted personalized content  and used automation tools like mailchimp and hubspot to improve open rates and conversions 
Business,Marketing,easy,How do you approach competitor benchmarking in your marketing strategies?,i analyze competitors  strengths and weaknesses by reviewing their marketing campaigns  product offerings  and customer feedback  i use this data to identify market gaps  opportunities for differentiation  and areas where we can improve our strategies to outperform competitors 
Business,Marketing,easy,How do you approach seasonal marketing campaigns?,i start by analyzing past seasonal trends  identifying key customer needs during that period  and aligning the messaging with relevant offers or promotions  i ensure the campaigns are visually and contextually appealing to the season or holiday 
Business,Marketing,easy,How do you ensure compliance with regulations in your marketing practices?,i stay updated on the latest marketing regulations  including data protection laws like gdpr and advertising standards  i also collaborate with legal teams to review campaign content and ensure that all advertising practices are compliant with the relevant rules and industry best practices 
Business,Marketing,easy,How do you evaluate the success of a product launch? What metrics do you consider?,i evaluate the success of a product launch by tracking metrics such as sales numbers  customer feedback  website traffic  social media engagement  and conversion rates  additionally  i consider the alignment of the launch with brand goals and how effectively it was received by the target audience 
Business,Marketing,easy,How do you handle marketing campaigns that require a quick turnaround?,for quick turnarounds  i prioritize tasks based on urgency  streamline communication across teams  and focus on creating simple but effective campaigns that can be executed swiftly without sacrificing quality 
Business,Marketing,easy,What does Content Marketing mean for business?,content marketing involves creating and sharing valuable  relevant content to attract and engage a target audience  it helps build trust  establish authority  and drive profitable customer actions 
Business,Marketing,easy,What does SEO stand for and why is it important?,seo stands for search engine optimization  and it is crucial for improving a website s visibility on search engines  driving organic traffic 
Business,Marketing,easy,What excites you the most about the opportunity to work with our company?,i m excited about the opportunity to work with a company that values innovation and creativity in its marketing approach  i admire the company s focus on customer centric strategies and believe my experience in cross channel marketing and data driven decisions will contribute positively to your marketing team 
Business,Marketing,easy,What is A/B testing?,a/b testing involves comparing two versions of a webpage  ad  or email to see which one performs better in terms of user engagement or conversions 
Business,Marketing,easy,What is PPC (Pay-Per-Click) advertising?,ppc is a form of online advertising where advertisers pay each time a user clicks on their ad 
Business,Marketing,easy,What is SEO?,seo  search engine optimization  is the practice of improving a website s visibility on search engines to increase organic traffic and rank higher in search results 
Business,Marketing,easy,What is a SWOT analysis?,a swot analysis evaluates a business s strengths  weaknesses  opportunities  and threats  helping to inform strategic decisions 
Business,Marketing,easy,What is a SWOT analysis?,a swot analysis evaluates a company s strengths  weaknesses  opportunities  and threats to help with strategic decision making 
Business,Marketing,easy,What is a SWOT analysis?,a swot analysis is a framework used to evaluate a company s strengths  weaknesses  opportunities  and threats to inform strategic planning 
Business,Marketing,easy,What is a USP (Unique Selling Proposition)?,a usp is the unique factor or benefit that makes a product or service stand out from competitors and appeals to consumers 
Business,Marketing,easy,What is a marketing channel?,a marketing channel refers to the medium used to deliver a marketing message  such as email  social media  or search engines 
Business,Marketing,easy,What is a marketing funnel?,a marketing funnel is a model that represents the stages a potential customer goes through from awareness to decision  helping marketers target prospects at each stage 
Business,Marketing,easy,What is a marketing funnel?,a marketing funnel represents the customer journey  from awareness to decision making  helping businesses understand and optimize their marketing strategies to guide customers through the stages 
Business,Marketing,easy,What is an omnichannel strategy?,an omnichannel strategy integrates multiple marketing channels and customer touchpoints  providing a seamless experience for customers whether online or offline 
Business,Marketing,easy,What is brand awareness?,brand awareness refers to how familiar consumers are with a brand and its products  typically measured by brand recall and recognition 
Business,Marketing,easy,What is brand awareness?,brand awareness refers to the degree to which consumers can recognize or recall a brand  indicating the level of familiarity and visibility of the brand in the market 
Business,Marketing,easy,What is brand consistency?,brand consistency refers to maintaining a uniform image  tone  and message across all marketing materials and channels to strengthen brand recognition and trust 
Business,Marketing,easy,What is brand differentiation?,brand differentiation is the process of distinguishing a brand from its competitors by highlighting unique qualities and value propositions 
Business,Marketing,easy,What is brand equity?,brand equity refers to the value a brand holds in the marketplace  influenced by consumer perceptions  loyalty  and overall brand strength 
Business,Marketing,easy,What is brand positioning?,brand positioning refers to the strategy of positioning a brand in the market in a way that it resonates with the target audience and stands out from the competition 
Business,Marketing,easy,What is content curation?,content curation is the process of gathering  organizing  and sharing relevant content from various sources to provide value to an audience 
Business,Marketing,easy,What is content marketing and why is it important?,content marketing involves creating valuable content to attract and engage an audience  helping businesses build credibility and drive conversions 
Business,Marketing,easy,What is content marketing?,content marketing involves creating and distributing valuable content to attract and engage an audience  with the aim of driving profitable customer action 
Business,Marketing,easy,What is content marketing?,content marketing is the creation and distribution of valuable  relevant  and consistent content to attract and engage a target audience 
Business,Marketing,easy,What is customer lifetime value (CLV)?,customer lifetime value  clv  is the predicted total revenue a customer will generate for a business over their entire relationship 
Business,Marketing,easy,What is customer lifetime value (CLV)?,customer lifetime value  clv  is the total revenue a business expects to generate from a customer throughout their relationship with the brand 
Business,Marketing,easy,What is customer retention?,customer retention is the ability of a company to retain its customers over a period of time by delivering quality products and excellent customer service 
Business,Marketing,easy,What is customer retention?,customer retention is the process of keeping existing customers engaged with your brand and encouraging repeat purchases through loyalty programs  excellent service  and continuous engagement 
Business,Marketing,easy,What is customer retention?,customer retention refers to the strategies used by businesses to keep existing customers and reduce the rate at which they leave or stop purchasing 
Business,Marketing,easy,What is customer segmentation?,customer segmentation is the process of dividing a customer base into smaller groups based on shared characteristics  such as demographics  behavior  or needs  to tailor marketing efforts 
Business,Marketing,easy,What is digital marketing?,digital marketing encompasses all marketing efforts that use digital channels like social media  search engines  email  and websites to promote products and services 
Business,Marketing,easy,What is guerrilla marketing?,guerrilla marketing is an unconventional marketing strategy that relies on creative and low cost tactics to promote a product or service 
Business,Marketing,easy,What is inbound marketing?,inbound marketing focuses on attracting customers through content and interactions that are helpful and relevant  rather than interruptive 
Business,Marketing,easy,What is influencer engagement?,influencer engagement is the process of working with influencers to promote a brand through interactions  content sharing  and partnerships 
Business,Marketing,easy,What is an email marketing campaign?,an email marketing campaign involves sending targeted messages to a specific group of customers via email  aiming to drive engagement  conversions  or retention 
Business,Marketing,easy,What is affiliate marketing?,affiliate marketing is a performance based marketing strategy where businesses reward third party affiliates for driving traffic or sales to their site 
Business,Marketing,easy,What is affiliate marketing?,affiliate marketing is a performance based marketing strategy where businesses reward affiliates for driving traffic or sales through their marketing efforts 
Business,Marketing,easy,What is affiliate marketing?,affiliate marketing is a performance based marketing strategy where a business rewards affiliates for driving traffic or sales to their website through their marketing efforts 
Business,Marketing,easy,What is a marketing funnel?,a marketing funnel represents the stages a potential customer goes through  from becoming aware of a product to making a purchase decision 
Business,Marketing,easy,What is a marketing mix?,a marketing mix is a combination of the four p s  product  price  place  and promotion  that businesses use to promote and sell their products 
Business,Marketing,easy,What is a marketing mix?,the marketing mix  or the  ps  refers to product  price  place  and promotion   the key elements that companies need to consider when marketing their products or services 
Business,Marketing,easy,What is a marketing plan?,a marketing plan is a document outlining a company s marketing strategy  goals  and specific actions to achieve those goals 
Business,Marketing,easy,What is a marketing strategy?,a marketing strategy is a plan to achieve a business s marketing objectives  including positioning  targeting  and differentiating the brand in the market 
Business,Marketing,easy,What is a press release?,a press release is a written statement issued by a company to announce news or events to the media  aiming to generate publicity 
Business,Marketing,easy,What is a product demo?,a product demo is a presentation or demonstration of a product s features and benefits  designed to showcase its value to potential customers 
Business,Marketing,easy,What is a product lifecycle?,a product lifecycle refers to the stages a product goes through from development and introduction to growth  maturity  and decline 
Business,Marketing,easy,What is a product lifecycle?,the product lifecycle refers to the stages a product goes through from introduction to growth  maturity  and eventual decline 
Business,Marketing,easy,What is a product positioning statement?,a product positioning statement outlines the unique benefits and characteristics of a product  helping to differentiate it from competitors in the market 
Business,Marketing,easy,What is influencer marketing?,influencer marketing involves partnering with individuals who have a large following on social media or other platforms to promote a brand or product 
Business,Marketing,easy,What is a referral program?,a referral program incentivizes customers to refer new customers to a brand  often through discounts  rewards  or other benefits 
Business,Marketing,easy,What is a sales funnel?,a sales funnel is the process a customer goes through before making a purchase  consisting of stages like awareness  interest  decision  and action 
Business,Marketing,easy,What is a tagline?,a tagline is a memorable phrase or slogan that represents a brand s values or promise and is used in marketing communications 
Business,Marketing,easy,What is a tagline?,a tagline is a memorable phrase or slogan used in marketing to capture the essence of a brand or campaign 
Business,Marketing,easy,What is a target market?,a target market is a specific group of consumers or businesses that a company aims to reach with its products  services  and marketing efforts 
Business,Marketing,easy,What is a unique selling proposition (USP)?,a unique feature or benefit that differentiates a product or service from competitors 
Business,Marketing,easy,What is a unique selling proposition (USP)?,a unique selling proposition  usp  is a marketing concept that highlights what makes a product or service different and better than its competitors 
Business,Marketing,easy,What is a unique selling proposition (USP)?,a unique selling proposition  usp  is the distinct benefit or feature that sets a product or service apart from competitors and provides a compelling reason for customers to choose it 
Business,Marketing,easy,What is a value proposition?,a value proposition is a statement that clearly explains how a product or service solves a customer s problem or improves their situation  highlighting its unique benefits 
Business,Marketing,easy,What is a value proposition?,a value proposition is a statement that clearly explains why a customer should choose a product or service  highlighting its benefits and unique features 
Business,Marketing,easy,What is affiliate marketing?,affiliate marketing involves partnering with external influencers or affiliates who promote a business s products and earn a commission for driving traffic or sales 
Business,Marketing,easy,What is a responsive website?,a responsive website is designed to adapt to different screen sizes and devices  providing an optimal viewing experience  this ensures usability and accessibility  whether the user is on a desktop  tablet  or smartphone 
Business,Marketing,easy,Can you discuss a time when you had to adapt your marketing strategy due to unforeseen circumstances?,during the pandemic  we had to quickly pivot our marketing strategy to adapt to changing consumer behaviors  we shifted from in person events to virtual events and increased our focus on digital marketing channels like social media and email campaigns  this allowed us to maintain engagement and continue generating leads despite the challenges 
Business,Human Resources,easy,What is the importance of professional development programs in an organization?,they enhance employee skills  improve retention  and align workforce capabilities with business needs 
Business,Human Resources,easy,What is the purpose of a stay interview?,stay interviews help identify what keeps employees engaged and what improvements can be made to enhance job satisfaction 
Business,Finance,easy,How do you calculate the debt-to-equity ratio and what does it signify?,debt to equity ratio   total debt / total equity  it measures financial leverage 
Business,Finance,easy,"How do you calculate the current ratio, and what does it indicate about a company’s financial health?",current ratio   current assets / current liabilities  it shows a company s ability to meet short term obligations 
Business,Finance,easy,"How do you calculate free cash flow, and why is it important?",free cash flow   operating cash flow   capital expenditures  it shows cash available for growth 
Business,Finance,easy,How do you calculate and interpret a company’s return on equity (ROE)?,roe   net income / equity  it shows how well a company uses equity to make profits 
Business,Finance,easy,How do you calculate and interpret a company’s debt-to-equity ratio?,debt to equity   total debt / equity  it shows financial leverage and risk 
Business,Finance,easy,How do you calculate a company’s earnings before interest and taxes (EBIT)?,ebit   revenue   operating expenses  it measures core profitability 
Business,Finance,easy,How do you assess the profitability of a company using financial statements?,look at profit margins and net income 
Business,Finance,easy,How do you assess the financial health of a company?,i analyze financial statements  key ratios  cash flow  and market trends 
Business,Finance,easy,How do you analyze and interpret an income statement to assess a company’s profitability?,look at revenue  expenses  and net profit 
Business,Finance,easy,How do interest rate changes affect bond prices?,when interest rates rise  bond prices fall  and vice versa 
Business,Finance,easy,Explain Purchase Price and Profitability.,purchase price is the cost of acquiring an asset  profitability is the ability to generate profit from revenue 
Business,Finance,easy,Cash-based vs. Accrual Accounting?,cash based  records transactions when cash moves accrual  records when earned/incurred  regardless of cash flow 
Business,Finance,easy,Can you explain the significance of the quick ratio and how it’s used in financial analysis?,it shows if a company can pay short term debts without selling inventory 
Business,Finance,easy,Can you explain the significance of a company’s liquidity position and its impact on operations?,good liquidity ensures a company can pay bills and run smoothly 
Business,Finance,easy,Why might a company prefer to lease an asset rather than purchase it?,leasing preserves capital  provides tax benefits  and avoids the risk of asset depreciation 
Business,Finance,easy,Why do you want to become a financial analyst?,i am passionate about using data to drive business decisions and enjoy the challenge of complex analysis 
Business,Finance,easy,"Which is cheaper, debt or equity?",debt is cheaper due to tax deductible interest and lower required returns than equity 
Business,Finance,easy,What’s the difference between operating income and net income?,operating income is from core operations  while net income includes all other expenses and taxes 
Business,Finance,easy,What would you consider when evaluating a company’s return on investment (ROI)?,compare net gain to initial investment 
Business,Finance,easy,What is your understanding of working capital management and why is it important for financial health?,it ensures enough cash is available for daily operations 
Business,Finance,easy,What is your approach to analyzing cash flow from operating activities?,focus on consistency and adequacy to support operations 
Business,Finance,easy,"How do you calculate the debt-to-equity ratio, and what does it indicate about a company?",debt to equity   debt / equity  it shows the company s financial leverage 
Business,Finance,easy,What is your approach to analyzing a company’s working capital?,check if current assets can cover current liabilities 
Business,Finance,easy,"How do you calculate the return on assets (ROA), and what does it tell you about a company?",roa   net income / total assets  it shows how well assets are used to generate profit 
Business,Human Resources,easy,What are the most effective ways HR can support employee career development?,hr can provide mentorship programs  training opportunities  and internal mobility options to encourage career growth 
Business,Human Resources,easy,Why should HR regularly update job descriptions?,to reflect evolving job responsibilities  ensure legal compliance  and maintain fair compensation structures 
Business,Human Resources,easy,Why should HR regularly update workplace policies?,to ensure compliance with labor laws  reflect industry best practices  and adapt to workforce changes 
Business,Human Resources,easy,Why should HR teams prioritize professional development opportunities?,to enhance employee skills  improve retention  and maintain a competitive workforce 
Business,Human Resources,easy,Why should HR track employee turnover rates?,tracking turnover helps identify retention issues and improve employee satisfaction strategies 
Business,Human Resources,easy,Why should HR track employee turnover trends?,to identify retention risks  assess workplace satisfaction  and develop targeted retention strategies 
Business,Human Resources,easy,Why should HR track reasons for employee resignations?,to identify patterns  improve retention strategies  and address workplace issues before they escalate 
Business,Human Resources,easy,Why should HR track the effectiveness of training programs?,to ensure learning objectives are met and to measure the impact of training on employee performance 
Business,Human Resources,easy,How does HR support a company's long-term business strategy?,by aligning talent management  workforce planning  and employee engagement with company goals 
Business,Human Resources,easy,How does HR support employee well-being in high-pressure work environments?,by offering wellness programs  stress management resources  and promoting a healthy work life balance 
Business,Human Resources,easy,What are key indicators that an employee may be at risk of leaving the company?,decreased engagement  lower productivity  frequent absences  and reduced interaction with colleagues 
Business,Human Resources,easy,What are the benefits of HR digital transformation?,it improves efficiency  enhances employee experience  and provides data driven insights for decision making 
Business,Human Resources,easy,What are the benefits of cross-training employees?,it improves workforce flexibility  enhances skill development  and ensures business continuity in case of employee absences 
Business,Human Resources,easy,What are the benefits of flexible work arrangements?,they improve employee satisfaction  reduce absenteeism  and enhance productivity 
Business,Human Resources,easy,What are the key components of a strong employee assistance program (EAP)?,confidential counseling  financial advice  mental health support  and career guidance 
Business,Human Resources,easy,What are the key components of an effective HR communication strategy?,transparency  consistency  open feedback channels  and clear messaging 
Business,Human Resources,easy,What are the key components of an effective onboarding process?,clear role expectations  mentorship programs  training sessions  and engagement check ins 
Business,Human Resources,easy,What are the key differences between HR Generalists and HR Specialists?,hr generalists handle a wide range of hr functions  while hr specialists focus on a specific area like recruitment or compliance 
Business,Human Resources,easy,What are the key elements of an effective workplace grievance policy?,a clear reporting structure  confidentiality  fair investigation processes  and timely resolution mechanisms 
Business,Human Resources,easy,What are the key functions of Human Resource Management?,hrm includes recruitment  employee relations  performance management  compensation  and compliance 
Business,Human Resources,easy,What are the main responsibilities of an HR Specialist?,an hr specialist is responsible for recruitment  employee relations  compliance  benefits management  and training programs 
Business,Human Resources,easy,What are the most effective strategies for employee engagement in remote work environments?,regular virtual check ins  team building activities  and flexible work arrangements can help maintain engagement 
Business,Human Resources,easy,What factors do you consider when writing a job description for a new position?,i consider key responsibilities  required skills  experience levels  and how the role aligns with company goals 
Business,Finance,easy,What is working capital?,current assets minus current liabilities  measures short term liquidity 
Business,Finance,easy,What is the secondary market?,where previously issued securities are bought and sold 
Business,Finance,easy,What is the relationship between risk and return in an investment portfolio?,higher risk typically leads to higher potential returns 
Business,Finance,easy,Tell me about yourself.,i am a finance professional with over   years of experience in financial analysis and reporting 
Business,Finance,easy,How would you explain to a non-financial stakeholder the concept of net present value (NPV)?,npv shows the value of future cash flows today  positive npv means a good investment 
Business,Finance,easy,How would you explain to a non-financial manager the concept of financial leverage?,it s using borrowed funds to increase investment returns 
Business,Finance,easy,How would you explain the time value of money to someone with little to no financial background?,money today is worth more than the same amount in the future due to its earning potential  interest or investment returns  
Business,Finance,easy,How would you explain the relationship between risk and return to a new investor?,higher risk generally leads to higher potential returns 
Business,Finance,easy,How would you explain the importance of maintaining an optimal working capital cycle?,ensures liquidity for daily operations 
Business,Finance,easy,How would you explain the differences between a company’s gross margin and operating margin?,gross margin is sales minus cost of goods sold  operating margin includes operating expenses 
Business,Finance,easy,How would you explain the concept of “time value of money” to someone unfamiliar with finance?,money today is worth more than the same amount in the future 
Business,Finance,easy,How would you explain the concept of market capitalization to a client?,market cap is the total value of all company shares 
Business,Finance,easy,How would you calculate and interpret a company’s return on investment (ROI)?,roi    net profit / investment cost         it measures profitability and investment efficiency 
Business,Finance,easy,How would you calculate and interpret a company’s return on assets (ROA)?,roa is calculated by dividing net income by total assets  it indicates how efficiently assets are being used to generate profit 
Business,Finance,easy,How would you calculate a company’s price-to-sales ratio (P/S)?,p/s   market capitalization / revenue 
Business,Finance,easy,How do you stay updated with market trends and changes?,i follow financial news  subscribe to industry publications  and attend webinars and professional events 
Business,Finance,easy,How do you stay updated on financial news and market trends?,i follow financial news via bloomberg  wsj  and industry reports 
Business,Finance,easy,How do you prioritize tasks when multiple deadlines are looming?,i assess urgency and impact  then adjust my schedule to focus on high priority tasks first 
Business,Finance,easy,How do you manage high-stress situations with account holders?,staying calm  listening actively  and providing clear solutions 
Business,Finance,easy,How do you differentiate between current and non-current liabilities on the balance sheet?,current liabilities are due within one year  non current are due later 
Business,Finance,easy,How do you differentiate between a fixed cost and a variable cost?,fixed costs remain constant  variable costs change with production levels 
Business,Finance,easy,Can you describe the difference between operating income and net income?,operating income is from core operations  net income includes all expenses and revenues 
Business,Finance,easy,"Can you explain the difference between a capital expenditure and an operating expenditure, and why is this distinction important?",capex is for long term assets  opex is for daily costs  it impacts cash flow 
Business,Finance,easy,Can you explain the difference between gross margin and net margin?,gross margin   revenue   cogs  net margin includes all expenses 
Business,Finance,easy,What are cash equivalents?,short term  highly liquid assets easily convertible to cash  like treasury bills and money market funds 
Business,Finance,easy,What are the differences between a cash flow statement and an income statement?,cash flow shows actual cash inflows and outflows  income statement shows profit or loss 
Business,Finance,easy,What are the differences between a company’s book value and market value?,book value is based on assets  while market value reflects stock price 
Business,Finance,easy,What are the four financial statements?,income statement  balance sheet  cash flow statement  and equity statement 
Business,Finance,easy,What is the relationship between a company’s net income and its cash flow?,net income includes non cash items  cash flow shows actual liquidity 
Business,Finance,easy,What is the importance of liquidity ratios in financial analysis?,they measure a company s ability to pay short term debts 
Business,Finance,easy,"What is the difference between operating income and net income, and how are they used to assess performance?",operating income is core business profit  net income includes all factors 
Business,Finance,easy,What is the difference between a budget and a forecast?,a budget is a financial plan for a future period  while a forecast is an estimate based on actual performance and trends 
Business,Finance,easy,What is goodwill?,the extra value of a company  often from its reputation or customer loyalty 
Business,Finance,easy,What is accumulated depreciation?,the total depreciation expense recorded for an asset over time 
Business,Finance,easy,What is a sin tax?,a tax on products deemed harmful  like alcohol  tobacco  and sugary drinks 
Business,Finance,easy,What is a payback period?,the time it takes for an investment to recover its initial cost from cash inflows 
Business,Finance,easy,What is a financial forecast?,a financial forecast estimates future revenues  expenses  and cash flows based on historical data and assumptions 
Business,Finance,easy,What is a cash flow statement? Explain.,tracks cash coming in and out of a company from operations  investments  and financing 
Business,Human Resources,easy,Why should HR regularly review workplace health and safety policies?,to comply with legal regulations  reduce workplace accidents  and ensure employee well being 
Business,Finance,easy,What is Finance?,managing money  investments  and budgeting to meet financial goals 
Business,Finance,easy,What financial ratios would you use to assess a company’s profitability?,gross margin  net margin  roe  and roa 
Business,Finance,easy,What do you understand by working capital?,money available for daily operations  calculated by subtracting current liabilities from current assets 
Business,Finance,easy,What do you understand by fair value?,the current market price or value of an asset or liability 
Business,Finance,easy,What do you think is the most important financial metric for assessing a company’s profitability?,net profit margin 
Business,Finance,easy,What do you think are the most important qualities of a financial analyst?,strong analytical skills  attention to detail  and effective communication are essential qualities 
Business,Finance,easy,What do you like about Finance?,its role in decision making  problem solving  and driving business growth 
Business,Finance,easy,What are three types of short-term financing that our company could use to fulfill its cash needs?,trade credit  bank overdrafts  and short term loans 
Business,Finance,easy,"What are the main types of financial statements, and how do they interrelate?",balance sheet  income statement  and cash flow statement showing assets  earnings  and liquidity 
Business,Finance,easy,What are the key differences between fixed and floating interest rates from a financial perspective?,fixed rates remain constant  while floating rates change with the market 
Business,Finance,easy,What are the key differences between equity financing and debt financing?,equity financing involves ownership dilution  while debt financing requires fixed repayments 
Business,Finance,easy,What financial software are you proficient in?,i am proficient in excel  bloomberg terminal  and various financial modeling tools 
Business,Human Resources,easy,What is the importance of succession planning in HR?,it ensures business continuity by identifying and developing future leaders within the company 
Business,Human Resources,easy,Why should HR regularly review employee engagement data?,to identify trends  address workplace concerns  and continuously improve organizational culture 
Business,Human Resources,easy,Why should HR monitor workplace trends and industry benchmarks?,to stay competitive in talent acquisition  improve workplace policies  and ensure hr strategies align with industry standards 
Business,Human Resources,easy,Why is HR involved in corporate social responsibility (CSR) programs?,because hr drives ethical workplace practices  employee volunteerism  and sustainability initiatives 
Business,Human Resources,easy,Why is HR responsible for employee retention strategies?,because hr designs career growth opportunities  improves workplace culture  and ensures competitive compensation 
Business,Human Resources,easy,Why is HR responsible for enforcing workplace safety regulations?,to protect employees  ensure legal compliance  and reduce the risk of workplace incidents 
Business,Human Resources,easy,Why is HR responsible for handling workplace conflicts confidentially?,to maintain trust  protect employee privacy  and ensure fair conflict resolution 
Business,Human Resources,easy,Why is HR responsible for maintaining positive employee-employer relationships?,to ensure workplace harmony  foster engagement  and create a productive work environment 
Business,Human Resources,easy,Why is HR responsible for monitoring employee satisfaction?,because engaged employees contribute to higher productivity  lower turnover  and a positive work culture 
Business,Human Resources,easy,Why is HR responsible for monitoring employee turnover rates?,to identify retention risks  assess workplace satisfaction  and implement effective employee engagement strategies 
Business,Human Resources,easy,Why is HR responsible for monitoring workplace equity and fairness?,to prevent discrimination  promote inclusive policies  and ensure compliance with labor laws 
Business,Human Resources,easy,Why is HR responsible for succession planning?,hr identifies leadership potential  ensures smooth role transitions  and prepares employees for future responsibilities 
Business,Human Resources,easy,Why is continuous feedback important in performance management?,it enhances employee development  improves engagement  and helps identify performance improvement areas in real time 
Business,Human Resources,easy,Why is continuous feedback important in performance management?,it helps employees improve in real time  enhances engagement  and ensures alignment with company goals 
Business,Human Resources,easy,Why is continuous learning important for HR professionals?,to stay updated on labor laws  workplace trends  and best practices in hr management 
Business,Human Resources,easy,Why is cross-functional collaboration important for HR?,because hr policies impact all departments  and collaboration ensures alignment with business objectives 
Business,Human Resources,easy,Why is cross-functional collaboration important in HR?,it ensures alignment between hr strategies and business objectives  improving efficiency and employee satisfaction 
Business,Human Resources,easy,Why is cross-training important in workforce planning?,it increases workforce flexibility  improves career development  and ensures business continuity in case of staff shortages 
Business,Human Resources,easy,Why is diversity hiring important in today’s workforce?,it promotes innovation  enhances workplace inclusivity  and ensures compliance with equal opportunity laws 
Business,Human Resources,easy,Why is employee engagement essential for business success?,engaged employees boost productivity  improve retention  and enhance workplace morale 
Business,Human Resources,easy,Why is employee feedback essential for HR policies?,feedback helps refine policies  improve engagement  and ensure hr initiatives align with employee needs 
Business,Human Resources,easy,Why is employer branding important for attracting top talent?,a strong employer brand improves recruitment success  boosts employee morale  and enhances the company s reputation 
Business,Human Resources,easy,Why is employer branding important in attracting talent?,it enhances reputation  increases applicant interest  and improves recruitment efficiency 
Business,Human Resources,easy,Why is employer branding important in attracting top talent?,it improves recruitment efforts  strengthens company reputation  and enhances candidate engagement 
Business,Human Resources,easy,What role does HR play in supporting employees during major company changes?,hr provides transparent communication  emotional support resources  and ensures fair treatment of employees 
Business,Human Resources,easy,"Why is exit interview data important, and how should it be used?",it provides insights into workplace issues and helps improve retention by addressing common concerns 
Business,Human Resources,easy,What role does HR play in shaping company culture?,hr influences culture through hiring  leadership training  and employee engagement initiatives 
Business,Human Resources,easy,What role does HR play in preventing workplace gossip from affecting company culture?,hr reinforces ethical conduct  promotes transparency  and addresses concerns proactively before they escalate 
Business,Human Resources,easy,What is the role of HR in crisis management situations?,hr ensures business continuity  communicates with employees  and provides support during crises 
Business,Human Resources,easy,What is the role of HR in disciplinary actions?,hr ensures fair enforcement of policies  documents infractions  and implements corrective measures when needed 
Business,Human Resources,easy,What is the role of HR in handling workplace harassment claims?,hr must conduct fair investigations  enforce anti harassment policies  and ensure employee protection 
Business,Human Resources,easy,What is the role of HR in maintaining company ethics?,hr establishes ethical guidelines  provides training  and ensures compliance with ethical workplace standards 
Business,Human Resources,easy,What is the role of HR in managing employee stress and burnout?,hr can implement wellness programs  encourage work life balance  and provide mental health resources 
Business,Human Resources,easy,What is the role of HR in managing remote employee performance?,hr should establish clear expectations  provide regular check ins  and utilize digital performance tracking tools 
Business,Human Resources,easy,What is the role of HR in preventing workplace bullying?,hr establishes anti bullying policies  conducts training  and provides confidential reporting mechanisms for employees 
Business,Human Resources,easy,What is the role of HR in shaping company culture?,hr fosters culture through leadership alignment  communication  and workplace policies 
Business,Human Resources,easy,What is the significance of employee recognition programs?,they boost morale  increase retention  and enhance job satisfaction by acknowledging contributions 
Business,Human Resources,easy,What role does HR play in an organization’s diversity and inclusion efforts?,hr promotes inclusive hiring  ensures workplace equity  and develops diversity training programs 
Business,Human Resources,easy,What role does HR play in crisis management?,hr supports employee well being  ensures business continuity  and facilitates communication during crises 
Business,Human Resources,easy,What role does HR play in employee engagement surveys?,hr collects and analyzes feedback  identifies key trends  and implements changes to improve workplace culture 
Business,Human Resources,easy,What role does HR play in employee engagement surveys?,hr designs surveys  analyzes results  and implements action plans to address employee concerns and improve engagement 
Business,Human Resources,easy,What role does HR play in employee financial wellness programs?,hr can offer financial literacy training  retirement planning support  and stress reduction initiatives 
Business,Human Resources,easy,What role does HR play in employee mental health and well-being?,hr provides wellness programs  supports a healthy work environment  and ensures employees have access to mental health resources 
Business,Human Resources,easy,What role does HR play in employee work-life balance?,hr promotes flexible work policies  wellness programs  and mental health support to improve work life balance 
Business,Human Resources,easy,What role does HR play in employer branding?,hr ensures the company is seen as a great place to work by managing recruitment experiences  company culture  and employee testimonials 
Business,Human Resources,easy,What role does HR play in ensuring cybersecurity awareness among employees?,hr ensures employees receive cybersecurity training  understand data protection policies  and comply with it security protocols 
Business,Human Resources,easy,What role does HR play in maintaining workplace confidentiality?,hr safeguards sensitive employee information and ensures compliance with data privacy laws 
Business,Human Resources,easy,What role does HR play in managing company-wide change initiatives?,hr facilitates communication  provides employee support  and ensures smooth transitions through change management strategies 
Business,Human Resources,easy,What role does HR play in preventing workplace conflicts?,hr fosters a culture of respect  provides conflict resolution training  and mediates disputes when necessary 
Business,Human Resources,easy,What role does HR play in promoting corporate social responsibility (CSR) initiatives?,hr integrates csr into company culture  promotes volunteerism  and ensures ethical business practices 
Business,Human Resources,easy,Why is it crucial for HR to align employee benefits with workforce demographics?,to ensure relevance  improve engagement  and attract diverse talent 
Business,Human Resources,easy,Why is it essential for HR to collaborate with finance and operations teams?,to ensure workforce planning aligns with business goals  budget constraints  and operational efficiency 
Business,Human Resources,easy,Why is it essential for HR to conduct stay interviews in addition to exit interviews?,to proactively address employee concerns  improve retention strategies  and strengthen workplace satisfaction 
Business,Human Resources,easy,Why is it important to have an anonymous employee feedback system?,it encourages honest feedback  helps hr identify workplace issues  and fosters a culture of trust and improvement 
Business,Human Resources,easy,Why is it important to have structured exit interviews?,to gather honest feedback  identify improvement areas  and enhance employee retention strategies 
Business,Human Resources,easy,Why is onboarding crucial for new employees?,onboarding helps employees integrate into the company culture  understand expectations  and improve early engagement 
Business,Human Resources,easy,Why is onboarding important for new hires?,it helps employees integrate into company culture  understand job expectations  and become productive quickly 
Business,Human Resources,easy,Why is ongoing employee feedback important?,it promotes continuous improvement  enhances engagement  and helps identify issues early 
Business,Human Resources,easy,Why is performance management critical in HR?,it ensures continuous improvement  identifies training needs  and aligns individual goals with company objectives 
Business,Human Resources,easy,Why is tracking employee engagement important?,it helps measure workplace satisfaction  retention risks  and areas for improvement 
Business,Human Resources,easy,Why is workplace flexibility becoming a key HR strategy?,because it improves employee satisfaction  reduces turnover  and supports work life balance 
Business,Human Resources,easy,Why should HR actively support employee wellness programs?,to reduce stress  improve productivity  and enhance overall employee well being 
Business,Human Resources,easy,Why should HR advocate for leadership development programs?,to build strong future leaders  improve managerial effectiveness  and enhance employee engagement 
Business,Human Resources,easy,Why should HR conduct pulse surveys in addition to annual engagement surveys?,pulse surveys provide real time employee feedback  allowing hr to address issues proactively 
Business,Human Resources,easy,Why should HR conduct regular salary benchmarking?,to ensure competitive pay  attract and retain top talent  and maintain fairness in compensation structures 
Business,Human Resources,easy,Why should HR departments monitor industry salary benchmarks regularly?,to stay competitive in talent acquisition  maintain pay equity  and reduce turnover 
Business,Human Resources,easy,Why should HR encourage a culture of continuous feedback?,to drive performance improvement  increase transparency  and build strong communication across teams 
Business,Human Resources,easy,Why should HR encourage open discussions about career growth opportunities?,to retain top talent  boost employee motivation  and ensure alignment between company and individual goals 
Business,Human Resources,easy,Why should HR encourage professional development programs?,to enhance employee skills  improve retention  and ensure career growth opportunities within the organization 
Business,Human Resources,easy,Why should HR ensure that all job descriptions are up to date?,to align roles with business needs  clarify employee responsibilities  and support fair performance evaluations 
Business,Human Resources,easy,Why should HR focus on employee experience beyond salary and benefits?,because workplace culture  growth opportunities  and work life balance significantly impact retention and engagement 
Business,Human Resources,easy,Why should HR monitor employee turnover trends?,to identify patterns  address workplace issues  and enhance retention strategies to maintain a stable workforce 
Business,Human Resources,easy,Why should HR monitor workplace conflicts proactively?,to prevent issues from escalating  maintain a positive work environment  and promote collaboration among employees 
Business,Human Resources,easy,Why should HR monitor workplace trends and employee expectations?,to stay competitive in talent acquisition  improve employee retention  and adapt hr policies accordingly 
Business,Human Resources,easy,Why is it important to have a structured onboarding process for new hires?,a structured onboarding process helps employees integrate faster  improves retention  and boosts productivity 
Business,Human Resources,easy,Why is it important to establish clear HR key performance indicators (KPIs)?,kpis help measure hr effectiveness  track progress  and align hr activities with business goals 
Business,Human Resources,easy,Why is it important to align HR strategies with employee engagement?,engaged employees are more productive  stay longer  and contribute positively to workplace culture 
Business,Human Resources,easy,Why is it important for HR to understand business financials?,understanding financials helps hr align workforce planning  compensation strategies  and hiring with the company s financial goals 
Business,Human Resources,easy,Why is it essential for HR to foster strong relationships with line managers?,because managers play a key role in employee development  workplace culture  and policy enforcement 
Business,Human Resources,easy,Why is it essential for HR to manage workplace flexibility policies?,to ensure work life balance  improve employee satisfaction  and adapt to modern workforce expectations 
Business,Human Resources,easy,Why is it essential for HR to monitor workplace productivity?,to identify performance trends  address inefficiencies  and support workforce optimization 
Business,Human Resources,easy,Why is it essential for HR to promote financial wellness programs for employees?,to reduce financial stress  improve productivity  and enhance overall employee well being 
Business,Human Resources,easy,Why is it essential for HR to provide diversity and inclusion training?,to foster a respectful workplace  ensure compliance with equal opportunity laws  and encourage innovation through diverse perspectives 
Business,Human Resources,easy,Why is it important for HR to actively participate in corporate strategy discussions?,because hr plays a key role in workforce planning  talent acquisition  and aligning human capital with business objectives 
Business,Human Resources,easy,Why is it important for HR to align its strategies with business goals?,alignment ensures hr initiatives contribute to company growth  efficiency  and long term success 
Business,Human Resources,easy,Why is it important for HR to be involved in organizational change initiatives?,to manage employee transitions effectively  ensure clear communication  and support workforce adaptation 
Business,Human Resources,easy,Why is it important for HR to collaborate with department heads?,it ensures alignment of hr initiatives with department goals  improving workforce efficiency 
Business,Human Resources,easy,Why is it important for HR to collaborate with department managers?,to align workforce strategies with business goals  improve employee engagement  and ensure effective leadership 
Business,Human Resources,easy,Why should HR regularly assess employee workload distribution?,to prevent burnout  improve productivity  and ensure fairness in task assignments 
Business,Human Resources,easy,Why is it important for HR to conduct pulse surveys in addition to annual engagement surveys?,to gain real time insights into employee morale  track trends  and make timely improvements 
Business,Human Resources,easy,Why is it important for HR to foster a diverse and inclusive workplace?,diversity promotes innovation  improves employee engagement  and ensures compliance with equal opportunity regulations 
Business,Human Resources,easy,Why is it important for HR to have a clear employee grievance resolution process?,to ensure fairness  maintain employee trust  and prevent workplace conflicts from escalating 
Business,Human Resources,easy,Why is it important for HR to have an open-door policy?,it fosters trust  encourages transparency  and helps address employee concerns proactively 
Business,Human Resources,easy,Why is it important for HR to monitor employee engagement levels?,monitoring engagement helps identify workplace issues early  improve retention  and boost productivity 
Business,Human Resources,easy,Why is it important for HR to partner with other departments?,to align hr strategies with business goals  improve workforce planning  and enhance cross functional collaboration 
Business,Human Resources,easy,Why is it important for HR to provide training on unconscious bias?,to ensure fair hiring and promotion practices  improve workplace diversity  and foster an inclusive company culture 
Business,Human Resources,easy,Why is it important for HR to track employee absenteeism?,tracking absenteeism helps identify trends  address potential workplace issues  and improve workforce planning 
Business,Human Resources,easy,Why is it important for HR to track employee morale?,tracking morale helps identify workplace issues early  improve engagement  and boost productivity 
Business,Human Resources,easy,Why is it important for HR to track employee retention trends?,to identify turnover risks  enhance workplace policies  and improve long term talent retention strategies 
Business,Human Resources,easy,Why is it important for HR to track exit interview data?,it helps identify patterns in turnover  improve retention strategies  and enhance workplace satisfaction 
Business,Human Resources,easy,Why is it important for HR to conduct regular exit interviews?,to identify patterns in employee turnover  gather feedback  and improve workplace policies 
Business,Marketing,easy,Can you describe a marketing campaign that failed? What did you learn from it?,one campaign failed due to poor targeting and a disconnect between the messaging and the audience s needs  i learned the importance of thorough audience research and segmentation  as well as the need to test and iterate campaigns before going all in to avoid costly mistakes 
Business,Finance,easy,How do you calculate the return on investment (ROI) for a real estate project or property investment?,roi    net profit / cost of investment         
Business,Accounting,easy,What is the primary purpose of a cash budget?,a cash budget helps manage liquidity  ensuring a company has enough cash to meet short term obligations and operational needs 
Business,Accounting,easy,What is the role of a financial controller in an organization?,a financial controller oversees accounting functions  financial reporting  budgeting  and compliance to ensure accurate financial management 
Business,Accounting,easy,What is the purpose of financial statement footnotes?,footnotes provide additional details about accounting policies  contingent liabilities  and significant transactions  ensuring transparency in financial reports 
Business,Accounting,easy,What is the purpose of depreciation in accounting?,depreciation allocates the cost of a fixed asset over its useful life  matching expenses with revenue and reducing taxable income 
Business,Accounting,easy,What is the purpose of an internal audit?,internal audits assess compliance  risk management  and financial controls to improve operational efficiency and prevent fraud 
Business,Accounting,easy,What is the purpose of an expense accrual?,an expense accrual records obligations incurred but not yet paid  ensuring accurate financial reporting in the correct accounting period 
Business,Accounting,easy,What is the purpose of an aging report in accounts receivable?,an aging report categorizes outstanding receivables based on due dates to assess collection efficiency and potential bad debts 
Business,Accounting,easy,What is the purpose of an adjusted trial balance?,an adjusted trial balance ensures that all adjusting entries are recorded before preparing financial statements  ensuring accuracy and compliance 
Business,Accounting,easy,What is the purpose of a working capital ratio?,the working capital ratio  current assets/current liabilities  measures a company s short term liquidity and ability to meet obligations 
Business,Accounting,easy,What is the purpose of a trial balance in accounting?,a trial balance checks that total debits equal total credits  identifying potential errors before preparing financial statements 
Business,Accounting,easy,What is the purpose of a suspense account?,a suspense account temporarily holds uncertain or incorrect transactions until they are identified and properly classified 
Business,Accounting,easy,What is the purpose of a suspense account in accounting?,a suspense account is a temporary account used to hold uncertain transactions until they can be properly classified 
Business,Accounting,easy,What is the purpose of a post-closing trial balance?,a post closing trial balance verifies that all temporary accounts are closed and only permanent accounts remain for the new period 
Business,Accounting,easy,What is the purpose of a general ledger in accounting?,a general ledger serves as the main record keeping system  summarizing financial transactions for accurate reporting and financial statement preparation 
Business,Accounting,easy,What is the purpose of a cash flow forecast?,a cash flow forecast predicts future cash inflows and outflows  helping businesses manage liquidity  plan investments  and prevent cash shortages 
Business,Accounting,easy,What is the purpose of a bank reconciliation statement?,it ensures company records match the bank s records  identifying discrepancies such as outstanding checks and unauthorized transactions 
Business,Accounting,easy,What is the primary purpose of bank overdraft reconciliation?,it ensures that overdraft balances recorded in the books align with bank statements  preventing errors and fraud 
Business,Accounting,easy,What is the primary purpose of a trial balance?,a trial balance ensures that total debits equal total credits  detecting possible errors before financial statements are prepared 
Business,Accounting,easy,What is the difference between an accrued expense and a provision?,an accrued expense is a recognized but unpaid liability  while a provision is an estimated liability for uncertain future obligations 
Business,Accounting,easy,What is the difference between cost accounting and financial accounting?,cost accounting focuses on internal cost control and efficiency  while financial accounting reports financial performance to external stakeholders 
Business,Accounting,easy,What is the difference between direct and indirect costs?,direct costs are traceable to a specific product or service  while indirect costs are shared expenses not tied to a single cost object 
Business,Accounting,easy,What is the difference between financial accounting and management accounting?,financial accounting focuses on external reporting to stakeholders  while management accounting provides internal financial insights for decision making 
Business,Accounting,easy,What is the primary function of an audit trail?,an audit trail provides a chronological record of financial transactions  ensuring transparency  accuracy  and accountability in financial reporting 
Business,Accounting,easy,What is the main purpose of a cash budget?,a cash budget estimates future cash inflows and outflows to ensure a company maintains sufficient liquidity for operations and obligations 
Business,Accounting,easy,What is the role of accounting in corporate governance?,accounting ensures transparency  compliance  and accurate financial reporting  which supports corporate governance by promoting accountability and ethical decision making 
Business,Accounting,easy,What is the importance of an audit trail in accounting?,an audit trail provides a documented history of financial transactions  ensuring transparency  accuracy  and compliance with accounting standards 
Business,Accounting,easy,What is the impact of depreciation on cash flow?,depreciation is a non cash expense that reduces net income but does not impact cash flow  improving reported operating cash flow 
Business,Accounting,easy,What is the impact of a high accounts receivable turnover ratio?,a high accounts receivable turnover ratio indicates efficient credit management and faster cash collections  benefiting cash flow 
Business,Accounting,easy,What is the effect of an increase in accounts receivable on cash flow?,an increase in accounts receivable reduces cash flow  as more sales are on credit rather than cash collections 
Business,Accounting,easy,What is the difference between tangible and intangible assets?,tangible assets have physical presence  e g   buildings  equipment   while intangible assets lack physical form  e g   patents  goodwill  
Business,Accounting,easy,What is the difference between revenue expenditure and capital expenditure?,revenue expenditure is for short term operational costs  while capital expenditure is for acquiring or upgrading long term assets 
Business,Accounting,easy,What is the difference between gross profit and net profit?,gross profit is revenue minus cost of goods sold  while net profit is the final profit after deducting all expenses  taxes  and interest 
Business,Accounting,easy,What is the impact of revenue recognition timing on financial performance?,timing of revenue recognition affects profitability  cash flow  and financial ratios  potentially influencing investor perception and regulatory compliance 
Business,Accounting,easy,What is the difference between a general ledger and a subsidiary ledger?,a general ledger summarizes all financial transactions  while a subsidiary ledger provides detailed records of specific accounts  such as accounts payable or accounts receivable 
Business,Accounting,easy,What is the role of an audit committee in financial oversight?,an audit committee ensures financial integrity  compliance with regulations  and effectiveness of internal control systems 
Business,Accounting,easy,What is the significance of prepaid expenses in financial reporting?,prepaid expenses are recorded as assets and gradually expensed over time to match costs with the related revenue period 
Business,Accounting,easy,What is the primary objective of financial reporting?,financial reporting provides stakeholders with transparent  reliable  and comparable financial information for decision making 
Business,Accounting,easy,Tell me about yourself.,i am a detail oriented accountant with experience in financial reporting  budgeting  and compliance  passionate about optimizing financial processes 
Business,Accounting,easy,Name the popular accounting applications.,popular accounting applications include quickbooks  sap  tally  freshbooks  microsoft dynamics  and xero 
Business,Accounting,easy,Name the branches of accounting.,the branches of accounting include financial accounting  management accounting  cost accounting  tax accounting  and forensic accounting 
Business,Accounting,easy,Name the accounting applications that you are familiar with.,i have experience using quickbooks  sap  tally  microsoft dynamics  xero  and freshbooks 
Business,Accounting,easy,Mention the kinds of accounts involved in double-entry bookkeeping.,double entry bookkeeping includes asset  liability  equity  revenue  and expense accounts 
Business,Accounting,easy,Mention some accounting software you are familiar with.,i have experience using quickbooks  sap  microsoft dynamics  tally  and xero for financial reporting and bookkeeping 
Business,Accounting,easy,List things that will not be included in a bank reconciliation statement.,non recorded transactions like direct bank charges  errors in accounting records  and outstanding checks not yet cleared by the bank 
Business,Accounting,easy,Is documentation essential in accounting?,yes  documentation provides evidence for transactions  ensures accuracy  supports audits  and helps in regulatory compliance 
Business,Accounting,easy,"If you were CFO of our business, what would keep you up at night?",concerns may include cash flow management  financial risks  compliance with regulations  and ensuring profitability and shareholder value 
Business,Accounting,easy,How does accounts payable differ from accounts receivable?,accounts payable represents money owed to suppliers  while accounts receivable represents money owed to the company by customers 
Business,Accounting,easy,How do you stay updated with accounting standards and regulations?,i attend professional development seminars  participate in online courses  and follow reputable accounting publications and regulatory updates 
Business,Accounting,easy,"How do we record PPE (Property, Plant, and Equipment) and why is it important?",ppe is recorded as a long term asset and depreciated over time  it is important as it represents key investments in company operations 
Business,Accounting,easy,How do companies recognize bad debt expenses?,bad debts are estimated using the allowance method or directly written off when determined uncollectible  impacting net income and accounts receivable 
Business,Accounting,easy,Explain trial balance concerning accounting.,a trial balance is a list of all ledger accounts with their debit and credit balances  used to verify the accuracy of bookkeeping records 
Business,Accounting,easy,Explain the basic accounting equation.,the basic accounting equation is assets   liabilities   equity  ensuring that financial statements remain balanced 
Business,Accounting,easy,Explain the basic accounting equation.,the basic accounting equation is assets   liabilities   equity  ensuring that financial records remain balanced 
Business,Accounting,easy,What is the significance of the conservatism principle in accounting?,the conservatism principle ensures that liabilities and expenses are recognized immediately  while revenues are only recorded when earned  promoting cautious financial reporting 
Business,Accounting,easy,What is the significance of the going concern principle in accounting?,the going concern principle assumes that a company will continue operations in the foreseeable future  impacting asset valuations and financial planning 
Business,Accounting,easy,What is the significance of working capital management?,efficient working capital management ensures liquidity  reduces borrowing costs  and supports day to day business operations 
Business,Accounting,easy,What is working capital?,working capital is calculated as current assets   current liabilities  it indicates a company s short term liquidity and operational efficiency 
Business,Accounting,easy,What is working capital?,working capital is the difference between current assets and current liabilities  indicating a company s short term liquidity position 
Business,Accounting,easy,What is your greatest strength?,my greatest strength is my attention to detail  ensuring accuracy in financial records and compliance with regulations 
Business,Accounting,easy,What is the role of the statement of retained earnings?,it reports changes in retained earnings over a period  showing net income  dividends  and adjustments affecting shareholders  equity 
Business,Accounting,easy,What is your greatest weakness?,i sometimes focus too much on details  but i am improving my ability to prioritize tasks efficiently 
Business,Accounting,easy,What’s the acronym for the accounting terms debit and credit?,debit is abbreviated as  dr  and credit as  cr  in accounting records 
Business,Accounting,easy,Which accounting application do you prefer and why?,i prefer sap for enterprise level accounting due to its scalability and quickbooks for small businesses because of its simplicity 
Business,Accounting,easy,Which accounting applications are you familiar with?,i have experience with quickbooks  sap  tally  microsoft dynamics  xero  and oracle netsuite for financial management 
Business,Accounting,easy,Why did you choose the accounting profession?,i chose accounting because i enjoy working with numbers  financial analysis  and helping businesses maintain accurate financial records 
Business,Accounting,easy,Why do companies create provision accounts?,provision accounts are used to recognize expected liabilities or losses  ensuring financial statements reflect realistic obligations 
Business,Accounting,easy,Why do you prefer accounting as a profession?,i enjoy working with numbers  financial analysis  and helping businesses maintain accurate records  which makes accounting a rewarding profession for me 
Business,Accounting,easy,What types of business transactions are there in accounting?,there are two main types of business transactions  cash transactions  immediate payment  and credit transactions  payment deferred   additionally  they can be classified into revenue  expense  capital  and non cash transactions 
Business,Accounting,easy,What is the difference between a general ledger and a subsidiary ledger?,a general ledger records all financial transactions  while a subsidiary ledger provides detailed information about specific accounts  such as accounts receivable or accounts payable 
Business,Accounting,easy,"When a company pays a bill, is the ‘Cash’ account credited or debited?",the  cash  account is credited because cash is being reduced 
Business,Accounting,easy,What is the difference between a financial lease and an operating lease?,a financial lease transfers ownership risks and rewards to the lessee  whereas an operating lease is treated as a rental expense without asset ownership transfer 
Business,Accounting,easy,What does 'purchase return' mean in accounting?,a purchase return refers to the return of goods purchased due to defects  incorrect items  or other reasons  reducing accounts payable 
Business,Accounting,easy,What does 'purchase return' mean in accounting?,a purchase return occurs when a buyer returns goods to the supplier  reducing accounts payable or receiving a refund 
Business,Accounting,easy,What does 'premises' mean in accounting?,in accounting   premises  refers to the land and buildings owned by a company and recorded as fixed assets on the balance sheet 
Business,Accounting,easy,What do you mean by vouching?,vouching is the process of verifying financial transactions with supporting documents to ensure accuracy and compliance 
Business,Accounting,easy,What do you mean by purchase return in accounting?,a purchase return occurs when a buyer returns goods to the supplier  leading to a reduction in accounts payable or a refund 
Business,Accounting,easy,What are the various branches of Accounting?,branches of accounting include financial accounting  management accounting  cost accounting  tax accounting  forensic accounting  and auditing 
Business,Accounting,easy,What are the uses of a Journal in Accounting?,a journal records daily financial transactions in chronological order before posting them to ledger accounts  ensuring an accurate audit trail 
Business,Accounting,easy,What are the top three skills of an excellent accountant?,attention to detail  analytical thinking  and strong knowledge of accounting principles and financial software 
Business,Accounting,easy,What are the three main types of accounts?,the three main types of accounts are personal accounts  real accounts  and nominal accounts 
Business,Accounting,easy,What are the three main Financial Statements?,the three main financial statements are the income statement  balance sheet  and cash flow statement 
Business,Accounting,easy,What are the key differences between financial and managerial accounting?,financial accounting focuses on external reporting and compliance  while managerial accounting is used internally for decision making and cost control 
Business,Accounting,easy,What are the key components of a statement of retained earnings?,it includes the beginning balance  net income  dividends paid  and ending retained earnings for a given period 
Business,Accounting,easy,What are the different types of financial risks a company faces?,types include credit risk  liquidity risk  market risk  and operational risk  which impact financial stability and performance 
Business,Accounting,easy,What are assets minus liabilities?,assets minus liabilities equal equity  which represents the net worth of a business 
Business,Accounting,easy,"What are adjusting journal entries, and why are they necessary?",adjusting journal entries ensure that revenues and expenses are recorded in the correct accounting period  aligning financial statements with the accrual basis of accounting 
Business,Accounting,easy,What are Fictitious Assets?,fictitious assets are expenses that do not create tangible value but are recorded as assets  such as preliminary business expenses or deferred advertising costs 
Business,Accounting,easy,"What are Drawings, what type of account is it & its journal entry?",drawings refer to cash or goods withdrawn by the owner for personal use  it is a contra equity account recorded as  drawings a/c dr  to cash a/c  being withdrawal of cash for personal use 
Business,Accounting,easy,Can you explain the basic accounting equation?,the basic accounting equation is assets   liabilities   equity  it represents the fundamental principle of double entry accounting  ensuring that the balance sheet remains balanced 
Business,Accounting,easy,What is the difference between a fiscal year and a calendar year in accounting?,a fiscal year is a    month period chosen by a company for accounting purposes  which may differ from the calendar year  january to december  
Business,Accounting,easy,Define Tally accounting.,tally accounting refers to the use of tally erp software for bookkeeping  inventory management  and gst compliance 
Business,Accounting,easy,Define Working Capital.,working capital is calculated as current assets   current liabilities  it represents a company s short term liquidity and operational efficiency 
Business,Accounting,easy,Define balancing in accounting.,balancing in accounting refers to ensuring that total debits equal total credits in a ledger or financial statement to maintain accuracy 
Business,Accounting,easy,Define bills receivable.,bills receivable represent amounts owed to a company by customers for goods or services sold on credit 
Business,Accounting,easy,What does the abbreviation 'Dr.' mean in accounting?, dr   stands for debit  which increases asset or expense accounts and decreases liabilities or revenue accounts 
Business,Accounting,easy,Define dual aspect in accounting.,the dual aspect concept states that every transaction affects two accounts  ensuring that total debits equal total credits 
Business,Accounting,easy,Define retail banking.,retail banking involves providing financial services such as loans  savings accounts  and credit cards to individual consumers 
Business,Accounting,easy,Define scrap value in accounting.,scrap value  also known as salvage value  is the estimated residual value of an asset after its useful life 
Business,Accounting,easy,Define trade bills.,trade bills are financial documents representing a company s right to receive payment from a customer for goods or services sold on credit 
Business,Accounting,easy,Difference between trial balance and a balance sheet?,a trial balance is an internal report verifying total debits and credits  while a balance sheet is an official financial statement summarizing a company s financial position 
Business,Accounting,easy,What are Accounting Principles?,accounting principles are standardized guidelines  such as consistency  relevance  comparability  and reliability  ensuring accurate financial reporting 
Business,Accounting,easy,What are Accounting Transactions?,accounting transactions are financial activities recorded in accounting records  such as sales  purchases  expenses  and payments 
Business,Accounting,easy,Define offset accounting.,offset accounting involves netting financial transactions by matching debits with corresponding credits to simplify reporting 
Business,Accounting,easy,What does the budget of a company include?,a corporate budget includes revenue forecasts  operating expenses  capital expenditures  and cash flow projections 
Business,Accounting,easy,Tell me something about yourself.,i am an experienced accountant with expertise in financial reporting  tax compliance  and cost management  passionate about ensuring financial efficiency 
Business,Accounting,easy,What happens to the company’s 'Cash Account' if it borrows money from the bank by signing a note payable?,the cash account increases due to the loan proceeds  while a corresponding liability is recorded under  notes payable  
Business,Accounting,easy,What is a ledger?,a ledger is a principal book in which all financial transactions are recorded by account type  forming the basis for financial statements 
Business,Accounting,easy,"What is a suspense account, and when is it used?",a suspense account is a temporary holding account used to record ambiguous transactions until they are classified correctly 
Business,Accounting,easy,What is accounts receivable?,accounts receivable represents the amount customers owe a company for goods or services delivered on credit 
Business,Accounting,easy,What is an Account in Accounting?,an account is a record summarizing financial transactions related to a specific asset  liability  equity  revenue  or expense 
Business,Accounting,easy,What is an Accounting Transaction?,an accounting transaction is a financial event recorded in the books of accounts  such as purchases  sales  payments  and receipts 
Business,Accounting,easy,What is an Accounting Transaction?,an accounting transaction is any business event affecting financial statements  such as sales  purchases  payments  or receipts 
Business,Accounting,easy,What is a general ledger account?,a general ledger account records financial transactions of a business  categorized into assets  liabilities  equity  revenue  and expenses 
Business,Accounting,easy,"What is an accrued expense, and how is it recorded?",an accrued expense is a liability for an expense incurred but not yet paid  recorded as an expense and a payable on the balance sheet 
Business,Accounting,easy,What is bad debt expense?,bad debt expense is an estimated amount of accounts receivable that is unlikely to be collected and is recorded as an expense 
Business,Accounting,easy,What is the abbreviation of VAT in accounting?,vat stands for value added tax  which is a tax levied on the sale of goods and services 
Business,Accounting,easy,"What is the accounting equation, and why is it important?",the accounting equation  assets   liabilities   equity  ensures that financial statements remain balanced and accurate 
Business,Accounting,easy,What does the cash flow statement reveal about a company?,the cash flow statement shows cash inflows and outflows from operating  investing  and financing activities  indicating liquidity and financial health 
Business,Accounting,easy,What is the difference between a balance sheet and an income statement?,a balance sheet shows a company s financial position at a point in time  while an income statement reports profitability over a period 
Business,Accounting,easy,What is the accounting treatment for prepaid expenses?,prepaid expenses are recorded as assets and gradually expensed over time as the benefit is realized  ensuring proper matching of expenses 
Business,Accounting,easy,What is an overdraft in banking and how is it recorded in financial statements?,an overdraft is a negative bank balance due to excess withdrawals  recorded as a liability in financial statements 
Business,Accounting,easy,What is a deferred tax liability and how does it arise?,a deferred tax liability arises when taxable income is lower than financial income due to temporary differences  resulting in future tax obligations 
Business,Accounting,easy,What is an EA in Accounting?,an enrolled agent  ea  is a tax professional authorized by the irs to represent taxpayers in tax related matters 
Business,Accounting,easy,"What is a contingent asset, and how is it reported?",a contingent asset is a potential future gain that is not recognized in financial statements until it is realized  in compliance with accounting standards 
Business,Accounting,easy,What is Double Entry Bookkeeping? What are its rules?,double entry bookkeeping records transactions in two accounts  debit and credit  rules include     debit assets/expenses  credit income/liabilities     every debit has a corresponding credit 
Business,Accounting,easy,What is Accounting?,accounting is the process of recording  classifying  summarizing  and analyzing financial transactions to provide useful financial information 
Business,Accounting,easy,"What is a contra liability account, and can you provide an example?",a contra liability account reduces a liability balance  such as  discount on bonds payable   which offsets the bond liability 
Business,Accounting,easy,What is GST?,gst  goods and services tax  is a value added tax levied on most goods and services sold for domestic consumption 
Business,Accounting,easy,What is Owner’s Equity? How do you calculate it?,owner s equity represents the owner s stake in a business and is calculated as assets   liabilities 
Business,Accounting,easy,What is Bank Reconciliation?,bank reconciliation is the process of matching the company s accounting records with the bank statement to identify discrepancies 
Business,Accounting,easy,What is a Bank Reconciliation Statement & why is it prepared?,a bank reconciliation statement compares company records with the bank statement to identify and correct discrepancies such as outstanding checks or deposits in transit 
Business,Accounting,easy,What is a Bank Reconciliation Statement? What are the steps to prepare it?,a bank reconciliation statement matches the company s cash records with the bank statement by identifying and adjusting discrepancies like outstanding checks and deposits in transit 
Business,Accounting,easy,What is Tally accounting?,tally is an accounting software used for financial transactions  bookkeeping  inventory management  and gst compliance 
Business,Accounting,easy,What is a balance sheet?,a balance sheet is a financial statement that shows a company s assets  liabilities  and equity at a specific point in time 
Business,Accounting,easy,What is a balance sheet?,a balance sheet is a financial statement that shows a company s assets  liabilities  and shareholders  equity at a specific point in time  reflecting the financial position of the business 
Business,Accounting,easy,"What is a cash basis accounting system, and when is it used?",cash basis records transactions when cash is received or paid  often used by small businesses for simplicity and tax benefits 
Business,Accounting,easy,"What is a chart of accounts, and why is it important?",a chart of accounts is a structured list of a company s financial accounts  essential for organizing and tracking financial transactions 
Business,Accounting,easy,What is a classified balance sheet?,a classified balance sheet organizes assets and liabilities into categories such as current and non current to improve financial statement clarity 
Business,Accounting,medium,What is Contingent Liabilities?,contingent liabilities are potential obligations  like lawsuits or warranties  disclosed in financial statements if they are probable and estimable 
Business,Accounting,medium,What is Capital? What type of account is it and where is it shown in financial statements?,capital represents the owner s investment in a business  it is a liability for the business and is recorded under  equity  on the balance sheet 
Business,Accounting,medium,What is the significance of EBITDA in financial analysis?,ebitda  earnings before interest  taxes  depreciation  and amortization  measures operating performance by excluding non operating costs 
Business,Accounting,medium,What is the Journal Entry for Goods Given in Charity?,charity a/c dr  to purchases a/c  being goods given in charity recorded 
Business,Accounting,medium,What is Deferred Revenue Expenditure?,deferred revenue expenditure refers to large expenses benefiting multiple periods  recorded as assets and expensed over time  such as advertising or research costs 
Business,Accounting,medium,What is the Journal Entry for Free Samples?,advertisement a/c dr    to purchases a/c    being free samples distributed recorded as advertisement expense 
Business,Accounting,medium,What is the Accounts Payable Cycle?,the accounts payable cycle involves recording  verifying  approving  and processing supplier invoices and payments 
Business,Accounting,medium,What is Computerized Accounting?,computerized accounting uses software like quickbooks  sap  and tally for financial transactions  reporting  and data accuracy 
Business,Accounting,medium,What is retail banking?,retail banking refers to banking services offered to individuals  including savings accounts  loans  credit cards  and mortgages 
Business,Accounting,medium,What is an EA in accounting?,ea  enrolled agent  is a tax advisor licensed by the irs to represent taxpayers in audits  collections  and appeals 
Business,Accounting,medium,What is marginal cost?,marginal cost refers to the additional cost incurred when producing one extra unit of a product 
Business,Accounting,medium,What is executive accounting?,executive accounting is designed for service based businesses to track income  expenses  and project costs for management reporting 
Business,Accounting,medium,What is departmental accounting?,departmental accounting is a system where a company maintains separate accounts for each department to assess profitability and performance 
Business,Accounting,medium,What is an Accounting Loss?,an accounting loss occurs when total expenses exceed total revenue  leading to a negative net income in financial statements 
Business,Accounting,medium,What is accounting ethics?,accounting ethics involves following principles such as integrity  objectivity  confidentiality  and professional competence in financial reporting 
Business,Accounting,medium,What is a ‘deposit in transit’?,a deposit in transit is a payment recorded in the company s books but not yet reflected in the bank statement 
Business,Accounting,medium,What is Executive Accounting?,executive accounting is designed for service based businesses and focuses on project costing  revenue tracking  and profit analysis 
Business,Accounting,medium,"What is a deferred tax asset, and how is its value created?",a deferred tax asset is created when a company overpays taxes or has carryforward losses  allowing future tax reductions 
Business,Accounting,medium,What is a normative theory?,normative accounting theory prescribes how accounting should be done  focusing on ideal accounting practices based on economic models 
Business,Accounting,medium,What is push-down accounting and when is it used?,push down accounting is a method where the acquiring company s fair value adjustments are recorded in the acquired company s books  it is used after mergers and acquisitions to reflect the new owner s financial reporting 
Business,Accounting,medium,What is Fiduciary Accounting?,fiduciary accounting is the financial management of assets held in trust  ensuring compliance with legal and ethical obligations for beneficiaries 
Business,Finance,medium,Can you explain how a company’s working capital impacts its liquidity?,strong working capital improves liquidity and operational efficiency 
Business,Accounting,medium,What is ICAI?,icai stands for the institute of chartered accountants of india  a regulatory body for the accounting profession in india 
Business,Finance,medium,What financial metrics would you use to compare companies in the same industry?,i would use profitability ratios  net profit margin   efficiency ratios  asset turnover   and valuation ratios  p/e ratio  
Business,Accounting,medium,What is a contra account?,a contra account offsets a related account  such as accumulated depreciation offsetting fixed assets  to provide clearer financial reporting 
Business,Finance,medium,Can you explain the impact of a company’s credit rating on its borrowing costs?,a higher credit rating reduces borrowing costs as lenders perceive less risk 
Business,Finance,medium,Can you explain the difference between operational risk and market risk?,operational risk is internal  process failures   while market risk is external  economic factors  
Business,Finance,medium,Can you explain the concept of “capital structure” and how it affects a company’s financial stability?,it s the mix of debt and equity  it affects risk and flexibility 
Business,Finance,medium,Can you explain the concept of cost of capital and how it’s used to evaluate investment opportunities?,it s the return needed to justify investments  used to assess project viability 
Business,Finance,medium,Can you explain how you would perform a financial ratio analysis on a company?,use ratios to assess profitability  efficiency  and risk 
Business,Finance,medium,Can you explain how changes in interest rates impact corporate finance decisions?,higher rates increase borrowing costs  affecting investment decisions  capital structure  and profitability 
Business,Finance,medium,Can you describe the steps you would take to evaluate a company’s ability to pay dividends?,analyze profitability  retained earnings  cash flow  and payout ratio 
Business,Accounting,medium,What is GAAP?,gaap  generally accepted accounting principles  are standardized rules and practices that govern financial reporting in the u s 
Business,Finance,medium,What is net present value (NPV)?,npv is the difference between the present value of cash inflows and outflows over a period of time 
Business,Accounting,medium,What do we mean by perpetual or periodic inventory?,perpetual inventory continuously updates stock levels with each transaction  while periodic inventory updates stock levels at specific intervals 
Business,Accounting,medium,What is the impact of changes in exchange rates on financial statements?,changes in exchange rates affect the valuation of foreign currency transactions  leading to translation gains or losses reported in financial statements 
Business,Accounting,medium,What is a Fixed Asset Register?,a fixed asset register is a detailed record of an organization s fixed assets  including purchase date  cost  depreciation  and disposal details 
Business,Accounting,medium,What is a Debit Note and Credit Note? What is the difference between them?,a debit note is issued by a buyer for returned goods  reducing supplier liability  while a credit note is issued by a seller to adjust amounts receivable 
Business,Accounting,medium,What is a Credit Note and Debit Note?,a credit note is issued by a seller when reducing an amount due from a buyer  while a debit note is issued by a buyer when returning goods or requesting adjustments 
Business,Accounting,medium,What is TDS (Tax Deducted at Source)?,tds is a mechanism where tax is deducted at the time of payment for certain transactions such as salaries  rent  and professional fees  and then deposited with the government 
Business,Accounting,medium,What is Payroll?,payroll refers to the process of calculating and disbursing employee wages  salaries  deductions  and taxes 
Business,Accounting,medium,What is Normative Accounting?,normative accounting focuses on creating accounting policies based on economic predictions and theoretical frameworks 
Business,Accounting,medium,What is Microsoft Accounting Professional?,microsoft accounting professional is an accounting software designed for small and medium sized businesses to manage financial transactions  payroll  and reporting 
Business,Finance,medium,What is investment banking?,helping companies raise money and providing advice on financial transactions like mergers and acquisitions 
Business,Accounting,medium,What steps do you take to ensure proper reconciliation of accounts payable at the end of the month?,i match invoices with purchase orders  verify payment approvals  check for duplicate entries  and reconcile supplier statements with ledger accounts 
Business,Accounting,medium,Why do companies perform impairment testing on long-term assets?,to ensure that asset values are not overstated and comply with accounting standards by recognizing impairment losses when necessary 
Business,Accounting,medium,What is the impact of a stock split on financial statements?,a stock split increases the number of shares outstanding but reduces share price  without changing total equity or net income 
Business,Accounting,medium,What is the significance of the economic entity assumption in accounting?,it ensures financial records are maintained separately for each business entity  preventing the mixing of personal and corporate finances 
Business,Accounting,medium,What is the significance of net realizable value (NRV) in inventory valuation?,nrv ensures inventory is valued at the lower of cost or market price  preventing overstated asset values and ensuring accurate financial reporting 
Business,Accounting,medium,What is the significance of goodwill in mergers and acquisitions?,goodwill represents the premium paid for an acquired company s intangible assets  such as brand value and customer relationships 
Business,Accounting,medium,What is the significance of accounting ratios in financial analysis?,accounting ratios help assess liquidity  profitability  and solvency  providing insights into a company s financial health and operational efficiency 
Business,Accounting,medium,Why do companies use activity-based costing (ABC) instead of traditional costing?,abc assigns overhead costs based on activities  improving cost accuracy compared to traditional costing  which allocates costs using broad averages 
Business,Accounting,medium,Why do companies perform impairment tests on long-term assets?,impairment tests ensure assets are not overstated by comparing their recoverable amount to carrying value and recording impairment losses if necessary 
Business,Accounting,medium,Why do companies perform financial benchmarking?,benchmarking compares financial performance with industry peers to identify strengths  weaknesses  and areas for improvement 
Business,Accounting,medium,Why do companies conduct impairment testing for goodwill?,impairment testing ensures that goodwill is not overstated in financial statements by comparing its carrying value to its recoverable amount 
Business,Accounting,medium,Why do certain benefit books take a credit balance?,certain benefit accounts like revenue and gains take a credit balance because they increase equity 
Business,Accounting,medium,What is your approach to detecting and preventing duplicate payments in accounts payable?,i implement invoice matching processes  use automated accounting systems  and review vendor records to flag duplicate entries 
Business,Accounting,medium,Why are Accounting Standards necessary?,accounting standards ensure consistency  transparency  and reliability in financial reporting  aiding investors and regulatory compliance 
Business,Accounting,medium,Which accounting application do you prefer the most and why?,i prefer quickbooks for small businesses due to its user friendly interface and sap for larger enterprises because of its advanced capabilities 
Business,Accounting,medium,Which account is liable for interest payable?,the  interest payable  account under current liabilities records unpaid interest expenses on loans 
Business,Accounting,medium,Which Enterprise Resource Planning (ERP) systems have you used?,i have used sap  oracle netsuite  microsoft dynamics  and quickbooks for financial management and reporting 
Business,Accounting,medium,Where should a cash discount be recorded in a journal entry?,a cash discount should be recorded as a reduction in revenue  for sales discounts  or an expense reduction  for purchase discounts  
Business,Accounting,medium,When are revenues reported in the accounting period?,revenues are reported when they are earned  following the revenue recognition principle  regardless of when cash is received 
Business,Accounting,medium,What strategies do you use to mitigate currency exchange risks in financial reporting?,i use hedging techniques  maintain multi currency accounting records  and apply foreign currency translation adjustments per ifrs or gaap 
Business,Accounting,medium,What steps would you take if you identified an accounting error that impacted previous financial statements?,i investigate the error  assess its materiality  prepare a restatement if necessary  and disclose the correction in the next reporting cycle 
Business,Accounting,medium,What steps would you take if a company was facing declining profit margins?,i would analyze cost structures  improve operational efficiencies  renegotiate vendor contracts  and explore pricing strategies to increase profitability 
Business,Finance,medium,What financial metrics would you use to evaluate a company’s debt load?,debt to equity ratio and interest coverage ratio 
Business,Accounting,medium,"Which accounting platform have you worked on, and which one do you prefer?",i have experience with quickbooks  sap  microsoft dynamics  and tally  my preference depends on business needs  but i prefer sap for large enterprises and quickbooks for small businesses 
Business,Accounting,medium,What is your approach to handling a large backlog of unreconciled transactions?,i prioritize high value transactions  identify patterns of discrepancies  automate reconciliation where possible  and coordinate with relevant departments 
Business,Accounting,medium,What items are included in the Profit and Loss (P&L) Account?,the p l account includes revenue  cost of goods sold  cogs   operating expenses  depreciation  interest  taxes  and net profit 
Business,Accounting,medium,What key differences exist between a cash flow forecast and a profit and loss statement?,a cash flow forecast projects future cash movements  while a p l statement records revenue and expenses based on accrual accounting 
Business,Accounting,medium,What is the impact of a reverse stock split on financial statements?,a reverse stock split reduces the number of outstanding shares while increasing the share price  without changing total equity or net income 
Business,Accounting,medium,What is the general classification of accounts that usually ledger accounts involve?,general ledger accounts are classified into real accounts  assets and liabilities   nominal accounts  revenues and expenses   and personal accounts 
Business,Accounting,medium,What is the difference between depreciation and amortization?,depreciation applies to tangible assets  e g   buildings  machinery   while amortization applies to intangible assets  e g   patents  goodwill  
Business,Accounting,medium,What is the difference between deduction & cash discount?,a deduction reduces taxable income  while a cash discount is a reduction in invoice price for early payment  encouraging prompt settlements 
Business,Accounting,medium,What is the difference between contingent liabilities and provisions?,contingent liabilities are potential future obligations dependent on uncertain events  while provisions are recognized liabilities with probable and estimable costs 
Business,Accounting,medium,What is the difference between an extraordinary item and an unusual item in financial statements?,extraordinary items are rare and nonrecurring  while unusual items occur irregularly but are not necessarily outside normal business operations 
Business,Accounting,medium,What is the difference between an adjusting entry and a closing entry?,an adjusting entry updates accounts at the end of a period for accruals and deferrals  while a closing entry transfers temporary account balances to retained earnings 
Business,Accounting,medium,What is the difference between accounting and auditing?,accounting records and processes financial transactions  while auditing reviews financial records to ensure accuracy and compliance with regulations 
Business,Accounting,medium,What is the difference between a trial balance and a balance sheet?,a trial balance ensures total debits equal total credits  while a balance sheet summarizes a company s financial position at a specific date 
Business,Accounting,medium,What is the difference between a financial audit and a forensic audit?,a financial audit ensures accuracy and compliance of financial statements  while a forensic audit investigates fraud  legal disputes  or financial misconduct 
Business,Accounting,medium,What is the difference between Reserves and Provisions?,reserves are retained earnings set aside for future use  while provisions are funds allocated for expected liabilities or losses 
Business,Accounting,medium,What is the difference between Accountancy and Management Accounting?,accountancy focuses on financial reporting and compliance  while management accounting helps internal decision making by analyzing financial data and trends 
Business,Accounting,medium,What is the difference between Accountancy and Financial Accounting?,accountancy covers all aspects of financial management  while financial accounting specifically focuses on financial reporting and compliance 
Business,Accounting,medium,What steps do you take when an invoice discrepancy is flagged by a supplier?,i compare the invoice against purchase orders and receipts  communicate with the supplier  and issue necessary adjustments or credit notes 
Business,Accounting,medium,What proportion of statistics knowledge is important or required in accounting?,basic statistical knowledge is essential in accounting for analyzing financial data  forecasting  budgeting  and risk assessment 
Business,Accounting,medium,What proportion of mathematics knowledge is important or required in accounting?,basic math skills are essential for calculations  reconciliations  and financial analysis  but advanced knowledge is required for forecasting and data modeling 
Business,Accounting,medium,What procedures do you follow to correct a misclassified expense in financial statements?,i identify the incorrect classification  prepare an adjusting journal entry  document the change  and update the financial statements accordingly 
Business,Accounting,medium,What methods do you use to reduce tax liabilities while remaining compliant?,i leverage tax credits  deductions  depreciation strategies  and proper tax planning while ensuring compliance with regulations 
Business,Accounting,medium,What methods do you use to detect and prevent financial fraud?,i implement internal controls  conduct regular audits  segregate financial duties  and use fraud detection software to minimize risk 
Business,Accounting,medium,What knowledge should a financial accountant have?,a financial accountant should have knowledge of financial reporting  tax regulations  gaap/ifrs standards  and financial software proficiency 
Business,Accounting,medium,What key factors do you consider when preparing a budget forecast?,i analyze historical financial data  evaluate revenue trends  estimate expenses  and factor in market conditions and company growth projections 
Business,Accounting,medium,What is the impact of an accounting error on financial statements?,an accounting error can misstate financial position and performance  leading to incorrect decision making  potential regulatory issues  and loss of investor confidence 
Business,Finance,medium,What financial ratios are the most important to consider when evaluating a company’s short-term financial health?,current ratio  quick ratio  and cash ratio 
Business,Accounting,medium,In what way do you maintain accounting accuracy?,i maintain accuracy by reconciling accounts regularly  ensuring compliance with standards  and using accounting software to track financial data 
Business,Finance,medium,What happens on the income statement if inventory goes up by $10?,no immediate impact  the cost appears when the inventory is sold 
Business,Finance,medium,How does inflation impact financial planning and investment decisions?,inflation erodes purchasing power  impacts interest rates  and affects investment returns 
Business,Finance,medium,How does leverage affect a company’s return on equity (ROE)?,leverage can boost roe but also increases financial risk 
Business,Finance,medium,How does seasonality affect financial forecasting and budgeting?,seasonality affects cash flow and revenue predictions  requiring adjustments in budgeting to account for fluctuations 
Business,Finance,medium,How does the economic environment affect a company’s investment decisions?,it influences interest rates  inflation  consumer demand  and market stability 
Business,Finance,medium,"How is a cash flow statement organized, and what does this information tell you?",divided into operating  investing  and financing activities  showing how cash is generated and used 
Business,Finance,medium,How would you analyze a company’s ability to meet its short-term obligations?,by analyzing liquidity ratios like the current ratio and quick ratio 
Business,Finance,medium,How would you analyze a company’s cost structure to identify areas for improvement?,look at fixed vs  variable costs and compare to industry standards 
Business,Finance,medium,How would you analyze a company’s market position using financial metrics?,by evaluating revenue growth  market share  and profitability 
Business,Finance,medium,How would you analyze a company’s profitability and cost structure?,break down revenue  costs  margins  and trends over time 
Business,Finance,medium,How would you analyze a company’s profitability trends over several years?,by examining revenue growth  margin trends  and return ratios 
Business,Finance,medium,How do you evaluate the sustainability of a company’s dividend policy?,by assessing the payout ratio and the consistency of cash flows 
Business,Finance,medium,How do you evaluate whether a company is generating enough cash flow to support its operations?,compare operating cash flow with operating expenses 
Business,Finance,medium,How do you evaluate whether a company’s financial strategy is effective?,compare strategy outcomes with financial goals 
Business,Finance,medium,How do you forecast earnings?,i forecast earnings by analyzing historical performance  market trends  and economic indicators 
Business,Finance,medium,How would you assess a company’s cash flow position and its ability to meet short-term obligations?,by analyzing cash flow statements and comparing it to liabilities 
Business,Finance,medium,How does inflation impact financial planning and decision-making?,inflation erodes purchasing power  influences interest rates  and impacts investment returns and cost projections 
Business,Finance,medium,How does inflation impact corporate financial planning?,it increases costs  affects purchasing power  and impacts interest rates and investment decisions 
Business,Finance,medium,How do you determine whether a project is financially viable?,by analyzing npv  irr  payback period  and profitability metrics 
Business,Finance,medium,How do you determine whether a company’s dividend yield is sustainable?,i d check the payout ratio and the company s cash flow 
Business,Finance,medium,How do you assess whether a company is under or overvalued?,by comparing its valuation multiples  p/e ratio  to industry peers and evaluating its financial health 
Business,Finance,medium,How do you calculate a company’s free cash flow and why is it important?,fcf   operating cash flow   capex  it indicates financial flexibility 
Business,Finance,medium,How do you handle a situation where a financial report shows inconsistencies in the data?,investigate  correct errors  and ensure accuracy 
Business,Finance,medium,How do you handle financial projections?,i use historical data  trend analysis  and statistical methods to forecast future performance 
Business,Finance,medium,"How do you interpret the statement of cash flows, and what key insights does it provide?",shows cash inflows/outflows  indicating financial health 
Business,Finance,medium,How do you manage and mitigate financial risks within a business?,through diversification  hedging  and maintaining strong liquidity 
Business,Finance,medium,How do you measure a company’s operating efficiency using financial ratios?,using asset turnover  operating margin  and expense ratios 
Business,Finance,medium,How would you assess a company’s profitability and operational efficiency using financial ratios?,by looking at profit margins and return ratios 
Business,Finance,medium,How do you measure the financial health of a company?,by analyzing liquidity  profitability  and solvency ratios 
Business,Finance,medium,How does a company determine its working capital requirements?,by analyzing cash conversion cycle  operating cycle  and liquidity needs 
Business,Finance,medium,How does a company’s capital expenditures impact its financial statements?,it increases assets  affects cash flow  and impacts future earnings 
Business,Finance,medium,How does a company’s capital structure affect its overall financial risk?,a higher proportion of debt increases financial risk  as interest payments become more burdensome in downturns 
Business,Finance,medium,How does a company’s dividend payout ratio affect its capital budgeting decisions?,a high ratio may limit funds for reinvestment  while a low ratio supports growth 
Business,Finance,medium,How does a company’s dividend policy affect its overall financial strategy?,it influences reinvestment  capital allocation  and investor appeal 
Business,Finance,medium,How do you determine whether a company is overvalued or undervalued?,by comparing p/e  p/b  and dcf valuation to industry peers 
Business,Finance,medium,How do you determine whether a company should expand its operations or stay conservative in its growth strategy?,by evaluating market conditions  financial health  and risk tolerance 
Business,Finance,medium,How do you use financial ratios to identify a company’s strengths and weaknesses?,ratios reveal profitability  efficiency  liquidity  and leverage 
Business,Finance,medium,How would you assess the impact of foreign exchange fluctuations on a company’s financial performance?,i d look at the company s exposure to foreign markets and any hedging strategies 
Business,Finance,medium,How would you assess the impact of interest rate changes on a company’s financial performance?,look at borrowing costs and profits 
Business,Finance,medium,How would you assess the risk of a company’s stock based on its financial statements?,look at debt  profitability  and cash flow 
Business,Finance,medium,How would you evaluate whether a company should reinvest its profits or distribute them as dividends?,consider growth opportunities  cash flow  and shareholder preferences 
Business,Finance,medium,How would you explain the difference between a company’s book value and market value?,book value is net assets  market value is what investors pay for shares 
Business,Finance,medium,How would you go about evaluating a company’s management team from a financial perspective?,by reviewing financial performance  efficiency ratios  and capital allocation decisions 
Business,Finance,medium,How would you analyze the cash flow statements to assess a company’s liquidity?,focus on operating cash flow 
Business,Finance,medium,How would you analyze the financial viability of a proposed capital project?,check projected roi  payback period  and associated risks 
Business,Finance,medium,How would you approach analyzing a company’s return on equity (ROE)?,divide net income by equity to measure profitability 
Business,Finance,medium,How would you assess a company’s ability to meet its long-term financial obligations?,evaluate debt ratios  cash flow  and interest coverage 
Business,Finance,medium,How would you evaluate the risk of an investment in corporate bonds?,by analyzing credit ratings  interest rates  and issuer financial health 
Business,Finance,medium,What are adjustment entries? How can you pass them?,entries to update financial records for accurate reporting of income and expenses 
Business,Finance,medium,What are some common financial metrics you use to compare the performance of companies within the same industry?,p/e ratio  roe  roa  gross margin  and ebitda 
Business,Finance,medium,What are some common mistakes that companies make when forecasting their financial performance?,overestimating growth  ignoring risks  and relying on unrealistic assumptions 
Business,Finance,medium,What are some key factors that could impact the cost of capital for a company?,market conditions  interest rates  and the company s financial risk 
Business,Finance,medium,What are some key indicators you would use to evaluate a company’s operational efficiency?,asset turnover  inventory turnover  and operating margin 
Business,Finance,medium,What are some methods you would use to forecast a company’s revenue growth?,looking at historical growth  industry trends  and market conditions 
Business,Finance,medium,What are some strategies companies can use to reduce their cost of capital?,improve credit  lower debt  and optimize financing mix 
Business,Marketing,medium,Why do you need to create a customer journey map?,a customer journey map helps visualize the customer s experience with a brand  identifying pain points and opportunities for improvement  it ensures a seamless and personalized experience  ultimately driving customer satisfaction and loyalty 
Business,Finance,medium,What are free cash flows?,cash available after operating expenses and capital expenditures  used for reinvestment or distribution to investors 
Business,Finance,medium,How do you assess whether a company is overleveraged or underleveraged?,by comparing its debt ratios to industry benchmarks and cash flow capacity 
Business,Finance,medium,How would you evaluate the performance of a mutual fund or exchange-traded fund (ETF)?,by comparing returns to a relevant benchmark and checking fees 
Business,Finance,medium,How would you evaluate the financial health of a company using its balance sheet?,by analyzing liquidity  solvency  and asset efficiency ratios 
Business,Finance,medium,How would you assess the sustainability of a company’s profit margins?,by analyzing historical trends  cost structure  and competition 
Business,Finance,medium,How would you assess the valuation of a company that has fluctuating revenues?,use average revenue and consider risk adjusted discount rates 
Business,Finance,medium,How would you assess whether a company is likely to default on its debt obligations?,by reviewing cash flow  debt maturity  and interest coverage ratios 
Business,Finance,medium,How would you assess whether a company is making good capital investment decisions?,by evaluating roi  irr  and npv of investments 
Business,Finance,medium,How would you assess whether a company is overvalued or undervalued?,by analyzing financial ratios  valuation models  and industry comparisons 
Business,Finance,medium,How would you calculate and interpret a company’s internal rate of return (IRR)?,irr is the discount rate that makes npv zero  it measures investment attractiveness 
Business,Finance,medium,How would you compare a company’s return on equity (ROE) with industry benchmarks?,by measuring roe against competitors and historical performance 
Business,Finance,medium,How would you evaluate the impact of interest rate changes on a company’s financial performance?,check how it affects debt costs and consumer spending 
Business,Finance,medium,How does a company’s dividend policy affect its stock price?,a stable dividend policy can attract investors and impact stock valuation 
Business,Finance,medium,How does foreign exchange risk impact multinational corporations?,it affects revenue  expenses  and profitability due to currency fluctuations 
Business,Finance,medium,"How does goodwill appear on the balance sheet, and why does it matter?",goodwill appears as an intangible asset on the balance sheet after an acquisition  it represents the premium paid over fair value 
Business,Finance,medium,How would you evaluate a company’s dividend policy and its impact on shareholder value?,check if dividends are consistent and growing 
Business,Finance,medium,How would you evaluate a company’s pricing strategy based on its financial statements?,by analyzing margins  revenue trends  and competitive pricing 
Business,Finance,medium,How would you evaluate a company’s profitability over time?,analyze trends in net profit margin  roe  and ebitda 
Business,Finance,medium,How would you evaluate the effectiveness of a company’s cost management strategies?,by analyzing expense trends  profit margins  and efficiency ratios 
Business,Finance,medium,How would you evaluate the financial health of a company using financial statements?,by analyzing financial statements  ratios  and cash flow 
Business,Finance,medium,How does a company’s working capital cycle affect its overall financial health?,a shorter cycle improves cash flow and liquidity 
Business,Finance,medium,How do you assess the trade-off between risk and return when making financial decisions?,by evaluating potential returns relative to the risk level using tools like risk adjusted return metrics 
Business,Finance,medium,How do you evaluate the success of a company’s investment in research and development (R&D)?,by checking if r d led to new products and increased revenue 
Business,Finance,medium,How do you evaluate the profitability of a company?,using profit margins  return on assets  roa   and return on equity  roe  
Business,Finance,medium,How are the three main financial statements connected?,net income links the income statement  balance sheet  and cash flow statement 
Business,Finance,medium,How do changes in foreign exchange rates impact financial statements?,currency changes affect revenue  costs  and financial reporting for global businesses 
Business,Finance,medium,How do financial markets impact the operations and strategy of companies?,they influence funding  cost of capital  and investor expectations 
Business,Finance,medium,How do interest rates affect a company’s capital budgeting decisions?,higher rates increase financing costs  affecting investment feasibility 
Business,Finance,medium,How do macroeconomic factors influence your financial analysis?,i consider interest rates  inflation  and gdp growth to gauge market conditions and risks 
Business,Finance,medium,How do stock buybacks impact a company’s financial statements and valuation?,buybacks reduce outstanding shares  boosting earnings per share  eps  and potentially increasing stock price 
Business,Finance,medium,How do you analyze a company’s credit risk?,by reviewing debt ratios  interest coverage  and credit ratings 
Business,Finance,medium,Explain variance analysis.,variance analysis compares actual results to budgeted figures to identify deviations and their causes 
Business,Finance,medium,How do you analyze a company’s expense structure to identify potential cost-saving opportunities?,by reviewing fixed and variable costs to spot inefficiencies 
Business,Finance,medium,How do you approach financial analysis for companies in different industries?,by using industry specific benchmarks and financial metrics 
Business,Finance,medium,How do you assess a company’s ability to generate future cash flows?,by analyzing past cash flows  earnings quality  and operating efficiency 
Business,Finance,medium,Can you describe how financial leverage affects a company’s risk and return profile?,leverage increases returns but adds risk 
Business,Finance,medium,Can you describe the importance of liquidity in a company’s financial strategy?,liquidity ensures the company can pay bills and invest in opportunities 
Business,Finance,medium,Can you describe the importance of managing working capital effectively?,it ensures liquidity to meet short term obligations 
Business,Finance,medium,Can you describe the steps you would take to assess a company’s financial health?,review liquidity  profitability  debt levels  and cash flow 
Business,Finance,medium,How do you assess the capital structure of a company?,by analyzing the ratio of debt to equity 
Business,Finance,medium,How do you analyze a company’s stock performance and what metrics would you use?,by reviewing price trends  p/e ratio  eps  and market conditions 
Business,Finance,medium,How do you assess the creditworthiness of a company before extending a loan?,by reviewing debt ratios  cash flow  and credit history 
Business,Finance,medium,What are the key financial statements and how are they interrelated?,the income statement  balance sheet  and cash flow statement together provide a complete view of a company s performance and financial position 
Business,Finance,medium,What are the key factors you consider when performing a financial statement analysis?,profitability  liquidity  and debt levels 
Business,Finance,medium,What impact would changes in interest rates have on a company’s investment decisions?,higher rates increase borrowing costs  affecting capital expenditures and expansion plans 
Business,Finance,medium,What impact would the purchase of an asset have on our financial statements?,increases assets on the balance sheet  may increase expenses  if depreciated   and reduces cash flow 
Business,Finance,medium,What is CAPM and how do you use it?,capm  capital asset pricing model  estimates an asset s expected return based on its systematic risk relative to the market 
Business,Finance,medium,What do you understand about loan syndication?,a process where multiple lenders provide a loan to a single borrower to spread risk 
Business,Finance,medium,What do you understand by financial modeling?,financial modeling involves creating abstract representations of financial scenarios to forecast performance and evaluate investments 
Business,Finance,medium,What does negative working capital mean?,liabilities exceed assets  can signal efficiency  retail  or financial trouble 
Business,Finance,medium,What factors do you consider when determining the capital structure of a company?,balance debt and equity based on cost and risk tolerance 
Business,Finance,medium,What are the key financial ratios you consider when evaluating a business?,liquidity  profitability  debt  and efficiency ratios 
Business,Finance,medium,What factors influence a company’s capital structure decisions?,debt  equity  risk tolerance  and market conditions 
Business,Finance,medium,What factors should a company consider when choosing between debt and equity financing?,cost  control  risk  and flexibility 
Business,Finance,medium,What factors should be considered when analyzing a company’s capital expenditures (CapEx)?,the potential return on investment and its impact on future growth 
Business,Finance,medium,"What are the different methods of raising capital, and when should a company choose each?",methods include equity issuance  debt financing  and retained earnings  equity is suitable for growth  debt for leveraging  retained earnings for stable businesses 
Business,Finance,medium,"What are the different ways you can value a company, and which method do you think is most accurate?",methods include dcf  comparables  and precedent transactions  dcf is often most accurate 
Business,Finance,medium,What are the key components of a company’s cost structure?,fixed costs  rent  salaries  and variable costs  materials  production  
Business,Finance,medium,What are the key differences between public and private company financial reporting?,public companies report more often and in more detail than private companies 
Business,Finance,medium,What are the key factors that influence a company’s cost of capital?,risk level  interest rates  and the mix of debt and equity financing 
Business,Finance,medium,What factors influence a company’s dividend policy?,profitability  cash flow  growth opportunities  and shareholder expectations 
Business,Finance,medium,What financial ratios would you prioritize when assessing a potential investment?,i would prioritize profitability ratios  roe  roa   liquidity ratios  current ratio   and solvency ratios  debt to equity  
Business,Finance,medium,How do you assess the effectiveness of a company’s dividend policy?,look at payout ratios and sustainability 
Business,Finance,medium,How do you assess the efficiency of a company’s cash management system?,by analyzing cash conversion cycle and liquidity ratios 
Business,Finance,medium,How do you determine the fair value of an asset or company?,by using valuation methods like dcf or comparables 
Business,Finance,medium,How do you determine whether a company is in a strong or weak financial position based on its balance sheet?,check liquidity  debt levels  and equity compared to assets 
Business,Finance,medium,How do you assess a company’s ability to pay off its long-term debt?,check cash flow  debt levels  and interest coverage ratio 
Business,Finance,medium,How do you assess a company’s capital budgeting decisions?,check expected returns and risks of investments 
Business,Finance,medium,How do you assess a company’s operational efficiency through financial analysis?,look at operating margins and asset turnover 
Business,Finance,medium,How do you assess a company’s performance using industry benchmarks?,by comparing key metrics like profit and growth to industry standards 
Business,Finance,medium,How do you differentiate between financial and operating leverage?,financial leverage involves using debt  while operating leverage relates to fixed costs 
Business,Finance,medium,How do you determine the best financial strategy for a company looking to expand into new markets?,analyze costs  market size  and potential profits 
Business,Finance,medium,How do you differentiate between financial and operational risk when analyzing a company’s financial performance?,financial risk comes from debt  operational risk from day to day operations 
Business,Finance,medium,How do you evaluate a company’s credit risk and ability to service its debt?,by analyzing financial ratios like debt to equity  interest coverage  and cash flow 
Business,Finance,medium,How do you evaluate a company’s dividend policy and its impact on the overall financial health?,by checking if the dividend is affordable and aligns with company goals 
Business,Finance,medium,How do you evaluate a company’s liquidity risk based on its financial statements?,by analyzing current ratio  quick ratio  and cash flow trends 
Business,Finance,medium,How do you evaluate risk when making investment decisions?,consider market volatility  financial stability  and liquidity 
Business,Finance,medium,How do you evaluate the effectiveness of a company’s cost management practices?,compare costs with revenues and industry norms 
Business,Finance,medium,How do you evaluate the potential return on investment (ROI) for a new project?,by comparing projected roi to cost of capital and industry benchmarks 
Business,Finance,medium,How do you evaluate the profitability of a company in a competitive industry?,by comparing profit margins and returns with industry peers 
Business,Finance,medium,How do you ensure accuracy in your financial models?,i validate data sources  double check calculations  and have my models peer reviewed 
Business,Finance,medium,How do you assess the efficiency of a company’s asset utilization?,by looking at asset turnover ratios 
Business,Finance,medium,How do you determine the appropriate capital structure for a company?,by balancing debt and equity to minimize costs and maximize financial stability 
Business,Finance,medium,How do you determine a company’s valuation when comparing it to industry peers?,by comparing valuation ratios like p/e and ev/ebitda to industry averages 
Business,Finance,medium,How do you assess the impact of capital expenditures (CapEx) on a company’s cash flow?,subtract capex from cash flow to see its effect on liquidity 
Business,Finance,medium,How do you assess the impact of economic cycles on a company’s financial health?,look at sales  costs  and cash flow during ups and downs 
Business,Finance,medium,How do you assess the potential for a company’s future earnings growth?,by analyzing market trends  past performance  and industry outlook 
Business,Finance,medium,How do you assess the profitability of a company with fluctuating revenues?,check profit margins and long term trends 
Business,Finance,medium,How do you assess the profitability of a new business project?,by analyzing projected revenue  costs  roi  and break even analysis 
Business,Finance,medium,How do you assess the risk-return profile of a potential investment?,by analyzing volatility  expected return  and risk metrics like beta 
Business,Finance,medium,Can you explain the importance of a company’s cash flow in financial modeling?,cash flow shows the liquidity available to meet obligations and fund operations 
Business,Finance,medium,How do you determine if a company’s stock is undervalued or overvalued?,compare market price to intrinsic value using methods like dcf 
Business,Finance,medium,Can you explain the role of a financial controller within a company?,a financial controller manages accounting  reporting  and financial planning 
Business,Finance,medium,Distinguish between Budgeting and Forecasting.,budgeting is a financial plan for a period  while forecasting predicts future financial outcomes based on trends 
Business,Finance,medium,"How do you calculate a company’s price-to-book (P/B) ratio, and what does it reveal?",p/b ratio   market price / book value  it shows if a stock is over or under priced 
Business,Finance,medium,How do you calculate a company’s return on invested capital (ROIC)?,roic   nopat   invested capital 
Business,Finance,medium,How do you calculate and interpret return on assets (ROA)?,roa   net income / total assets  it shows how efficiently assets generate profits 
Business,Finance,medium,How do you calculate return on equity (ROE)?,roe is calculated by dividing net income by shareholders  equity 
Business,Finance,medium,How do you decide between debt and equity financing for a company?,consider cost of capital  risk tolerance  and financial position 
Business,Finance,medium,How do you determine a company’s debt capacity?,by analyzing debt ratios  cash flow  and interest coverage 
Business,Finance,medium,Can you explain the role of market efficiency in financial markets and how it impacts company valuations?,market efficiency means prices reflect all info  impacting stock values 
Business,Finance,medium,How do you assess a company’s risk exposure to changes in interest rates?,by reviewing the company s debt and its interest rate sensitivity 
Business,Human Resources,medium,What are the best methods for conducting an exit interview?,keeping it confidential  asking open ended questions  and using the insights to improve workplace conditions 
Business,Human Resources,medium,What would you do if employees report feeling undervalued despite strong company benefits?,i would conduct engagement surveys  enhance recognition programs  and ensure leadership acknowledges employee contributions 
Business,Human Resources,medium,What steps would you take if a group of employees submits a petition against a new company policy?,i would review employee concerns  discuss with leadership  and determine if adjustments to the policy are necessary 
Business,Human Resources,medium,What steps would you take if an employee refuses to participate in a mandatory company training session?,i would discuss their concerns  explain the importance of the training  and escalate if necessary according to policy 
Business,Human Resources,medium,What steps would you take if an employee reports feeling excluded from important projects?,i would investigate the concerns  assess project assignment fairness  and work with management to ensure equal opportunities 
Business,Human Resources,medium,What steps would you take if multiple employees report burnout in a specific team?,i would conduct workload assessments  provide manager training on workload balance  and implement wellness initiatives 
Business,Human Resources,medium,What steps would you take to improve HR's relationship with employees in a company with low trust in HR?,increase transparency  enhance hr accessibility  and implement feedback driven policy changes 
Business,Human Resources,medium,What steps would you take to improve cross-border HR compliance when expanding into a new country?,by consulting legal experts  adapting policies to local labor laws  and ensuring proper training for hr teams handling international operations 
Business,Human Resources,medium,What steps would you take to improve fairness in internal promotions?,by implementing transparent selection criteria  structured evaluation processes  and career development programs 
Business,Human Resources,medium,What strategies can HR use to improve employee satisfaction in a company with budget constraints?,hr can enhance non monetary benefits  improve workplace culture  and implement recognition programs 
Business,Human Resources,medium,What strategies can HR use to improve interdepartmental collaboration?,by organizing cross functional projects  promoting knowledge sharing  and fostering open communication between teams 
Business,Human Resources,medium,What strategies can HR use to improve succession planning in an organization?,by identifying future leaders  providing leadership development programs  and ensuring knowledge transfer plans are in place 
Business,Human Resources,medium,What strategies can HR use to prevent workplace burnout?,hr can implement workload management  encourage time off usage  and promote mental health resources 
Business,Human Resources,medium,What strategies help improve employee retention?,competitive benefits  career growth opportunities  recognition programs  and work life balance initiatives 
Business,Human Resources,medium,What strategies would you implement to improve the response rate of employee feedback surveys?,i would ensure anonymity  communicate the impact of survey results  and provide incentives for participation 
Business,Human Resources,medium,What strategies would you use to ensure pay transparency without causing dissatisfaction?,by implementing structured pay scales  educating employees on compensation structures  and maintaining fairness in salary adjustments 
Business,Human Resources,medium,What strategies would you use to handle rumors affecting employee morale?,by addressing misinformation transparently  reinforcing trust in leadership  and promoting open communication 
Business,Human Resources,medium,What steps do you take to ensure that remote employees feel included in company culture?,by organizing virtual team building activities  maintaining clear communication  and providing remote friendly engagement programs 
Business,Human Resources,medium,What strategies would you use to improve diversity and inclusion in hiring?,by eliminating bias in job descriptions  implementing structured interview processes  and ensuring diverse hiring panels 
Business,Human Resources,medium,What steps do you take to ensure a positive candidate experience during recruitment?,by maintaining timely communication  providing clear expectations  and ensuring a fair hiring process 
Business,Finance,medium,What is hedging? Explain.,reducing financial risk by making an investment to offset potential losses 
Business,Finance,medium,What is the dividend discount model (DDM)?,ddm values a stock by discounting expected future dividends to their present value 
Business,Finance,medium,What is the greatest achievement in your financial career so far?,leading a financial restructuring or optimizing investment strategies 
Business,Finance,medium,What is the impact of a company’s debt-to-equity ratio on its financial stability?,a high ratio indicates higher financial risk but potential growth leverage 
Business,Finance,medium,What are the pros and cons of using debt financing versus equity financing for business expansion?,debt financing preserves ownership but requires fixed payments  while equity financing avoids debt but dilutes ownership 
Business,Finance,medium,What are the risks and benefits of using a debt-financed expansion strategy?,benefits  tax savings  higher returns  risks  interest burden  default risk 
Business,Finance,medium,What are the risks of relying too heavily on short-term financing for a company’s operations?,it could lead to liquidity issues and higher costs 
Business,Finance,medium,What are your financial strengths and weaknesses?,strength analytical skills  weakness improving public speaking skills 
Business,Finance,medium,What can you bring to this role that other applicants cannot?,strong analytical skills  attention to detail  and problem solving abilities 
Business,Finance,medium,What challenges do you foresee in this role?,key challenges include managing market volatility and adapting to rapid economic changes 
Business,Finance,medium,What do you think are the primary drivers behind a company’s valuation?,revenue growth  profitability  market position  and industry trends 
Business,Finance,medium,What do you think is the most important metric for evaluating a company’s performance?,roe  as it measures profitability relative to shareholder equity 
Business,Finance,medium,"What is beta, and how is it used in investment decisions?",beta measures a stock s volatility relative to the market and helps assess investment risk 
Business,Finance,medium,What is capital budgeting? List the techniques of capital budgeting.,the process of evaluating investment projects  techniques include npv  irr  payback period  and profitability index 
Business,Finance,medium,What is cost accountancy? What are its objectives?,tracking and analyzing production costs to improve efficiency and control spending 
Business,Finance,medium,"What is financial leverage, and how does it impact a company’s performance?",using debt to finance growth  which can increase returns but also risk 
Business,Finance,medium,What is internal rate of return (IRR)?,irr is the discount rate that makes the net present value of all cash flows equal to zero 
Business,Finance,medium,What is the difference between the current ratio and quick ratio?,the current ratio includes all current assets  while the quick ratio excludes inventory to assess short term liquidity more strictly 
Business,Human Resources,medium,How can HR proactively prevent workplace harassment?,by implementing strong anti harassment policies  conducting regular training  and establishing confidential reporting channels 
Business,Human Resources,medium,How can HR use data analytics to improve workforce planning?,by analyzing hiring trends  turnover rates  and skill gaps to make data driven talent acquisition and development decisions 
Business,Human Resources,medium,How do you create an effective strategy for internal talent mobility?,by identifying skill gaps  providing career development resources  and facilitating transparent job rotation programs 
Business,Human Resources,medium,Can you share an example of optimizing an HR process?,i implemented an automated onboarding system  reducing processing time by     
Business,Human Resources,medium,How can HR contribute to business sustainability efforts?,by implementing green workplace initiatives  promoting ethical labor practices  and encouraging corporate social responsibility programs 
Business,Human Resources,medium,How can HR effectively manage generational differences in the workplace?,by fostering cross generational mentorship programs  encouraging inclusive communication  and implementing flexible work options 
Business,Human Resources,medium,How can HR foster a culture of continuous learning within an organization?,by implementing learning and development programs  offering mentorship  and providing employees with access to online courses and certifications 
Business,Human Resources,medium,How can HR help a company improve its employer brand?,by creating a positive employee experience  encouraging employee advocacy  and maintaining transparency in recruitment and workplace culture 
Business,Human Resources,medium,How can HR help improve communication within an organization?,by implementing open door policies  facilitating regular feedback sessions  and encouraging transparent leadership communication 
Business,Human Resources,medium,How can HR improve communication between management and employees?,by facilitating town halls  implementing open door policies  and using employee feedback tools to enhance transparency 
Business,Human Resources,medium,How can HR improve diversity and inclusion in the workplace?,by removing biases in hiring  implementing diversity training  and ensuring equitable opportunities for all employees 
Business,Human Resources,medium,How can HR improve diversity recruitment strategies?,by expanding sourcing channels  reducing hiring biases  and actively promoting an inclusive hiring culture 
Business,Human Resources,medium,An employee has submitted a complaint about their workload being unmanageable. How would you address this?,i would review their tasks  discuss workload distribution with their manager  and explore solutions such as delegation or prioritization 
Business,Human Resources,medium,An employee is consistently late but claims personal issues are the reason. How do you address this?,i would have a private discussion  explore support options  and set clear expectations while considering company policies 
Business,Human Resources,medium,An employee is outperforming their job role but has not been considered for promotion. How do you address this?,i would discuss career progression with the employee  review internal opportunities  and align their skills with company needs 
Business,Human Resources,medium,An employee refuses to participate in diversity and inclusion training. How do you handle this?,i would discuss their concerns  explain the importance of the training  and ensure compliance with company policies 
Business,Human Resources,medium,An employee requests a salary increase citing market trends. How would you evaluate and respond?,i would analyze market benchmarks  assess their performance  and discuss possible adjustments or alternative benefits 
Business,Human Resources,medium,How do you create an HR strategy that aligns with business growth objectives?,by analyzing workforce needs  developing talent pipelines  and aligning hr policies with company expansion plans 
Business,Human Resources,medium,How can HR proactively reduce workplace conflicts?,by promoting open communication  offering conflict resolution training  and fostering an inclusive environment 
Business,Human Resources,medium,How do you create a positive work environment?,by fostering inclusivity  recognizing contributions  encouraging collaboration  and maintaining transparent communication 
Business,Human Resources,medium,How do you balance employee privacy with company security needs?,by implementing data protection policies  ensuring compliance with privacy laws  and restricting access to sensitive information 
Business,Human Resources,medium,How do you address pay discrepancies between employees with similar roles and experience?,by conducting a salary audit  ensuring transparent compensation policies  and adjusting pay if needed to ensure fairness 
Business,Human Resources,medium,How do you approach a situation where a manager consistently receives complaints about their leadership style?,i would review feedback  provide targeted leadership coaching  and monitor improvements while ensuring a fair process 
Business,Human Resources,medium,How do you approach a situation where a senior leader is accused of favoritism in promotions?,i would investigate the claims objectively  review promotion decisions  and ensure fairness through transparent promotion criteria 
Business,Human Resources,medium,How do you approach conflict resolution between a manager and an employee?,by facilitating an open discussion  understanding both perspectives  and implementing conflict resolution strategies tailored to the situation 
Business,Human Resources,medium,A long-time employee is struggling to keep up with new technology required for their job. How would you support them?,i would offer training  assign a mentor  and provide additional time to adapt before considering role adjustments 
Business,Human Resources,medium,A manager requests to adjust an employee’s salary based on individual performance. How do you handle this?,i would review company pay policies  analyze market benchmarks  and ensure fair and consistent compensation practices 
Business,Human Resources,medium,A newly promoted manager is struggling with leadership responsibilities. How would you support them?,i would offer leadership training  provide a mentor  and set up regular check ins to guide their transition 
Business,Human Resources,medium,A team reports feeling overworked and underappreciated. How do you address this?,i would assess workload distribution  discuss recognition initiatives  and propose solutions such as flexible scheduling 
Business,Human Resources,medium,A top-performing employee refuses to work with a specific manager. How do you handle the situation?,i would mediate a discussion  understand the concerns  and explore solutions like role adjustments or conflict resolution training 
Business,Human Resources,medium,An employee complains about receiving unclear instructions from their manager. How do you address this?,i would facilitate communication  ensure clear expectations  and provide leadership coaching if needed 
Business,Human Resources,medium,An employee feels their job expectations were not clearly communicated. How do you address this?,i would clarify job expectations  provide role documentation  and ensure alignment with their manager s expectations 
Business,Human Resources,medium,An employee feels undervalued despite receiving positive feedback. How do you improve their engagement?,i would explore their career aspirations  offer development opportunities  and implement recognition programs tailored to their preferences 
Business,Human Resources,medium,An employee has requested a demotion due to work-life balance concerns. How would you respond?,i would discuss alternatives such as flexible scheduling and assess if a demotion aligns with both company and employee needs 
Business,Human Resources,medium,How do you balance company cost-saving measures with maintaining competitive employee benefits?,by prioritizing high value benefits  negotiating with providers  and offering creative non monetary incentives 
Business,Human Resources,medium,How do you balance cost-cutting measures with maintaining employee morale?,by being transparent about financial decisions  providing non monetary benefits  and ensuring open communication about company challenges 
Business,Human Resources,medium,How do you balance enforcing company policies while maintaining employee morale?,by applying policies fairly  offering flexibility when appropriate  and communicating the rationale behind rules 
Business,Finance,medium,What is the difference between systematic risk and unsystematic risk?,systematic risk affects the entire market  unsystematic risk is company specific 
Business,Finance,medium,What is the difference between solvency and liquidity?,solvency is a company s ability to meet long term obligations  while liquidity is its ability to cover short term liabilities 
Business,Finance,medium,What is the difference between private equity and venture capital?,private equity invests in mature companies  while venture capital funds startups and high growth firms 
Business,Finance,medium,"What is the role of forecasting in financial analysis, and how do you approach it?",it predicts future performance  i base it on trends and assumptions 
Business,Finance,medium,What is the role of hedging in corporate finance?,hedging reduces financial risk by using financial instruments to offset potential losses from market fluctuations 
Business,Finance,medium,What is the significance of a company’s beta in risk assessment?,beta measures a stock s volatility relative to the market 
Business,Finance,medium,"What is the significance of a company’s price-to-earnings (P/E) ratio, and how is it used in financial analysis?",it shows how much investors pay for a company s earnings  higher p/e means higher growth expectations 
Business,Finance,medium,What is the significance of beta in portfolio management?,beta measures the volatility of a stock relative to the market  helping assess risk and adjust portfolio diversification 
Business,Finance,medium,What’s the role of financial risk management in ensuring a company’s long-term stability?,it helps identify and reduce potential risks to protect the company 
Business,Finance,medium,What’s the significance of free cash flow in evaluating a company’s financial stability?,it shows the cash available to pay debts  reinvest  or distribute 
Business,Finance,medium,When do you capitalize rather than expense a purchase?,capitalize if it benefits multiple periods  e g   equipment   expense if short term 
Business,Finance,medium,When should a company consider issuing debt instead of equity?,when interest rates are low  cash flows are stable  and the company wants to avoid ownership dilution 
Business,Finance,medium,Why issue equity instead of debt?,avoid debt costs  reduce risk  or fund growth without fixed payments 
Business,Finance,medium,Why might a company choose to reinvest profits instead of distributing dividends?,to fund growth initiatives  reduce debt  or improve liquidity  particularly in expanding or capital intensive industries 
Business,Finance,medium,Why would a company fund its operations by issuing equity rather than debt?,to avoid debt repayment obligations and reduce financial risk 
Business,Finance,medium,"What’s the difference between a fixed and a floating interest rate, and when might a company prefer one over the other?",fixed stays the same  floating changes  fixed is preferred for stability  floating if rates are expected to fall 
Business,Finance,medium,What is options trading?,the buying and selling of options contracts  giving the right  but not obligation  to buy ell assets at a set price 
Business,Finance,medium,What is preference capital?,funds raised by issuing shares that give priority on dividends but no voting rights 
Business,Finance,medium,What is the role of financial ratios in evaluating a company’s performance?,ratios assess profitability  liquidity  efficiency  and solvency 
Business,Finance,medium,What is regression analysis and how is it used in finance?,regression analysis examines relationships between variables and is used for forecasting and trend analysis 
Business,Finance,medium,What is the role of financial leverage in maximizing shareholder value?,it amplifies returns  but increases risk 
Business,Finance,medium,Tell us about a time when you made a significant mistake in your financial analysis. How did you fix it?,i once miscalculated a financial projection  i corrected it by reviewing data and adjusting the model 
Business,Finance,medium,"What’s the difference between nominal and real GDP, and why is this distinction important in financial analysis?",nominal is unadjusted for inflation  real is adjusted  real gdp gives a clearer picture of economic growth 
Business,Finance,medium,What’s the importance of cash flow forecasting in financial planning?,it helps ensure liquidity  predict funding needs  and manage operations 
Business,Finance,medium,What’s the relationship between a company’s earnings before interest and taxes (EBIT) and its market value?,higher ebit often leads to higher market value 
Business,Finance,medium,What’s the role of cost of capital in making investment decisions?,it s the minimum return needed to justify an investment 
Business,Finance,medium,What are the key indicators that help assess the profitability of a company?,profit margins and return ratios  roa  roe  
Business,Finance,medium,What are the key ratios you use in your analysis?,i commonly analyze liquidity  profitability  and solvency ratios such as the current ratio  roe  and debt to equity ratio 
Business,Finance,medium,What are the main indicators you use to evaluate a company’s solvency?,debt to equity ratio  interest coverage ratio  and cash flow analysis 
Business,Finance,medium,What are the main risks companies face when using leverage in their capital structure?,higher risk of default and interest payments 
Business,Finance,medium,What are the most common financial modeling techniques you use?,dcf analysis  sensitivity analysis  and scenario modeling 
Business,Finance,medium,What are the potential benefits and drawbacks of using equity financing?,benefits  no debt obligation  drawbacks  dilution of ownership 
Business,Finance,medium,What are the potential risks associated with the use of debt in a company’s capital structure?,higher financial risk and the potential for default 
Business,Finance,medium,What are the primary financial indicators you would consider when evaluating a company’s long-term sustainability?,profitability  cash flow  debt  and market position 
Business,Finance,medium,How would you measure a company’s liquidity position?,by analyzing current and quick ratios  working capital  and cash flow 
Business,Finance,medium,"If I could use only one statement to review the overall health of a company, which statement would I use, and why?",the cash flow statement  as it shows actual liquidity and financial health without non cash adjustments 
Business,Finance,medium,"If you had to choose one stock to invest in, which would you select?",a fundamentally strong stock with growth potential  like a blue chip company 
Business,Finance,medium,What is the role of diversification in financial risk management?,it reduces risk by spreading investments across different assets and industries 
Business,Finance,medium,What is the difference between CAPEX and OPEX?,capex refers to capital expenditures for long term assets  while opex refers to operational expenses for day to day activities 
Business,Finance,medium,"What is the difference between Depreciation, Depletion, and Amortization?",depreciation applies to tangible assets  depletion to natural resources  and amortization to intangible assets 
Business,Finance,medium,What is the difference between EBIT and EBITDA? Can EBIT be greater than EBITDA?,ebit includes depreciation and amortization  while ebitda excludes them  no  ebit cannot be greater than ebitda 
Business,Finance,medium,What is the importance of the cash conversion cycle in managing a company’s working capital?,it helps measure how fast a company turns its inventory into cash 
Business,Finance,medium,What is the importance of working capital management for a company’s day-to-day operations?,it ensures the company can meet short term financial obligations 
Business,Finance,medium,What is the importance of working capital management in ensuring a company’s financial stability?,it ensures liquidity  smooth operations  and efficient short term financial management 
Business,Finance,medium,What is the operating cycle/Cash conversion cycle?,the time taken to convert inventory into cash through sales and receivables collection 
Business,Finance,medium,"What is the purpose of financial planning, and how do you approach it?",to align financial goals with strategy  through forecasts and budgeting 
Business,Finance,medium,What is the relationship between a company’s financial leverage and its risk?,more leverage means higher risk  but potentially higher returns 
Business,Finance,medium,What factors would you consider before approving a company’s credit application?,creditworthiness  cash flow  debt levels  and repayment ability 
Business,Finance,medium,What factors would you consider when advising a company on whether to issue bonds or equity?,cost  control  and market conditions 
Business,Finance,medium,What factors would you consider when analyzing a company’s debt-to-equity ratio?,debt level vs  equity  assess financial risk 
Business,Finance,medium,What factors would you consider when assessing a company’s dividend payout ratio?,compare dividends to earnings and consider sustainability 
Business,Finance,medium,What factors would you consider when assessing the financial sustainability of a startup?,cash flow  profit potential  funding  and growth 
Business,Finance,medium,What financial data would you use to determine whether to invest in a particular stock?,eps  p/e ratio  roe  and cash flow statements 
Business,Finance,medium,What financial indicators do you prioritize when analyzing a company’s financial stability?,liquidity ratios  debt levels  and profit margins 
Business,Finance,medium,What financial indicators would you use to evaluate a company’s ability to generate consistent cash flows?,operating cash flow and free cash flow 
Business,Finance,medium,What is the difference between an operating lease and a financial lease?,an operating lease is short term and doesn t transfer ownership  while a financial lease is long term and often leads to ownership 
Business,Finance,medium,What is the importance of scenario planning in financial forecasting?,it helps prepare for different economic conditions and risks 
Business,Finance,medium,What is the importance of economic indicators in financial analysis?,they help predict market trends and business cycles 
Business,Finance,medium,"What is an equity research report, and how is it structured?",it s an analysis of a company s performance with sections on financials  valuation  and recommendation 
Business,Finance,medium,What is a put option?,a contract allowing the sale of an asset at a set price within a specific time 
Business,Finance,medium,"What is the difference between a company’s enterprise value and market capitalization, and why is this important?",ev includes debt  market cap doesn t  ev gives a fuller company value 
Business,Finance,medium,What is the difference between a company’s market capitalization and its enterprise value?,market cap is the value of a company s shares  while enterprise value includes debt and cash 
Business,Finance,medium,What is the significance of financial leverage in corporate finance?,it amplifies returns but increases financial risk 
Business,Finance,medium,What is the significance of free cash flow (FCF) in financial analysis?,fcf shows how much cash a company has after expenses  crucial for operations and investments 
Business,Finance,medium,What is the significance of interest coverage ratio in financial analysis?,it measures a company s ability to pay interest on its debt  with a higher ratio indicating lower risk 
Business,Finance,medium,What is the significance of understanding a company’s operating and financial leverage?,it helps understand the impact of fixed costs and debt on profits 
Business,Finance,medium,What is working capital management?,working capital management involves optimizing the balance between current assets and liabilities to ensure liquidity 
Business,Human Resources,medium,An employee requests to change teams due to personal differences with a coworker. How do you handle this?,i would assess the severity of the issue  encourage conflict resolution  and consider a transfer only if it benefits both the employee and the organization 
Business,Finance,medium,What is working capital?,working capital is the difference between current assets and current liabilities  indicating short term liquidity 
Business,Finance,medium,What is your approach to analyzing a company’s revenue growth potential?,review market trends and past growth 
Business,Finance,medium,What is EBITDA?,ebitda stands for earnings before interest  taxes  depreciation  and amortization and measures operating profitability 
Business,Finance,medium,What is Enterprise Value?,total company value  ev   market cap   debt   cash 
Business,Finance,medium,What is a bond yield and how is it determined?,bond yield is the return an investor earns on a bond  determined by its coupon rate and current market price 
Business,Finance,medium,What is a dividend growth model?,a method to value a stock based on expected future dividends and their growth rate 
Business,Finance,medium,"What is a financial covenant in a loan agreement, and why is it important?",it s a condition set by lenders to ensure the company stays financially healthy 
Business,Finance,medium,"What is a financial covenant, and why is it important in lending agreements?",a financial covenant protects lenders by setting conditions in loan agreements 
Business,Finance,medium,What is your approach to analyzing a company’s fixed vs. variable cost structure?,by reviewing cost behavior in financial statements and calculating cost ratios 
Business,Human Resources,medium,Which HR metrics are crucial for organizational success?,turnover rate  employee satisfaction  recruitment efficiency  training roi  and absenteeism rate 
Business,Human Resources,medium,An employee requests to switch from full-time to part-time due to personal reasons. How do you evaluate this request?,i would assess the impact on workload  consult the manager  and explore flexible solutions that work for both the employee and the company 
Business,Human Resources,medium,How do you ensure compliance when managing remote employees across different jurisdictions?,by researching local labor laws  updating company policies  and consulting legal experts to ensure hr compliance 
Business,Human Resources,medium,What are the key elements of an effective employee assistance program (EAP)?,confidential counseling  work life balance support  mental health resources  and crisis intervention services 
Business,Human Resources,medium,What are the key factors in designing an effective flexible benefits program?,employee needs  budget constraints  market trends  and legal compliance 
Business,Human Resources,medium,What are the key steps in designing a company-wide training program?,assess needs  set learning objectives  develop materials  implement training  and evaluate results 
Business,Human Resources,medium,What are the most effective ways to manage high-potential employees?,providing mentorship  offering challenging projects  and ensuring career advancement opportunities 
Business,Human Resources,medium,What factors should be considered when creating an employee benefits package?,market trends  employee needs  company budget  and legal compliance 
Business,Human Resources,medium,What initiatives can HR take to improve work-life balance?,flexible work arrangements  mental health support  and encouraging time off usage 
Business,Human Resources,medium,What initiatives can HR take to promote a feedback-driven work environment?,by implementing     degree feedback  encouraging continuous check ins  and fostering a culture of open communication 
Business,Human Resources,medium,How would you handle a situation where employees are resisting a company-wide restructuring?,i would provide transparent communication  involve employees in the process  and offer resources to support the transition 
Business,Human Resources,medium,How would you handle a situation where employees feel HR policies are too restrictive?,i would gather employee feedback  assess policy effectiveness  and collaborate with leadership to balance compliance with flexibility 
Business,Human Resources,medium,How would you handle an employee who consistently disregards constructive feedback?,i would have a structured conversation  set clear expectations  and provide additional coaching or training if necessary 
Business,Human Resources,medium,How would you handle an employee who frequently requests time off but does not provide sufficient notice?,i would review company policies  have a conversation with the employee  and implement clear expectations regarding leave requests 
Business,Human Resources,medium,How would you handle an employee who frequently takes unapproved leaves and ignores HR warnings?,i would have a one on one discussion to understand the reasons  reinforce attendance policies  and take disciplinary action if necessary 
Business,Human Resources,medium,How would you handle an employee who regularly ignores company dress code policies?,i would have a private discussion with the employee  clarify dress code expectations  and enforce policies fairly while considering any reasonable accommodations 
Business,Human Resources,medium,How would you measure the success of an employee engagement initiative?,by tracking participation rates  collecting feedback  and analyzing performance improvements linked to engagement efforts 
Business,Human Resources,medium,How would you resolve a situation where an employee refuses to work overtime but their role requires it occasionally?,i would clarify expectations during hiring  review legal requirements  and find alternative solutions such as compensatory time off 
Business,Human Resources,medium,How does HR contribute to risk management?,hr ensures compliance with labor laws  prevents workplace conflicts  and promotes safety measures to mitigate risks 
Business,Human Resources,medium,How would you respond if an employee is consistently disengaged during team meetings?,i would check in with the employee privately  identify underlying concerns  and work on engagement strategies to improve participation 
Business,Human Resources,medium,How do you support employees during a company restructuring?,by offering clear communication  career transition support  and ensuring transparency to reduce uncertainty 
Business,Human Resources,medium,How do you safeguard confidential employee information?,by using secure hr systems  limiting access  and ensuring compliance with data protection laws 
Business,Human Resources,medium,How do you handle underperforming employees?,through performance reviews  improvement plans  coaching  and clear communication of expectations 
Business,Human Resources,medium,How do you implement a fair and transparent promotion policy?,by establishing clear criteria  using objective performance evaluations  and ensuring equal growth opportunities for all employees 
Business,Human Resources,medium,How do you implement a skills-based hiring approach?,by defining job competencies  using structured assessments  and focusing on skills over traditional qualifications 
Business,Human Resources,medium,How would you support employees who are struggling with major workplace changes?,by offering change management training  providing open communication channels  and ensuring leadership transparency 
Business,Human Resources,medium,What HR policies would you put in place to protect employees working in high-stress environments?,implementing workload management strategies  mental health support  and structured debriefing sessions 
Business,Human Resources,medium,What HR practices can help increase employee loyalty?,offering career growth opportunities  maintaining a positive work environment  and recognizing employee contributions regularly 
Business,Human Resources,medium,What HR strategies can improve employee retention?,providing career development opportunities  enhancing company culture  and ensuring competitive compensation packages 
Business,Human Resources,medium,What approach would you take to resolve conflicts between employees from different cultural backgrounds?,i would foster cultural awareness training  mediate discussions  and encourage inclusive workplace practices 
Business,Human Resources,medium,What approach would you take to resolve conflicts between employees with different working styles?,by promoting open communication  fostering mutual understanding  and providing conflict resolution training 
Business,Human Resources,medium,What are effective strategies for managing conflicts between employees?,mediation  clear communication  conflict resolution training  and enforcing fair policies 
Business,Human Resources,medium,How do you measure employee satisfaction?,through surveys  one on one meetings  and monitoring retention rates and productivity levels 
Business,Human Resources,medium,How do you measure the effectiveness of HR policies?,by tracking employee feedback  compliance rates  and workplace productivity improvements 
Business,Human Resources,medium,How do you measure the effectiveness of an employee engagement strategy?,through engagement surveys  retention rates  productivity metrics  and feedback from employee focus groups 
Business,Human Resources,medium,How do you measure the success of employee wellness programs?,by tracking participation rates  employee feedback  and improvements in productivity and absenteeism 
Business,Human Resources,medium,How do you resolve conflicts in a professional environment?,by promoting open communication  understanding different perspectives  and facilitating mediation 
Business,Human Resources,medium,How do you stay informed about changes in employment laws?,by attending workshops  reading government updates  and being a member of hr professional associations 
Business,Human Resources,medium,How do you handle situations where employees feel HR decisions are not transparent?,i would promote open communication  provide clear explanations  and implement feedback mechanisms to increase trust in hr 
Business,Human Resources,medium,What policies would you put in place to prevent nepotism in hiring and promotions?,i would implement transparent selection criteria  require diverse hiring panels  and enforce conflict of interest disclosures 
Business,Human Resources,medium,What role does HR play in company culture development?,hr shapes culture through policies  engagement programs  and fostering a positive work environment 
Business,Human Resources,medium,What strategies can HR use to improve cross-functional collaboration?,encouraging open communication  hosting team building activities  and establishing interdepartmental meetings 
Business,Human Resources,medium,What is the impact of HR analytics on workforce planning?,hr analytics helps predict hiring needs  identify retention risks  and improve talent management strategies 
Business,Human Resources,medium,What measures would you implement to prevent favoritism in performance evaluations?,by standardizing evaluation criteria  training managers on bias reduction  and ensuring a transparent review process 
Business,Human Resources,medium,What measures would you implement to reduce high turnover rates in a specific department?,i would analyze exit interviews  address management concerns  and implement targeted retention strategies 
Business,Human Resources,medium,What methods can HR use to identify high-potential employees for leadership roles?,by using performance analytics  conducting leadership assessments  and providing mentorship opportunities 
Business,Human Resources,medium,What methods can HR use to identify workplace harassment?,conducting anonymous surveys  establishing reporting channels  and encouraging a speak up culture 
Business,Human Resources,medium,What methods do you use to ensure fair and unbiased performance evaluations?,by setting clear criteria  using multiple evaluation sources  and conducting calibration sessions with management 
Business,Human Resources,medium,What methods do you use to track HR performance metrics?,i use hr dashboards  employee feedback  and industry benchmarks to measure hr effectiveness 
Business,Human Resources,medium,What methods would you use to assess and improve employee-manager relationships?,i would use employee feedback surveys  conduct regular one on ones  and provide leadership development programs 
Business,Human Resources,medium,What methods would you use to improve employee participation in wellness programs?,by offering incentives  promoting awareness  and ensuring programs address employee needs effectively 
Business,Human Resources,medium,What strategies would you use to reduce absenteeism in a department with high rates of unplanned leave?,i would analyze absence patterns  address underlying causes  and implement flexible scheduling or wellness initiatives 
Business,Human Resources,medium,What would you do if a newly promoted manager is struggling to lead their team?,i would provide leadership coaching  offer management training  and facilitate one on one mentoring sessions 
Business,Human Resources,medium,What would you do if a top-performing employee requests an unscheduled raise due to receiving an external offer?,i would assess the market competitiveness  discuss company policies  and explore retention strategies that align with business goals 
Business,Human Resources,medium,What would you do if an employee requests to bring their emotional support animal to the office?,i would review company policies  consult legal requirements  and explore reasonable accommodations while considering the impact on workplace dynamics 
Business,Human Resources,medium,What would you do if employees express frustration over unclear performance evaluation criteria?,i would work with leadership to refine evaluation criteria  ensure transparency  and provide manager training on fair assessments 
Business,Human Resources,medium,What strategies can HR use to improve collaboration between remote and in-office employees?,by implementing virtual engagement tools  promoting hybrid meeting structures  and fostering an inclusive work culture 
Business,Human Resources,medium,What proactive steps can HR take to prevent legal disputes related to terminations?,by ensuring clear documentation  following due process  and providing proper legal training to hr and management teams 
Business,Human Resources,medium,What strategies can HR use to foster continuous learning and development?,by implementing mentorship programs  offering tuition assistance  and encouraging participation in industry certifications 
Business,Human Resources,medium,What strategies can HR use to encourage more employees to participate in company initiatives?,by creating incentive programs  promoting inclusivity  and clearly communicating the benefits of participation 
Business,Human Resources,medium,What role does HR play in crisis management?,ensuring business continuity  supporting employees  and communicating clear policies during crises 
Business,Human Resources,medium,What role does HR play in ensuring ethical leadership within an organization?,by reinforcing ethical guidelines  providing training  and holding leaders accountable for their actions 
Business,Human Resources,medium,What role does HR play in fostering innovation within the workplace?,by promoting a culture of collaboration  encouraging open feedback  and recognizing creative contributions 
Business,Human Resources,medium,What steps do you take to build a strong employer brand?,by improving candidate experience  showcasing company culture  and maintaining an active presence on professional networks 
Business,Human Resources,medium,What are effective talent acquisition strategies?,leveraging job boards  networking  employee referrals  structured interviews  and employer branding 
Business,Marketing,medium,What is the significance of user-generated content in marketing?,user generated content helps build trust  authenticity  and social proof  and can drive brand awareness 
Business,Human Resources,medium,What are the challenges in implementing a new HR software system?,challenges include user adoption resistance  data migration issues  training needs  and ensuring system integration 
Business,Human Resources,medium,What are the challenges of managing a global workforce?,handling cultural differences  managing compliance across countries  and ensuring cohesive company policies 
Business,Human Resources,medium,"What are the challenges of managing a multigenerational workforce, and how do you address them?",by understanding generational differences  promoting inclusive policies  and offering flexible work arrangements 
Business,Human Resources,medium,What are the key components of an effective compensation strategy?,market based pay  incentives  benefits  and performance based rewards 
Business,Human Resources,medium,What are the key components of an effective remote work policy?,clear expectations  communication tools  performance tracking  and cybersecurity protocols 
Business,Human Resources,medium,What are the key considerations when conducting layoffs due to budget cuts?,ensuring legal compliance  fair selection criteria  clear communication  and providing support for affected employees 
Business,Human Resources,medium,What are the key elements of an effective HR communication strategy?,transparency  consistency  timely updates  and multiple communication channels to reach all employees 
Business,Human Resources,medium,What steps would you take to improve internal communication within a growing organization?,by implementing feedback loops  leveraging multiple communication channels  and ensuring leadership transparency 
Business,Human Resources,medium,What steps would you take to improve pay transparency in an organization?,conducting salary audits  defining clear compensation structures  and educating employees on pay scales and benefits 
Business,Human Resources,medium,What strategies can HR use to ensure remote employees feel included in company culture?,by hosting virtual events  encouraging regular check ins  and ensuring remote employees have equal opportunities for engagement 
Business,Human Resources,medium,How do you handle situations where an employee requests a counteroffer after receiving an external job offer?,i would assess the employee s value to the company  review compensation benchmarks  and discuss long term retention strategies before making a decision 
Business,Human Resources,medium,How do you handle layoffs or terminations professionally?,by ensuring compliance  maintaining empathy  and offering support resources to affected employees 
Business,Human Resources,medium,How do you handle employees who resist digital transformation in HR processes?,by providing training  addressing concerns proactively  and demonstrating the efficiency benefits of new technologies 
Business,Human Resources,medium,How do you ensure that a remote workforce stays engaged and motivated?,by fostering virtual team building activities  maintaining regular communication  and recognizing remote employee contributions 
Business,Human Resources,medium,How do you ensure that employee engagement surveys lead to meaningful improvements?,by analyzing feedback data  communicating findings transparently  and implementing measurable action plans 
Business,Human Resources,medium,How do you ensure that leadership training programs are effective?,by setting clear objectives  tracking participation  gathering feedback  and measuring leadership performance outcomes 
Business,Human Resources,medium,How do you ensure that performance evaluations are fair and unbiased?,by setting clear criteria  training managers  using     degree feedback  and applying objective measurement tools 
Business,Human Resources,medium,How do you deal with a scenario where employees refuse to participate in team-building activities?,i would assess reasons for resistance  make activities more inclusive  and highlight the benefits of participation 
Business,Human Resources,medium,How do you deal with resistance to change in an organization?,by fostering open communication  involving employees in decision making  and providing adequate support 
Business,Human Resources,medium,How do you design an effective leadership development program?,by identifying leadership competencies  providing mentorship  and offering tailored training sessions for emerging leaders 
Business,Human Resources,medium,How do you develop an effective talent pipeline for key leadership roles?,by identifying high potential employees  offering leadership development programs  and creating succession planning strategies 
Business,Human Resources,medium,How do you ensure HR compliance in an organization expanding into a new country?,i would research labor laws  consult with local legal experts  and adapt policies to meet local regulations 
Business,Human Resources,medium,How do you ensure HR policies align with a company’s core values?,by integrating values into performance evaluations  ensuring leadership models company culture  and reinforcing values through training and recognition programs 
Business,Human Resources,medium,How do you ensure HR policies remain aligned with evolving workplace trends?,by monitoring industry best practices  gathering employee feedback  and updating policies regularly to reflect new workplace norms 
Business,Human Resources,medium,How do you ensure a company remains compliant with labor laws in different locations?,by conducting regular audits  collaborating with legal experts  and adapting policies to local regulations 
Business,Human Resources,medium,How do you ensure a fair and unbiased performance evaluation process?,by setting clear performance criteria  providing bias training to managers  and using data driven evaluation tools 
Business,Human Resources,medium,How do you handle a situation where an employee refuses to sign a performance improvement plan (PIP)?,i would explain the purpose of the pip  document their refusal  and escalate the matter to ensure compliance with company policies 
Business,Human Resources,medium,How do you handle a situation where employees feel HR policies are too restrictive?,i would gather employee feedback  assess policy effectiveness  and collaborate with leadership to find a balance between compliance and flexibility 
Business,Human Resources,medium,How do you ensure that HR technology investments align with company goals?,by conducting needs assessments  collaborating with leadership  and selecting scalable solutions that improve efficiency and employee experience 
Business,Human Resources,medium,How do you handle a situation where multiple employees file complaints about a specific manager?,conduct a confidential investigation  gather feedback  assess management practices  and implement corrective action if necessary 
Business,Human Resources,medium,How do you ensure that HR supports a positive remote work culture?,by fostering virtual engagement  providing flexible work arrangements  and maintaining clear communication channels 
Business,Human Resources,medium,A key employee submits their resignation unexpectedly. How do you respond?,i would conduct an exit discussion  explore retention possibilities  and develop a transition plan to minimize disruption 
Business,Human Resources,medium,How do you ensure confidentiality in handling HR data?,by implementing secure storage systems  limiting access to sensitive information  and training employees on data privacy policies 
Business,Human Resources,medium,How do you ensure confidentiality when handling internal investigations?,by restricting access to sensitive information  following a structured process  and maintaining impartiality 
Business,Human Resources,medium,How do you ensure confidentiality when handling sensitive employee complaints?,by following strict data security protocols  limiting access  and maintaining ethical hr practices 
Business,Human Resources,medium,How do you ensure effective communication of HR policies to employees at all levels?,by using multiple communication channels  providing training sessions  and ensuring policies are easily accessible 
Business,Human Resources,medium,How do you ensure employees feel comfortable raising concerns about workplace issues?,by fostering a culture of trust  ensuring confidentiality  and providing multiple reporting channels 
Business,Human Resources,medium,How do you approach implementing a new HR policy that employees may resist?,by communicating its benefits  addressing concerns proactively  and involving employees in the development process 
Business,Human Resources,medium,How do you approach implementing a performance improvement plan (PIP)?,by setting clear expectations  offering support and resources  tracking progress regularly  and ensuring fairness in the evaluation process 
Business,Human Resources,medium,How do you approach performance issues for an employee with personal struggles outside of work?,i would offer support resources  adjust expectations where feasible  and maintain communication while balancing company needs 
Business,Human Resources,medium,How do you approach succession planning for key leadership roles?,by identifying potential successors  providing leadership development programs  and ensuring a structured transition process 
Business,Human Resources,medium,How do you assess and improve employee training programs?,by gathering feedback  analyzing performance improvements  and adjusting training content accordingly 
Business,Human Resources,medium,How do you assess the effectiveness of HR policies?,by monitoring key metrics like compliance rates  employee feedback  and workplace efficiency 
Business,Human Resources,medium,How do you assess the effectiveness of a company's diversity and inclusion program?,by tracking hiring and promotion metrics  conducting employee surveys  and assessing workplace culture inclusivity 
Business,Human Resources,medium,How do you assess the effectiveness of an employee recognition program?,by tracking engagement metrics  analyzing employee feedback  and monitoring retention and performance improvements 
Business,Human Resources,medium,How do you balance business goals with employee satisfaction?,by aligning hr strategies with company objectives while ensuring employee well being 
Business,Human Resources,medium,A department is experiencing frequent absenteeism. How would you investigate and address this?,i would analyze absence trends  conduct confidential discussions  and work with leadership to address underlying causes 
Business,Human Resources,medium,How do you ensure that HR initiatives align with company values?,by incorporating company mission statements into hr programs and reinforcing values in leadership training 
Business,Human Resources,medium,How do you handle an employee who consistently works overtime despite being advised to maintain work-life balance?,i would discuss their workload  assess if adjustments are needed  and encourage a healthy balance to prevent burnout 
Business,Human Resources,medium,How do you handle an employee who frequently clashes with colleagues but delivers excellent results?,i would address interpersonal concerns  provide feedback  and encourage teamwork while balancing performance expectations 
Business,Human Resources,medium,How do you handle an employee who performs well but has a negative impact on team morale?,i would address behavioral concerns  provide coaching  and ensure their actions align with company values while maintaining performance expectations 
Business,Human Resources,medium,How do you evaluate the success of HR policies?,by tracking employee feedback  analyzing hr metrics  and assessing business impact 
Business,Human Resources,medium,How do you evaluate the success of an employee training program?,through employee feedback  skills assessments  productivity tracking  and performance reviews 
Business,Human Resources,medium,How do you handle a situation where a long-term employee resists adopting new company policies?,i would explain the necessity of the change  provide training  and address their concerns to ease the transition 
Business,Human Resources,medium,How do you handle a situation where an employee consistently fails to follow safety protocols?,i would issue a formal warning  provide additional training  and escalate disciplinary action if non compliance continues 
Business,Human Resources,medium,How do you handle a situation where an employee continuously arrives late despite verbal warnings?,i would document the issue  conduct a formal discussion  explore underlying causes  and implement corrective action if needed 
Business,Human Resources,medium,How do you handle a situation where an employee refuses to follow company policies?,i communicate the importance of policies  document the issue  and apply progressive discipline if necessary 
Business,Human Resources,medium,How does HR support mental health in the workplace?,by offering employee assistance programs  eaps   promoting work life balance  and ensuring managers are trained to recognize and support mental health concerns 
Business,Human Resources,medium,How would you address a situation where an employee frequently interrupts colleagues in meetings?,i would privately discuss the issue with the employee  provide feedback on professional communication  and offer training if necessary 
Business,Human Resources,medium,How would you address a situation where employees feel their career growth opportunities are limited?,i would conduct employee surveys  assess internal mobility options  and implement career development programs 
Business,Human Resources,medium,How would you handle a situation where a high-performing employee is requesting an immediate transfer due to a conflict with their manager?,i would mediate a discussion  explore possible resolutions  and assess if a transfer aligns with company needs 
Business,Human Resources,medium,How would you handle a situation where a new hire is struggling to adapt to the company culture?,i would arrange one on one meetings  pair them with a mentor  and provide resources to help them understand the company culture 
Business,Human Resources,medium,How would you handle a situation where a new policy is met with employee resistance?,i would communicate the policy s benefits  address concerns  and provide training to ease the transition 
Business,Human Resources,medium,How would you handle a situation where an employee refuses to share knowledge with their team?,i would have a private discussion to understand their concerns  emphasize collaboration  and implement knowledge sharing initiatives 
Business,Human Resources,medium,How do you handle cases where employees feel underpaid compared to market standards?,by conducting salary benchmarking  ensuring pay transparency  and offering competitive non monetary benefits 
Business,Human Resources,medium,How do you handle employees who frequently request last-minute leave?,by setting clear leave policies  discussing the impact on operations  and exploring flexible scheduling options if necessary 
Business,Human Resources,medium,How do you evaluate the effectiveness of employee recognition programs?,by tracking engagement metrics  gathering employee feedback  and assessing retention rates 
Business,Human Resources,medium,How do you ensure the accuracy of payroll processing?,by implementing checks and audits  ensuring timely data updates  and using reliable payroll software 
Business,Human Resources,medium,How do you ensure that performance review processes remain unbiased?,by implementing standardized evaluation criteria  providing manager training  and using multi source feedback 
Business,Human Resources,medium,How do you manage internal conflicts between two employees in a leadership position?,by facilitating mediation  reinforcing company values  and ensuring their conflict does not negatively impact their teams 
Business,Human Resources,medium,How do you handle an employee who regularly misses deadlines due to personal reasons?,i would discuss challenges  offer support resources  and explore reasonable adjustments or performance plans 
Business,Human Resources,medium,How do you ensure fair and equitable promotion opportunities in an organization?,by implementing transparent promotion criteria  tracking diversity metrics  and ensuring leadership accountability 
Business,Human Resources,medium,How do you ensure fair and unbiased hiring practices?,by standardizing interview questions  using diverse hiring panels  and incorporating objective candidate assessments 
Business,Human Resources,medium,How do you ensure fair and unbiased promotions within a company?,by setting clear criteria  using data driven evaluations  and promoting transparency in career advancement 
Business,Human Resources,medium,How do you ensure fair representation in hiring when dealing with unconscious bias?,by using structured interviews  diverse hiring panels  and implementing blind resume screening 
Business,Human Resources,medium,How do you ensure fairness and consistency in handling employee grievances?,by following structured grievance procedures  ensuring impartial investigations  and maintaining clear communication with all parties involved 
Business,Human Resources,medium,How do you ensure fairness in an organization’s disciplinary actions?,by applying policies consistently  documenting incidents properly  and using unbiased decision making processes 
Business,Human Resources,medium,How do you ensure a smooth offboarding process?,by conducting exit interviews  revoking system access  collecting company assets  and assisting with transitions 
Business,Human Resources,medium,How do you ensure legal compliance in HR processes?,by staying updated with labor laws  conducting compliance audits  and implementing clear hr policies 
Business,Human Resources,medium,How do you ensure remote employees feel integrated into the company culture?,by fostering virtual engagement opportunities  ensuring frequent communication  and involving remote employees in decision making processes 
Business,Human Resources,medium,How do you implement an effective performance appraisal system?,by setting clear objectives  providing regular feedback  and utilizing     degree evaluations 
Business,Human Resources,medium,How do you implement flexible work policies effectively?,by setting clear guidelines  leveraging remote work tools  and ensuring accountability in performance expectations 
Business,Human Resources,medium,How do you keep HR practices updated with evolving labor laws?,by attending legal workshops  consulting legal advisors  and reviewing hr policies regularly 
Business,Human Resources,medium,How do you manage HR compliance when operating in multiple countries?,by staying updated on labor laws  working with local hr consultants  and ensuring policies adhere to country specific regulations 
Business,Human Resources,medium,How do you manage confidential employee complaints while ensuring fair resolutions?,by handling complaints discreetly  following company procedures  and ensuring unbiased investigations 
Business,Human Resources,medium,How do you manage conflict between an employee and their direct manager?,by conducting a neutral mediation session  understanding both perspectives  and working on a resolution that aligns with company policies and culture 
Business,Human Resources,medium,How do you ensure new hires integrate smoothly into the company culture?,by implementing structured onboarding programs  assigning mentors  and facilitating team engagement activities 
Business,Accounting,medium,In what circumstances does goodwill increase?,goodwill increases when a company acquires another business at a price higher than its net identifiable assets  reflecting intangible value such as brand reputation or customer relationships 
Business,Marketing,medium,What is user-generated content (UGC)?,user generated content  ugc  is content created and shared by consumers  such as reviews  photos  or videos  that promotes a brand or product 
Business,Marketing,medium,"What makes a successful marketing campaign, in your opinion?",a successful marketing campaign is one that resonates with the target audience  delivers a clear and compelling message  and achieves measurable results  it should also be creative  data driven  and adaptable to feedback and changing market conditions 
Business,Accounting,medium,Define fictitious assets.,fictitious assets are expenses or losses that are not real assets but are shown in the balance sheet  such as preliminary expenses and promotional costs 
Business,Accounting,medium,Define material facts in accounting.,material facts refer to financial information or events that significantly impact decision making and financial statements 
Business,Accounting,medium,Define overhead in terms of accounting.,overhead refers to indirect business expenses  such as rent  utilities  and administrative costs  that are not directly tied to production 
Business,Accounting,medium,Define the dual aspect concept in accounting.,the dual aspect concept states that every transaction affects two accounts  ensuring that total debits equal total credits 
Business,Accounting,medium,Define the equation for the Acid-Test ratio in accounting.,acid test ratio    current assets   inventory    current liabilities  it measures a company s short term liquidity without relying on inventory sales 
Business,Accounting,medium,Define the terms Debit and Credit in accounting.,debit increases assets and expenses  while credit increases liabilities  revenue  and equity 
Business,Accounting,medium,Define fair value in accounting.,fair value is the estimated price at which an asset or liability could be exchanged between knowledgeable  willing parties in an open market 
Business,Accounting,medium,Describe CPA.,cpa stands for certified public accountant  a professional designation awarded to accountants who meet education and experience requirements and pass the cpa exam 
Business,Accounting,medium,What are the key differences between a budget and a forecast?,a budget is a financial plan with fixed targets  while a forecast is an updated projection based on current financial trends and conditions 
Business,Accounting,medium,What are some red flags that indicate potential financial fraud?,unusual journal entries  missing documentation  unexplained account fluctuations  and excessive manual transactions are common fraud indicators 
Business,Accounting,medium,What are the Accounting Concepts?,accounting concepts include the going concern concept  accrual concept  matching principle  and consistency principle  ensuring standardized financial reporting 
Business,Accounting,medium,What are the accounting events that are frequently involved in compound entries?,common events include payroll expenses  depreciation adjustments  and recording accrued interest or taxes 
Business,Accounting,medium,What are the activities included in the Cash Flow Statement?,the cash flow statement includes operating  investing  and financing activities  showing cash inflows and outflows 
Business,Accounting,medium,Expand TDS. What is it?,tds stands for tax deducted at source  a tax collected by the payer on specified payments  which is later deposited with the government 
Business,Accounting,medium,Describe Real and Nominal Accounts.,real accounts include tangible and intangible assets  e g   cash  machinery   while nominal accounts record expenses  income  and profits  e g   rent  salaries  sales  
Business,Accounting,medium,Explain computerized accounting.,computerized accounting uses software such as quickbooks  sap  and tally to record  analyze  and report financial transactions efficiently 
Business,Accounting,medium,Define depreciation and its types.,depreciation is the allocation of an asset s cost over its useful life  types include straight line depreciation  declining balance  and units of production method 
Business,Accounting,medium,What are the financial reporting challenges faced by multinational corporations?,challenges include currency translation  tax compliance  ifrs/gaap differences  and consolidation of financial statements across jurisdictions 
Business,Accounting,medium,What are the advantages and disadvantages of using FIFO for inventory valuation?,fifo reflects current costs in ending inventory  increasing profits during inflation but also leading to higher tax liabilities 
Business,Accounting,medium,"What are the advantages and disadvantages of using the Last-In, First-Out (LIFO) inventory method?",lifo reduces taxable income during inflation but may distort inventory valuation and is prohibited under ifrs 
Business,Accounting,medium,What are the advantages of using the accrual basis of accounting over the cash basis?,accrual accounting provides a more accurate financial picture by recognizing revenues and expenses when they occur  not when cash is exchanged  improving financial reporting accuracy 
Business,Accounting,medium,What are the benefits of using an activity-based costing (ABC) system?,abc improves cost allocation accuracy  enhances pricing strategies  and identifies inefficiencies in production and service delivery 
Business,Accounting,medium,What are the challenges faced by an Accountant?,challenges include staying updated with regulatory changes  ensuring compliance  managing tight deadlines  and preventing financial fraud 
Business,Accounting,medium,What are the common reasons for a cash flow shortage in a company?,cash flow shortages can be caused by delayed receivables  excessive expenses  poor inventory management  or high debt repayments 
Business,Accounting,medium,Define creative accounting.,creative accounting involves legal manipulation of financial statements to present a more favorable view of a company s financial health 
Business,Accounting,medium,"What are the common types of accounting fraud, and how can they be prevented?",types include revenue recognition fraud  expense manipulation  and asset misappropriation  prevention methods include strong internal controls  audits  and segregation of duties 
Business,Accounting,medium,What are the differences between financial forecasting and budgeting?,financial forecasting estimates future financial outcomes based on historical data and trends  while budgeting sets financial plans and targets for a specific period 
Business,Accounting,medium,What are the differences between operating leverage and financial leverage?,operating leverage measures how fixed costs impact profitability  while financial leverage examines the effect of debt on a company s earnings per share 
Business,Accounting,medium,Describe a time when you had to work exceptionally hard to provide great service to clients.,i worked overtime during tax season to ensure accurate filings for clients  avoiding penalties and maximizing deductions 
Business,Accounting,medium,Can you describe a time when you identified and corrected a significant financial discrepancy?,i discovered an accounting error in payroll tax filings  conducted a review  and implemented corrective measures to prevent recurrence 
Business,Accounting,medium,Can you explain the difference between GAAP and IFRS?,gaap is a set of accounting standards used primarily in the u s   while ifrs is globally recognized  they differ in principles such as revenue recognition  inventory valuation  and financial statement presentation 
Business,Accounting,medium,What are the main principles behind cost allocation in managerial accounting?,cost allocation principles include causality  benefit received  fairness  and consistency in assigning costs to products  services  or departments 
Business,Accounting,medium,What are the common types of inventory valuation errors?,errors include overstatement or understatement of ending inventory  misclassification of costs  and failure to apply consistent valuation methods 
Business,Accounting,medium,What are the adjustment entries made while preparing the final accounts from the trial balance?,adjustment entries include accruals  depreciation  provision for bad debts  closing stock  and prepaid expenses to ensure accurate financial reporting 
Business,Accounting,medium,Explain deferred assets with an example.,deferred assets are prepaid expenses  such as insurance paid in advance  recorded as assets and expensed over time 
Business,Accounting,medium,Explain how you would handle accounting for a company that operates in multiple tax jurisdictions.,accounting for multiple tax jurisdictions requires separate tax compliance tracking  transfer pricing adjustments  and adherence to local and international tax laws 
Business,Accounting,medium,How do companies manage financial risk through hedging?,companies use derivatives  such as futures  options  and swaps  to hedge against interest rate  currency  and commodity price fluctuations 
Business,Accounting,medium,How do companies recognize revenue from long-term construction contracts?,revenue is recognized using the percentage of completion method or completed contract method  depending on accounting policies 
Business,Accounting,medium,How do companies record the acquisition of fixed assets?,fixed assets are recorded at cost  including purchase price  installation costs  and directly attributable expenses  and then depreciated over their useful life 
Business,Accounting,medium,How do companies use sensitivity analysis in financial reporting?,sensitivity analysis assesses the impact of variable changes  e g   interest rates  inflation  on financial outcomes  aiding risk management and forecasting 
Business,Accounting,medium,How do non-recurring items impact financial analysis?,non recurring items  such as asset sales or litigation expenses  can distort profitability trends and are typically adjusted for in financial analysis 
Business,Accounting,medium,Did you ever face a difficult work situation and overcome it?,yes  during an audit  i identified a miscalculation in tax filings  i collaborated with my team  corrected the issue  and ensured compliance with tax laws 
Business,Accounting,medium,How do companies evaluate the effectiveness of internal controls over financial reporting?,effectiveness is assessed through risk assessments  control testing  management reviews  and compliance with frameworks like coso or sox 
Business,Accounting,medium,Difference between inactive and dormant accounts?,inactive accounts have been closed or no longer used  while dormant accounts have had no transactions for an extended period but remain open 
Business,Accounting,medium,Draw the difference between accounts payable and accounts receivable.,accounts payable represents amounts a company owes to suppliers  while accounts receivable represents amounts customers owe to the company 
Business,Accounting,medium,How do you approach calculating depreciation for an asset with an uncertain useful life?,i use industry estimates  reassess annually  and choose a conservative depreciation method like straight line or units of production 
Business,Accounting,medium,How do you approach implementing a new accounting system or software in an organization?,i evaluate business needs  conduct a cost benefit analysis  ensure staff training  and monitor implementation for smooth transition 
Business,Accounting,medium,How do you assess a company’s solvency using financial ratios?,solvency is assessed using ratios like the debt to equity ratio  interest coverage ratio  and fixed charge coverage ratio to evaluate a company s long term financial stability 
Business,Accounting,medium,How do you assess whether a company is financially healthy?,i analyze key financial ratios  such as liquidity  profitability  and solvency ratios  along with cash flow trends and debt levels 
Business,Accounting,medium,How do you calculate and report goodwill impairment?,i conduct an impairment test comparing the carrying value of goodwill to its fair value  then record a loss if goodwill is impaired 
Business,Accounting,medium,Differentiate public accounts and private accounts.,public accounts refer to government financial statements  while private accounts belong to individuals or businesses and are not publicly disclosed 
Business,Accounting,medium,Explain double-entry accounting with an example.,double entry accounting records transactions with equal debits and credits  example  a company purchasing inventory on credit debits inventory and credits accounts payable 
Business,Accounting,medium,How do companies differentiate between capital and revenue expenditure?,capital expenditures create long term assets  while revenue expenditures maintain or operate existing assets  affecting expense recognition 
Business,Accounting,medium,How do companies account for stock options granted to employees?,stock options are recognized as an expense based on fair value at grant date and expensed over the vesting period under ifrs   or asc     
Business,Accounting,medium,Explain the Convention of Materiality.,the convention of materiality states that only significant financial information affecting decisions should be included in financial statements 
Business,Accounting,medium,Explain the disadvantages of a double-entry system.,disadvantages include complexity  time consumption  higher cost  and the need for skilled professionals to maintain records accurately 
Business,Accounting,medium,Explain the meaning of long-term notes payable or long-term liabilities.,long term notes payable are financial obligations due beyond one year  including bonds  leases  and long term loans 
Business,Accounting,medium,Explain the term indebtedness.,indebtedness refers to the total amount of money a company or individual owes  including loans  bonds  and accounts payable 
Business,Accounting,medium,Have you worked anywhere before?,yes  i have worked in previous roles handling financial reporting  tax compliance  and budget management 
Business,Accounting,medium,How do accounting policies differ from accounting estimates?,policies define the methods and principles used in accounting  while estimates involve judgments applied to uncertain financial elements like depreciation rates 
Business,Accounting,medium,How do companies determine the useful life of fixed assets?,useful life is estimated based on asset type  usage  industry standards  and expected wear and tear 
Business,Accounting,medium,How do businesses account for discontinued operations?,discontinued operations are reported separately in financial statements  showing income or loss from disposal and related financial impacts 
Business,Accounting,medium,Could you emphasize the three financial statements in a year?,the three financial statements are the income statement  balance sheet  and cash flow statement  they provide a comprehensive view of a company s financial performance and position 
Business,Accounting,medium,Define Payroll Source Documents.,payroll source documents include timesheets  tax forms  and payroll registers used to calculate employee wages and deductions 
Business,Accounting,medium,Define a company’s payable cycle.,a company s payable cycle is the time taken to settle accounts payable  typically ranging from    to    days 
Business,Accounting,medium,How do changes in working capital affect cash flow?,increases in current assets reduce cash flow  while increases in current liabilities improve cash flow by delaying outflows 
Business,Accounting,medium,How do companies account for dividends paid to shareholders?,dividends reduce retained earnings and are recorded as liabilities when declared  impacting cash flows upon distribution 
Business,Accounting,medium,How do companies account for restructuring costs?,restructuring costs are recorded as an expense in the income statement and disclosed separately in financial reports 
Business,Accounting,medium,Can you explain the importance of working capital management in a business?,effective working capital management ensures liquidity  optimizes cash flow  minimizes reliance on external financing  and supports daily operations efficiently 
Business,Accounting,medium,How do you determine the appropriate level of cash reserves a company should maintain?,i analyze working capital needs  operational risks  debt obligations  and industry norms to establish a reasonable cash reserve 
Business,Accounting,medium,What considerations must be taken into account when performing a year-end financial closing?,i ensure all revenue and expenses are recorded  reconcile all accounts  adjust accruals  and prepare final reports for audit 
Business,Accounting,medium,What are the key considerations when preparing financial statements for an audit?,i ensure accuracy  reconcile all accounts  provide proper documentation  and review all adjustments before the audit 
Business,Accounting,medium,What is Accounting Ethics?,accounting ethics refers to the moral values and principles guiding accountants in maintaining transparency  integrity  and compliance with financial regulations 
Business,Accounting,medium,What is Accounting Management?,accounting management involves overseeing financial records  budgeting  cost control  and ensuring compliance with financial regulations 
Business,Accounting,medium,What is Accounting Normalization?,accounting normalization adjusts financial statements by removing one time expenses or revenues to reflect a company s true financial health 
Business,Accounting,medium,What is Accrual Accounting?,accrual accounting recognizes revenues and expenses when they are incurred  rather than when cash is received or paid  ensuring accurate financial reporting 
Business,Accounting,medium,What is the advantage and disadvantage of different accounting packages you have used in your previous jobs?,quickbooks is user friendly but lacks advanced features for large enterprises  while sap is robust but requires extensive training 
Business,Accounting,medium,What are the main purposes of financial statement footnotes?,footnotes provide additional details on accounting policies  contingencies  related party transactions  and assumptions used in financial reporting 
Business,Accounting,medium,What financial ratios would you prioritize when evaluating a company’s short-term liquidity?,i focus on the current ratio  quick ratio  and cash conversion cycle to assess short term financial stability 
Business,Accounting,medium,What are the main types of financial risks businesses face?,types include credit risk  market risk  liquidity risk  and operational risk  impacting financial stability and performance 
Business,Accounting,medium,What are the prerequisites of revenue recognition?,revenue is recognized when it is earned and realizable  based on criteria such as delivery of goods  completion of services  and reasonable assurance of payment 
Business,Accounting,medium,What are the primary challenges in implementing IFRS 16 for lease accounting?,challenges include identifying lease components  re evaluating lease terms  updating accounting systems  and ensuring compliance with financial disclosures 
Business,Accounting,medium,What are the principles for debit and credit for various accounts to extend the quantity in your business accounts?,for assets and expenses  debit increases  credit decreases  for liabilities  equity  and revenue  credit increases  debit decreases 
Business,Accounting,medium,What are the risks associated with accounts payable management?,risks include late payments affecting credit reputation  duplicate payments  fraud risks  and cash flow constraints due to poor payment scheduling 
Business,Accounting,medium,What are the steps involved in preparing a cash budget?,steps include estimating cash inflows  forecasting expenses  analyzing cash shortfalls  and planning financing or investment strategies 
Business,Accounting,medium,What are the talents needed to work as an accountant?,key talents include analytical skills  attention to detail  knowledge of accounting principles  proficiency in accounting software  and problem solving skills 
Business,Accounting,medium,What are the major challenges in implementing IFRS in an organization?,challenges include compliance costs  system adjustments  staff training  and reconciling ifrs with local gaap standards 
Business,Accounting,medium,What are the three Golden Rules of Bookkeeping?,   debit what comes in  credit what goes out     debit the receiver  credit the giver     debit all expenses and losses  credit all incomes and gains 
Business,Accounting,medium,What financial metrics would you use to evaluate the performance of a business unit?,i focus on contribution margin  operating income  return on investment  roi   and key performance indicators  kpis  relevant to the unit 
Business,Accounting,medium,What financial documents would you review before advising on a major capital expenditure?,i analyze cash flow statements  return on investment  roi  projections  budget impact  and funding sources before making recommendations 
Business,Marketing,medium,What are the main steps to build trust among consumers?,to build trust  provide consistent  high quality products or services  engage with customers transparently  showcase testimonials and reviews  and deliver on promises  excellent customer service also plays a key role 
Business,Marketing,medium,What are the main components of a marketing strategy?,the main components of a marketing strategy include market research  target audience identification  positioning  marketing mix  and performance measurement 
Business,Marketing,medium,What are the limitations of online marketing?,online marketing has limitations such as ad fatigue  privacy concerns  and reliance on technology  it can also be challenging to stand out in a crowded digital space  and not all audiences are reachable online  especially in areas with limited internet access 
Business,Marketing,medium,What are the latest trends in digital marketing?,some key trends include ai driven marketing  voice search optimization  influencer marketing  video content  and personalized marketing strategies 
Business,Marketing,medium,What are the key elements of a brand strategy?,key elements of a brand strategy include brand identity  target audience  positioning  value proposition  and messaging 
Business,Marketing,medium,What are the key considerations when launching a marketing campaign in a foreign market?,when launching in a foreign market  i consider cultural nuances  local consumer behavior  legal requirements  and language differences  i adapt the marketing message and channels to fit the local market and ensure that the campaign resonates with the target audience while complying with local regulations 
Business,Accounting,medium,What financial metrics are most commonly used for investment analysis?,key metrics include return on investment  roi   price to earnings  p/e  ratio  earnings per share  eps   and net present value  npv  
Business,Marketing,medium,What are the key components of a successful marketing plan?,key components include market research  target audience  marketing goals  budget  marketing channels  and a timeline 
Business,Marketing,medium,"What tools do you use for social media management, and how do you measure their effectiveness?",i use tools like hootsuite  buffer  and sprout social to schedule posts  engage with followers  and track performance  i measure effectiveness using metrics like engagement rate  reach  click through rates  and conversion rates to evaluate how well the content resonates with the audience 
Business,Accounting,medium,What experience do you have with financial audits?,i have experience preparing for and participating in both internal and external financial audits  organizing documentation  and addressing any findings 
Business,Accounting,medium,What factors influence a company’s working capital requirements?,factors include business cycle  industry norms  credit terms  inventory turnover  and seasonal fluctuations in cash flow 
Business,Accounting,medium,What factors should a company consider when selecting an accounting software?,factors include scalability  integration with existing systems  compliance with accounting standards  user friendliness  and cost effectiveness 
Business,Accounting,medium,What factors should be considered when analyzing a company's debt-to-equity ratio?,considerations include industry norms  cost of debt  repayment ability  interest coverage ratio  and overall financial health 
Business,Accounting,medium,What financial analysis techniques do you use to evaluate a company's profitability?,i use margin analysis  return on assets  roa   return on equity  roe   and trend analysis to assess profitability over time 
Business,Marketing,medium,What's your approach to collaborating with creative coworkers?,i believe in open communication  mutual respect  and leveraging each team member s strengths  i collaborate by sharing clear briefs  providing constructive feedback  and fostering a creative environment where everyone feels valued and inspired to contribute 
Business,Accounting,medium,Can you explain the difference between financial accounting and cost accounting?,financial accounting focuses on external reporting and compliance  while cost accounting analyzes internal costs for operational efficiency and decision making 
Business,Accounting,medium,What are the types of Nominal Accounts?,types of nominal accounts include expense accounts  salaries  rent  and income accounts  sales  interest earned  
Business,Accounting,medium,What are the various fields of accounting?,fields of accounting include financial accounting  managerial accounting  cost accounting  tax accounting  and forensic accounting 
Business,Accounting,medium,What is Amortization?,amortization refers to the gradual reduction of an intangible asset s value or loan balance over time through scheduled payments or expense recognition 
Business,Accounting,medium,What are the functions of Accounting?,accounting functions include recording financial transactions  reporting financial performance  analyzing costs  and ensuring regulatory compliance 
Business,Accounting,medium,What are the implications of negative retained earnings on financial statements?,negative retained earnings indicate accumulated losses  which can affect investor confidence  borrowing capacity  and compliance with dividend distribution laws 
Business,Accounting,medium,What are the implications of recognizing contingent liabilities?,contingent liabilities impact financial disclosures and can affect investor confidence  requiring judgment in assessing likelihood and measurement 
Business,Accounting,medium,What are the important terms used in the balance sheet?,key terms include assets  liabilities  equity  retained earnings  working capital  and intangible assets 
Business,Marketing,medium,What is your experience with market positioning? How have you successfully positioned a brand or product?,i ve positioned a brand in the competitive beauty industry by highlighting its unique value proposition natural ingredients and eco friendly packaging  by focusing on the growing consumer demand for sustainability  we successfully differentiated the brand  increasing its market share 
Business,Accounting,medium,What are the main objectives of cost allocation in accounting?,objectives include accurate product costing  expense tracking  profitability analysis  and informed decision making 
Business,Accounting,medium,What are the key challenges in implementing an ERP accounting system?,challenges include high implementation costs  employee training  data migration issues  and the need for process standardization 
Business,Accounting,medium,What are the key considerations for accounting for leases under IFRS 16?,ifrs    requires lessees to recognize right of use assets and lease liabilities  impacting financial ratios and reporting transparency 
Business,Accounting,medium,What are the key considerations in capitalizing software development costs?,capitalization depends on development stage  future economic benefits  and compliance with accounting standards like ias    or asc     
Business,Accounting,medium,What are the key considerations in preparing consolidated financial statements?,considerations include eliminating intercompany transactions  aligning reporting periods  accounting for non controlling interests  and currency translation 
Business,Accounting,medium,What are the key considerations when accounting for intangible assets?,key considerations include initial recognition  amortization  impairment testing  and compliance with ifrs or gaap reporting standards 
Business,Accounting,medium,What are the key considerations when evaluating a company’s capital structure?,i assess debt to equity ratio  cost of capital  interest coverage  and the company s ability to meet its financial obligations 
Business,Accounting,medium,What are the key considerations when preparing consolidated financial statements?,key considerations include eliminating intercompany transactions  aligning accounting policies  handling minority interest  and currency translation adjustments 
Business,Accounting,medium,What are the key components of a company's statement of cash flows?,operating  investing  and financing activities summarize cash inflows and outflows  providing insight into liquidity and financial health 
Business,Accounting,medium,What are the types of Real Accounts?,types of real accounts include tangible accounts  land  buildings  equipment  and intangible accounts  patents  trademarks  goodwill  
Business,Accounting,medium,What are the main objectives of a financial audit?,a financial audit ensures accuracy  compliance  fraud detection  and reliability of financial statements for stakeholders 
Business,Accounting,medium,What are the key steps in financial statement consolidation?,steps include eliminating intercompany transactions  aligning reporting periods  converting foreign currency items  and recognizing minority interest 
Business,Accounting,medium,What are three common budgeting methods used in accounting?,common budgeting methods include zero based budgeting  incremental budgeting  and activity based budgeting 
Business,Accounting,medium,What are your goals for the future?,my goal is to continue developing my accounting expertise  take on leadership roles  and contribute to financial decision making at a strategic level 
Business,Accounting,medium,What is a bank reconciliation statement?,a bank reconciliation statement is a report that compares the bank balance as per company records with the balance as per the bank statement to identify discrepancies 
Business,Accounting,medium,What are the key differences between a capital lease and an operating lease?,a capital lease transfers ownership risks and benefits to the lessee  while an operating lease is treated as a rental expense with no asset ownership transfer 
Business,Accounting,medium,What are the key differences between a financial audit and an operational audit?,a financial audit ensures accuracy in financial statements  while an operational audit evaluates efficiency  effectiveness  and compliance with company policies 
Business,Accounting,medium,What are the key differences between cash flow hedging and fair value hedging?,cash flow hedging protects future cash flows from price fluctuations  while fair value hedging reduces volatility in asset and liability valuations 
Business,Accounting,medium,What are the main differences between managerial accounting and cost accounting?,managerial accounting focuses on decision making for business operations  while cost accounting specifically tracks and analyzes costs for efficiency 
Business,Accounting,medium,What are the key differences between direct and indirect costs?,direct costs are directly attributable to a specific product or service  such as raw materials  while indirect costs support the business as a whole  such as rent and utilities 
Business,Accounting,medium,What are the key differences between operational and capital budgeting?,operational budgeting focuses on short term revenues and expenses  while capital budgeting involves long term investments in fixed assets and projects 
Business,Accounting,medium,What are the key differences between standard costing and actual costing?,standard costing assigns predetermined costs to products  while actual costing records real costs incurred during production 
Business,Accounting,medium,What are the key financial ratios used to evaluate a company’s liquidity?,liquidity ratios include the current ratio  quick ratio  and cash ratio  measuring a company s ability to meet short term obligations 
Business,Accounting,medium,What are the key indicators that a business may be facing financial distress?,indicators include declining revenue  increasing debt levels  negative cash flows  high accounts payable balances  and liquidity issues 
Business,Accounting,medium,What are the key principles of cost accounting?,key principles include cost allocation  standard costing  marginal costing  and variance analysis to optimize cost control and decision making 
Business,Accounting,medium,What are the key risks associated with revenue recognition?,risks include premature revenue recognition  fraudulent revenue reporting  contract complexities  and compliance with ifrs    or asc     
Business,Accounting,medium,What are the key differences between operating and non-operating income?,operating income comes from core business activities  while non operating income includes one time gains such as asset sales or interest revenue 
Business,Marketing,medium,What are the most important skills you have learned that you would utilize in this position?,the most important skills i ve learned are data analysis  seo  and content creation  these skills enable me to develop effective strategies  optimize campaigns  and create engaging content that resonates with the target audience 
Business,Accounting,medium,How do you determine the fair value of financial instruments under IFRS 9?,fair value is determined using market based measurements  valuation techniques like discounted cash flows  or market comparables  depending on ifrs   guidelines 
Business,Accounting,medium,How do you determine whether a financial lease should be recorded as a liability?,i evaluate lease terms  assess whether ownership transfers  review present value calculations  and follow lease accounting standards like ifrs    
Business,Accounting,medium,What is the role of an audit committee in corporate governance?,an audit committee oversees financial reporting  internal controls  and external audits to ensure compliance and transparency 
Business,Accounting,medium,What is the purpose of the matching principle in accrual accounting?,the matching principle ensures expenses are recorded in the same period as the revenues they help generate  improving financial accuracy 
Business,Accounting,medium,What is the purpose of impairment testing for assets?,impairment testing determines whether an asset s carrying value exceeds its recoverable amount  ensuring assets are not overstated in financial statements 
Business,Accounting,medium,"What is the purpose of a provision account, and how does it impact financial statements?",a provision account records anticipated liabilities or losses  reducing net income while ensuring financial statements reflect potential obligations 
Business,Accounting,medium,What is the purpose of a debt covenant in accounting?,debt covenants are conditions set by lenders to ensure borrowers maintain financial discipline  such as maintaining a certain debt to equity ratio 
Business,Accounting,medium,What is the pay you expect for this role?,i am looking for a competitive salary that reflects my experience and contributions  but i am open to discussing the compensation package 
Business,Accounting,medium,What is the role of financial ratios in evaluating a company’s performance?,financial ratios assess liquidity  profitability  and solvency  helping stakeholders evaluate financial health and business efficiency 
Business,Accounting,medium,What is the master account?,a master account is a general ledger account that contains multiple sub accounts  providing a summary of financial transactions 
Business,Accounting,medium,What is the importance of EBITDA in financial analysis?,ebitda  earnings before interest  taxes  depreciation  and amortization  helps assess operational profitability by excluding financing and accounting impacts 
Business,Accounting,medium,What is the impact of stock repurchases on a company’s financial statements?,stock repurchases reduce cash and equity  increasing earnings per share by reducing the number of outstanding shares 
Business,Accounting,medium,What is the impact of lease capitalization on financial statements?,lease capitalization increases assets and liabilities on the balance sheet  impacting key financial ratios like debt to equity and ebitda 
Business,Accounting,medium,What is the impact of foreign currency translation on financial statements?,foreign currency fluctuations affect consolidated financial statements  requiring translation adjustments recorded in other comprehensive income  oci  
Business,Accounting,medium,Name any other accounting application you are familiar with.,other accounting applications include xero  freshbooks  sage  and microsoft dynamics 
Business,Accounting,medium,Mention the types of ledgers.,types of ledgers include the general ledger  sales ledger  accounts receivable   and purchase ledger  accounts payable  
Business,Accounting,medium,What is the key difference between provision and reserve?,a provision is an amount set aside for a known future liability  whereas a reserve is retained earnings kept for strengthening financial position 
Business,Accounting,medium,List the three basic elements of cost.,the three basic elements of cost are material cost  labor cost  and overhead cost 
Business,Accounting,medium,What is the role of forensic accounting in fraud detection?,forensic accounting involves investigating financial records  detecting fraud  and providing litigation support in legal proceedings 
Business,Accounting,medium,Why do companies conduct impairment tests on goodwill?,impairment tests assess whether goodwill is overstated  ensuring financial statements reflect the true value of acquired assets 
Business,Finance,medium,What strategies would you use to analyze a company’s investment decisions?,evaluate roi and risk 
Business,Finance,medium,What strategies do companies use to mitigate financial risks?,hedging  diversifying  and maintaining liquidity 
Business,Finance,medium,What role does cash flow forecasting play in financial planning?,it helps predict future cash needs  ensuring liquidity and avoiding financial shortfalls 
Business,Finance,medium,What role does capital efficiency play in a company’s ability to generate sustainable growth?,it helps the company grow without overspending 
Business,Finance,medium,What role do financial ratios play in analyzing a company’s financial health?,they provide insights into profitability  liquidity  and solvency 
Business,Finance,medium,What metrics would you use to evaluate the effectiveness of a company’s financial controls?,audit results  compliance levels  and fraud prevention measures 
Business,Accounting,medium,What is the significance of EBITDA in evaluating a company’s financial health?,ebitda  earnings before interest  taxes  depreciation  and amortization  is used to assess a company s operational profitability by excluding non operating expenses 
Business,Finance,medium,What metrics would you use to evaluate an investment opportunity?,roi  irr  npv  and payback period 
Business,Finance,medium,What methods can be used to analyze a company’s liquidity position?,current ratio  quick ratio  and cash flow analysis 
Business,Finance,medium,What is your understanding of risk-adjusted return and how would you apply it in financial decision-making?,it measures returns relative to risk  helping in portfolio optimization 
Business,Finance,medium,Why would two companies merge?,growth  synergies  market expansion  cost savings  or competitive advantage 
Business,Accounting,medium,Why should we hire you?,i bring strong analytical skills  a deep understanding of accounting principles  and experience in financial software that aligns with your company s needs 
Business,Accounting,medium,What steps do you take to ensure tax filings are accurate and timely?,i prepare tax schedules in advance  reconcile tax accounts  review applicable tax laws  and file returns before deadlines to avoid penalties 
Business,Accounting,medium,What steps do you take to maintain confidentiality in handling financial data?,i follow company data security policies  restrict access to sensitive information  and use encryption and password protection for financial records 
Business,Finance,medium,What methods would you use to forecast future financial performance of a company?,use historical data  trends  and financial modeling techniques 
Business,Finance,medium,What’s the difference between a financial statement audit and a review?,an audit provides a detailed and higher level of assurance  a review offers less 
Business,Accounting,medium,List out things that fall under intangible assets.,intangible assets include patents  trademarks  goodwill  copyrights  and brand recognition 
Business,Accounting,medium,Why is the concept of 'true and fair view' important in financial reporting?,it ensures financial statements accurately reflect the company s financial position  maintaining transparency and investor confidence 
Business,Accounting,medium,What are Accounting Entities?,accounting entities refer to business units for which financial transactions are recorded separately from their owners or other entities 
Business,Accounting,medium,State the company's payable cycle.,a company s payable cycle refers to the time taken to pay suppliers after purchasing goods or services  typically ranging from    to    days 
Business,Accounting,medium,Share a stressful situation you have been a part of and how you handled it.,during year end closing  i handled multiple deadlines by prioritizing critical tasks  coordinating with auditors  and leveraging automation tools for accuracy 
Business,Accounting,medium,Outline material facts in accounting.,material facts in accounting are financial information or events that significantly impact decision making and financial statements 
Business,Accounting,medium,Name the ways we can estimate bad debts?,bad debts can be estimated using the percentage of sales method  the aging method  or specific identification of doubtful accounts 
Business,Accounting,medium,Name the major errors in accounting.,common errors include omission  commission  principle  duplication  and compensating errors 
Business,Accounting,medium,What are Accounting Values?,accounting values include principles such as relevance  reliability  comparability  and consistency  ensuring meaningful financial reporting 
Business,Accounting,medium,Name the branches of accounting.,branches of accounting include financial accounting  management accounting  cost accounting  tax accounting  and forensic accounting 
Business,Accounting,medium,How does MS Excel make accounting easier? Provide three instances.,excel helps in data analysis with pivottables  automates calculations using formulas  and simplifies financial reporting through templates and charts 
Business,Accounting,medium,How do you verify the accuracy of an accrual recorded for an expense that has not yet been invoiced?,i review historical data  estimate costs based on contract terms  confirm with department heads  and adjust for reasonableness before posting 
Business,Accounting,medium,How do you recognize revenue for long-term contracts under IFRS 15?,revenue for long term contracts is recognized over time using performance obligations  milestones  or the percentage of completion method based on ifrs    guidelines 
Business,Accounting,medium,How do you prioritize tasks and manage deadlines in a fast-paced environment?,i assess task urgency and importance  utilize tools like to do lists and project management software  and communicate regularly with stakeholders to manage expectations 
Business,Accounting,medium,List out several examples of liability accounts.,examples include accounts payable  accrued expenses  loans payable  and deferred revenue 
Business,Accounting,medium,In which account does an un-presented cheque get recorded?,an un presented cheque is recorded as an outstanding cheque in the bank reconciliation statement under cash or bank accounts 
Business,Accounting,medium,Name real and nominal accounts with examples.,real accounts represent assets and liabilities  e g   cash  buildings   while nominal accounts include income and expenses  e g   salaries  rent  interest  
Business,Accounting,medium,What are the different types of financial analysis techniques used in accounting?,techniques include ratio analysis  trend analysis  common size analysis  horizontal and vertical analysis  and cash flow analysis 
Business,Accounting,medium,What are Contingent Liabilities?,contingent liabilities are potential obligations that depend on future events  such as lawsuits or guarantees  and are disclosed in financial statements if probable 
Business,Accounting,medium,What are some key financial metrics used to assess a company’s profitability?,key profitability metrics include gross margin  operating margin  net profit margin  and return on assets  roa  
Business,Accounting,medium,Why is internal control important in financial reporting?,internal control prevents fraud  ensures accurate reporting  and promotes compliance with regulations  protecting the integrity of financial statements 
Business,Accounting,medium,Why is cost behavior analysis important for financial planning?,understanding fixed  variable  and mixed costs helps businesses forecast expenses  set pricing strategies  and make cost effective decisions 
Business,Accounting,medium,Why is a trial balance prepared before finalizing financial statements?,a trial balance helps verify that total debits and credits are equal  ensuring accuracy before preparing financial statements 
Business,Accounting,medium,Why is Depreciation not charged on Land?,depreciation is not charged on land because land has an unlimited useful life and does not wear out over time like other fixed assets 
Business,Accounting,medium,Why do you want to leave (or have left) your current job?,i am seeking new challenges and growth opportunities where i can apply my skills to more complex financial operations 
Business,Accounting,medium,Why do you want this job?,i admire your company s commitment to financial transparency and innovation  and i want to contribute my expertise to help drive financial efficiency 
Business,Accounting,medium,What are reversing journal entries?,reversing journal entries are made at the beginning of an accounting period to cancel adjusting entries from the previous period  simplifying transaction recording 
Business,Accounting,medium,Why do companies use provisions in accounting?,provisions are recognized for anticipated liabilities or losses  ensuring compliance with the prudence concept and accurate financial reporting 
Business,Accounting,medium,Why do companies use deferred tax assets and liabilities?,deferred tax assets and liabilities arise from timing differences between financial and tax reporting  affecting future tax payments 
Business,Accounting,medium,Why do companies use cost-volume-profit (CVP) analysis?,cvp analysis helps in decision making by analyzing how changes in costs  volume  and pricing affect profitability 
Business,Accounting,medium,How have you helped a company save money or use financial resources effectively?,i optimized tax strategies  streamlined accounting processes  and implemented cost saving measures in procurement and operational budgeting 
Business,Accounting,medium,How does the time value of money concept affect financial decision-making?,it influences investment  financing  and valuation decisions by considering the impact of interest rates and cash flow timing 
Business,Accounting,medium,How does the matching principle impact financial reporting?,the matching principle ensures that expenses are recognized in the same period as the revenue they generate  improving financial accuracy 
Business,Accounting,medium,How does the effective interest method differ from the straight-line method in amortization of bonds?,the effective interest method calculates interest based on the carrying amount of the bond  while the straight line method allocates equal interest expense over the bond s life 
Business,Accounting,medium,Why do companies use deferred tax assets and liabilities?,deferred taxes arise from timing differences between financial reporting and tax reporting  affecting future tax obligations or benefits 
Business,Accounting,medium,How do you determine whether a company is at risk of breaching its debt covenants?,i analyze financial ratios specified in loan agreements  monitor cash flow trends  and assess the ability to meet interest and principal payments 
Business,Finance,medium,What strategies can a company use to improve its cash flow?,optimizing collections  reducing expenses  and managing inventory efficiently 
Business,Finance,medium,What steps would you take to assess the financial health of a company before making an investment?,review financial statements  cash flow  and debt 
Business,Accounting,medium,How do you prepare for financial reporting during periods of economic uncertainty?,i perform stress tests  assess liquidity  adjust financial forecasts  and ensure transparent disclosures on financial risks 
Business,Accounting,medium,How do organizations manage currency exchange risk in financial reporting?,they use hedging strategies  forward contracts  and currency translation adjustments to mitigate the impact of exchange rate fluctuations on financial statements 
Business,Accounting,medium,How do users of accounting information require accounting data?,users include management  investors  creditors  regulators  and employees who use financial data for decision making and compliance purposes 
Business,Accounting,medium,How do you account for bad debts in financial statements?,bad debts are recorded as an expense under the allowance method or direct write off method  reducing accounts receivable and net income 
Business,Accounting,medium,How do you analyze the financial impact of a company taking on new debt?,i assess debt to equity ratio  interest coverage  repayment capacity  and the overall impact on cash flow and profitability 
Business,Accounting,medium,How does a change in depreciation method affect financial statements?,a change impacts net income  asset valuation  and tax liabilities  requiring disclosure under accounting standards such as ifrs or gaap 
Business,Accounting,medium,How do you prepare for an internal audit to ensure minimal discrepancies?,i conduct pre audit reconciliations  ensure supporting documentation is in place  and address known discrepancies before the audit process begins 
Business,Accounting,medium,How does an increase in accounts payable affect cash flow?,an increase in accounts payable improves operating cash flow by delaying cash outflows  enhancing liquidity in the short term 
Business,Accounting,medium,How does deferred tax liability arise in financial statements?,deferred tax liability occurs when taxable income is lower than financial income due to temporary differences  leading to higher taxes in future periods 
Business,Accounting,medium,How does earnings management affect financial statements?,earnings management manipulates financial results within legal limits  impacting investor perception  financial ratios  and regulatory scrutiny 
Business,Accounting,medium,How does fair value accounting differ from historical cost accounting?,fair value accounting reports assets and liabilities at market value  whereas historical cost accounting records them at original purchase price 
Business,Accounting,medium,How does financial leverage impact a company’s profitability?,financial leverage amplifies returns when investments generate higher returns than borrowing costs but increases risk during downturns 
Business,Accounting,medium,How does inventory obsolescence impact financial statements?,obsolete inventory leads to higher write downs  reducing net income and inventory valuation on the balance sheet 
Business,Accounting,medium,How does inventory shrinkage affect financial statements?,inventory shrinkage reduces inventory value and increases cost of goods sold  negatively impacting net income and gross profit margin 
Business,Accounting,medium,How does cost allocation impact financial decision-making?,accurate cost allocation improves pricing strategies  budgeting  and profitability analysis by correctly assigning indirect costs to products ervices 
Business,Accounting,medium,How does lease capitalization affect a company’s financial ratios?,it increases assets and liabilities  affecting debt ratios  return on assets  and ebitda calculations 
Business,Accounting,medium,How do you manage multiple accounting projects and deadlines simultaneously?,i prioritize tasks  use accounting software for automation  maintain organized records  and communicate effectively with stakeholders 
Business,Accounting,medium,How do you handle stress and pressure?,i prioritize tasks  stay organized  and use time management techniques to meet deadlines without compromising accuracy 
Business,Accounting,medium,How do you differentiate Deferred Revenue from Accounts Receivable?,deferred revenue is cash received before goods ervices are provided  while accounts receivable is revenue earned but not yet collected in cash 
Business,Accounting,medium,How do you differentiate between financial risk and operational risk in accounting?,financial risk is related to a company s capital structure  debt levels  and liquidity  while operational risk comes from internal processes  systems  and human errors 
Business,Accounting,medium,How do you ensure a company’s financial statements comply with industry regulations?,i stay updated with regulatory changes  apply relevant accounting standards  and conduct internal audits before external audits 
Business,Accounting,medium,How do businesses account for warranty liabilities?,warranty liabilities are estimated based on historical claims and recognized as provisions  impacting expenses and liabilities 
Business,Accounting,medium,How do businesses assess their solvency using financial ratios?,key solvency ratios include the debt to equity ratio  interest coverage ratio  and cash flow to debt ratio  which measure a company s ability to meet long term obligations 
Business,Accounting,medium,How do changes in foreign exchange rates affect multinational companies’ financial statements?,exchange rate fluctuations impact revenue  expenses  and asset valuations  requiring adjustments for translation gains or losses in financial statements 
Business,Accounting,medium,How do you manage financial data security in your role as an accountant?,i use encryption  access controls  audit trails  and regular system updates to safeguard sensitive financial information 
Business,Accounting,medium,How do changes in tax regulations impact financial reporting?,changes affect deferred tax assets/liabilities  expense recognition  and financial disclosures  requiring updates in tax provisions and compliance 
Business,Accounting,medium,How do you ensure that payroll processing is accurate and compliant with labor laws?,i cross check timesheets  ensure correct tax deductions  review benefits allocations  and stay updated with labor law changes 
Business,Accounting,medium,How do you ensure that vendor payments are made accurately and on time?,i verify invoice details  cross check with purchase orders  confirm approvals  and schedule payments to align with due dates and cash flow needs 
Business,Accounting,medium,How do you evaluate the effectiveness of an internal control system?,i test transaction approvals  verify segregation of duties  review compliance records  and conduct periodic audits to assess control effectiveness 
Business,Accounting,medium,How do you handle an unexpected shortfall in a company’s cash flow?,i analyze cash flow projections  prioritize essential payments  negotiate with creditors  and explore short term financing options 
Business,Accounting,medium,How do you handle discrepancies in financial reports discovered during month-end closing?,i perform a thorough review of journal entries  trace back transactions  consult relevant stakeholders  and make necessary adjustments while ensuring compliance 
Business,Accounting,medium,How do you handle interdepartmental conflicts regarding financial allocations?,i mediate discussions  ensure budget transparency  align spending with strategic goals  and provide data driven justifications for allocations 
Business,Accounting,medium,How do you ensure that expense reports submitted by employees are legitimate?,i review receipts  cross check with company policies  verify approval signatures  and flag any inconsistencies for further investigation 
Business,Finance,medium,What steps would you take to optimize a company’s capital structure?,balancing debt and equity to minimize cost and maximize financial flexibility 
Business,Accounting,medium,How does the FIFO inventory method affect financial statements during inflation?,fifo results in higher profits and tax liabilities during inflation  as older  lower cost inventory is expensed first 
Business,Accounting,medium,How do you ensure accuracy in financial statements?,i ensure accuracy by meticulously reviewing transactions  reconciling accounts regularly  and adhering to accounting principles and regulations 
Business,Finance,medium,How would you evaluate a company’s capital expenditure plans?,check roi and long term growth impact 
Business,Finance,medium,What is the impact of a company’s operating cycle on its cash flow?,a longer operating cycle can delay cash inflows  affecting liquidity and cash flow management 
Business,Finance,medium,What is the impact of inflation on a company’s financial statements and forecasts?,inflation can increase costs and reduce profit margins 
Business,Finance,medium,What is the impact of interest rate changes on a company’s financial performance?,they affect borrowing costs  investment decisions  and profitability 
Business,Finance,medium,What is the impact on the company’s EBITDA?,ebitda rises with higher revenue or lower operating costs but isn t affected by interest or taxes 
Business,Finance,medium,What is the impact on the company’s cash flow?,strong cash flow means better liquidity for reinvestment  debt repayment  or dividends 
Business,Finance,medium,How would you evaluate a company’s capital expenditure (CapEx) plans?,by assessing roi  cash flow impact  and growth potential 
Business,Finance,medium,What is the impact on the company’s net income?,net income increases with revenue growth or cost reductions but decreases with higher debt interest 
Business,Finance,medium,What is the importance of conducting a break-even analysis for a business?,it helps determine the sales needed to cover costs and start making a profit 
Business,Finance,medium,What role does diversification play in a company’s investment portfolio and how do you manage it?,it reduces risk by spreading investments across different assets 
Business,Finance,medium,What role does market sentiment play in financial decision-making?,it influences stock prices  investment flows  and risk perception 
Business,Finance,medium,What role does working capital management play in a company’s operational efficiency?,it ensures smooth operations and prevents liquidity issues 
Business,Finance,medium,What role does working capital management play in a company’s operations?,it ensures the company can pay its short term debts and keep operations running smoothly 
Business,Finance,medium,What steps would you take to assess a company’s liquidity position?,review current ratio  quick ratio  and cash flow analysis 
Business,Finance,medium,What is the importance of cash flow analysis?,cash flow analysis is vital to ensure a company has sufficient liquidity to meet its obligations 
Business,Accounting,medium,How does the accrual basis of accounting differ from the cash basis?,the accrual basis recognizes revenue and expenses when they are incurred  while the cash basis records transactions only when cash is received or paid 
Business,Finance,medium,How would you determine the appropriate financing mix for a company?,balance debt and equity based on cost and risk 
Business,Finance,medium,What are the differences between an internal rate of return (IRR) and a net present value (NPV)?,irr shows a project s break even discount rate  while npv measures absolute value creation 
Business,Accounting,medium,How do you ensure accuracy when preparing monthly journal entries and recording transactions?,i double check entries  reconcile accounts regularly  and use automation tools to minimize human errors 
Business,Accounting,medium,How do you ensure compliance with tax regulations in financial reporting?,i stay updated with tax laws  use compliance checklists  and verify that all tax liabilities are accurately recorded and reported 
Business,Accounting,medium,How do you ensure that a company’s financial statements remain compliant with new regulatory changes?,i stay updated on accounting standards  participate in training sessions  adjust internal controls  and implement policy changes as needed 
Business,Accounting,medium,How have you helped reduce costs in a previous accounting job?,i identified and eliminated redundant expenses  negotiated better vendor terms  and improved budget forecasting 
Business,Accounting,medium,How many types of business transactions are there in accounting?,there are two main types  cash transactions and credit transactions  additionally  transactions can be categorized as revenue  expense  capital  and non cash transactions 
Business,Accounting,medium,How would you adjust for an over-accrued expense in financial statements?,i review supporting documents  reverse excess accrual entries  and ensure that expenses reflect actual incurred costs 
Business,Finance,medium,How would you determine if a company’s pricing strategy is effective from a financial standpoint?,analyze profit margins and market demand 
Business,Accounting,medium,How would you assess whether a company's accounts receivable turnover is efficient?,i calculate the accounts receivable turnover ratio and compare it to industry benchmarks to evaluate collection efficiency 
Business,Accounting,medium,How would you evaluate the effectiveness of a company’s cost-control measures?,effectiveness is measured by variance analysis  benchmarking against industry standards  and reviewing expense trends relative to revenue growth 
Business,Accounting,medium,How would you record a lease under IFRS 16?,i recognize a right of use asset and a lease liability  amortize the asset over its useful life  and record interest expense on the liability 
Business,Accounting,medium,"If you get this job, what will your routine 8-hour day look like?",my daily routine would involve recording transactions  reconciling accounts  preparing financial reports  and ensuring compliance with company policies 
Business,Finance,medium,What are the advantages and disadvantages of debt financing?,advantages  tax deductibility  lower cost  disadvantages  higher financial risk  interest obligations 
Business,Finance,medium,What are the advantages and disadvantages of using debt financing over equity financing?,debt financing allows for ownership retention but increases financial risk  equity financing reduces risk but dilutes ownership 
Business,Finance,medium,What are the common valuation methods used by financial analysts?,common methods include dcf analysis  comparable company analysis  and precedent transactions 
Business,Accounting,medium,How would you determine if a company's financial leverage is too high?,i analyze the debt to equity ratio  interest coverage ratio  and cash flow adequacy to determine if the company is over leveraged 
Business,Marketing,medium,How does email marketing work?,email marketing involves sending promotional messages or newsletters to a targeted group of customers or prospects  aiming to build relationships and drive sales 
Business,Accounting,medium,What are the key challenges faced by accountants in digital transformation?,challenges include adapting to new accounting software  ensuring data security  and integrating ai and automation in financial processes 
Business,Marketing,medium,How familiar are you with our company's target market?,i have researched your company and understand that your target market primarily consists of  specific demographic  e g   young professionals aged        who value  specific product ervice benefits  e g   convenience  affordability  or innovation   i am eager to learn more and align my strategies to meet their needs 
Business,Marketing,medium,Can you explain your experience with mobile marketing? What strategies do you find most effective?,in mobile marketing  i focus on optimizing content for mobile devices  ensuring responsive designs and fast loading times  push notifications  sms campaigns  and mobile friendly email marketing have been effective strategies  i also prioritize location based targeting to drive personalized offers and promotions 
Business,Marketing,medium,Can you explain your approach to crisis communication in a marketing context?,in a crisis  i focus on transparency and empathy  acknowledging the issue quickly and outlining the steps being taken to resolve it  communication is frequent  clear  and consistent across all channels  and i ensure that the brand remains aligned with its values and commitments throughout the crisis 
Business,Marketing,medium,Can you explain the AIDA model in marketing?,aida stands for awareness  interest  desire  and action  it represents the stages a customer goes through before making a purchase decision 
Business,Marketing,medium,Can you explain how you would use storytelling to enhance a brand's image?,storytelling humanizes the brand  i would craft a narrative around the brand s mission  values  and customer experiences  focusing on emotional appeal and relatability  this connects the audience to the brand  building loyalty and strengthening its image 
Business,Marketing,medium,Can you explain how you would use storytelling to enhance a brand's image?,i would focus on the brand s values and mission  creating authentic  relatable stories that resonate with the target audience  storytelling can humanize the brand and create a stronger emotional connection with customers 
Business,Marketing,medium,How do you approach building relationships with clients? What strategies do you use to maintain those relationships? ,i build relationships by actively listening to clients  needs and offering tailored marketing strategies  i maintain these relationships through regular communication  reporting on campaign progress  and addressing concerns proactively  offering value and building trust are key components in keeping relationships strong and long lasting 
Business,Marketing,medium,Can you share a successful experience of leveraging social media influencers for a campaign?,i collaborated with influencers in the fitness industry to promote a health supplement brand  by selecting influencers whose values aligned with the brand  we were able to reach a highly engaged audience and increase conversions by     through authentic content and product recommendations 
Business,Marketing,medium,How do you adapt your marketing strategies for different geographical markets?,i adapt marketing strategies for different geographical markets by considering cultural nuances  local trends  and preferences  i customize messaging  language  and channels to resonate with the local audience while maintaining consistency with the global brand 
Business,Marketing,medium,Have you ever had misleading metrics in your reports? What did you do?,yes  i once encountered misleading metrics due to incorrect tracking setup  i audited the tracking codes  corrected the errors  and provided an updated report with accurate data  this experience reinforced the importance of data validation 
Business,Marketing,medium,Do you use email marketing to market your product? What marketing elements did you consider?,yes  i use email marketing to nurture leads and drive conversions  key elements include personalized subject lines  compelling copy  clear ctas  and mobile friendly design  segmentation and a/b testing are also crucial for optimizing performance 
Business,Marketing,medium,"Describe your experience with social media marketing. Which platforms do you find most effective, and why? ",i have experience creating and managing social media campaigns on platforms like facebook  instagram  linkedin  and twitter  i find instagram and linkedin particularly effective for b c and b b marketing  respectively  instagram allows for highly visual content  while linkedin provides a more professional network for lead generation and thought leadership 
Business,Marketing,medium,Describe your experience with public speaking or presenting marketing strategies to large groups.,i have presented marketing strategies to large groups by focusing on clarity and engagement  i ensure that the presentation is visually appealing  backed with data  and includes actionable insights  i also encourage questions to foster interaction and ensure that the audience is on board with the proposed strategies 
Business,Marketing,medium,Describe your experience with public relations and how it complements your marketing efforts.,i have worked closely with pr teams to build brand awareness through media placements  press releases  and influencer partnerships  public relations complements marketing by enhancing credibility and visibility  which supports our promotional campaigns and creates a stronger brand presence 
Business,Marketing,medium,"Describe your experience with online advertising, such as PPC or display ads. What strategies have you found effective?",i have managed ppc campaigns using google ads and facebook ads  focusing on targeting high intent keywords and optimizing landing pages  retargeting strategies and a/b testing have proven effective in maximizing roi by ensuring ads reach the right audience with the right message 
Business,Marketing,medium,Have you worked on a campaign that was unsuccessful? What did you learn?,i worked on a campaign that underperformed due to unclear targeting  i learned the importance of thorough audience research and testing before launching  this experience helped me refine my approach to campaign planning and execution 
Business,Marketing,medium,Describe your experience with influencer marketing. How do you select the right influencers for a campaign?,in influencer marketing  i look for influencers whose audience aligns with our target market and whose values reflect our brand  i also consider their engagement rates  authenticity  and previous campaign results to ensure that the collaboration will resonate with their followers and drive measurable results 
Business,Marketing,medium,How do you approach the development of a unique selling proposition (USP) for a product?,i develop a usp by analyzing the competition  understanding customer needs  and highlighting the key benefits that differentiate the product  i focus on what makes the product valuable and unique to the target audience  ensuring the usp is clear  concise  and compelling 
Business,Marketing,medium,"How do you create a marketing calendar, and what factors do you consider when planning campaigns?",i create a marketing calendar by aligning campaigns with key business objectives  seasonal trends  product launches  and audience behavior patterns  i consider the availability of resources  team capacity  and the best times to engage with the audience  based on historical data and industry trends 
Business,Marketing,medium,How do you handle negative feedback or criticism from clients or team members? ,i approach negative feedback with a positive and solution focused mindset  i listen carefully to understand the concerns  ask questions to clarify the issue  and then take responsibility if necessary  i then collaborate with the client or team to develop a plan to address the feedback and improve the outcome 
Business,Marketing,medium,Describe your experience with customer loyalty programs. How do you design one that works?,i have designed customer loyalty programs that offer rewards  discounts  or exclusive content for repeat purchases  i ensure the program is easy to understand  provides value to customers  and encourages continued engagement  i also segment loyalty tiers to provide more personalized rewards  increasing customer retention 
Business,Marketing,medium,Describe your experience with brand storytelling. How do you create a compelling narrative?,brand storytelling involves crafting a narrative that connects with customers emotionally  i ve created compelling narratives by focusing on the brand s mission  values  and customer experiences  making the brand relatable and engaging through consistent messaging across all touchpoints 
Business,Marketing,medium,Describe your experience with affiliate marketing. What strategies have you found effective?,in affiliate marketing  i ve found that choosing partners whose values align with the brand is key  i focus on building strong  long term relationships with affiliates and provide them with high quality content and exclusive offers that help drive traffic and conversions  tracking performance and optimizing affiliate offers has also been crucial to success 
Business,Marketing,medium,Describe your experience with SEO strategies. How do you improve search visibility for your content?,i focus on on page seo  such as optimizing titles  headers  and metadata  along with off page seo like building backlinks from reputable sites  i also conduct regular keyword research to identify search intent and create content that answers specific queries  content updates and technical seo audits help improve ongoing search visibility 
Business,Marketing,medium,Describe your approach to influencer partnerships. How do you choose the right influencers?,i approach influencer partnerships by aligning the influencer s values  audience  and content with the brand s target market  i look for influencers who have genuine engagement and a strong connection with their followers  i also consider their credibility  past campaigns  and the potential for long term collaboration 
Business,Marketing,medium,How do you balance creativity and analytics in your marketing strategies?,i balance creativity and analytics by ensuring that creative ideas are grounded in data insights  analytics help to inform decisions and measure effectiveness  while creativity allows for innovative approaches  together  they ensure marketing campaigns are both engaging and impactful 
Business,Marketing,medium,Describe a time when you had to work with highly creative people. What was your work relationship?,i collaborated with a creative team on a rebranding project  i provided data driven insights  while they focused on design and storytelling  our strong communication and mutual respect led to a successful campaign that increased brand awareness by     
Business,Marketing,medium,How does marketing automation improve efficiency?,marketing automation streamlines repetitive tasks  enables personalized messaging  and provides valuable insights through analytics  ultimately improving marketing efficiency 
Business,Marketing,medium,How do you ensure that your marketing efforts align with the company's overall goals and objectives? ,i collaborate closely with other departments to understand company objectives and align marketing strategies accordingly  i ensure that every campaign is designed with a clear understanding of how it contributes to overarching business goals like increasing brand awareness  generating leads  or boosting sales 
Business,Marketing,medium,How do you ensure effective collaboration with internal team members and external partners?,i use tools like slack and trello to maintain clear communication and track progress  i also schedule regular check ins and encourage open feedback  for example  during a product launch  i collaborated with the design and sales teams to ensure alignment  which led to a seamless campaign execution 
Business,Marketing,medium,How do you determine the budget for a marketing campaign?,i determine the budget by evaluating the scope of the campaign  the channels to be used  and the desired outcomes  i take into account previous performance data  estimated costs for ads  influencer partnerships  and content creation  i also ensure that the budget aligns with the company s overall goals and roi expectations 
Business,Marketing,medium,How do you define a target market?,a target market is a specific group of potential customers identified as the focus of a company s marketing efforts 
Business,Marketing,medium,How do you create balanced campaigns for generating leads?,i create balanced campaigns by combining organic and paid strategies  ensuring consistent messaging across channels  and using data to optimize targeting  a mix of content types  such as blogs  videos  and ads  helps attract and nurture leads effectively 
Business,Marketing,medium,How do you ensure that your marketing messages resonate with diverse audiences?,i ensure our marketing messages resonate with diverse audiences by conducting thorough market research and segmenting our audience based on demographics  interests  and behaviors  i also create inclusive content that reflects different perspectives and experiences to make sure our messages are relevant to all customers 
Business,Marketing,medium,How do you handle situations where the marketing team disagrees on a strategy?,i encourage open dialogue and ensure that everyone s opinion is heard  i facilitate discussions to understand the underlying concerns and align the team towards a common goal  if needed  i conduct data analysis to provide a clearer picture and guide the team towards an evidence based decision 
Business,Marketing,medium,Can you describe the last time you implemented a new type of marketing tactic?,i recently implemented influencer marketing for a product launch  by collaborating with micro influencers  we achieved a     increase in brand awareness and a significant boost in social media engagement 
Business,Marketing,medium,Can you describe a successful marketing campaign you managed? What were the key elements that contributed to its success?,one successful campaign i managed involved a content driven approach for a new product launch  the key elements that contributed to its success were identifying the target audience  leveraging seo to drive organic traffic  and creating engaging multimedia content that resonated with the audience  additionally  the campaign included strong social media engagement and influencer partnerships to boost credibility and reach 
Business,Marketing,medium,What are the 4Ps of marketing?,the  ps of marketing are product  price  place  and promotion   the key elements that businesses must consider in their marketing strategies 
Business,Marketing,medium,What are some effective strategies for content marketing?,effective content marketing strategies include creating valuable and relevant content  using seo techniques  and distributing content across multiple channels 
Business,Marketing,medium,What are some best practices for mobile marketing?,responsive design  fast load times  sms marketing  push notifications  and location based targeting 
Business,Marketing,medium,What is a KPI (Key Performance Indicator)?,a kpi is a measurable value used to track and assess the effectiveness of a marketing campaign or strategy  helping businesses understand progress toward their goals 
Business,Marketing,medium,What has been your most significant learning experience in your marketing career so far?,my most significant learning experience was realizing the importance of data driven decision making  early in my career  i relied on intuition and creativity alone  however  after integrating analytics into my campaigns  i saw a noticeable improvement in roi  and it changed my approach to marketing 
Business,Marketing,medium,What factors affect the Quality Score?,quality score is affected by click through rate  ctr   ad relevance  landing page experience  and keyword relevance  improving these factors can lower cost per click  cpc  and enhance ad performance 
Business,Marketing,medium,What are the advantages of email marketing?,email marketing allows businesses to reach a targeted audience directly  provides measurable results  and can be personalized to increase engagement and conversions 
Business,Marketing,medium,What do you think are the essential qualities of a successful marketing campaign?,a successful marketing campaign requires clear objectives  a deep understanding of the target audience  compelling messaging  and measurable results  creativity  consistency  and adaptability are also crucial to ensure the campaign resonates and achieves its goals 
Business,Marketing,medium,What do you know about Ambush Marketing?,ambush marketing is a strategy where a brand associates itself with an event without being an official sponsor  it leverages the event s audience to gain visibility  often at a lower cost 
Business,Marketing,medium,What do you hope to achieve in your first 90 days in this role?,in my first    days  i aim to familiarize myself with the brand s goals and objectives  assess current marketing efforts  and build relationships with key stakeholders  i would also work on identifying quick wins  streamline processes  and set the stage for long term marketing success by aligning strategies with business goals 
Business,Marketing,medium,What do you believe sets your marketing strategies apart from others in the industry?,what sets my strategies apart is the data driven approach i use to personalize campaigns and create high impact  customer centric content  i emphasize strong brand storytelling  cross channel consistency  and continuous optimization based on performance analytics  this approach leads to more meaningful connections with the audience 
Business,Marketing,medium,What is a customer relationship management (CRM) system?,a crm system is a tool that helps businesses manage and analyze customer interactions  streamline processes  and improve customer satisfaction and retention 
Business,Marketing,medium,What is a customer relationship management (CRM) system?,a crm system helps businesses manage and analyze customer interactions  improve relationships  and optimize sales and marketing efforts 
Business,Marketing,medium,What is a customer persona?,a customer persona is a semi fictional representation of an ideal customer based on market research and data  used to guide marketing strategies 
Business,Marketing,medium,What do you mean by the AIDA model in marketing?,the aida model stands for awareness  interest  desire  and action  it describes the stages a customer goes through before making a purchase  helping marketers create strategies that guide customers through each stage 
Business,Marketing,medium,Can you describe how you qualify your leads?,i qualify leads using a combination of demographic data  behavioral insights  and engagement metrics  tools like lead scoring and crm systems help prioritize leads based on their likelihood to convert  ensuring efficient resource allocation 
Business,Marketing,medium,What are the benefits of content marketing?,content marketing helps build brand awareness  educate the audience  improve search engine rankings  and establish the company as a trusted industry leader 
Business,Marketing,medium,What are the differences between B2B and B2C marketing?,b b marketing targets businesses and organizations  while b c marketing targets individual consumers 
Business,Marketing,medium,Can you describe a situation where you turned a dissatisfied customer into a loyal one? What steps did you take?,in one instance  a customer was unhappy with the delayed delivery of their order  i personally reached out to apologize  offered a partial refund  and provided a discount on their next purchase  i followed up to ensure they were satisfied  which resulted in the customer becoming a repeat buyer and recommending our brand to others 
Business,Marketing,medium,Are keywords important in Content Marketing?,yes  keywords are crucial in content marketing as they help optimize content for search engines  making it easier for the target audience to find  they also ensure the content aligns with user intent and improves seo performance 
Business,Marketing,medium,"According to you, which marketing strategies work well for expanding a start-up?",for start ups  strategies like content marketing  social media marketing  influencer partnerships  and seo work well  leveraging word of mouth and offering referral incentives can also drive growth cost effectively 
Business,Marketing,medium,Describe a time when you faced a significant challenge in a marketing project. How did you overcome it?,i faced a challenge during a product launch where we were unable to secure enough influencer partnerships  to overcome this  i shifted focus to content marketing and developed a comprehensive blog and social media content strategy  this allowed us to engage our audience directly and drive organic traffic  which ultimately led to a successful launch 
Business,Marketing,medium,Can you tell me about your favorite marketing campaign?,one of my favorite campaigns is nike s  just do it  campaign  it resonates deeply because of its powerful messaging  emotional storytelling  and ability to inspire action  the campaign successfully connected with a global audience by focusing on perseverance and achievement  which aligns with nike s brand values 
Business,Marketing,medium,Can you tell me about your contributions to your most recently successful campaign?,in my most recent campaign  i led the content strategy  optimized ad targeting  and analyzed performance metrics  my contributions resulted in a     increase in conversions and a     reduction in cost per acquisition 
Business,Marketing,medium,What are the benefits of using video marketing?,video marketing boosts engagement  improves brand awareness  and helps explain complex products or services in a simple way 
Business,Marketing,medium,Can you tell me about a time you made a mistake that affected your client? What did you learn?,once  i misaligned a campaign s messaging with the client s brand voice  leading to confusion  i immediately acknowledged the mistake  revised the content  and implemented a review process to prevent future errors  this taught me the importance of clear communication and attention to detail 
Business,Marketing,medium,Can you share an experience where you effectively used content marketing to drive engagement?,i used a blog content strategy  paired with seo optimization  to drive engagement for a product launch  by targeting long tail keywords and publishing helpful  educational content  we saw a     increase in organic traffic and a     increase in product sign ups over three months 
Business,Marketing,medium,Can you share an example of how you used data to inform your marketing decisions? ,i used customer segmentation data to target specific groups for an email campaign  by analyzing demographics and past purchase behavior  i tailored the messaging and offers for each segment  resulting in a higher conversion rate and increased roi 
Business,Marketing,medium,Can you share an example of how you used cross-channel marketing successfully?,i launched a cross channel marketing campaign for a new product  utilizing email  social media  and paid search ads  each channel reinforced the others  with social media posts driving email sign ups  and paid ads targeting retargeted email lists  the result was a     increase in conversions over a six week period 
Business,Marketing,medium,Can you share an example of a marketing trend you successfully predicted?,i predicted the rise of video content as a dominant form of engagement  i focused on incorporating video into social media strategies and email campaigns early on  this proactive approach resulted in higher engagement rates and helped us stay ahead of competitors 
Business,Marketing,medium,Can you share a time when you successfully turned a negative experience into a positive one for a client?,a client was unhappy with the performance of an ad campaign  i took immediate action by listening to their concerns  offering a solution in the form of a revised strategy  and providing additional value through an extended support period  the revised strategy led to improved results  and the client became one of our most loyal partners 
Business,Marketing,medium,What are the four P's of marketing?,the four p s of marketing are product  price  place  and promotion  they represent the key elements of a marketing strategy 
Business,Marketing,medium,Can you take up social media marketing for B2B businesses?,yes  i can  for b b businesses  i focus on platforms like linkedin and twitter  sharing industry insights  case studies  and thought leadership content  i also use targeted ads to reach decision makers and nurture leads through personalized messaging 
Business,Marketing,medium,What is a customer journey?,a customer journey represents the process a potential customer goes through from first becoming aware of a brand to making a purchase decision and beyond 
Business,Marketing,medium,How do you handle tight budgets while ensuring impactful marketing results?,i handle tight budgets by prioritizing high roi channels  leveraging organic growth through content marketing and social media  and focusing on cost effective strategies like email marketing and partnerships  i also track performance closely to ensure we maximize our budget s impact 
Business,Marketing,medium,How do you incorporate user-generated content into your marketing strategies?,i incorporate user generated content by encouraging customers to share their experiences on social media  running contests or campaigns that involve content submission  and showcasing this content in ads  websites  and email campaigns  this builds authenticity and trust with the audience 
Business,Marketing,medium,What is the difference between inbound and outbound marketing?,inbound marketing focuses on attracting customers through content creation and organic engagement  while outbound marketing involves reaching out to potential customers through methods like advertising and cold calling 
Business,Marketing,medium,What is the difference between inbound and outbound marketing?,inbound marketing attracts customers through valuable content and experiences  while outbound marketing involves reaching out to customers via ads  cold calls  and other traditional methods 
Business,Marketing,medium,What is the difference between earned media and paid media?,earned media is publicity gained through pr efforts  word of mouth  or social sharing  while paid media refers to advertising where a business pays for exposure 
Business,Marketing,medium,What is the difference between branding and marketing?,branding is about building a unique identity and emotional connection with customers  while marketing focuses on promoting and selling products or services 
Business,Marketing,medium,What is the difference between brand equity and brand loyalty?,brand equity refers to the value a brand adds to a product  while brand loyalty refers to customers  commitment to repeatedly purchase from the same brand 
Business,Marketing,medium,What is the difference between brand equity and brand loyalty?,brand equity refers to the value a brand adds to a product or service  while brand loyalty refers to the degree to which customers repeatedly choose a brand over others 
Business,Marketing,medium,What is the difference between inbound and outbound marketing?,inbound marketing focuses on attracting customers through valuable content  while outbound marketing involves pushing messages to customers through traditional methods like cold calling and tv ads 
Business,Marketing,medium,What is the difference between brand equity and brand awareness?,brand equity refers to the value a brand adds to a product or service  while brand awareness refers to how well consumers can recognize or recall a brand 
Business,Marketing,medium,How do you prioritize your marketing initiatives based on business goals?,i align marketing initiatives with the company s strategic objectives by prioritizing efforts that drive revenue  enhance brand awareness  or improve customer retention  i use kpis to track progress and ensure resources are allocated efficiently to the most impactful initiatives 
Business,Marketing,medium,How do you perform a market analysis?,market analysis involves assessing market trends  customer behavior  competitive landscape  and potential opportunities to make informed business decisions 
Business,Marketing,medium,How do you measure the effectiveness of your campaigns?,i measure campaign effectiveness using kpis such as conversion rates  click through rates  roi  and customer acquisition costs  tools like google analytics and crm platforms help track these metrics and provide insights for optimization 
Business,Marketing,medium,How do you measure the ROI of your marketing campaigns? What tools do you use?,i measure roi by comparing the revenue generated against the cost of the campaign  using metrics like customer acquisition cost  cac  and lifetime value  ltv   tools like google analytics  hubspot  and social media insights help track these metrics and provide detailed performance reports 
Business,Marketing,medium,How do you measure customer satisfaction and loyalty in your marketing efforts?,i measure customer satisfaction and loyalty through surveys  net promoter scores  nps   and customer retention rates  tracking repeat business and engagement with post purchase emails or loyalty programs also provides valuable insights into customer loyalty 
Business,Marketing,medium,What are paid search ads?,paid search ads are advertisements that appear in search engine results when users search for specific keywords  they are part of pay per click  ppc  advertising campaigns 
Business,Marketing,medium,How do you prioritize your tasks when managing multiple projects simultaneously? ,i prioritize tasks based on their impact on business goals and deadlines  i break down each project into smaller tasks and allocate time for them  ensuring high priority tasks are completed first  i also use project management tools like trello or asana to stay organized and track progress 
Business,Marketing,medium,What are micro-influencers?,micro influencers are individuals with a smaller but highly engaged following on social media  often in the range of       to         followers 
Business,Marketing,medium,What methods do you use to track competitor activities and adjust your strategies accordingly?,i use tools like semrush and social mention to monitor competitor activities  by analyzing their content  messaging  and performance  i identify opportunities to differentiate and adjust my strategies to stay competitive  whether through better targeting or more innovative approaches 
Business,Marketing,medium,What role does customer education play in your marketing strategies?,customer education is key to building trust and loyalty  i focus on providing valuable content  tutorials  and webinars that help customers understand how our products or services can solve their problems  which in turn drives engagement and conversions 
Business,Marketing,medium,What makes you passionate about marketing? ,i m passionate about marketing because it allows me to blend creativity with data driven strategy  i enjoy the challenge of understanding customer needs and crafting campaigns that resonate with them  seeing the tangible impact of a successful marketing campaign motivates me to keep learning and growing in the field 
Business,Marketing,medium,What makes you stand out from other candidates applying for this position?,what sets me apart is my combination of hands on experience in executing successful campaigns  my ability to analyze data to drive decision making  and my passion for staying updated on the latest marketing trends  additionally  my collaborative mindset and adaptability make me a strong fit for your team 
Business,Marketing,medium,What marketing channels are most effective in your current role? Why?,in my current role  social media and email marketing have been the most effective channels  social media drives brand awareness and engagement  while email marketing delivers personalized content that nurtures leads and drives conversions 
Business,Marketing,medium,What marketing software or tools are you proficient in? How have you used them in your previous roles? ,i am proficient in tools like google analytics for tracking campaign performance  hubspot for inbound marketing automation  and hootsuite for scheduling and managing social media posts  i ve used these tools to optimize campaigns  improve lead generation  and enhance customer engagement 
Business,Marketing,medium,What strategies do you use for re-engaging inactive customers?,i use targeted email campaigns  offering exclusive discounts or content tailored to their previous interactions with the brand  i also leverage retargeting ads and personalized recommendations to remind them of the value our products or services offer 
Business,Marketing,medium,What strategies do you use to identify and reach your target audience? ,i use a combination of market research  customer personas  and social listening to identify my target audience  i also track website analytics and social media engagement to refine my audience targeting  paid ads on platforms like facebook and google allow for precise audience segmentation 
Business,Marketing,medium,What role does branding play in your marketing strategy? How do you ensure consistency across all platforms?,branding is crucial in ensuring that all marketing efforts are cohesive and that the audience has a consistent experience  i ensure consistency by establishing brand guidelines  including voice  design  and messaging  and ensuring that all teams and platforms follow these standards to maintain brand integrity 
Business,Marketing,medium,What strategies do you use to improve conversion rates on landing pages?,to improve conversion rates  i focus on clear  compelling calls to action  user friendly design  and a/b testing to optimize elements like headlines  images  and form fields  i also ensure that the landing page is aligned with the ad or email that drives traffic to it  providing a seamless experience 
Business,Marketing,medium,What techniques do you use to increase brand awareness?,i use a mix of content marketing  social media engagement  partnerships  and influencer marketing to increase brand awareness  i also leverage pr campaigns and seo strategies to ensure our brand is visible across multiple channels  both online and offline 
Business,Marketing,medium,What role does personalization play in your marketing campaigns? How do you implement it?,personalization plays a key role in increasing engagement and conversion rates  i implement it by segmenting email lists based on user behavior and preferences  using dynamic content that adapts to each segment  and leveraging retargeting ads to show personalized offers to visitors based on their past interactions 
Business,Marketing,medium,What role does market segmentation play in your marketing strategy?,market segmentation is essential in tailoring marketing messages and offers to specific customer groups  it allows me to create more targeted and personalized campaigns  improving engagement  conversion rates  and customer satisfaction by addressing the unique needs and preferences of each segment 
Business,Marketing,medium,What role does customer segmentation play in your approach to product promotion?,customer segmentation allows me to tailor marketing messages to specific groups  ensuring relevance  by identifying needs  behaviors  and demographics  i can create more targeted campaigns that resonate with each segment 
Business,Marketing,medium,What role does customer journey mapping play in your marketing strategies?,customer journey mapping helps me understand the various touchpoints where customers interact with the brand  it allows me to personalize content and messaging at each stage of the journey  improving customer experience and increasing conversions by addressing their needs and pain points effectively 
Business,Marketing,medium,What role does customer feedback play in shaping your marketing strategies?,customer feedback is crucial for refining marketing strategies  it provides insights into customer needs  pain points  and preferences  i incorporate this feedback to adjust messaging  improve products  and tailor campaigns to better resonate with the target audience 
Business,Marketing,medium,What techniques do you use to create compelling calls-to-action?,to create compelling calls to action  i focus on clarity  urgency  and value  i make sure the cta is specific  action oriented  and emphasizes the benefit the user will receive  i also use contrasting colors and strategic placement to ensure it grabs attention 
Business,Marketing,medium,How do you incorporate feedback from sales teams into your marketing strategies?,i maintain close communication with the sales team to understand the pain points and customer feedback they receive  this input helps refine marketing messaging  content creation  and lead qualification processes to align more closely with what resonates with the prospects and customers 
Business,Marketing,medium,What are marketing personas?,marketing personas are semi fictional representations of a business s ideal customers  created based on market research and data to guide marketing strategies 
Business,Marketing,medium,What are key factors in creating an effective email marketing campaign?,personalization  engaging subject lines  clear call to action  mobile optimization  and a/b testing 
Business,Marketing,medium,How do you stay organized and keep track of multiple marketing projects?,i use project management tools like trello or asana to create timelines  set milestones  and assign tasks  i also prioritize tasks based on deadlines and importance to ensure efficient workflow 
Business,Marketing,medium,How do you stay current with trends and adapt your strategies?,i stay current by following industry blogs  attending webinars  and participating in marketing forums  i also use tools like google trends and hubspot to monitor emerging trends  for example  when short form video content became popular  i incorporated tiktok and instagram reels into my social media strategy  resulting in a     increase in engagement 
Business,Marketing,medium,How do you segment a market?,market segmentation can be done based on demographic  geographic  psychographic  and behavioral factors to create more targeted marketing strategies 
Business,Marketing,medium,How do you approach marketing automation in your campaigns? What tools do you use?,i approach marketing automation by identifying repetitive tasks that can be streamlined  such as email campaigns  lead nurturing  and social media posting  i use tools like hubspot  mailchimp  and zapier to set up workflows that save time and improve efficiency while providing personalized experiences for customers 
Business,Marketing,medium,"How do you approach market research, and what tools do you use to gather insights?",i approach market research by first defining the goals and objectives  then using a combination of primary and secondary research methods  i gather insights using tools like google analytics  surveys  interviews  social media listening  and competitor analysis to understand market trends and customer preferences 
Business,Marketing,medium,"How do you approach customer segmentation, and why is it important in marketing?",customer segmentation involves dividing a broad target market into smaller groups based on shared characteristics  such as demographics  behaviors  or preferences  it s important because it allows for more personalized and effective marketing efforts  ensuring the right message reaches the right audience 
Business,Marketing,medium,How do you think social media and customer service relate to each other?,social media and customer service are closely linked because social platforms are often the first point of contact for customer inquiries  prompt  empathetic responses on social media can enhance customer satisfaction and build brand loyalty 
Business,Marketing,medium,How do you approach cross-promotional marketing with other brands or companies?,i approach cross promotional marketing by ensuring that both brands share similar values and target audiences  i create win win situations by aligning our objectives  sharing resources  and leveraging each other s networks  collaborative campaigns  joint promotions  and co branded content are effective ways to boost visibility for both parties 
Business,Marketing,medium,How do you approach content creation for marketing campaigns? What types of content have you found to be most effective? ,i start by identifying the campaign s goals and audience  then create content that addresses their needs or pain points  i ve found blog posts  video content  and infographics to be highly effective in engaging audiences and providing value  i also ensure the content is optimized for seo to drive organic traffic 
Business,Marketing,medium,"How do you measure brand loyalty, and what strategies do you implement to improve it?",i measure brand loyalty through metrics such as repeat purchase rates  customer lifetime value  and net promoter scores  nps   strategies to improve it include offering exclusive rewards for loyal customers  delivering personalized experiences  and maintaining consistent and high quality customer service 
Business,Marketing,medium,How do you leverage email segmentation to improve open and click-through rates?,i segment email lists based on factors like demographics  past purchase behavior  and engagement levels  by sending tailored content that speaks directly to each segment s interests  i improve both open and click through rates  i also a/b test subject lines and calls to action to optimize performance 
Business,Marketing,medium,How do you leverage customer feedback in your marketing strategies?,i use customer feedback to refine our messaging  identify areas for improvement  and tailor campaigns to better meet customer expectations  by integrating feedback from surveys  reviews  and customer service interactions  i ensure our marketing strategies resonate more effectively with our audience 
Business,Marketing,medium,How do you keep your team motivated and engaged during challenging projects?,i keep my team motivated by fostering a positive and collaborative work environment  recognizing individual contributions  and providing opportunities for growth  i set clear  achievable goals and celebrate milestones  during challenging projects  i ensure open communication and encourage innovation to overcome obstacles 
Business,Marketing,medium,How do you integrate traditional and digital marketing strategies in your campaigns?,i integrate traditional and digital marketing strategies by ensuring consistency in messaging across all channels  for example  print ads can drive traffic to a website or social media profiles  while digital marketing efforts like email and social media campaigns can direct customers to physical stores or events 
Business,Marketing,medium,How do you approach crisis management in a marketing context? Can you provide an example?,in crisis management  i focus on transparent and timely communication  addressing the issue directly with the public and offering solutions  for example  during a product recall  we quickly issued a statement  apologized for the issue  and outlined the steps we were taking to resolve it  this helped maintain customer trust during a difficult time 
Business,Marketing,medium,What are key performance indicators (KPIs) in marketing?,kpis in marketing are measurable metrics used to assess the success of marketing campaigns  such as customer acquisition cost  conversion rate  and return on investment 
Business,Marketing,medium,How do you track and analyze customer behavior on a website?,by using analytics tools like google analytics to track metrics such as page views  time spent on site  bounce rate  and conversion rates 
Business,Marketing,medium,How do you use segmentation to tailor your messaging for different audience groups?,i use segmentation to divide the audience based on factors like age  location  behavior  and purchasing history  this allows me to create highly personalized messaging that speaks directly to each group s needs  ensuring more relevant and effective communication 
Business,Marketing,medium,"Tell me about a time you worked with a team to achieve a marketing goal. What was your role, and what was the outcome? ",i worked with a cross functional team to launch a new product  my role involved leading the digital marketing efforts  including the social media strategy and email campaigns  the outcome was a successful product launch  surpassing our lead generation targets and increasing sales by     
Business,Marketing,medium,Tell me about a time when you owned the process of an email campaign from beginning to end.,i once led an email campaign for a holiday sale  i designed the email templates  segmented the audience  wrote the copy  and scheduled the sends  after analyzing the results  i optimized the follow up emails  resulting in a     increase in sales compared to the previous campaign 
Business,Marketing,medium,Tell me about a marketing campaign that particularly inspired you. Why?,the  share a coke  campaign by coca cola inspired me because of its simplicity and effectiveness  by personalizing bottles with names  coca cola created a sense of connection and encouraged user generated content  which significantly boosted brand engagement and sales 
Business,Marketing,medium,"Talk about your experience with XYZ [a specific marketing skill, i.e., SEO, content marketing, email marketing].",i have extensive experience with seo  having optimized over    websites to improve their search engine rankings  this involved keyword research  on page optimization  and building high quality backlinks  for example  i increased organic traffic by     for a client within six months by implementing a comprehensive seo strategy 
Business,Marketing,medium,Name some of the content marketing tactics to attract clients and increase ROI.,some effective tactics include creating blog posts  videos  infographics  and ebooks  additionally  leveraging seo  email marketing  and social media promotion can help attract clients and boost roi 
Business,Marketing,medium,How do you handle disagreements within your team regarding marketing strategies?,i encourage open discussion and ensure every viewpoint is heard  we focus on data and objectives to guide the decision making process  looking at what aligns best with business goals  consensus is important  but if necessary  i make final decisions based on the best strategic interests of the company 
Business,Marketing,medium,"How do you use emerging technologies, like AI or AR, in your marketing strategies?",i use ai for personalization  chatbots  and predictive analytics to improve customer experiences and optimize marketing campaigns  ar can be used for immersive brand experiences  such as virtual product trials or interactive ads  enhancing engagement and conversion rates 
Business,Marketing,medium,How do you handle competing priorities when multiple campaigns are running simultaneously?,i prioritize campaigns based on business goals and resource availability  using project management tools like trello or asana  i ensure timelines and deadlines are met  i also maintain clear communication with my team to ensure everyone is aligned on priorities and responsibilities 
Business,Marketing,medium,How do you go ahead with content promotion?,i promote content by sharing it on social media  leveraging email newsletters  collaborating with influencers  and using paid ads  i also repurpose content into different formats  such as videos or infographics  to reach a wider audience 
Business,Marketing,medium,How do you foster a culture of creativity within your marketing team?,i encourage a culture of creativity by promoting open communication  brainstorming sessions  and empowering team members to experiment with new ideas  i provide the team with access to the latest tools and resources  and i create an environment where failures are seen as learning opportunities 
Business,Marketing,medium,How do you ensure that your marketing strategies are aligned with consumer behavior trends?,i conduct regular market research and monitor consumer behavior trends using tools like google trends  social media listening  and customer feedback  i ensure that my strategies are flexible and adapt to shifts in consumer behavior by aligning content  offers  and messaging with these trends 
Business,Marketing,medium,How do you use storytelling to connect emotionally with your audience?,i use storytelling by crafting narratives that evoke emotions and resonate with the audience s values and experiences  by highlighting relatable challenges and showcasing how the product or service can provide a solution  the brand becomes more humanized  fostering deeper connections with the audience 
Business,Marketing,medium,How do you use social proof in your marketing strategies? Can you provide an example?,i use social proof by showcasing customer testimonials  reviews  case studies  and user generated content  for example  i promoted a product by sharing customer success stories and ratings on our website and social media  which led to increased trust and conversions 
Business,Marketing,medium,How do you use social media for marketing?,i use social media for marketing by creating engaging content  running targeted ads  and interacting with followers  platforms like instagram  facebook  and linkedin are great for building brand awareness  driving traffic  and generating leads 
Business,Marketing,medium,How do you handle budget constraints when planning a marketing campaign?,when faced with budget constraints  i prioritize high impact  cost effective strategies such as content marketing  email campaigns  and social media  i also look for ways to maximize roi by using analytics to focus on the channels that generate the most leads or sales  i ensure that every dollar spent is driving measurable results 
Business,Marketing,medium,What is a customer journey map?,a customer journey map is a visual representation of the steps a customer takes from first learning about a brand to post purchase and beyond 
Business,Marketing,medium,How do you ensure that your marketing efforts are ethical and responsible?,i ensure ethical marketing by adhering to transparent communication  respecting consumer privacy  and avoiding misleading claims  i focus on building trust with the audience by promoting products that align with the values of honesty and social responsibility 
Business,Marketing,medium,What is a conversion funnel?,a conversion funnel is a series of steps a customer goes through from becoming aware of a product to making a purchase  helping businesses optimize each stage for higher conversions 
Business,Marketing,medium,What is the importance of content marketing?,content marketing is crucial for educating the target audience  building brand authority  improving seo  and nurturing long term customer relationships 
Business,Marketing,medium,What is the importance of SEO in digital marketing?,seo  search engine optimization  helps improve a website s visibility on search engines  driving organic traffic and increasing the chances of reaching potential customers 
Business,Marketing,medium,What is the difference between traditional and digital marketing?,traditional marketing includes offline methods like print  tv  and radio ads  while digital marketing focuses on online channels such as websites  social media  and email 
Business,Marketing,medium,What is the difference between qualitative and quantitative research?,qualitative research focuses on understanding consumer behaviors and motivations through open ended responses  while quantitative research collects numerical data for statistical analysis 
Business,Marketing,medium,What is the difference between qualitative and quantitative research?,qualitative research focuses on exploring opinions and behaviors through interviews or focus groups  while quantitative research uses numerical data for statistical analysis 
Business,Marketing,medium,What is the difference between organic and paid search traffic?,organic search traffic refers to visitors who arrive at your site through unpaid search engine results  while paid search traffic comes from ads placed on search engines 
Business,Marketing,medium,What is the importance of mobile marketing?,mobile marketing targets consumers on their mobile devices  allowing businesses to engage with their audience through sms  apps  mobile ads  and mobile friendly websites 
Business,Marketing,medium,What is the difference between market segmentation and target marketing?,market segmentation divides the market into different groups based on various characteristics  while target marketing involves selecting the specific segment to focus on 
Business,Marketing,medium,What is experiential marketing?,experiential marketing involves creating interactive and memorable experiences for customers to build emotional connections with a brand 
Business,Marketing,medium,What is event marketing?,event marketing involves promoting a brand or product through live or virtual events  such as conferences  trade shows  or product launches  to engage with the target audience 
Business,Marketing,medium,What is customer segmentation?,customer segmentation is the practice of dividing a customer base into smaller groups based on shared characteristics such as demographics  behaviors  or preferences to target them more effectively 
Business,Marketing,medium,What is customer segmentation?,customer segmentation is the practice of dividing a customer base into distinct groups based on shared characteristics such as demographics  behaviors  or purchase history 
Business,Marketing,medium,What is customer retention?,customer retention is the process of keeping existing customers engaged and loyal to a brand  often through loyalty programs  excellent customer service  and regular communication 
Business,Marketing,medium,What is customer journey mapping?,customer journey mapping is the process of visualizing and analyzing the steps a customer takes when interacting with a brand  helping optimize the overall experience 
Business,Marketing,medium,What is geofencing?,geofencing is a location based marketing technique where a virtual boundary is set around a physical location to trigger notifications or offers when customers enter or exit the area 
Business,Marketing,medium,What is customer journey mapping?,a process that visualizes a customer s experience with a brand from awareness to post purchase support 
Business,Marketing,medium,What is an email marketing campaign?,an email marketing campaign involves sending targeted emails to a specific group of recipients with the goal of promoting products  building relationships  or driving conversions 
Business,Marketing,medium,What is an influencer marketing campaign?,an influencer marketing campaign involves partnering with influencers to promote a brand  leveraging their reach and credibility to drive consumer behavior 
Business,Marketing,medium,What is the difference between above-the-line (ATL) and below-the-line (BTL) marketing?,atl marketing involves mass media advertising  such as tv or radio  while btl marketing is more targeted and focuses on direct engagement with consumers  such as promotions and direct mail 
Business,Marketing,medium,What is the difference between a brand and a product?,a brand is the overall perception and reputation of a company  while a product is a specific item or service that the company offers 
Business,Marketing,medium,What is the difference between CRM and ERP systems?,crm  customer relationship management  systems focus on managing customer interactions and relationships  while erp  enterprise resource planning  systems integrate and manage all business processes 
Business,Marketing,medium,What is the difference between B2B and B2C marketing?,b b  business to business  marketing targets other businesses  while b c  business to consumer  marketing targets individual consumers 
Business,Marketing,medium,What is the difference between B2B and B2C marketing?,b b  business to business  marketing focuses on selling products to other businesses  while b c  business to consumer  targets individual consumers 
Business,Marketing,medium,What is the concept of omnichannel marketing?,omnichannel marketing is an integrated approach where customers can interact with a brand across various channels seamlessly  providing a consistent experience 
Business,Marketing,medium,What is an ideal customer profile (ICP)?,an ideal customer profile  icp  is a detailed description of the type of customer who would benefit most from a company s product or service  helping guide marketing and sales efforts 
Business,Marketing,medium,What is social media marketing?,social media marketing is the use of social media platforms to promote products  services  or brands  engage with customers  and build brand awareness 
Business,Marketing,medium,What is brand positioning?,brand positioning is how a brand is perceived relative to its competitors in the minds of consumers  often involving differentiation strategies 
Business,Marketing,medium,What is brand loyalty?,brand loyalty refers to the tendency of customers to repeatedly purchase from a brand due to satisfaction  trust  and positive experiences with the product or service 
Business,Marketing,medium,What is a conversion rate?,the conversion rate is the percentage of visitors who take a desired action on a website or marketing campaign  such as making a purchase or filling out a form 
Business,Marketing,medium,What is brand loyalty?,brand loyalty refers to a customer s commitment to a specific brand  leading to repeat purchases and positive word of mouth recommendations 
Business,Marketing,medium,What is brand equity?,brand equity refers to the value a brand brings to a company  which is built through customer perception  loyalty  and positive associations with the brand 
Business,Marketing,medium,What is brand advocacy?,brand advocacy occurs when customers voluntarily promote a brand because they are highly satisfied with its products or services 
Business,Marketing,medium,What is search engine marketing (SEM)?,search engine marketing  sem  involves paying for search engine ads  typically through platforms like google ads  to increase visibility on search results pages 
Business,Marketing,medium,What is a marketing funnel?,a model that represents the customer s journey from awareness to conversion 
Business,Marketing,medium,What is the significance of customer feedback in marketing?,customer feedback provides valuable insights into customer satisfaction  expectations  and preferences  which can inform product development and marketing strategies 
Business,Marketing,medium,What is the role of visual content in marketing?,visual content  such as images  videos  and infographics  plays a key role in engaging the audience  conveying messages more effectively  and increasing brand recognition 
Business,Marketing,medium,Which analytics platforms are you familiar with?,i am familiar with google analytics  hubspot  semrush  and tableau  these platforms help me track campaign performance  analyze customer behavior  and make data driven decisions 
Business,Marketing,medium,Where should you place your keywords for better website ranking?,keywords should be placed in the title tag  meta description  headers  h   h    url  and throughout the content naturally  this helps search engines understand the page s relevance to user queries 
Business,Marketing,medium,What's your most significant achievement in your career? Why?,my most significant achievement was leading a campaign that increased website traffic by      and conversions by     within six months  this success was due to a data driven strategy  optimized seo  and targeted content marketing  which demonstrated my ability to deliver measurable results 
Business,Marketing,medium,What is the role of a digital marketing strategist?,a digital marketing strategist plans  executes  and monitors online marketing campaigns  leveraging digital tools and platforms to achieve business objectives 
Business,Marketing,medium,What is the purpose of using hashtags in social media marketing?,hashtags help categorize content  making it discoverable to a larger audience who is interested in specific topics or keywords 
Business,Marketing,medium,What is the purpose of market research?,market research involves gathering and analyzing data about the target market  competitors  and industry trends to make informed decisions and improve marketing strategies 
Business,Marketing,medium,Which channels were most effective in your last role and why?,email marketing and instagram were the most effective in my last role  email marketing had a high roi due to personalized content  while instagram drove engagement through visually appealing posts and stories 
Business,Marketing,medium,What is the purpose of market research?,market research helps businesses understand customer needs  market trends  and competitor strategies  which inform decision making and strategy development 
Business,Marketing,medium,What is the purpose of SEO in marketing?,seo  search engine optimization  helps improve a website s visibility in search engine results  driving organic traffic and increasing the chances of conversions 
Business,Marketing,medium,What is the purpose of A/B testing in marketing?,a/b testing compares two variations of a marketing element to determine which one performs better 
Business,Marketing,medium,What is the marketing plan? Have you ever been a part of it?,a marketing plan outlines strategies and tactics to achieve business goals  yes  i have been part of creating marketing plans  which include market research  target audience identification  budget allocation  and performance metrics 
Business,Marketing,medium,Name 5 essential elements of a marketing campaign.,the five essential elements are     clear objectives     target audience identification     compelling messaging     multi channel strategy  and    performance measurement and optimization 
Business,Marketing,medium,How would you measure the success of a marketing campaign?,by analyzing key performance indicators  kpis  such as conversion rates  customer engagement  return on investment  roi   and customer acquisition cost  cac  
Business,Marketing,medium,How is service marketing different from product marketing?,service marketing focuses on intangible offerings  emphasizing customer experience  trust  and relationships  product marketing deals with tangible goods  highlighting features  benefits  and physical attributes 
Business,Marketing,medium,What is the purpose of a marketing mix?,the marketing mix is a combination of elements  product  price  place  and promotion  that a company uses to market its products effectively to the target audience 
Business,Marketing,medium,What is the significance of brand positioning?,brand positioning is significant because it defines how a brand is perceived in the market  differentiating it from competitors and creating a unique value proposition for consumers 
Business,Marketing,medium,Which social media platforms are most effective for this type of business?,for a b c business  platforms like instagram  tiktok  and facebook are highly effective due to their visual nature and large user base  for b b  linkedin and twitter are more suitable because they cater to professionals and decision makers 
Business,Marketing,medium,Why are you pursuing a career in marketing?,i am pursuing a career in marketing because i am passionate about understanding consumer behavior  creating impactful strategies  and driving business growth through innovative campaigns  marketing allows me to combine creativity with analytical thinking  which i find both challenging and rewarding 
Business,Marketing,medium,What is the role of social media marketing?,social media marketing uses platforms like facebook  instagram  and twitter to promote products  engage with customers  and build brand awareness 
Business,Marketing,medium,What is the role of social media in marketing?,social media plays a key role in marketing by enabling businesses to build relationships with customers  increase brand visibility  promote products  and engage with their audience directly 
Business,Marketing,medium,What is the role of a social media manager?,a social media manager is responsible for planning  executing  and managing social media content and campaigns to enhance brand presence and engagement 
Business,Marketing,medium,What is the role of a marketing strategist?,a marketing strategist develops and implements marketing plans and campaigns  ensuring they align with business goals  target the right audience  and achieve measurable results 
Business,Marketing,medium,What is the role of a marketing manager?,a marketing manager is responsible for overseeing the execution of marketing strategies  team management  budgeting  and measuring campaign success 
Business,Marketing,medium,What is retargeting?,retargeting is a form of online advertising that targets users who have previously interacted with a business but did not convert  encouraging them to return and complete the desired action 
Business,Marketing,medium,Which social media platforms do you consider most effective?,the most effective platforms depend on the target audience  for b b  linkedin is highly effective  while instagram and tiktok are great for b c  i choose platforms based on where the audience is most active and engaged 
Business,Marketing,medium,What is retargeting in digital advertising?,retargeting is a strategy that involves displaying ads to people who have previously interacted with a brand or visited a website to encourage them to return and complete a desired action 
Business,Marketing,medium,What is remarketing?,remarketing is the practice of targeting ads to people who have previously interacted with your website or business but didn t complete the desired action  such as a purchase 
Business,Marketing,medium,What is native advertising?,native advertising refers to ads that match the form and function of the content on the platform where they appear  providing a seamless and non disruptive user experience 
Business,Marketing,medium,What is mobile marketing?,mobile marketing refers to reaching customers via their mobile devices through apps  mobile websites  sms  or push notifications 
Business,Marketing,medium,What is market segmentation and why is it important?,market segmentation is the process of dividing a target market into smaller groups based on demographics  behavior  or preferences  it helps businesses tailor their marketing strategies to specific customer needs 
Business,Marketing,medium,What is influencer marketing?,influencer marketing involves partnering with individuals who have a large  engaged following to promote a product or service to their audience 
Business,Marketing,medium,What techniques do you use to measure the quality of your work? What steps do you take to ensure the desired quality is achieved?,i use metrics like conversion rates  engagement rates  and roi to measure quality  to ensure desired quality  i set clear goals  conduct a/b testing  and regularly review performance data to make data driven improvements 
Business,Marketing,medium,What is remarketing?,remarketing is the practice of targeting ads to users who have previously interacted with a business  such as visiting a website or engaging with content but did not convert 
Business,Marketing,medium,What is a marketing persona?,a marketing persona is a detailed description of the ideal customer  based on demographic and behavioral data  used to tailor marketing strategies 
Business,Marketing,medium,What is a geotargeting strategy?,geotargeting is the practice of delivering content or ads based on a user s geographic location  using data such as ip address  gps  or user input 
Business,Marketing,medium,What is a promotional mix?,a promotional mix refers to the combination of promotional tools such as advertising  sales promotions  public relations  and personal selling that businesses use to promote their products 
Business,Marketing,medium,What is a brand ambassador?,a brand ambassador is an individual or influencer who represents and promotes a brand  often on social media  through endorsements and recommendations 
Business,Marketing,medium,What is a brand voice?,a brand voice is the consistent tone  style  and language used in all communications  helping to convey the brand s personality and values 
Business,Marketing,medium,What is a call to action (CTA) in an advertisement?,a call to action  cta  is a prompt that encourages the audience to take a specific action  such as  buy now  or  sign up  
Business,Marketing,medium,What is a call to action (CTA)?,a call to action  cta  is a prompt that encourages the audience to take a specific action  such as clicking a button  signing up  or making a purchase 
Business,Marketing,medium,What is a competitive analysis?,a competitive analysis involves evaluating competitors  products  services  and marketing strategies to understand their strengths and weaknesses and identify opportunities for your brand 
Business,Marketing,medium,What is a competitive analysis?,a competitive analysis involves researching and evaluating a company s competitors to understand their strengths  weaknesses  and strategies 
Business,Marketing,medium,What is customer acquisition cost (CAC)?,customer acquisition cost  cac  is the total cost of acquiring a new customer  including marketing expenses  sales team efforts  and advertising costs 
Business,Marketing,medium,What is a content calendar?,a content calendar is a schedule that outlines what content will be published and when  ensuring consistent and timely content delivery 
Business,Marketing,medium,What is a viral marketing campaign?,a viral marketing campaign aims to create content that encourages users to share it widely  generating rapid  organic exposure for a brand 
Business,Marketing,medium,What is a viral marketing campaign?,a viral marketing campaign aims to create content that is highly shareable and spreads rapidly through social media  word of mouth  and other channels 
Business,Marketing,medium,What is affiliate marketing and how does it work?,affiliate marketing involves partnering with affiliates who promote your products or services  earning a commission for each sale or lead they generate 
Business,Marketing,medium,What is affiliate marketing and how does it work?,affiliate marketing is a performance based marketing strategy where businesses reward affiliates for driving traffic or sales to their website through affiliate links 
Business,Marketing,medium,What is affiliate marketing?,affiliate marketing is a performance based marketing strategy where businesses reward third party partners  affiliates  for driving traffic or sales through their marketing efforts 
Business,Marketing,medium,What is an eCommerce marketing strategy?,an ecommerce marketing strategy focuses on driving traffic to an online store and converting that traffic into paying customers using techniques like seo  paid ads  and email marketing 
Business,Marketing,medium,What is a value proposition?,a value proposition is a statement that communicates the benefits of a product or service to the customer  explaining why it is superior to competitors 
Business,Marketing,medium,What is an email drip campaign?,an email drip campaign is a series of pre written emails sent automatically over time to nurture leads or engage customers based on their behaviors or interests 
Business,Marketing,medium,What is customer acquisition cost (CAC)?,customer acquisition cost  cac  is the cost associated with acquiring a new customer  including all marketing and sales expenses divided by the number of new customers acquired 
Business,Marketing,medium,What is cross-channel marketing?,cross channel marketing refers to using multiple marketing channels in a coordinated way to deliver a consistent message and enhance customer experience 
Business,Marketing,medium,What is a product lifecycle?,the product lifecycle refers to the stages a product goes through from introduction to decline  introduction  growth  maturity  and decline 
Business,Marketing,medium,What is a customer satisfaction score (CSAT)?,a csat is a metric used to measure customers  satisfaction with a company s product  service  or overall experience  usually obtained through surveys 
Business,Accounting,medium,What does Negative Working Capital mean?,negative working capital means a company s current liabilities exceed its current assets  which may indicate short term liquidity challenges but can also suggest operational efficiency in certain industries 
Business,Marketing,medium,What is a landing page?,a landing page is a standalone web page designed for a specific marketing campaign  aimed at converting visitors into leads or customers 
Business,Marketing,medium,What is a loyalty program?,a loyalty program is a marketing strategy that rewards customers for repeat purchases  aiming to increase retention and customer lifetime value 
Business,Marketing,medium,What is a loyalty program?,a loyalty program rewards customers for repeat business  encouraging customer retention and building long term relationships with the brand 
Business,Marketing,medium,What is customer acquisition cost (CAC)?,cac is the cost associated with acquiring a new customer  including marketing and sales expenses 
Business,Marketing,medium,What is a market penetration strategy?,a market penetration strategy focuses on increasing a company s market share in existing markets  often through pricing strategies or promotional efforts 
Business,Marketing,medium,What is a marketing ROI and how is it calculated?,marketing roi is a measure of the profitability of a marketing campaign  it is calculated by dividing the net profit by the cost of the campaign 
Business,Marketing,medium,What is competitive benchmarking?,competitive benchmarking involves comparing a company s products  services  and performance against competitors to identify areas of improvement and opportunities 
Business,Marketing,medium,What is influencer marketing?,influencer marketing involves partnering with individuals who have a large and engaged following on social media or other platforms to promote products or services 
Business,Marketing,medium,What is content curation?,content curation is the process of finding  gathering  and sharing relevant content from various sources to engage and inform a target audience 
Business,Marketing,medium,What is content curation?,content curation is the process of finding  organizing  and sharing relevant content from various sources to engage an audience and add value to the brand 
Business,Marketing,medium,What is content marketing?,content marketing is the practice of creating and distributing valuable  relevant content to attract and engage a target audience  with the goal of driving profitable customer actions 
Business,Marketing,medium,What is a market penetration strategy?,market penetration is a strategy used to increase market share by selling existing products to the current target market or attracting competitors  customers 
Business,Marketing,medium,What are the three most important skills for a marketing career?,the three most important skills for a marketing career are     analytical skills to interpret data and measure campaign effectiveness     creativity to develop unique and engaging campaigns  and    communication skills to effectively convey messages to target audiences and collaborate with teams 
Business,Marketing,medium,What is a brand's voice?,a brand s voice refers to the tone and personality with which it communicates with its audience  helping to build consistency and emotional connection 
Business,Marketing,medium,What are your methods for conducting a SWOT analysis for a marketing campaign?,to conduct a swot analysis  i evaluate the strengths  unique selling points  strong brand recognition   weaknesses  limited budget  lack of content   opportunities  emerging trends  partnerships   and threats  competitor campaigns  market saturation   this helps refine the marketing strategy by focusing on areas of strength and addressing weaknesses 
Business,Marketing,medium,Can you explain how you integrate customer personas into your marketing strategies?,i integrate customer personas into marketing strategies by tailoring content  messaging  and offers to specific audience segments  i create targeted campaigns based on the persona s demographics  behaviors  pain points  and goals to increase relevance and engagement 
Business,Marketing,medium,Can you explain how you use storytelling in your email marketing campaigns?,i use storytelling in email campaigns by crafting a narrative around the brand or product  engaging readers emotionally while highlighting the benefits  i segment the email list to tailor stories to specific customer interests and create a journey that leads them toward conversion  with clear calls to action 
Business,Marketing,medium,Can you explain how you would measure the effectiveness of a marketing campaign? What metrics do you consider most important?,to measure effectiveness  i track kpis such as return on investment  roi   conversion rates  customer engagement  and reach  i also look at metrics specific to the campaign  such as website traffic  lead generation  and social media interactions  to assess how well the campaign achieved its goals 
Business,Marketing,medium,What is a content strategy?,a content strategy involves planning  creating  and distributing content to engage the audience and support business goals 
Business,Marketing,medium,What is influencer marketing?,influencer marketing involves collaborating with influencers individuals who have a significant following on social media or other platforms to promote a brand  product  or service 
Business,Marketing,medium,What is influencer marketing?,a marketing strategy that leverages individuals with a strong following to promote products and services 
Business,Marketing,medium,What is inbound marketing?,inbound marketing is a strategy that attracts customers by creating valuable content and experiences tailored to them  rather than interrupting them with ads 
Business,Marketing,medium,What is guerrilla marketing?,guerrilla marketing refers to unconventional and low cost marketing strategies aimed at achieving maximum exposure and impact in a creative and engaging way 
Business,Marketing,medium,What is guerrilla marketing?,a low cost  unconventional marketing strategy aimed at creating high impact 
Business,Marketing,medium,What is geotargeting in digital marketing?,geotargeting refers to delivering personalized content or advertisements based on the user s geographic location  improving relevance and engagement 
Business,Marketing,medium,What is geotargeting in digital marketing?,geotargeting is a marketing technique that delivers personalized content or ads based on the geographic location of a user 
Business,Marketing,medium,What is a unique selling proposition (USP)?,a unique selling proposition  usp  is a statement that highlights the unique benefit of a product or service  differentiating it from competitors 
Business,Marketing,medium,What are the types of market research?,types of market research include qualitative research  such as focus groups and interviews  and quantitative research  such as surveys and statistical analysis  
Business,Marketing,medium,What is a sales funnel?,a sales funnel is a visual representation of the steps prospects take from initial interest to final purchase  helping businesses track and optimize the sales process 
Business,Marketing,medium,What is a referral program?,a referral program encourages existing customers to refer new customers  often with incentives like discounts  rewards  or exclusive offers 
Business,Marketing,medium,Can you explain how you build and maintain your professional network?,i build my professional network by attending industry events  webinars  and online communities  i also leverage linkedin to connect with industry leaders and maintain relationships by sharing valuable content  offering help  and staying in touch regularly 
Business,Marketing,medium,Can you discuss your experience with product launches? What strategies did you use to create buzz?,for product launches  i focus on generating anticipation through teasers  exclusive pre launch offers  and leveraging influencers  i also implement email marketing campaigns  press releases  and live events to create a buzz  post launch  i track customer feedback and adjust marketing efforts to sustain interest 
Business,Marketing,medium,What is a site crawler?,a site crawler is a tool used by search engines to scan and index web pages  it helps identify issues like broken links  duplicate content  and missing metadata  which are crucial for seo 
Business,Marketing,medium,Can you discuss a time when you had to pivot your marketing strategy based on market trends?,during the covid    pandemic  many of our traditional marketing channels became ineffective  we quickly pivoted to focus on digital channels like webinars  virtual events  and social media marketing  this shift allowed us to engage with our audience and generate leads during a time when in person events were no longer viable 
Business,Marketing,medium,Can you discuss a time when you had to present a marketing strategy to senior management? What was the outcome?,i presented a new digital marketing strategy that included seo  paid ads  and content marketing  the presentation was data driven  showing projected roi and customer acquisition costs  senior management approved the plan  and the campaign increased leads by     within the first two months 
Business,Marketing,medium,What are your thoughts on the future of digital marketing? Where do you see it heading?,i believe the future of digital marketing will be driven by ai and automation  creating more personalized experiences  marketers will also continue to focus on data privacy and ethics as consumers demand more transparency  the rise of immersive technologies like ar/vr will also shape marketing strategies 
Business,Marketing,medium,What are your thoughts on the importance of storytelling in marketing? Can you provide an example from your experience?,storytelling is a powerful way to connect with audiences on an emotional level  in one campaign  we used a customer success story to highlight how our product solved their problem  this narrative resonated with our target audience and helped boost both engagement and conversions 
Business,Marketing,medium,What content creation platforms are you comfortable using?,i m comfortable using platforms like canva  adobe creative suite  and wordpress for content creation  these tools allow me to design visually appealing and engaging content tailored to different marketing channels 
Business,Marketing,medium,What criteria do you use to determine the quality of your work?,i evaluate the quality of my work based on its alignment with campaign goals  audience engagement  and measurable outcomes  feedback from stakeholders and the ability to meet or exceed kpis are also key indicators of success 
Business,Marketing,medium,What is a marketing audit?,a marketing audit is a comprehensive review of a company s marketing strategy  goals  and results  often conducted to assess the effectiveness of current marketing efforts 
Business,Marketing,medium,What is a marketing automation platform?,a marketing automation platform is software used to automate marketing tasks such as email marketing  social media posting  and lead nurturing 
Business,Marketing,medium,What are your thoughts on the importance of community engagement in marketing?,community engagement is crucial for building brand loyalty and trust  it allows companies to interact directly with their customers  gain insights  and foster a sense of belonging  by actively listening to the community  providing value  and creating spaces for dialogue  a brand can establish deeper  more lasting relationships 
Business,Marketing,medium,What is a marketing automation tool?,a marketing automation tool is software that automates repetitive marketing tasks such as email campaigns  social media posting  and lead nurturing to improve efficiency and consistency 
Business,Marketing,medium,What is a marketing budget?,a marketing budget is the financial plan allocated for marketing activities  including advertising  content creation  and promotions 
Business,Marketing,medium,What is a marketing campaign?,a marketing campaign is a coordinated series of activities designed to promote a product  service  or brand with specific goals and objectives 
Business,Marketing,medium,What is a marketing dashboard?,a marketing dashboard is a visual representation of key performance indicators  kpis  that allows marketers to track the performance of their campaigns 
Business,Marketing,medium,What is a marketing funnel?,a marketing funnel is a model that represents the stages a customer goes through before making a purchase  from awareness to conversion 
Business,Marketing,medium,Can you discuss a time when you had to negotiate with a vendor or partner? What was the outcome?,i negotiated with a vendor for better pricing on digital advertising services  by presenting data on our previous campaign s performance and future potential  i secured a     discount  which allowed us to allocate the savings to expand our campaign reach 
Business,Marketing,medium,What is a marketing automation tool?,a marketing automation tool helps businesses automate marketing tasks such as email campaigns  social media posts  and ad management 
Business,Finance,hard,How do you calculate the cost of equity?,i calculate cost of equity using the capm formula  incorporating the risk free rate  beta  and market risk premium 
Business,Finance,hard,How do you calculate the cost of equity and why is it important?,using capm  capital asset pricing model   it helps determine the return investors expect 
Business,Finance,hard,How do you assess whether a company’s financial statements are accurate and reliable?,by reviewing audit reports  consistency  and compliance with accounting standards 
Business,Finance,hard,How do you assess the risk of an investment?,i evaluate market  credit  and operational risks using both qualitative judgment and quantitative models 
Business,Finance,hard,How do you assess the impact of mergers or acquisitions on a company’s earnings per share (EPS)?,by analyzing pre  and post merger eps and synergies 
Business,Finance,hard,How does an inventory write-down affect the three financial statements?,  income statement  increases expenses  lowers net income    balance sheet  reduces inventory and equity    cash flow statement  no immediate impact  but lowers taxes 
Business,Finance,hard,How would you advise a company facing high debt levels and financial distress?,debt restructuring  cost cutting  and revenue improvement strategies 
Business,Finance,hard,How do you value a company?,i typically use discounted cash flow  dcf  analysis  comparable company analysis  and precedent transaction methods 
Business,Finance,hard,How do you perform sensitivity analysis?,i adjust key variables in my models to see how changes impact the outcome 
Business,Finance,hard,How do you value a company that is not yet profitable?,using discounted cash flow  dcf   revenue multiples  and industry comparisons 
Business,Finance,hard,How do you record PP&E and why is this important?,recorded at cost  depreciated over time  important for asset valuation and cash flow 
Business,Finance,hard,How do you calculate the internal rate of return (IRR) in project evaluations?,find the rate that makes npv equal to zero 
Business,Finance,hard,How would you analyze a company’s capital budgeting decisions?,by evaluating the expected returns  payback period  and npv 
Business,Finance,hard,How do you calculate the weighted average cost of capital (WACC) in financial analysis?,wacc    equity / total    cost of equity    debt / total    cost of debt        tax rate  
Business,Finance,hard,How do you evaluate a company’s creditworthiness when considering lending or investing?,by reviewing credit ratings  debt levels  and cash flow 
Business,Finance,hard,How do you determine the appropriate discount rate for a company’s valuation?,using wacc  risk free rate  and industry benchmarks 
Business,Finance,hard,How do you determine the appropriate discount rate for a discounted cash flow (DCF) analysis?,by using wacc or required rate of return 
Business,Finance,hard,How do you determine the cost of equity and how is it used in financial analysis?,use models like capm to estimate return expectations for investors 
Business,Finance,hard,How do you determine the discount rate in a DCF model?,i determine the discount rate based on the company s weighted average cost of capital  considering market risk and financial leverage 
Business,Finance,hard,How do you differentiate between economic value added (EVA) and market value added (MVA)?,eva measures value created beyond the cost of capital  mva reflects the difference between market value and capital invested 
Business,Finance,hard,How do you evaluate financial statements to identify potential risks in a business?,check for high debt  low profits  or erratic cash flow 
Business,Finance,hard,How do you evaluate the impact of interest rate changes on a company?,i analyze the sensitivity of cash flows and profitability to variations in interest rates 
Business,Finance,hard,Can you explain the role of a financial analyst in mergers and acquisitions?,they evaluate financial health and value companies involved 
Business,Finance,hard,Explain Future and Forward Contracts.,both are agreements to buy ell assets at a future date  futures are standardized and traded on exchanges  while forwards are customized and traded privately 
Business,Finance,hard,Explain the concept of Monte Carlo simulation in finance.,monte carlo simulation uses random sampling to model and forecast the probability of different outcomes in a financial model 
Business,Finance,hard,Explain the concept of cost of capital.,cost of capital is the return a company needs to justify its investment  calculated as the weighted average of cost of equity and debt 
Business,Finance,hard,Explain the concept of time value of money.,it means money available now is worth more than the same amount in the future due to its earning potential 
Business,Finance,hard,How can a company have positive net income but go bankrupt?,poor cash flow  excessive debt  or uncollected receivables 
Business,Finance,hard,"How do you perform sensitivity analysis in financial modeling, and what value does it provide?",by changing key assumptions to see how they affect outcomes  helping to assess risk 
Business,Finance,hard,"How do you determine a company’s cost of debt, and why is it important for financial planning?",the interest rate paid on debt  it s important for forecasting costs 
Business,Finance,hard,How do you perform scenario analysis when building financial models?,create scenarios with different assumptions to see their impact 
Business,Finance,hard,How do you evaluate the risk associated with a company’s investments in new markets or products?,by checking market conditions  competition  and potential returns 
Business,Finance,hard,How do you incorporate risk adjustments into your valuation?,i adjust discount rates and model multiple scenarios to account for various risks 
Business,Finance,hard,What is the importance of scenario analysis in financial modeling?,it helps assess potential risks and outcomes by modeling different financial scenarios 
Business,Finance,hard,"What is the purpose of a financial model, and how do you go about creating one?",to forecast a company s future  i gather data  make assumptions  and use excel to build projections 
Business,Finance,hard,What is the role of financial derivatives in hedging against risk?,they allow companies to manage risks related to interest rates  commodities  or currency fluctuations 
Business,Finance,hard,What is the significance of a company’s capital structure in its financial stability?,it balances debt and equity to optimize cost of capital and minimize financial risk 
Business,Finance,hard,What is your approach to handling large data sets?,i utilize advanced data analytics tools and programming languages like python or r to manage and analyze large datasets 
Business,Finance,hard,What is your approach to managing financial risks in a volatile market?,diversify  hedge  and maintain cash 
Business,Finance,hard,"What is your approach to valuing a company’s goodwill, and why is it important in financial reporting?",compare acquisition price to asset value  it affects balance sheet accuracy 
Business,Finance,hard,What is your experience with financial modeling?,i have experience building financial models for forecasting  valuation  and decision making  using dcf  sensitivity analysis  and financial projections 
Business,Finance,hard,What is the importance of discounted cash flow (DCF) analysis in financial modeling?,dcf helps estimate the value of future cash flows 
Business,Finance,hard,What metrics would you use to determine the financial impact of a potential acquisition?,eps impact  roi  debt levels  and synergies 
Business,Finance,hard,What role does the weighted average cost of capital (WACC) play in investment decisions?,wacc helps determine if an investment generates sufficient returns 
Business,Finance,hard,What strategies can a company use to reduce its financial risk in volatile markets?,diversifying income sources  using hedging  and controlling debt 
Business,Finance,hard,What strategies would you employ to reduce financial risk within an organization?,diversification  hedging  maintaining liquidity  and optimizing debt levels 
Business,Finance,hard,What are the key components of a strong financial model?,key components include accurate assumptions  clear projections  and the inclusion of risk factors and sensitivities 
Business,Finance,hard,What are the key differences between an asset-backed security (ABS) and a mortgage-backed security (MBS)?,abs are backed by loans or receivables  mbs are specifically backed by mortgage loans 
Business,Finance,hard,What are the key factors that affect the cost of capital for a company?,interest rates  credit rating  debt to equity ratio  and market conditions 
Business,Finance,hard,What are the key risks involved in corporate finance decisions?,key risks include market risk  credit risk  liquidity risk  and operational risk 
Business,Finance,hard,What are the most important factors to consider when valuing a startup?,market potential  revenue growth  business model  and competition 
Business,Finance,hard,What role does financial modeling play in making business decisions?,it helps forecast outcomes and supports decision making 
Business,Finance,hard,What is the impact on the company’s valuation?,higher ebitda  strong cash flow  and low debt increase valuation  while high costs lower it 
Business,Finance,hard,What is the difference between enterprise value and equity value?,enterprise value reflects the total value of a company  including debt   whereas equity value represents the shareholders  portion 
Business,Finance,hard,When do you use an LBO model?,for leveraged buyouts to assess debt capacity and returns 
Business,Finance,hard,Can a company have a negative book equity value?,yes  if liabilities exceed assets  often in distressed firms 
Business,Finance,hard,Can you describe a challenging financial analysis project you worked on?,i modeled a complex merger scenario that involved detailed sensitivity and scenario analyses under tight deadlines 
Business,Finance,hard,Can you describe a situation in which you used financial analysis to make a strategic decision?,i analyzed costs and streamlined expenses  boosting profitability by     
Business,Finance,hard,Can you explain how a company’s financial performance might be impacted by changes in exchange rates?,it affects revenue  costs  and profitability for multinational companies 
Business,Finance,hard,Can you explain how different accounting methods affect a company’s financial statements?,different methods  e g   fifo vs  lifo  impact reported income  taxes  and asset values 
Business,Finance,hard,Can you explain how you would approach creating a financial model for a business?,define assumptions  build income statements  balance sheets  and cash flows 
Business,Finance,hard,Can you explain the concept of a bond’s yield to maturity and why it’s important?,it s the total return from a bond  helps assess bond value 
Business,Finance,hard,Can you explain the concept of economic value added (EVA)?,eva measures a company s real profitability by subtracting capital costs from net profit 
Business,Finance,hard,How do you approach budgeting in a dynamic business environment?,i build flexible budgets that can be adjusted as market conditions change 
Business,Finance,hard,How do you approach performing a company valuation using discounted cash flow (DCF)?,project future cash flows  discount using wacc  and determine present value 
Business,Finance,hard,How do you assess a company’s risk profile when making investment decisions?,evaluate market  credit  operational  and liquidity risks 
Business,Finance,hard,How do you assess the financial health of a company during an economic downturn?,by analyzing cash flow  liquidity  and debt levels 
Business,Finance,hard,How do you assess the financial impact of mergers and acquisitions on a company’s operations?,look at cost savings  revenue growth  and changes in debt 
Business,Finance,hard,How do you assess the financial risk involved in international investments?,by looking at currency risk  political instability  and market conditions 
Business,Finance,hard,How do you assess the impact of a potential acquisition or merger on a company’s financial position?,evaluate debt  synergies  profitability  and long term growth 
Business,Finance,hard,How do you assess the impact of changes in the tax code on a company’s financials?,look at changes in tax expenses and profits 
Business,Finance,hard,What would be your approach to determining the cost of capital for a new business venture?,combine debt and equity costs based on risk 
Business,Finance,hard,What would you consider when deciding whether to restructure a company’s debt?,interest rates  repayment terms  cash flow  and financial stability 
Business,Finance,hard,"What, in your opinion, makes a good financial model?",accuracy  clarity  flexibility  realistic assumptions  and integration of key financial statements 
Business,Finance,hard,What are the potential tax implications of a corporate merger?,mergers may lead to tax liabilities from capital gains  adjustments to depreciation  and changes in tax structure 
Business,Finance,hard,What are the primary risks associated with international investments?,currency fluctuations  political instability  and regulatory risks 
Business,Finance,hard,What are the risks and benefits of using derivatives in financial risk management?,risks include complexity and leverage  benefits include hedging against price movements and managing exposure to financial risks 
Business,Finance,hard,What factors should you consider when performing financial due diligence for an acquisition?,financial statements  liabilities  cash flow  and valuation accuracy 
Business,Finance,hard,How would you approach creating a financial budget for a large organization?,by forecasting revenues  controlling costs  and allocating resources efficiently 
Business,Finance,hard,How would you approach financial forecasting for a company in a volatile market?,using scenario analysis  stress testing  and conservative assumptions 
Business,Finance,hard,How would you approach valuing a company with limited financial data?,use industry benchmarks  comparable company analysis  and qualitative factors 
Business,Finance,hard,How would you approach valuing a startup company with limited financial history?,i d use projections  market comparisons  and the potential for growth to estimate its value 
Business,Finance,hard,How would you assess a company’s investment in intangible assets like intellectual property?,check for potential revenue and strategic value 
Business,Finance,hard,How would you assess the financial impact of a merger or acquisition?,by analyzing changes in eps  synergies  and debt burden 
Business,Finance,hard,How would you assess the financial risk of a company in a volatile market?,look at debt levels  cash reserves  and sensitivity to market changes 
Business,Finance,hard,How would you assess the financial stability of a start-up company?,by analyzing cash flow  burn rate  and revenue growth potential 
Business,Finance,hard,How would you assess the impact of changes in exchange rates on a company’s financial performance?,look at foreign revenues  costs  and hedging strategies 
Business,Finance,hard,How would you assess the impact of mergers and acquisitions on a company’s financial performance?,look at cost savings  revenue growth  and stability after the deal 
Business,Finance,hard,How would you assess whether a company is undervalued or overvalued in the market?,compare market price to intrinsic value using valuation methods 
Business,Finance,hard,How would you calculate the weighted average cost of capital (WACC) in different market conditions?,by adjusting cost of debt and equity based on interest rates and market risk 
Business,Finance,hard,How would you evaluate whether a company should pursue a merger or acquisition?,analyze synergies  financial impact  valuation  and strategic fit 
Business,Finance,hard,How would you handle a situation where a company has excessive debt but strong cash flow?,focus on reducing debt while maintaining cash flow 
Business,Finance,hard,"How would you handle a situation where a company’s earnings report shows a sudden, significant deviation from analyst expectations?",i d investigate the reasons behind the deviation 
Business,Finance,hard,How do you handle evaluating a company’s financial performance during a recession?,focus on cash flow  cost control  and debt management 
Business,Finance,hard,How do you handle financial forecasting in an uncertain economic environment?,use conservative assumptions and scenarios 
Business,Finance,hard,How do you handle situations where financial data is not readily available or incomplete?,i d use industry averages and available market data to make informed estimates 
Business,Finance,hard,How do you handle tight deadlines for financial reporting?,i prioritize tasks  maintain organized data  and collaborate with my team to ensure timely completion 
Business,Finance,hard,How would you analyze a company’s competitive advantage in terms of financial performance?,by assessing profitability  market share  cost efficiency  and pricing power 
Business,Finance,hard,How do you manage multiple financial models simultaneously?,i use organized file structures  version control  and clear documentation to manage my models efficiently 
Business,Finance,hard,"What are the different ways to value a company, and which is most appropriate for our business?",methods include dcf  comparable company analysis  and precedent transactions  the best method depends on industry and business model 
Business,Finance,hard,What are some of the challenges associated with valuing companies in the financial services industry?,regulatory complexity  intangible assets  and fluctuating interest rates 
Business,Finance,hard,What is DCF analysis?,dcf analysis estimates a company s value by discounting its future cash flows to their present value 
Business,Finance,hard,What is Deferred Tax Liability?,taxes owed in the future due to differences in tax and accounting rules 
Business,Finance,hard,What is RAROC?,measures return on investment  adjusting for the risk involved 
Business,Finance,hard,"What is goodwill impairment, and how does it impact financial statements?",when goodwill loses value  it is written off  reducing assets and earnings 
Business,Finance,hard,What is scenario analysis?,scenario analysis examines how different assumptions affect a financial model s outputs 
Business,Finance,hard,"What is the DCF method, and why might we use this?",a valuation method that discounts future cash flows to present value  used to assess investment opportunities 
Business,Finance,hard,How would you handle a situation where a company’s financial statements are inconsistent or inaccurate?,i d investigate the issues and possibly request an audit 
Business,Finance,hard,How would you interpret a company’s capital expenditure (CapEx) in relation to its overall financial health?,high capex may indicate growth but should align with cash flow and returns 
Business,Finance,hard,How would you perform a sensitivity analysis for a financial model?,by adjusting key assumptions to assess impact on outcomes 
Business,Finance,hard,How would you perform a sensitivity analysis in a financial model?,test how changes in key assumptions impact outcomes 
Business,Finance,hard,How would you structure a company’s capital to maximize shareholder value?,by balancing debt and equity to minimize cost of capital and maximize returns on investments 
Business,Finance,hard,How would you use discounted cash flow (DCF) to value a company?,forecast future cash flows and discount them to present value 
Business,Finance,hard,How/Why do you lever or unlever beta?,  levered beta  includes debt risk    unlevered beta  removes debt to compare companies fairly 
Business,Finance,hard,"If it were up to you, what would our company’s budgeting process look like?",strategic  data driven  with input from all departments  regular reviews  and flexibility for market changes 
Business,Finance,hard,"If you were CFO, what would keep you up at night?",cash flow  debt levels  competition  economic conditions  and compliance 
Business,Finance,hard,"If you were the CFO of our company, what key challenges would you face?",managing cash flow  optimizing capital structure  and ensuring regulatory compliance 
Business,Finance,hard,"What are some common challenges in financial forecasting, and how do you address them?",challenges include data inaccuracies and market unpredictability  i address them by using conservative assumptions and scenario analysis 
Business,Finance,hard,What are some common methods used for financial forecasting in volatile industries?,scenario analysis  sensitivity analysis  and rolling forecasts 
Business,Finance,hard,What are some methods to mitigate financial risk in an organization?,diversification  hedging  and strong internal controls 
Business,Finance,hard,What are the different ways to calculate the cost of capital for a business?,using wacc  capm  and cost of debt/equity calculations 
Business,Finance,hard,"What is a leveraged buyout (LBO), and how would you structure one?",an lbo uses borrowed funds to acquire a company  the target company s assets often secure the loan 
Business,Marketing,hard,"What is the difference between paid, owned, and earned media?",paid media involves ads you pay for  owned media refers to assets like websites and social profiles you own  and earned media is coverage or content generated by third parties  such as press mentions or shares 
Business,Human Resources,hard,An employee consistently challenges company policies in front of colleagues. How do you address this?,i would have a private discussion with the employee to understand their concerns  clarify policy intentions  and set expectations for professional conduct 
Business,Accounting,hard,Explain how you would detect and prevent fraudulent transactions in an organization.,fraud detection involves reviewing unusual transactions  implementing internal controls  and using audit trails and forensic accounting techniques 
Business,Accounting,hard,Explain the difference between working capital and available cash/bank balance.,working capital is current assets minus current liabilities  while cash/bank balance refers to liquid funds available for immediate use 
Business,Accounting,hard,"Explain the impact of inventory valuation methods (FIFO, LIFO, Weighted Average) on financial statements.",fifo results in higher profits in inflationary periods  lifo reduces taxable income  and weighted average smooths out price fluctuations in inventory costs 
Business,Marketing,hard,How do you ensure that your marketing strategies are inclusive and diverse?,i ensure inclusivity and diversity by conducting research on target audiences from different backgrounds and making sure our messaging  images  and product offerings resonate with diverse communities  i also work with diverse teams and seek feedback from a wide range of perspectives to ensure all voices are considered 
Business,Marketing,hard,Can you describe your experience with video marketing? What types of videos have you produced or promoted?,i have experience with various types of video marketing  including product demonstrations  customer testimonials  and brand awareness videos  i ve also created video content for social media ads and email campaigns  these videos have helped increase engagement and drive higher conversion rates 
Business,Marketing,hard,Can you explain the importance of A/B testing in your marketing efforts? Have you conducted any tests?,a/b testing is essential for optimizing campaigns by identifying what resonates best with the audience  i ve conducted a/b tests on email subject lines  landing page designs  and ad creatives to determine which variations lead to higher engagement and conversion rates 
Business,Marketing,hard,Can you explain your experience with SEO and how it impacts your marketing strategies?,i have extensive experience with seo  from on page optimizations like keyword research  meta tags  and content creation to off page strategies like link building  effective seo ensures our content is discoverable by the right audience  drives organic traffic  and improves our search engine rankings  which contributes to the overall success of marketing campaigns 
Business,Marketing,hard,Can you share a time when you had to think creatively to solve a marketing problem?,in a campaign for a new product launch  we faced a decline in engagement  i proposed using user generated content and social media contests to create buzz and engagement  the campaign led to a     increase in social media mentions and a     increase in sales 
Business,Marketing,hard,Can you share an example of how you used data analytics to improve a marketing campaign?,i used data analytics to analyze the performance of a ppc campaign  by identifying underperforming keywords and optimizing bids  i improved the ctr by      additionally  i a/b tested landing pages  leading to a     increase in conversions 
Business,Marketing,hard,"Can you tell me about a time you set a goal, developed a strategy, and established benchmarks?",in a previous role  i set a goal to increase social media engagement by      i developed a strategy that included posting frequency optimization  audience segmentation  and a/b testing  benchmarks were established using historical data  and we achieved a     increase within three months 
Business,Marketing,hard,"Describe a marketing project where you collaborated with other departments (e.g., sales, product development). What was the outcome?",i worked closely with the product development and sales teams for a new product launch  by aligning on key features  target markets  and messaging  we created a unified campaign that led to a     increase in sales within the first quarter after launch 
Business,Marketing,hard,How do you approach integrated marketing communications (IMC)?,imc involves aligning all marketing channels and messages to create a cohesive and consistent brand experience for the customer 
Business,Accounting,hard,Explain how you would audit financial statements for a publicly traded company.,the audit process includes risk assessment  internal control evaluation  substantive testing  and issuing an opinion on financial statement accuracy 
Business,Marketing,hard,How do you approach market entry strategies for new products or services?,i conduct thorough market research to understand customer needs  competitive landscape  and regulatory requirements  i then develop a positioning strategy and identify key channels for outreach  whether through direct sales  digital marketing  or partnerships  i ensure a strong go to market plan with clear milestones and tracking metrics 
Business,Marketing,hard,How do you build brand loyalty?,brand loyalty is built by consistently delivering value  fostering strong customer relationships  offering rewards or loyalty programs  and providing excellent customer service 
Business,Marketing,hard,How do you calculate ROI for a marketing campaign?,roi is calculated by dividing the revenue generated by the campaign by the cost of the campaign and then multiplying by     
Business,Marketing,hard,How do you calculate Return on Investment (ROI) in marketing?,roi is calculated by subtracting the cost of the marketing campaign from the revenue generated by the campaign and dividing that number by the cost of the campaign 
Business,Marketing,hard,How do you calculate customer acquisition cost (CAC)?,customer acquisition cost is calculated by dividing the total cost of marketing and sales efforts by the number of new customers acquired 
Business,Marketing,hard,How do you calculate return on investment (ROI) for marketing?,roi for marketing is calculated by dividing the revenue generated from a marketing campaign by the cost of the campaign  then multiplying by     to get a percentage 
Business,Marketing,hard,What metrics do you track to evaluate the performance of your social media campaigns?,i track engagement metrics  likes  shares  comments   reach  click through rates  ctr   and conversions  i also monitor follower growth and customer sentiment to gauge the effectiveness of the content  tools like google analytics  sprout social  and native social platform insights help me measure these metrics 
Business,Marketing,hard,What strategies do you use for effective lead generation?,i use a mix of content marketing  social media outreach  seo  and paid ads to attract potential leads  offering valuable content like ebooks  webinars  and case studies helps build trust and capture leads  i also use lead magnets and follow up email campaigns to nurture them through the sales funnel 
Business,Marketing,hard,What is the importance of data privacy in marketing?,data privacy is crucial in marketing to ensure that customer data is handled ethically and complies with laws and regulations  building trust and maintaining brand reputation 
Business,Marketing,hard,What is the importance of market positioning in branding?,market positioning helps define a brand s place in the market relative to competitors  influencing customer perception  buying decisions  and overall brand identity 
Business,Marketing,hard,What is the purpose of attribution modeling?,attribution modeling is used to determine which marketing channels or touchpoints contribute most to a conversion or sale  helping optimize marketing strategies and budgets 
Business,Marketing,hard,What is the purpose of customer segmentation in marketing?,customer segmentation allows businesses to tailor marketing messages and offerings to specific groups of customers based on shared characteristics  improving targeting and engagement 
Business,Marketing,hard,What is the role of Artificial Intelligence (AI) in marketing?,ai in marketing helps automate tasks  personalize content  predict customer behavior  and optimize campaigns based on data  making marketing efforts more efficient and effective 
Business,Marketing,hard,How do you approach seasonal marketing campaigns?,i start by analyzing past seasonal trends  identifying the target audience  and developing timely  relevant content  i also ensure promotions align with the season and monitor performance to adjust strategies in real time 
Business,Accounting,hard,Explain how off-balance sheet financing affects financial analysis.,off balance sheet financing conceals liabilities from financial statements  affecting solvency analysis and potentially misleading investors and creditors 
Business,Accounting,hard,Explain TDS. Where is TDS shown in the balance sheet?,tds  tax deducted at source  is a tax collected by the payer on specified payments  it appears under  current liabilities  until deposited with the government or as a  current asset  if refundable 
Business,Accounting,hard,Explain Revenue Recognition and the Matching Principle.,revenue recognition states that revenue should be recorded when earned  not when cash is received  the matching principle ensures expenses are recorded in the same period as related revenues 
Business,Accounting,hard,How do you determine the fair market value of an asset?,i use valuation techniques such as market comparisons  discounted cash flows  and cost approaches based on asset type 
Business,Accounting,hard,How do you determine the optimal capital structure for a business?,i evaluate debt to equity ratios  cost of capital  risk tolerance  and financial flexibility to balance debt and equity financing 
Business,Accounting,hard,How do you determine whether goodwill should be impaired?,i perform impairment tests by comparing the carrying amount of goodwill to its fair value and recognizing impairment losses when necessary 
Business,Accounting,hard,"Have you used any accounting applications before, or do you prefer working manually?",i have experience using multiple accounting applications such as quickbooks  sap  and tally  but i also understand manual bookkeeping for small businesses 
Business,Accounting,hard,How can a company improve its working capital flow?,a company can improve working capital by optimizing inventory  accelerating receivables  and negotiating better payment terms with suppliers 
Business,Accounting,hard,How do businesses account for environmental liabilities in financial statements?,environmental liabilities are recognized as provisions when the obligation is probable and can be reasonably estimated  often reported under contingent liabilities 
Business,Accounting,hard,How do businesses apply the concept of capital budgeting in financial planning?,capital budgeting involves evaluating investment projects using npv  irr  and payback period to determine financial feasibility and return on investment 
Business,Accounting,hard,How do changes in accounting estimates impact financial statements?,changes in accounting estimates affect financial statements prospectively  requiring disclosure but not restatement of prior periods 
Business,Accounting,hard,How do changes in interest rates impact financial reporting?,changes in interest rates affect loan valuations  pension obligations  and the fair value of financial instruments  requiring adjustments in financial statements 
Business,Accounting,hard,How do companies account for foreign currency transactions under IFRS?,transactions are initially recorded at the exchange rate on the transaction date and adjusted for gains or losses upon settlement 
Business,Accounting,hard,How do companies account for government grants in financial statements?,government grants are recorded as deferred income and recognized in the income statement over the period in which the related expenses are incurred 
Business,Accounting,hard,How do companies account for research and development (R&D) costs?,r d costs are expensed as incurred unless they meet specific capitalization criteria under ifrs or gaap for development phase expenses 
Business,Accounting,hard,How do companies determine impairment losses on financial assets?,impairment is determined using expected credit loss  ecl  models under ifrs   or discounted cash flow analysis for non financial assets 
Business,Accounting,hard,How do companies determine the discount rate for present value calculations?,companies consider factors like risk  cost of capital  market conditions  and investment alternatives to determine an appropriate discount rate 
Business,Accounting,hard,How do companies determine the fair value of financial instruments?,fair value is determined using market prices  discounted cash flows  or valuation models depending on the nature of the instrument 
Business,Accounting,hard,How do companies recognize revenue for long-term service contracts?,revenue is recognized based on percentage of completion or over time when performance obligations are satisfied under ifrs    or asc     
Business,Accounting,hard,How do companies use transfer pricing in multinational operations?,transfer pricing involves setting prices for transactions between subsidiaries in different countries to allocate income efficiently while complying with tax regulations 
Business,Accounting,hard,How do currency exchange rate fluctuations impact financial statements?,exchange rate fluctuations affect revenues  expenses  and asset valuations in foreign operations  requiring adjustments for translation and transaction gains or losses 
Business,Accounting,hard,How do hedge accounting and derivative financial instruments impact financial statements?,hedge accounting reduces earnings volatility by aligning derivative gains/losses with hedged item changes  affecting balance sheet and income statement reporting 
Business,Accounting,hard,Deferred taxation falls under which equity category?,deferred taxation is classified under  non current liabilities  rather than equity  as it represents future tax obligations 
Business,Accounting,hard,Define partitioning in accounting.,partitioning in accounting refers to dividing financial data into different categories or accounts to track transactions efficiently 
Business,Accounting,hard,Describe a time when you had to explain a complex accounting subject to someone without an accounting background.,i simplified a financial report for a non finance manager by using visual aids and avoiding technical jargon 
Business,Accounting,hard,Describe a time when you had to use numerical data in a graph to convince a manager.,i created a financial performance graph highlighting cost overruns  which helped management make informed budgeting decisions 
Business,Accounting,hard,Describe an accounting process that you’ve developed or sought to improve.,i implemented an automated invoicing system that reduced manual errors and improved cash flow tracking 
Business,Accounting,hard,Do you know about service tax or excise duty?,yes  service tax is levied on service providers for specific services  whereas excise duty is a tax on manufactured goods within a country 
Business,Accounting,hard,Does your company have three bank accounts for processing payments? What is the minimum ledger accounts required?,the number of ledger accounts depends on company structure  but generally  separate ledgers for accounts payable  receivable  payroll  and tax payments are needed 
Business,Accounting,hard,Elucidate on Accruals.,accruals refer to revenues earned or expenses incurred but not yet recorded  ensuring financial statements reflect all financial activities of a period 
Business,Marketing,hard,What is the role of artificial intelligence (AI) in customer service?,ai helps improve customer service by automating responses  personalizing interactions  predicting customer needs  and providing real time support through chatbots and virtual assistants 
Business,Marketing,hard,What is the role of artificial intelligence in marketing?,artificial intelligence in marketing helps automate processes  personalize customer experiences  analyze data  predict trends  and optimize campaigns 
Business,Marketing,hard,What is the role of customer feedback in marketing?,customer feedback provides insights into customer satisfaction  preferences  and pain points  helping businesses adjust their products  services  and marketing efforts to better meet customer needs 
Business,Marketing,hard,What is the role of data analytics in marketing?,data analytics in marketing involves analyzing customer data and campaign performance to make data driven decisions  optimize strategies  and improve roi 
Business,Marketing,hard,What is programmatic advertising?,programmatic advertising uses automation to buy digital ads and target them to specific audiences  optimizing in real time based on data and algorithms 
Business,Marketing,hard,What is programmatic buying?,programmatic buying refers to the use of automated technology to purchase digital advertising space  allowing for more efficient and targeted ad placements 
Business,Marketing,hard,What is the customer decision journey?,the customer decision journey describes the process customers go through when making a purchase decision  including stages such as awareness  consideration  and decision making 
Business,Marketing,hard,What is the customer lifetime value (CLV) metric?,customer lifetime value  clv  represents the total revenue a business expects to earn from a customer over their entire relationship  which helps guide customer retention strategies 
Business,Marketing,hard,What is the difference between B2B and B2C marketing?,b b  business to business  marketing targets other businesses  while b c  business to consumer  marketing targets individual consumers 
Business,Marketing,hard,What is the difference between B2B and B2C marketing?,b b marketing targets businesses as customers  focusing on relationship building and long sales cycles  while b c marketing targets individual consumers with emotional appeals and shorter sales cycles 
Business,Marketing,hard,What is the difference between a brand and a product?,a brand is the identity and perception of a company or product in the market  while a product is the physical or tangible good or service sold to customers 
Business,Marketing,hard,What is the difference between a product launch and a product rebranding?,a product launch introduces a new product to the market  while a product rebranding involves changing the product s image  messaging  or positioning to attract a different audience or rejuvenate interest 
Business,Marketing,hard,What is brand positioning?,brand positioning refers to the way a brand is perceived in the marketplace relative to its competitors 
Business,Marketing,hard,"What is content strategy, and how do you develop one?",a content strategy defines how content will be created  published  and measured to align with business goals  it includes target audience research  content types  and a distribution plan 
Business,Marketing,hard,What is content syndication?,content syndication involves distributing content to third party platforms or websites to expand its reach and drive more traffic back to the original source 
Business,Marketing,hard,What is conversion rate optimization (CRO)?,the process of increasing the percentage of users who take a desired action on a website 
Business,Marketing,hard,What is customer acquisition cost (CAC)?,customer acquisition cost  cac  is the total cost a company incurs to acquire a new customer  including marketing and sales expenses 
Business,Marketing,hard,What is customer advocacy?,customer advocacy refers to the promotion of a brand or product by satisfied customers  often through word of mouth  testimonials  or online reviews 
Business,Marketing,hard,What is customer churn?,customer churn is the rate at which customers stop doing business with a company  often used as a key metric to assess customer retention and satisfaction 
Business,Marketing,hard,What is customer lifetime value (CLV)?,customer lifetime value  clv  is the predicted total revenue a business can earn from a customer over the duration of their relationship 
Business,Marketing,hard,What is customer lifetime value (CLV)?,customer lifetime value is the total revenue a business can expect from a customer throughout their relationship with the company 
Business,Marketing,hard,What is customer relationship management (CRM)?,crm is a strategy for managing a company s interactions with current and potential customers  often through the use of software to streamline communication and improve customer service 
Business,Marketing,hard,What is customer segmentation in digital marketing?,customer segmentation in digital marketing divides a market into distinct groups based on demographics  behaviors  or interests to tailor personalized campaigns 
Business,Marketing,hard,What is data-driven marketing?,data driven marketing involves using customer data and analytics to guide marketing decisions  personalize customer interactions  and improve campaign performance 
Business,Marketing,hard,What is data-driven marketing?,data driven marketing involves using customer data  analytics  and insights to make informed decisions  personalize content  and optimize marketing efforts 
Business,Marketing,hard,What is data-driven marketing?,data driven marketing uses customer data and analytics to inform decisions  optimize campaigns  and personalize messaging to increase customer engagement and roi 
Business,Marketing,hard,What is experiential marketing?,experiential marketing involves creating memorable and interactive experiences for customers to engage with the brand on a deeper level 
Business,Marketing,hard,"What is influencer marketing, and how do you choose the right influencers?",influencer marketing involves collaborating with influential figures to promote products  the right influencer should align with your brand values  have an engaged audience  and fit the campaign goals 
Business,Marketing,hard,What is a marketing dashboard and how is it used?,a marketing dashboard is a tool that visualizes key performance indicators  kpis  and metrics  allowing marketers to monitor the success of campaigns and strategies 
Business,Marketing,hard,What is a marketing funnel and how does it work?,a marketing funnel represents the customer journey from awareness to decision making  guiding them toward making a purchase 
Business,Marketing,hard,What is a multichannel marketing strategy?,a multichannel marketing strategy uses multiple marketing channels to reach customers  but the channels operate independently without an integrated strategy 
Business,Marketing,hard,What is predictive marketing?,predictive marketing uses data and analytics to forecast customer behavior and make proactive marketing decisions aimed at increasing conversions and engagement 
Business,Accounting,hard,How do you determine the appropriate discount rate for valuing future cash flows?,i consider the company s cost of capital  market risk premiums  inflation expectations  and industry specific risks 
Business,Marketing,hard,What is predictive analytics in marketing?,predictive analytics uses historical data and machine learning to forecast future trends and customer behaviors  helping marketers make data driven decisions 
Business,Marketing,hard,What is predictive analytics in marketing?,predictive analytics uses data  statistical algorithms  and machine learning to forecast future customer behaviors  enabling businesses to make data driven marketing decisions 
Business,Marketing,hard,What is the role of data visualization in marketing?,data visualization helps marketers present complex data in easy to understand charts or graphs  aiding in decision making and strategy development 
Business,Marketing,hard,What is the role of personalization in marketing?,personalization involves tailoring marketing messages and experiences to individual customers based on their preferences  behavior  or demographics  improving engagement and conversions 
Business,Marketing,hard,What is the significance of customer journey mapping in marketing?,customer journey mapping helps visualize the steps customers take from awareness to purchase  allowing businesses to optimize the experience and improve conversions 
Business,Marketing,hard,What is the significance of customer lifetime value (CLV) in marketing?,clv helps businesses understand the total worth of a customer over the entire relationship  enabling better resource allocation  marketing budget optimization  and customer retention strategies 
Business,Marketing,hard,What is the significance of customer segmentation?,customer segmentation enables businesses to target specific groups with tailored messaging  increasing the effectiveness of marketing strategies 
Business,Marketing,hard,What is the significance of product positioning?,product positioning is crucial because it helps businesses define how a product is perceived in the marketplace relative to competitors  which influences customer decisions and brand loyalty 
Business,Marketing,hard,What is the significance of segmentation in marketing?,segmentation allows marketers to tailor their strategies to specific groups within a target audience  increasing relevance and improving roi 
Business,Marketing,hard,What is the difference between a push and pull marketing strategy?,a push marketing strategy pushes products to customers through promotions and sales tactics  while a pull marketing strategy attracts customers by creating demand through content and brand awareness 
Business,Marketing,hard,What is the difference between brand equity and brand loyalty?,brand equity is the value and perception of a brand in the market  while brand loyalty refers to customers consistently choosing a particular brand over others 
Business,Marketing,hard,What is the difference between conversion rate optimization (CRO) and A/B testing?,cro focuses on improving the overall conversion rate by optimizing various elements on a website or landing page  while a/b testing compares two versions of a specific element to determine which one performs better 
Business,Marketing,hard,What is the difference between direct and indirect marketing?,direct marketing involves directly reaching out to customers through channels like email  phone calls  or direct mail  while indirect marketing uses channels like content  social media  and pr 
Business,Marketing,hard,What is the difference between direct marketing and relationship marketing?,direct marketing involves sending personalized messages to individuals to drive immediate action  while relationship marketing focuses on building long term customer relationships 
Business,Marketing,hard,What is the difference between lead generation and lead nurturing?,lead generation is the process of attracting and capturing potential customers  while lead nurturing involves building relationships with those leads to guide them through the sales funnel 
Business,Marketing,hard,What is the difference between marketing automation and CRM?,marketing automation focuses on automating marketing tasks and campaigns  while crm  customer relationship management  is a system for managing customer relationships and sales activities 
Business,Marketing,hard,What is the difference between organic and paid social media marketing?,organic social media marketing relies on free methods  such as posts and engagement  to reach an audience  while paid social media marketing involves using paid ads to promote content 
Business,Finance,hard,How do changes in the interest rate environment affect corporate investment decisions?,higher rates increase borrowing costs  reducing investment attractiveness 
Business,Marketing,hard,What is the difference between push and pull marketing?,push marketing involves actively promoting a product to potential customers  e g   through ads   while pull marketing aims to attract customers by creating demand through valuable content and brand reputation 
Business,Marketing,hard,What is the difference between qualitative and quantitative content analysis?,qualitative content analysis focuses on interpreting textual content  identifying themes and meanings  while quantitative content analysis involves counting and analyzing patterns in the content 
Business,Marketing,hard,What is the importance of A/B testing in marketing?,a/b testing allows marketers to compare two versions of a campaign  such as a landing page or email  to determine which performs better and optimize future efforts 
Business,Marketing,hard,What is the importance of brand consistency?,brand consistency ensures that all marketing materials and customer touchpoints reflect the same brand identity  tone  and message  fostering trust and recognition 
Business,Marketing,hard,What is the importance of brand positioning?,brand positioning defines how a brand is perceived in the marketplace relative to its competitors  and it helps differentiate a product or service to target customers effectively 
Business,Marketing,hard,What is the importance of branding in marketing?,branding creates an emotional connection with customers  builds trust  differentiates a company from competitors  and can command higher prices for products or services 
Business,Marketing,hard,What is the importance of customer lifetime value (CLV) in marketing?,clv helps businesses measure the total revenue a customer will generate over their lifetime  aiding in marketing spend and retention strategies 
Business,Marketing,hard,What is marketing attribution?,marketing attribution is the process of determining which marketing channels or touchpoints contributed to a customer s decision to make a purchase  helping optimize marketing strategies 
Business,Marketing,hard,What is marketing automation?,marketing automation involves using software to automate repetitive marketing tasks  such as email campaigns  social media posting  and lead nurturing  to improve efficiency and personalization 
Business,Marketing,hard,What is multichannel marketing?,multichannel marketing involves using multiple platforms to reach customers  ensuring a consistent brand experience across all touchpoints 
Business,Marketing,hard,What is neuromarketing?,neuromarketing is the study of how the brain responds to marketing stimuli  using techniques like eeg or fmri to understand consumer behavior 
Business,Marketing,hard,What is predictive analytics in marketing?,predictive analytics uses historical data and machine learning to forecast future customer behavior  allowing businesses to proactively optimize their marketing efforts 
Business,Accounting,hard,How do you calculate the financial impact of issuing new equity shares?,i assess dilution impact  measure effects on earnings per share  eps   and analyze changes in shareholder equity and capital structure 
Business,Accounting,hard,How do you assess whether an acquisition is financially viable for a company?,i analyze valuation multiples  projected cash flows  potential synergies  and the impact on financial statements and debt levels 
Business,Accounting,hard,How do you assess whether a company has excessive inventory?,i analyze inventory turnover ratios  compare inventory levels with industry benchmarks  and evaluate cash flow impact and storage costs 
Business,Accounting,hard,What are the risks associated with over-reliance on non-operating income?,it can create earnings volatility  mislead stakeholders  and indicate a lack of sustainable revenue sources from core operations 
Business,Accounting,hard,What are the three factors that can affect cash flow and business profitability?,key factors include revenue generation  expense control  and investment decisions affecting liquidity and profitability 
Business,Accounting,hard,What challenges arise in recognizing revenue from multiple-element contracts?,challenges include identifying performance obligations  allocating transaction prices  and determining when control transfers to customers 
Business,Accounting,hard,What challenges do businesses face in revenue recognition compliance?,challenges include contract complexities  variable consideration  timing of revenue recognition  and compliance with ifrs    or asc     
Business,Accounting,hard,What challenges do companies face in revenue recognition under IFRS 15?,challenges include contract complexity  variable consideration  multiple performance obligations  and timing of revenue recognition 
Business,Accounting,hard,What considerations do you take into account when analyzing a company’s pension obligations?,i evaluate funding levels  actuarial assumptions  discount rates  and projected benefit obligations in relation to company cash flow 
Business,Accounting,hard,What factors influence a company’s capital structure decisions?,factors include risk tolerance  cost of capital  profitability  economic conditions  and regulatory requirements 
Business,Accounting,hard,What factors influence a company’s choice of inventory valuation method?,factors include tax implications  financial reporting objectives  inflation  industry norms  and inventory turnover rates 
Business,Accounting,hard,What factors influence the decision to capitalize versus expense a business purchase?,i consider the asset s useful life  materiality  matching principle  and whether the expenditure provides future economic benefits 
Business,Accounting,hard,What factors should be considered when analyzing goodwill impairment?,factors include changes in market conditions  declining cash flows  increased competition  and regulatory changes that affect business valuation 
Business,Accounting,hard,What financial metrics would you use to evaluate a company’s performance over time?,key metrics include revenue growth  gross margin  ebitda  return on assets  roa   and debt to equity ratio 
Business,Accounting,hard,What happens to the Inventory if the Income Statement Goes up by $10?,if the increase is due to sales  the inventory decreases as goods are sold  the cost of goods sold will be reflected in the income statement  impacting net income 
Business,Accounting,hard,What is Creative Accounting?,creative accounting involves legally manipulating financial records to enhance financial appearance  often misleading stakeholders about a company s true financial position 
Business,Accounting,hard,What is Deferred Revenue Expenditure? Give some examples.,deferred revenue expenditure is a large expense that benefits multiple periods  such as advertisement expenses  research costs  and preliminary business expenses 
Business,Accounting,hard,What is Depreciation? What are the different types of depreciation & its journal entry?,depreciation is the systematic allocation of an asset s cost over its useful life  types include straight line  declining balance  and units of production    journal entry    depreciation expense a/c dr    to accumulated depreciation a/c    being depreciation recorded for the period 
Business,Accounting,hard,What is Double-Entry Bookkeeping? What are the rules associated with it?,double entry bookkeeping records every transaction in two accounts  a debit and a credit  the rule is  debit what comes in  credit what goes out  debit expenses/losses  credit income/gains 
Business,Accounting,hard,What are the challenges of implementing accounting automation in an organization?,challenges include integration with existing systems  data migration issues  staff training  and ensuring regulatory compliance in automated reporting 
Business,Accounting,hard,What are the effects of International Accounting Standards on accounting practices in developing nations?,international accounting standards improve transparency and comparability but may require regulatory adjustments and training for adoption in developing nations 
Business,Accounting,hard,What are the financial implications of a company writing off a significant asset?,writing off an asset reduces net income  impacts balance sheet equity  and may require disclosure in financial reports 
Business,Accounting,hard,What are the financial reporting implications of lease modifications under IFRS 16?,lease modifications require reassessment of lease liabilities and right of use assets  with changes recorded in financial statements as adjustments to lease terms or costs 
Business,Accounting,hard,What are the financial risks associated with incorrect revenue recognition?,incorrect revenue recognition can lead to regulatory fines  misstated earnings  loss of investor confidence  and potential legal actions 
Business,Accounting,hard,What are the four phases of Accounting?,the four phases are data recording  classifying  summarizing  and interpreting financial information 
Business,Accounting,hard,What are the implications of a negative cash conversion cycle?,a negative cash conversion cycle means a company collects payments faster than it pays suppliers  improving liquidity and operational efficiency 
Business,Accounting,hard,What are the key considerations in accounting for intangible assets under IFRS?,intangible assets must be identifiable  controlled  and expected to generate future benefits  recognition criteria and amortization depend on whether they have a finite or indefinite life 
Business,Accounting,hard,What are the key considerations in accounting for stock-based compensation?,stock based compensation requires fair value measurement at grant date  expense recognition over vesting periods  and compliance with ifrs   or asc     
Business,Accounting,hard,What are the key differences between financial modeling and financial forecasting?,financial modeling involves scenario analysis and valuation  while financial forecasting focuses on predicting future financial performance using historical data 
Business,Accounting,hard,What are the key elements of an effective internal control system in accounting?,key elements include segregation of duties  approval processes  audit trails  reconciliations  and compliance monitoring 
Business,Accounting,hard,What is the main difference between accumulated depreciation and depreciation expense?,depreciation expense refers to the amount allocated for a period  while accumulated depreciation is the total depreciation recorded over an asset s life 
Business,Accounting,hard,What are the key factors considered in a business valuation?,factors include cash flow projections  market conditions  industry trends  asset valuation  and financial ratios 
Business,Accounting,hard,What is the impact of debt restructuring on financial reporting?,debt restructuring affects liabilities  interest expenses  and financial ratios  requiring disclosure and potential impairment testing 
Business,Accounting,hard,What is the financial impact of buying a fixed asset?,buying a fixed asset increases capital expenditure  reduces cash flow  and is recorded as an asset  with depreciation impacting future income statements 
Business,Accounting,hard,Cash collected from the customer is not recorded as revenue. What happens to it?,if cash is collected before revenue recognition  it is recorded as deferred revenue  a liability  until the revenue is earned 
Business,Accounting,hard,Have you ever worked on MIS reports? What are they?,yes  mis  management information system  reports provide financial and operational data for management decision making and business performance analysis 
Business,Accounting,hard,What is the possible way for a company to show positive cash flows and still be in trouble?,a company may have positive cash flows from financing activities while suffering operational losses  leading to long term financial instability 
Business,Accounting,hard,What is the role of an auditor in detecting financial fraud?,auditors assess internal controls  review financial records  and perform risk assessments to detect material misstatements and potential fraud 
Business,Accounting,hard,What is your approach to reconciling intercompany transactions?,i align intercompany accounts  ensure proper eliminations  verify supporting documentation  and reconcile balances across entities 
Business,Accounting,hard,What methods do you use to ensure accurate inventory valuation in financial reports?,i use fifo  lifo  or weighted average methods  conduct physical inventory counts  and reconcile stock records with financial statements 
Business,Accounting,hard,What methods do you use to evaluate the financial stability of a supplier before entering a contract?,i review their financial statements  check credit ratings  analyze working capital  and assess debt obligations to ensure financial stability 
Business,Accounting,hard,What role does impairment testing play in asset valuation?,impairment testing ensures assets are not overvalued by comparing carrying values to recoverable amounts  adjusting for declines in value 
Business,Accounting,hard,What role does risk assessment play in financial reporting?,risk assessment identifies financial uncertainties  ensures contingency planning  and helps mitigate potential losses through strategic decision making 
Business,Accounting,hard,What strategies do you use to manage and reduce outstanding accounts receivable?,i implement credit control policies  send timely reminders  offer early payment incentives  and negotiate payment plans with delinquent accounts 
Business,Accounting,hard,What strategies do you use to optimize cash flow management in a company?,i monitor cash flow statements  negotiate payment terms  manage receivables efficiently  and forecast future cash needs 
Business,Accounting,hard,Where do accruals generally appear on the balance sheet?,accruals appear under current liabilities as  accrued expenses  or under current assets as  accrued revenues  depending on their nature 
Business,Accounting,hard,Where should TDS be shown in the balance sheet?,tds deducted by the company is recorded under  current liabilities  until it is deposited with the government  whereas tds receivable  if applicable  is shown under  current assets  
Business,Accounting,hard,Why is Closing Stock not recorded in the Trial Balance?,closing stock is not recorded in the trial balance because it is derived from physical inventory counts and needs adjustment in final accounts 
Business,Accounting,hard,Why is it easier for someone to commit fraud using a journal entry rather than with a ledger?,journal entries provide flexibility to manipulate accounts without direct transaction evidence  whereas ledgers require reconciliations that increase transparency 
Business,Accounting,hard,What is a compound journal entry?,a compound journal entry is a single accounting entry that affects multiple accounts  commonly used for payroll  depreciation  or complex transactions 
Business,Accounting,hard,What is accounting normalization?,accounting normalization adjusts financial statements by eliminating anomalies  such as non recurring expenses  to show a company s true financial position 
Business,Accounting,hard,What is an over accrual?,an over accrual occurs when an expense is accrued at a higher amount than the actual liability  requiring a reversal or adjustment in the next period 
Business,Accounting,hard,What is deferred tax liability?,deferred tax liability arises when a company s taxable income is lower than its financial statement income due to temporary differences  leading to future tax obligations 
Business,Accounting,hard,"What is hedge accounting, and how does it impact financial statements?",hedge accounting aligns the recognition of hedging instruments and hedged items  reducing volatility in financial statements due to market fluctuations 
Business,Accounting,hard,What is project implementation in accounting?,project implementation in accounting involves budgeting  financial planning  resource allocation  and monitoring financial performance for a specific project 
Business,Accounting,hard,What is the biggest challenge that you face in the accounting profession today?,the biggest challenge is keeping up with constantly changing accounting regulations and ensuring compliance with international standards like ifrs and gaap 
Business,Accounting,hard,What is the connection between financial accounting and managerial accounting?,financial accounting reports external financial performance  while managerial accounting focuses on internal decision making and cost analysis 
Business,Accounting,hard,What is the difference between Accrual Accounting and Cash Accounting?,accrual accounting records revenues and expenses when incurred  while cash accounting records transactions only when cash is received or paid 
Business,Accounting,hard,What is the difference between SAP Memory and ABAP Memory?,sap memory is a global user related memory that all main sessions can access  whereas abap memory is a local memory specific to an internal session and accessible through programs running within the same session 
Business,Accounting,hard,What is the difference between book value and market value?,book value is the value of an asset on the balance sheet  while market value represents its current price in the open market 
Business,Accounting,hard,What is the equation for the Acid-Test Ratio in accounting?,acid test ratio    current assets   inventory    current liabilities  measuring a company s short term liquidity 
Business,Accounting,hard,What is the impact of corporate tax changes on financial statements?,changes in corporate tax rates affect net income  deferred tax assets and liabilities  and cash flows  requiring adjustments in tax provisions 
Business,Marketing,hard,What is a positioning statement?,a positioning statement is a short  clear statement that defines how a brand wants to be perceived in the market relative to competitors and the target audience 
Business,Accounting,hard,What are the key financial ratios used in credit risk analysis?,important ratios include the debt to equity ratio  interest coverage ratio  current ratio  and quick ratio  which assess a company s ability to meet its obligations 
Business,Accounting,hard,What are the main differences between financial accounting and fund accounting?,financial accounting focuses on profit oriented entities  while fund accounting is used by non profits and governments to track restricted and unrestricted funds separately 
Business,Accounting,hard,How would you adjust financial statements for a discontinued operation?,i separate the operation s revenue  expenses  and cash flows from continuing operations and disclose the impact in the financial footnotes 
Business,Accounting,hard,How would you handle a situation where financial records do not match the bank statement?,i would perform a detailed bank reconciliation  identify missing or incorrect entries  and make the necessary adjustments to ensure accuracy 
Business,Accounting,hard,How do you differentiate between a financial lease and an operating lease in accounting?,a financial lease transfers ownership risks and benefits  while an operating lease is treated as a rental expense without asset ownership implications 
Business,Accounting,hard,How do you ensure internal controls are effective in preventing financial misstatements?,i implement segregation of duties  conduct regular audits  enforce approval workflows  and use compliance monitoring systems 
Business,Accounting,hard,How do you handle accounting for a company that operates in multiple currencies?,multi currency accounting requires using exchange rate tables  applying currency adjustments  and consolidating financial statements per ifrs or gaap standards 
Business,Accounting,hard,How do you handle deferred revenue and ensure it is recognized correctly?,i track deferred revenue separately  recognize revenue based on service delivery or contract terms  and comply with revenue recognition standards like asc     or ifrs    
Business,Accounting,hard,How do you handle discrepancies in financial records?,i investigate the root cause by reviewing transactions  communicate findings with stakeholders  and implement corrective actions to prevent recurrence 
Business,Accounting,hard,How does IFRS 9 affect financial instrument accounting?,ifrs   replaces ias     requiring expected credit loss  ecl  models for impairment and new hedge accounting rules 
Business,Accounting,hard,How does a company hedge against foreign exchange risk?,companies use forward contracts  currency swaps  and natural hedging strategies to minimize foreign exchange fluctuations 
Business,Accounting,hard,How does a company's credit policy impact its accounts receivable turnover ratio?,a lenient credit policy may increase accounts receivable turnover  while strict policies can reduce sales but improve cash flow efficiency 
Business,Accounting,hard,How does an inventory write-down affect the three financial statements?,on the income statement  an inventory write down increases expenses  reducing net income  on the balance sheet  it decreases inventory value and equity  on the cash flow statement  it is added back to operating cash flows 
Business,Accounting,hard,How does capitalizing rather than expensing a purchase affect financial statements?,capitalizing increases assets on the balance sheet and spreads the expense over time as depreciation  whereas expensing reduces net income immediately 
Business,Accounting,hard,How does changes in interest rates impact financial reporting?,changes in interest rates affect loan repayments  borrowing costs  asset valuations  and discount rates used in financial reporting for fair value calculations 
Business,Accounting,hard,How does currency translation impact multinational financial reporting?,currency translation affects financial statements through foreign exchange adjustments  requiring compliance with ifrs or gaap translation methods 
Business,Accounting,hard,How does fair value accounting impact financial statement analysis?,fair value accounting can introduce volatility to financial statements by requiring assets and liabilities to be recorded at market value rather than historical cost 
Business,Accounting,hard,How does fair value measurement impact financial reporting under IFRS?,fair value measurement ensures assets and liabilities reflect market conditions  potentially leading to volatility in reported financials due to revaluation gains or losses 
Business,Accounting,hard,How does goodwill impairment affect financial statements?,goodwill impairment reduces net income and equity  as the write down is recorded as an expense  impacting earnings per share and financial ratios 
Business,Accounting,hard,How does goodwill impairment testing differ from asset depreciation?,goodwill impairment is tested annually for a decrease in recoverable value  whereas depreciation systematically allocates asset costs over time 
Business,Accounting,hard,How do mergers and acquisitions affect financial statements?,m a transactions impact goodwill  asset revaluations  liabilities  and require consolidation of financials per acquisition accounting rules 
Business,Accounting,hard,How do mergers and acquisitions impact financial statements?,m a affects goodwill  asset revaluations  debt structures  and consolidation accounting  impacting earnings and financial ratios 
Business,Accounting,hard,How do non-recurring items impact financial statement analysis?,non recurring items  such as asset sales or litigation settlements  distort earnings trends and require adjustments for accurate performance evaluation 
Business,Accounting,hard,How do pension liabilities affect a company’s balance sheet?,pension liabilities represent future employee benefits  recorded as obligations that can impact solvency and cash flow planning 
Business,Accounting,hard,How do you adjust entries into an account?,adjusting entries are recorded to ensure revenue recognition and expense matching  including accruals  deferrals  and depreciation adjustments 
Business,Accounting,hard,How do you assess a company’s ability to service its debt?,i analyze the debt service coverage ratio  cash flow from operations  interest coverage ratio  and overall liquidity metrics 
Business,Accounting,hard,How do you assess the financial impact of a company expanding into a new market?,i conduct financial modeling  analyze market risks  project revenue  and assess the cost structure before advising on expansion feasibility 
Business,Accounting,hard,How do you assess the financial impact of a company restructuring plan?,i evaluate cost cutting measures  one time expenses  potential savings  and the effect on profitability and shareholder equity 
Business,Accounting,hard,How do you assess the financial viability of a business acquisition?,financial viability is assessed through due diligence  analyzing financial statements  revenue trends  liabilities  debt structure  and projected cash flows 
Business,Accounting,hard,How would you account for foreign currency transactions in financial statements?,i record transactions at the exchange rate on the transaction date  adjust unrealized gains/losses  and comply with ifrs/gaap for foreign currency translation 
Business,Accounting,hard,What are the key steps in performing an internal financial audit?,steps include risk assessment  planning  sampling transactions  testing controls  verifying compliance  and reporting findings to management 
Business,Accounting,hard,How would you account for an investment in a joint venture under IFRS?,i use the equity method for significant influence investments  recognizing proportionate earnings and adjustments in financial statements 
Business,Accounting,hard,How does the present value concept apply in lease accounting?,lease obligations are discounted to present value using the lessee s incremental borrowing rate  ensuring proper liability recognition under ifrs    
Business,Accounting,hard,What are the most common errors in accounting?,common errors include omission errors  commission errors  transposition errors  duplication errors  and errors in principle 
Business,Accounting,hard,How would you handle accounting for a business that earns revenue through subscription models?,subscription revenue is recognized over time  with deferred revenue accounts used for unearned income and periodic adjustments for revenue recognition 
Business,Accounting,hard,How would you handle an instance of financial fraud detected within an organization?,i would document the findings  report to management and internal auditors  conduct a forensic review  and implement stronger internal controls to prevent future fraud 
Business,Accounting,hard,How would you prepare financial statements for a company with multiple subsidiaries?,i consolidate financials  eliminate intercompany transactions  apply currency conversion where needed  and ensure compliance with accounting standards 
Business,Accounting,hard,"If a company decides to change its depreciation method, what impact does it have on financial reporting?",changing the depreciation method affects net income  asset values  and tax calculations  requiring disclosure in financial statements for transparency 
Business,Accounting,hard,"If a company’s revenue is increasing but profits are declining, what could be the reasons?",potential reasons include rising operational costs  high interest expenses  increased cost of goods sold  or inefficient resource allocation 
Business,Accounting,hard,"If you are given financial statements of three competitors, what two key parameters will you use to determine the best financial shape?",key parameters include profitability ratios  such as net profit margin  and liquidity ratios  such as current ratio  
Business,Accounting,hard,"If you were made the CFO of this company, what changes would you recommend to the Board of Directors?",i would focus on improving financial transparency  optimizing cost control strategies  and enhancing investment opportunities for sustainable growth 
Business,Accounting,hard,List down important cost control techniques.,cost control techniques include budgetary control  standard costing  variance analysis  activity based costing  and cost benefit analysis 
Business,Accounting,hard,List errors that affect the trial balance and those that do not.,errors that affect the trial balance include mathematical mistakes and ledger entry errors  while compensating errors and omitted transactions do not affect it 
Business,Accounting,hard,List out the stages of the double-entry bookkeeping system.,stages include journalizing transactions  posting to the ledger  preparing trial balance  adjusting entries  preparing financial statements  and closing accounts 
Business,Accounting,hard,List some accrued expenses and the accounts used to record them.,examples include accrued salaries  recorded under  salaries payable    accrued interest  under  interest payable    and accrued taxes  under  taxes payable   
Business,Accounting,hard,Name the types of business transactions in accounting.,business transactions include cash transactions  credit transactions  capital transactions  and revenue transactions 
Business,Accounting,hard,Was there any deadline that you faced in completing the financial statements? How did you complete the work?,during the year end closing  i prioritized critical tasks  collaborated with auditors  and streamlined reconciliations to meet deadlines 
Business,Accounting,hard,What are MIS reports?,mis  management information system  reports provide financial and operational data to assist in management decision making and performance analysis 
Business,Accounting,hard,What are accounting standards? How many are there in India?,accounting standards are principles guiding financial reporting  india follows ind as  indian accounting standards   which align with ifrs  and there are    notified standards 
Business,Accounting,hard,What are the accounting implications of share-based payments?,share based payments require fair value measurement at grant date  expense recognition over vesting periods  and disclosure in financial reports 
Business,Accounting,hard,How does hedge accounting reduce financial statement volatility?,hedge accounting aligns the timing of derivative gains/losses with the hedged item  reducing earnings volatility and improving risk management disclosure 
Business,Accounting,hard,How does impairment of an asset differ from depreciation?,depreciation is the systematic allocation of an asset s cost over its useful life  whereas impairment is a sudden reduction in an asset s recoverable value due to external factors 
Business,Accounting,hard,How does impairment of intangible assets differ from amortization?,impairment is a one time write down when an asset s recoverable amount falls below its carrying value  while amortization spreads the asset s cost over its useful life 
Business,Accounting,hard,How does inflation impact financial reporting?,inflation affects financial statements by eroding the real value of assets and liabilities  leading to adjustments in purchasing power and financial ratios 
Business,Accounting,hard,How does inflation impact financial statement analysis?,inflation affects asset valuations  purchasing power  and financial ratios  requiring adjustments for comparability in financial reporting 
Business,Accounting,hard,How does lease accounting impact financial ratios?,capitalizing leases increases assets and liabilities  affecting debt ratios  while operating leases improve return on asset calculations 
Business,Accounting,hard,How does lease accounting under IFRS 16 impact financial statements?,ifrs    requires lessees to recognize lease liabilities and right of use assets  increasing reported debt and affecting financial ratios 
Business,Accounting,hard,How does the adoption of IFRS impact the financial statements of a company previously using GAAP?,adopting ifrs may lead to changes in revenue recognition  lease accounting  asset valuation  and increased disclosure requirements compared to gaap 
Business,Accounting,hard,How does the adoption of lease accounting under IFRS 16 impact financial reporting?,ifrs    requires lessees to recognize most leases as assets and liabilities  affecting balance sheets  ebitda  and financial ratios 
Business,Accounting,hard,How does the concept of substance over form apply in accounting?,it ensures transactions are recorded based on economic reality rather than legal form  providing more accurate financial statements 
Business,Accounting,hard,How is a consignor different from a consignee?,a consignor is the owner of goods sent for sale  while a consignee is the agent who receives and sells the goods on behalf of the consignor 
Business,Marketing,hard,What is a product bundling strategy?,product bundling is a marketing strategy where multiple products are packaged together and sold as a single unit  often at a discounted price 
Business,Marketing,hard,What is a product portfolio?,a product portfolio refers to the collection of all the products and services offered by a company  which can be managed and marketed strategically 
Business,Marketing,hard,What is a sales funnel?,a sales funnel represents the stages a customer goes through before making a purchase  from awareness and interest to decision and action 
Business,Human Resources,hard,"What challenges might arise when implementing a remote work policy, and how would you address them?",challenges include communication gaps  accountability issues  and security concerns  solutions involve clear guidelines  technology support  and performance tracking 
Business,Human Resources,hard,"What challenges might arise when implementing an employee recognition program, and how do you address them?",challenges include inconsistent application  lack of leadership buy in  and budget constraints  address them by ensuring fairness  training managers  and leveraging cost effective recognition strategies 
Business,Human Resources,hard,How would you handle a situation where an employee is suspected of misusing company resources?,i would conduct a confidential investigation  gather evidence  and follow company disciplinary procedures based on findings 
Business,Human Resources,hard,How would you handle a situation where an employee refuses to comply with updated HR policies?,i would explain the importance of compliance  offer additional training if needed  and take appropriate disciplinary action if necessary 
Business,Human Resources,hard,How would you handle a situation where an employee repeatedly questions HR’s authority in public settings?,i would address concerns privately  reinforce hr s role  and ensure mutual respect between hr and employees 
Business,Human Resources,hard,How would you handle a situation where an employee with a critical role submits their resignation without a notice period?,i would try to negotiate a transition plan  document key responsibilities  and ensure knowledge transfer as quickly as possible 
Business,Human Resources,hard,How would you handle a situation where employees feel company-wide decisions are made without transparency?,i would advocate for improved internal communication  encourage leadership transparency  and establish employee feedback forums 
Business,Human Resources,hard,How would you handle an employee requesting an unscheduled pay advance due to a personal emergency?,i would review company policies  explore alternative financial support options  and balance company interests with employee needs 
Business,Human Resources,hard,How would you handle an incident where an employee is caught violating workplace confidentiality?,i would assess the severity  follow company policies  and determine the appropriate disciplinary action while reinforcing confidentiality expectations 
Business,Human Resources,hard,How would you implement an HR analytics system to improve workforce planning?,i would use data driven insights to track hiring trends  predict turnover risks  and optimize talent management strategies 
Business,Human Resources,hard,How would you integrate AI and automation in HR processes?,using ai for resume screening  employee engagement analysis  chatbots for hr queries  and predictive analytics for workforce planning 
Business,Human Resources,hard,How would you manage HR challenges during a company downsizing?,i would ensure legal compliance  provide employee support programs  and communicate transparently with affected staff 
Business,Human Resources,hard,How would you manage a situation where a highly skilled employee is disengaged and unmotivated?,i would hold a private conversation  identify underlying concerns  and offer solutions such as new projects or career development options 
Business,Human Resources,hard,How would you manage conflicts between HR policies and evolving labor laws?,by staying informed on legal updates  consulting legal experts  and revising company policies accordingly 
Business,Human Resources,hard,How would you manage employee layoffs while maintaining workplace morale?,i would communicate changes transparently  provide outplacement support  and ensure remaining employees feel secure 
Business,Human Resources,hard,How would you respond if a key employee submits a resignation during a critical company project?,i would conduct an exit discussion  explore retention options  and develop a transition plan to minimize project disruptions 
Business,Human Resources,hard,How would you respond if an employee refuses to participate in mandatory HR training?,i would explain the training s importance  address concerns  and  if necessary  escalate compliance enforcement 
Business,Human Resources,hard,How would you respond if employees resist a new HR technology implementation?,by providing training  addressing concerns proactively  and demonstrating the system s benefits 
Business,Human Resources,hard,How should HR handle situations where employees express concerns about unethical behavior in the company?,by implementing anonymous reporting systems  ensuring confidentiality  and conducting thorough investigations into complaints 
Business,Human Resources,hard,How would you address a situation where an employee claims their pay is unfair compared to their colleagues?,i would review compensation structures  assess performance metrics  and ensure pay equity within company policies 
Business,Human Resources,hard,How would you address concerns about a lack of salary transparency in an organization?,by conducting a salary audit  presenting fair compensation benchmarks  and promoting open discussions on pay equity 
Business,Human Resources,hard,How would you approach a situation where an employee claims they were overlooked for a promotion due to discrimination?,i would conduct a fair and thorough investigation  review promotion criteria  and ensure company policies on equal opportunities are upheld 
Business,Human Resources,hard,How would you approach a situation where employees are hesitant to report workplace harassment due to fear of retaliation?,i would reinforce anti retaliation policies  provide confidential reporting channels  and build trust through proactive hr engagement 
Business,Human Resources,hard,How would you deal with an employee who consistently disregards workplace etiquette and professionalism?,i would provide feedback  set clear behavioral expectations  and implement corrective actions if necessary 
Business,Human Resources,hard,How would you design an HR strategy for a company undergoing a major restructuring?,i would assess workforce impact  develop clear communication plans  and implement retention and reskilling initiatives 
Business,Human Resources,hard,How would you handle a case where a high-performing employee consistently refuses to follow company policies?,i would address the behavior through coaching  reinforce the importance of policies  and take disciplinary action if needed 
Business,Human Resources,hard,How would you handle a scenario where multiple employees complain about an unfair workload distribution?,i would assess workload data  gather employee feedback  and work with management to redistribute tasks fairly 
Business,Human Resources,hard,"What challenges might arise when implementing a hybrid work model, and how do you address them?",challenges include maintaining collaboration  ensuring fairness in promotions  and addressing technology gaps  solutions involve clear remote work policies  regular check ins  and equitable access to career growth opportunities 
Business,Human Resources,hard,How would you handle a senior manager who bypasses HR policies for hiring their preferred candidates?,i would explain the importance of fair hiring  reinforce policies  and collaborate to ensure compliance without resistance 
Business,Human Resources,hard,What are the risks of failing to address toxic workplace behaviors?,increased turnover  reduced productivity  reputational damage  and potential legal consequences 
Business,Human Resources,hard,What are the biggest challenges of implementing a global HR strategy?,cultural differences  compliance with local labor laws  language barriers  and diverse employee expectations 
Business,Human Resources,hard,What strategies would you use to prevent toxic workplace behaviors from spreading within a team?,by promoting a strong workplace culture  addressing toxic behaviors early  and reinforcing company values through leadership accountability 
Business,Human Resources,hard,What corrective actions would you take if an HR initiative failed to meet its objectives?,i would analyze root causes  gather employee feedback  and adjust the strategy to better align with workforce needs 
Business,Human Resources,hard,What corrective actions would you take if you discover a long-standing HR policy is negatively affecting employee morale?,i would collect feedback  propose necessary adjustments  and collaborate with leadership to ensure a more employee friendly policy 
Business,Human Resources,hard,What is HR’s role in preventing workplace harassment?,hr implements policies  conducts training  establishes reporting channels  and ensures a zero tolerance approach to harassment 
Business,Human Resources,hard,"What is workforce planning, and how do you approach it?",analyzing company goals  assessing workforce trends  and forecasting future staffing needs 
Business,Human Resources,hard,What key HR metrics should be tracked to measure employee productivity?,key metrics include absenteeism rates  performance evaluations  employee engagement scores  and time to productivity for new hires 
Business,Human Resources,hard,What legal considerations should HR keep in mind when terminating an employee?,hr should ensure due process  document performance issues  comply with labor laws  and avoid wrongful termination risks 
Business,Human Resources,hard,What legal risks should HR consider when terminating an employee?,ensuring documentation  following due process  avoiding discrimination claims  and complying with labor laws 
Business,Human Resources,hard,What methods do you use to prevent burnout among employees?,offering flexible work schedules  encouraging wellness initiatives  and ensuring reasonable workloads 
Business,Human Resources,hard,What role does HR play in company restructuring or mergers?,hr manages workforce transitions  communicates changes  and ensures cultural alignment post merger 
Business,Human Resources,hard,What role does HR play in digital transformation within a company?,hr drives digital adoption  upskills employees  and integrates new technologies into workforce management 
Business,Human Resources,hard,What role does HR play in managing organizational change during mergers and acquisitions?,hr ensures cultural alignment  communicates effectively  manages talent retention  and integrates policies and benefits 
Business,Human Resources,hard,What role does HR play in supporting mental health in the workplace?,hr promotes mental health through wellness programs  employee assistance programs  eaps   and policies that support work life balance 
Business,Human Resources,hard,What steps do you take to implement diversity and inclusion in the workplace?,developing inclusive policies  diversity training programs  and unbiased hiring practices 
Business,Human Resources,hard,"What steps do you take to manage HR crises, such as workplace scandals or employee misconduct?",hr ensures legal compliance  investigates thoroughly  and communicates transparently while maintaining confidentiality 
Business,Human Resources,hard,What steps would you take if a department continuously fails to meet diversity hiring goals?,i would review recruitment practices  provide bias training  expand sourcing channels  and track hiring metrics to identify gaps 
Business,Human Resources,hard,What steps would you take if an anonymous complaint accuses a senior executive of misconduct?,i would conduct a thorough and impartial investigation  ensure confidentiality  and apply company policies fairly regardless of position 
Business,Human Resources,hard,How would you respond to an employee who refuses to work with a newly appointed supervisor?,i would discuss the concerns privately  facilitate mediation  and reinforce workplace professionalism and expectations 
Business,Human Resources,hard,"What HR challenges arise when scaling a company, and how do you address them?",challenges include maintaining culture  hiring rapidly  and compliance risks  solutions involve structured hiring processes and strategic workforce planning 
Business,Human Resources,hard,What HR initiatives can help prevent employee disengagement during company downsizing?,providing transparent communication  offering career transition support  and ensuring remaining employees feel valued and secure 
Business,Human Resources,hard,What HR metrics should companies track to measure diversity and inclusion success?,metrics include diverse hiring ratios  promotion rates across demographics  retention of diverse employees  and employee feedback on inclusivity 
Business,Human Resources,hard,What HR strategies can be used to support business growth?,workforce planning  optimizing hiring processes  leadership development  and aligning hr goals with business expansion 
Business,Human Resources,hard,What HR strategies can improve employee well-being in high-stress work environments?,providing wellness initiatives  flexible work arrangements  and access to mental health resources 
Business,Human Resources,hard,What actions would you take if a company's compensation structure is outdated compared to industry standards?,i would conduct a market analysis  present findings to leadership  and recommend competitive pay adjustments 
Business,Human Resources,hard,What are the best practices for integrating newly acquired employees into a company post-merger?,aligning company cultures  providing clear communication  offering integration training  and ensuring fair transition policies 
Business,Human Resources,hard,What are the biggest challenges in developing leadership succession plans?,identifying potential leaders early  balancing internal promotions with external hiring  and ensuring leadership development aligns with business goals 
Business,Human Resources,hard,"What are the biggest challenges in managing a remote workforce, and how do you address them?",challenges include communication gaps  performance tracking  and maintaining engagement  solutions involve regular check ins  digital collaboration tools  and clear remote work policies 
Business,Human Resources,hard,What are the key challenges in integrating HR technology across multiple business locations?,challenges include system compatibility  data security  user adoption  and compliance with regional regulations 
Business,Human Resources,hard,What strategies would you use to improve HR’s role as a strategic partner within the organization?,by aligning hr initiatives with business objectives  leveraging workforce analytics  and actively participating in executive decision making 
Business,Human Resources,hard,How would you handle a situation where a critical employee is poached by a competitor?,i would conduct a retention review  assess counteroffer feasibility  and strengthen succession planning strategies 
Business,Human Resources,hard,How would you handle a situation where a senior executive ignores HR’s recommendations?,i would present data driven insights  escalate concerns strategically  and seek leadership alignment on key hr decisions 
Business,Human Resources,hard,How do you ensure that company culture remains strong during periods of rapid growth?,by reinforcing core values  maintaining leadership alignment  and onboarding new employees with a cultural focus 
Business,Human Resources,hard,How do you ensure that performance appraisals are not biased?,by implementing structured evaluations  training managers on unbiased assessments  and using     degree feedback methods 
Business,Human Resources,hard,How do you handle a scenario where an employee claims their job responsibilities have increased without a corresponding salary adjustment?,i would review the job description  assess market compensation  and discuss options with leadership for fair pay adjustments 
Business,Human Resources,hard,How do you handle a situation where a top performer is disrupting team dynamics due to an aggressive work style?,i would address the behavior through coaching  reinforce teamwork expectations  and provide leadership training if necessary 
Business,Human Resources,hard,An employee has reported that their direct manager is not following HR policies. How would you handle this?,i would investigate the complaint  ensure confidentiality  and take corrective action if necessary while reinforcing hr policies with management 
Business,Human Resources,hard,"An employee has requested to work remotely indefinitely, citing personal reasons. How do you evaluate this request?",i would review company policies  assess job feasibility for remote work  and discuss potential compromises with the employee 
Business,Human Resources,hard,An employee is caught violating workplace ethics but is a top performer. How would you handle the situation?,i would ensure fairness by investigating the issue  applying company policies  and balancing performance with ethical standards 
Business,Human Resources,hard,An employee is consistently rude to coworkers but claims their behavior is unintentional. How do you address this?,i would discuss their behavior privately  provide behavioral coaching  and set clear expectations for workplace conduct 
Business,Human Resources,hard,An employee is excelling in their role but lacks leadership skills for a promotion. How do you address this?,i would provide leadership training  offer mentorship opportunities  and create a development plan tailored to their growth 
Business,Human Resources,hard,An employee is resistant to a change in company policies and is influencing others. How do you address this?,i would communicate the rationale behind the change  listen to concerns  and ensure leadership alignment in policy enforcement 
Business,Human Resources,hard,An employee is spreading misinformation about company policies. How do you handle it?,i would correct the misinformation privately  reinforce accurate policy details  and address any concerns openly 
Business,Human Resources,hard,An employee refuses to comply with company vaccination or health policy requirements. How do you handle this?,i would review legal implications  discuss alternatives with the employee  and ensure compliance with company policies while considering reasonable accommodations 
Business,Human Resources,hard,An employee reports being micromanaged and feels demotivated. How do you address this?,i would discuss expectations with both parties  coach the manager on leadership approaches  and monitor improvements 
Business,Human Resources,hard,An employee reports feeling undervalued despite good performance. How do you respond?,i would acknowledge their concern  discuss career progression  and explore recognition programs or incentives 
Business,Human Resources,hard,An employee reports that their manager is taking credit for their work. How do you handle this?,i would investigate the claim  facilitate a conversation  and ensure proper recognition is given to the employee 
Business,Human Resources,hard,An employee reports unethical behavior by a high-level executive. How do you proceed?,i would ensure confidentiality  conduct a thorough investigation  and enforce company policies without bias 
Business,Human Resources,hard,An employee’s productivity has significantly declined after a workplace incident. How do you address this?,i would have a confidential discussion  offer support resources  and explore potential accommodations if necessary 
Business,Human Resources,hard,An executive frequently bypasses HR in decision-making. How would you address this?,i would have a direct conversation to align hr s strategic role  reinforce policy adherence  and ensure collaboration with leadership 
Business,Human Resources,hard,How can HR contribute to corporate social responsibility initiatives?,by implementing ethical policies  encouraging volunteer work  and promoting sustainability efforts 
Business,Human Resources,hard,How do you approach a situation where a company-wide policy is viewed as outdated or ineffective?,i would collect employee feedback  analyze industry trends  and work with leadership to revise policies that align with current best practices 
Business,Human Resources,hard,A senior employee is resistant to adopting new technology required for their role. How do you handle this?,i would provide additional training  highlight the benefits  and offer transitional support to ensure smooth adoption 
Business,Human Resources,hard,An employee accuses HR of not handling harassment complaints seriously. How do you rebuild trust?,i would ensure transparency in processes  conduct an internal review of past cases  and reinforce hr s commitment to a safe workplace 
Business,Human Resources,hard,An employee accuses a manager of favoritism. How do you investigate?,by collecting objective evidence  interviewing affected parties  and ensuring fair application of policies 
Business,Human Resources,hard,An employee alleges that HR is not impartial in handling internal conflicts. How do you restore confidence in HR?,i would review recent cases  ensure transparency  reinforce hr s neutrality  and implement an anonymous feedback system 
Business,Human Resources,hard,An employee claims their promotion was unfairly denied. How would you investigate this complaint?,i would review the promotion process  compare performance data  interview stakeholders  and ensure transparency in decisions 
Business,Human Resources,hard,An employee claims their recent performance review was biased. How do you address their concerns?,i would review the evaluation process  gather feedback from multiple sources  and ensure the review was conducted fairly 
Business,Human Resources,hard,An employee complains that their performance evaluation was biased. How do you ensure fairness in performance reviews?,i would review evaluation criteria  compare feedback consistency  and provide additional manager training on unbiased assessments 
Business,Human Resources,hard,How do you ensure fairness when dealing with HR policy exceptions requested by senior leadership?,by documenting all requests  evaluating risks  and maintaining consistency in decision making while aligning with company policies 
Business,Human Resources,hard,How would you handle a situation where a long-term employee is struggling with job performance due to industry changes?,i would provide retraining  offer mentoring  and explore role adjustments if necessary 
Business,Human Resources,hard,How do you ensure fair pay equity within an organization?,by conducting salary audits  implementing transparent pay structures  and addressing wage gaps proactively 
Business,Human Resources,hard,How do you ensure compliance with labor laws when expanding operations into a new country?,i would consult legal experts  review local labor laws  and adapt company policies to align with regional regulations 
Business,Human Resources,hard,How would you handle a situation where a senior executive is consistently dismissive of HR recommendations?,i would present data driven insights  highlight business risks  and engage other stakeholders to support hr s position 
Business,Human Resources,hard,How would you handle a situation where an employee accuses HR of favoritism?,i would ensure an impartial investigation  address concerns transparently  and reinforce hr s role as a neutral body 
Business,Human Resources,hard,How would you handle a situation where an employee has made a false accusation against their manager?,i would conduct a thorough investigation  ensure fairness  and take appropriate disciplinary action if needed 
Business,Human Resources,hard,How do you handle a situation where an employee files a complaint against HR itself?,i would ensure an impartial investigation  involve a neutral third party if needed  and address the complaint transparently 
Business,Human Resources,hard,How do you handle a situation where an employee is caught spreading false rumors about a colleague?,i would investigate the situation  address the behavior directly  and reinforce professional workplace conduct 
Business,Human Resources,hard,How do you handle a whistleblower complaint in the workplace?,i would ensure confidentiality  conduct a thorough investigation  and implement necessary actions to address the issue while protecting the whistleblower 
Business,Human Resources,hard,How do you handle an HR policy that is outdated but still enforced by leadership?,i would present data on its impact  suggest updates  and work with leadership for a practical policy revision 
Business,Human Resources,hard,How do you handle an HR policy violation by a senior manager?,i would ensure a fair investigation  document findings  and recommend disciplinary action based on company policies 
Business,Human Resources,hard,"How do you handle difficult conversations with employees, such as poor performance or termination?",by preparing facts  maintaining professionalism  offering support  and being transparent while showing empathy 
Business,Human Resources,hard,How do you handle employees who feel undervalued despite receiving competitive salaries?,i would explore recognition programs  career growth opportunities  and workplace engagement initiatives 
Business,Human Resources,hard,How do you handle situations where two employees are involved in a personal conflict that affects work productivity?,i would mediate a discussion  set expectations for professionalism  and monitor progress to ensure resolution 
Business,Human Resources,hard,How do you handle workplace bullying allegations?,conduct a confidential investigation  enforce anti bullying policies  provide mediation  and implement disciplinary measures if necessary 
Business,Human Resources,hard,How do you manage confidential employee complaints while ensuring a fair investigation process?,by maintaining confidentiality  following structured investigation procedures  and ensuring unbiased decision making 
Business,Human Resources,hard,How do you manage conflicting interests between employees and senior management?,by acting as a mediator  facilitating open discussions  and ensuring fair policy enforcement for all parties 
Business,Human Resources,hard,How do you manage employee expectations when a company is undergoing financial difficulties?,by maintaining transparent communication  offering reassurance where possible  and exploring cost effective support solutions 
Business,Human Resources,hard,How do you manage succession planning for executive roles?,by assessing leadership potential  developing tailored growth plans  and ensuring a talent pipeline for key positions 
Business,Human Resources,hard,How do you manage the risk of legal disputes related to HR policies?,by ensuring clear documentation  maintaining compliance  and providing legal training for hr teams 
Business,Human Resources,hard,How do you manage workforce planning in a rapidly growing company?,by forecasting talent needs  developing succession plans  and implementing scalable hiring strategies 
Business,Human Resources,hard,How does HR play a role in preventing unconscious bias in hiring?,by using structured interviews  diverse hiring panels  and implementing blind resume screening 
Business,Human Resources,hard,How do you approach a situation where employees feel their compensation is not competitive?,i would conduct a market analysis  present data to leadership  and explore non monetary benefits to enhance compensation packages 
Business,Human Resources,hard,How do you approach handling a pay dispute between two employees with similar roles but different salaries?,by reviewing salary structures  ensuring pay equity  and communicating transparently with both employees about company policies 
Business,Human Resources,hard,How do you approach integrating employees after a company merger?,by aligning policies  facilitating communication  and ensuring cultural integration to minimize disruption 
Business,Human Resources,hard,How do you approach leadership development within an organization?,by implementing mentorship programs  leadership training  and performance based succession planning 
Business,Human Resources,hard,How do you assess and improve diversity hiring metrics?,by analyzing recruitment data  ensuring diverse candidate pipelines  and removing bias from job descriptions and interview processes 
Business,Human Resources,hard,How do you balance maintaining company culture while integrating new leadership hires?,i would ensure onboarding includes cultural immersion  facilitate leadership workshops  and encourage collaboration with existing teams 
Business,Human Resources,hard,How do you create a competency-based hiring framework?,by defining job specific competencies  using structured assessments  and incorporating behavioral interviews to evaluate candidate fit 
Business,Human Resources,hard,How do you create a leadership development pipeline?,by identifying high potential employees  providing mentorship programs  and offering targeted leadership training 
Business,Human Resources,hard,How do you ensure confidentiality when handling sensitive employee investigations?,by limiting access to case details  maintaining secure documentation  and ensuring unbiased and discreet investigations 
Business,Human Resources,hard,"An employee consistently misses deadlines, affecting their team’s performance. How would you handle this?",i would have a performance discussion  identify underlying causes  and implement an improvement plan with clear expectations 
Business,Human Resources,hard,What strategies would you implement to improve workforce planning in a fast-growing company?,using predictive analytics  talent pipelines  succession planning  and strategic hiring to align workforce growth with business needs 
Business,Human Resources,hard,What strategies do you implement to manage generational diversity in the workplace?,customizing engagement strategies  providing flexible work options  and fostering intergenerational mentorship 
Business,Marketing,hard,What are some key strategies for customer retention?,key strategies for customer retention include providing excellent customer service  offering loyalty programs  personalizing communications  and regularly engaging customers through content 
Business,Marketing,hard,What are the key components of a marketing plan?,a marketing plan includes an analysis of the market  target audience  positioning  marketing goals  strategies  budget  and metrics for evaluating success 
Business,Marketing,hard,What are the key elements of a digital marketing strategy?,key elements include content marketing  seo  social media marketing  email marketing  paid advertising  and data analytics 
Business,Marketing,hard,What are the main metrics used to measure digital marketing success?,key metrics include website traffic  conversion rates  bounce rates  click through rates  ctr   return on investment  roi   and customer lifetime value  clv  
Business,Marketing,hard,What are the main stages of the customer journey?,the main stages are awareness  consideration  and decision  some models include additional stages like retention and advocacy 
Business,Marketing,hard,What digital marketing trends do you think will become significant in the next few years?,i believe ai and machine learning will play a more significant role in personalizing marketing experiences  additionally  voice search optimization  interactive content  and privacy conscious marketing practices will gain more attention as technology continues to evolve and consumer behavior changes 
Business,Marketing,hard,What do you think is the biggest challenge facing marketers today? How would you address it?,the biggest challenge marketers face today is standing out in a saturated digital landscape  to address this  i would focus on creating authentic  value driven content  leveraging personalization  and staying agile to adapt to rapid changes in technology and consumer behavior 
Business,Marketing,hard,What is A/B testing?,a/b testing involves comparing two versions of a webpage  email  or ad to determine which one performs better based on a defined metric  such as conversion rate 
Business,Marketing,hard,What is a brand audit and why is it important?,a brand audit is a comprehensive review of a brand s current position in the market  it is essential for identifying strengths  weaknesses  and areas for improvement 
Business,Marketing,hard,What is a brand audit?,a brand audit involves reviewing a brand s current market position  messaging  and performance  to identify strengths  weaknesses  and opportunities for improvement 
Business,Marketing,hard,How do you manage the launch of a new product?,managing a new product launch involves several key steps     conducting market research to understand the target audience     developing a comprehensive marketing plan that includes pre launch buzz  launch events  and post launch follow ups     coordinating with cross functional teams to ensure alignment  and    monitoring performance metrics to make real time adjustments 
Business,Marketing,hard,How do you measure brand awareness?,brand awareness is measured through surveys  social media engagement  website traffic  and brand recall studies 
Business,Marketing,hard,How do you measure customer engagement?,customer engagement is measured through metrics such as social media interactions  time spent on website  email open rates  and customer feedback  indicating the level of interest and connection with the brand 
Business,Marketing,hard,How do you measure the success of a brand awareness campaign?,i measure success through metrics such as increased brand recognition  social media mentions  website traffic  and surveys that gauge consumer awareness  additionally  analyzing changes in search volume for the brand helps assess the campaign s impact 
Business,Marketing,hard,How do you optimize a marketing budget?,to optimize a marketing budget  prioritize high performing channels  allocate funds based on roi  and continually measure performance to adjust strategies 
Business,Marketing,hard,How do you optimize a website for SEO?,by improving site structure  using relevant keywords  optimizing meta tags  creating high quality content  and earning backlinks 
Business,Marketing,hard,How do you optimize an e-commerce website for conversions?,optimizing an e commerce website for conversions involves improving user experience  ux   simplifying navigation  enhancing product pages  implementing clear calls to action  ctas   and using a/b testing to refine the design and content 
Business,Marketing,hard,How do you perform competitive analysis?,competitive analysis involves identifying key competitors  analyzing their strengths and weaknesses  understanding their strategies  and using that data to improve your own marketing strategy 
Business,Marketing,hard,How do you use data analytics in marketing?,data analytics helps marketers understand customer behavior  measure the success of campaigns  segment audiences  and optimize strategies for better performance and roi 
Business,Marketing,hard,How does machine learning apply to marketing?,machine learning helps marketers analyze customer data  predict behavior  personalize content  and optimize marketing campaigns in real time 
Business,Marketing,hard,How will you boost Facebook’s reach?,to boost facebook reach  i would create engaging  shareable content  use facebook ads to target specific audiences  and post consistently at optimal times  collaborating with influencers and running contests can also increase visibility 
Business,Marketing,hard,How would you conduct a competitive analysis?,by identifying key competitors  analyzing their strengths and weaknesses  understanding their marketing strategies  and evaluating their pricing  customer engagement  and content strategy 
Business,Marketing,hard,How would you define content curation in marketing?,content curation is the process of finding  organizing  and sharing relevant third party content to engage an audience 
Business,Marketing,hard,How would you improve our most recent marketing campaign?,to improve your recent campaign  i would analyze its performance metrics to identify gaps  such as low engagement or conversion rates  i d suggest a/b testing different creatives  refining the target audience  and incorporating more personalized content to enhance relevance and effectiveness 
Business,Marketing,hard,How would you measure the effectiveness of a content marketing strategy?,by tracking metrics such as traffic  engagement rates  lead generation  conversion rates  and roi 
Business,Marketing,hard,Imagine you have data that suggests a client's audience doesn't use social media. Would you still recommend leveraging these channels?,if data shows the audience isn t active on social media  i would recommend focusing on channels where they are present  such as email or search engines  however  i might suggest a small test campaign on social media to validate the data and explore potential opportunities 
Business,Marketing,hard,How do you create a marketing budget?,a marketing budget is created by assessing previous marketing performance  identifying key objectives  determining necessary resources  allocating funds across channels  and estimating expected returns on investment  roi  
Business,Marketing,hard,What are key performance indicators (KPIs) in marketing?,kpis in marketing are measurable values that determine the success of marketing efforts  such as conversion rate  return on investment  roi   and customer retention rate 
Business,Marketing,hard,How do you create a successful marketing strategy?,by understanding the target audience  setting clear objectives  using data driven insights  and executing campaigns across the right channels 
Business,Marketing,hard,What are key challenges in international marketing?,key challenges in international marketing include understanding cultural differences  navigating regulations  managing logistics  and adapting marketing strategies to suit local preferences 
Business,Marketing,hard,Tell me about a time you used data-driven insights to influence a marketing strategy.,in a previous role  i analyzed customer behavior data and discovered that email open rates were highest on tuesdays  i shifted our email campaigns to tuesdays  resulting in a     increase in click through rates and a     boost in conversions 
Business,Marketing,hard,What is a unique selling proposition (USP)?,a unique selling proposition  usp  is the factor that differentiates a product or service from its competitors  emphasizing the unique benefits it offers 
Business,Marketing,hard,What is an attribution model in marketing?,an attribution model is a framework for determining how credit for a sale or conversion is assigned to different touchpoints in the customer journey 
Business,Marketing,hard,What is an omni-channel marketing strategy?,an omni channel marketing strategy integrates all marketing channels  digital and physical  to create a seamless customer experience across platforms  enhancing engagement and satisfaction 
Business,Marketing,hard,What is an omnichannel marketing strategy?,an omnichannel marketing strategy involves creating a seamless experience for customers across multiple touchpoints  such as online  mobile  and in store 
Business,Marketing,hard,What is an omnichannel marketing strategy?,an omnichannel strategy integrates all marketing channels  both online and offline  to create a seamless and consistent customer experience across all touchpoints 
Business,Marketing,hard,What is an omnichannel strategy in marketing?,an omnichannel strategy provides a seamless and integrated customer experience across multiple channels  both online and offline 
Business,Marketing,hard,What is behavioral segmentation?,behavioral segmentation divides customers based on their actions  such as purchasing behavior  online activity  and usage patterns  to target specific customer needs and preferences 
Business,Marketing,hard,What is behavioral targeting in digital marketing?,behavioral targeting is the practice of using customer behavior data  such as browsing history or previous purchases  to deliver personalized ads and content 
Business,Marketing,hard,What is behavioral targeting?,behavioral targeting involves using data about a user s past behavior  e g   browsing history  search queries  to personalize advertisements and marketing efforts 
Business,Marketing,hard,What is a brand audit?,a brand audit is an evaluation of a brand s current position in the market  its strengths  weaknesses  and its perception among consumers  used to guide future strategies 
Business,Marketing,hard,What is a cohort analysis?,cohort analysis involves analyzing the behaviors of a specific group of users or customers over a set period to understand patterns and trends 
Business,Marketing,hard,What is a competitive analysis?,a competitive analysis involves evaluating competitors  strengths  weaknesses  strategies  and market positions to identify opportunities for your own business 
Business,Marketing,hard,What is a competitive analysis?,a competitive analysis involves researching and evaluating the strengths and weaknesses of competitors in the market  helping businesses identify opportunities and improve their own marketing efforts 
Business,Marketing,hard,What is a competitive positioning strategy?,a competitive positioning strategy focuses on defining a company s unique position in the market relative to its competitors  emphasizing differentiators that make the brand stand out 
Business,Marketing,hard,What is a content calendar?,a content calendar is a scheduling tool that outlines when and where content will be published  ensuring consistent and timely delivery of marketing messages 
Business,Marketing,hard,What is a content management system (CMS)?,a cms is a software platform that allows users to create  manage  and publish content on websites without needing advanced technical skills 
Business,Marketing,hard,What is a content management system (CMS)?,a content management system  cms  is software used to create  manage  and modify digital content on websites without requiring specialized technical knowledge 
Business,Marketing,hard,What is a content strategy?,a content strategy is a plan for creating  distributing  and managing content that aligns with business goals  engages the target audience  and drives desired actions 
Business,Marketing,hard,What is a conversion rate?,a conversion rate is the percentage of visitors or leads who complete a desired action  such as making a purchase or filling out a form 
Business,Marketing,hard,What is a customer acquisition strategy?,a customer acquisition strategy outlines the tactics and channels used to attract new customers  including digital advertising  content marketing  referral programs  and partnerships 
Business,Marketing,hard,What is a customer retention strategy?,a customer retention strategy aims to keep existing customers by enhancing customer satisfaction  offering loyalty programs  and providing exceptional service 
Business,Marketing,hard,What is a customer-centric marketing strategy?,a customer centric marketing strategy focuses on understanding and addressing the needs  preferences  and behaviors of the customer  ensuring that marketing efforts align with customer expectations 
Business,Marketing,hard,What is a market entry strategy?,a market entry strategy defines how a company will enter a new market  which may include tactics like franchising  partnerships  direct investment  or exporting 
Business,Marketing,hard,What is a marketing attribution model?,a marketing attribution model determines how credit for conversions is assigned to various marketing channels or touchpoints across the customer journey 
Business,Marketing,hard,What is a marketing automation tool?,a marketing automation tool is a software that automates repetitive tasks in marketing such as email campaigns  social media posting  and lead nurturing 
Business,Marketing,hard,Imagine your metrics from different platforms contradict each other. What would you do?,i would first verify the accuracy of the data by checking for tracking errors or discrepancies  then  i d analyze the context of each platform to understand why metrics differ  finally  i d focus on the overarching campaign goals to determine which metrics are most relevant 
Business,Marketing,hard,Tell me about a time when you had a serious conflict with a co-worker or manager. How did you handle the situation? What was the result?,i once disagreed with a manager on a campaign direction  i presented data to support my perspective and proposed a compromise  we tested both approaches  and my strategy yielded better results  this experience strengthened our working relationship and improved decision making processes 
Business,Marketing,hard,We’re planning to launch a new product in six months. Outline your approach to developing its marketing plan.,first  i would conduct market research to understand the target audience and competitors  next  i d define clear objectives and kpis  then  i d develop a multi channel strategy  including social media  email marketing  and influencer partnerships  finally  i d create a timeline  allocate resources  and monitor performance to make adjustments as needed 
Business,Human Resources,hard,What strategies do you use to reduce employee turnover?,enhancing engagement  improving work life balance  recognizing achievements  and offering competitive compensation 
Business,Marketing,hard,How do you determine a target audience?,a target audience is determined through demographic  psychographic  and behavioral research to identify the group most likely to purchase a product or service 
Business,Marketing,hard,How do you evaluate the effectiveness of a social media campaign?,the effectiveness of a social media campaign is evaluated through metrics such as engagement rate  click through rate  ctr   conversions  and overall return on investment  roi  
Business,Human Resources,hard,An employee has filed a complaint against their supervisor for aggressive behavior. How do you handle the investigation?,i would ensure confidentiality  gather unbiased evidence  and follow proper disciplinary procedures to resolve the issue fairly 
Business,Human Resources,hard,An employee has repeatedly violated company policies but is highly valued for their technical expertise. How do you approach this?,i would reinforce policy adherence  provide a final warning  and work on developing a replacement strategy if needed 
Business,Human Resources,hard,What strategies would you use to rebuild morale after a mass layoff?,i would engage leadership in open discussions  provide support programs  and reinforce stability and growth plans for remaining employees 
Business,Human Resources,hard,What strategies would you use to reduce bias in hiring decisions?,i would implement structured interviews  use diverse hiring panels  and provide unconscious bias training for recruiters 
Business,Human Resources,hard,What would you do if a department had consistently high turnover rates?,i would analyze exit interviews  assess workload concerns  review leadership effectiveness  and propose retention strategies 
Business,Human Resources,hard,What would you do if a department head consistently ignores HR recommendations?,i would document concerns  escalate if necessary  and align hr solutions with business objectives to gain leadership buy in 
Business,Human Resources,hard,What would you do if a department head constantly undermines HR policies and procedures?,i would discuss the importance of compliance  escalate to senior management if needed  and reinforce hr s role in ensuring fairness 
Business,Human Resources,hard,What would you do if a high-level executive refuses to participate in mandatory compliance training?,i would communicate the importance of compliance  escalate concerns if necessary  and ensure leadership accountability 
Business,Human Resources,hard,What would you do if a new hire fails to meet performance expectations within the probation period?,i would provide targeted coaching  assess their challenges  and determine if an extension or termination is the best course of action 
Business,Human Resources,hard,What would you do if an employee consistently performs well but has difficulty collaborating with others?,i would provide coaching  facilitate team building activities  and set clear expectations for teamwork 
Business,Human Resources,hard,What would you do if an employee refuses to comply with new HR policies?,i would explain the importance of compliance  address concerns  and apply disciplinary measures if necessary 
Business,Human Resources,hard,What would you do if an employee refuses to participate in mandatory compliance training?,i would explain the importance of compliance  offer alternative training formats  and take disciplinary action if necessary 
Business,Human Resources,hard,What would you do if an employee refuses to return to the office after a remote work policy change?,i would discuss their concerns  explore reasonable accommodations  and ensure compliance with company policies 
Business,Human Resources,hard,What would you do if an employee refuses to work with a colleague due to personal differences?,i would mediate the situation  encourage professional conduct  and establish clear expectations for collaboration 
Business,Human Resources,hard,What would you do if employees express concerns about workplace safety after an incident?,i would assess risks  implement safety measures  and ensure proper training to prevent future issues 
Business,Human Resources,hard,What would you do if you discover that an HR policy unintentionally discriminates against a specific employee group?,i would conduct an immediate review  consult legal advisors  and revise the policy to ensure fairness and compliance 
Business,Human Resources,hard,What steps would you take if an employee alleges workplace retaliation after reporting a complaint?,i would conduct an independent review  enforce anti retaliation policies  and ensure protection for the affected employee 
Business,Human Resources,hard,What steps would you take if an employee submits a complaint about their manager’s behavior?,i would document the complaint  conduct a fair investigation  and take appropriate corrective action based on findings 
Business,Human Resources,hard,What steps would you take if employees express concerns about favoritism in promotions?,i would review promotion criteria  ensure transparency in the selection process  and address any inconsistencies in management decisions 
Business,Human Resources,hard,What steps would you take if multiple employees from the same department report a toxic work environment?,i would conduct confidential interviews  identify common issues  and implement necessary changes  including leadership coaching if required 
Business,Human Resources,hard,What steps would you take if you discovered a significant gender pay gap within your organization?,i would conduct a compensation audit  present findings to leadership  and propose adjustments to ensure pay equity 
Business,Human Resources,hard,What steps would you take to improve an underperforming HR initiative?,i would gather employee feedback  analyze performance data  and adjust the strategy to better align with workforce needs 
Business,Human Resources,hard,What steps would you take to improve underrepresentation in leadership positions?,by implementing leadership development programs  promoting inclusive hiring  and ensuring equal career growth opportunities 
Business,Human Resources,hard,What steps would you take to rebuild company culture after a period of high turnover?,by strengthening leadership trust  recognizing employee contributions  and reinforcing company values through engagement initiatives 
Business,Human Resources,hard,What strategies can HR implement to foster innovation within teams?,encouraging cross functional collaboration  promoting psychological safety  and providing employees with creative problem solving training 
Business,Human Resources,hard,What strategies can HR implement to prevent unconscious bias in promotion decisions?,using structured evaluation criteria  providing training for managers  and ensuring diverse panels in the decision making process 
Business,Human Resources,hard,What strategies can HR use to reduce unconscious bias in hiring?,by using structured interviews  implementing ai screening tools  and providing diversity training to hiring managers 
Business,Human Resources,hard,An employee has filed a complaint about gender discrimination. What steps would you take?,i would ensure confidentiality  conduct a thorough investigation  and enforce company policies on diversity and inclusion 
Business,Marketing,hard,How do you determine the effectiveness of a marketing campaign?,effectiveness is determined by tracking key performance indicators  kpis  such as roi  conversion rates  customer acquisition cost  and engagement metrics to assess how well the campaign met its goals 
Business,Human Resources,hard,An employee has been underperforming despite additional training and support. How do you proceed?,i would set a clear performance improvement plan  pip   monitor progress  and discuss alternative roles or termination if necessary 
Business,Human Resources,hard,"An employee has accused another employee of making inappropriate comments, but there are no witnesses. How do you investigate?",i would conduct separate interviews  review any supporting evidence  and ensure a fair and unbiased resolution based on company policies 
Business,Marketing,hard,"How do you evaluate the effectiveness of your marketing channels, and which ones have worked best for you?",i evaluate the effectiveness of marketing channels by tracking key metrics like conversion rates  customer acquisition costs  and roi  i use tools like google analytics  social media insights  and crm systems to analyze performance  the best performing channels for me have been email marketing and social media  as they provide direct engagement and measurable results 
Business,Marketing,hard,How do you handle conflicting opinions within your team regarding marketing strategies?,when conflicting opinions arise  i encourage open discussions where all viewpoints are considered  i prioritize data driven decisions and use metrics to support our strategy  it s important to stay focused on the goals and align on the best path forward based on collective input and analysis 
Business,Marketing,hard,How do you handle marketing for a new product launch?,by conducting market research  defining the target audience  creating promotional content  and executing multi channel campaigns 
Business,Marketing,hard,How do you handle negative feedback or a public relations crisis?,by addressing the issue promptly  responding transparently  taking corrective action  and maintaining a positive brand image through effective communication 
Business,Marketing,hard,How do you incorporate customer feedback into your marketing strategies?,by using customer feedback to adjust product offerings  improve customer experiences  and fine tune marketing messages 
Business,Marketing,hard,How do you incorporate sustainability and corporate social responsibility into your marketing efforts?,i integrate sustainability and csr into marketing campaigns by highlighting the brand s ethical practices and initiatives  i ensure transparency in messaging  showcase environmentally friendly products or services  and collaborate with organizations that align with the brand s values 
Business,Marketing,hard,How do you keep your marketing messages consistent across various channels?,i create a clear messaging framework that outlines the brand voice  key messages  and positioning  all teams involved are trained on these guidelines  and i use tools like scheduling software to coordinate content across email  social media  and paid campaigns  ensuring consistency in tone and messaging 
Business,Marketing,hard,How do you manage a brand's online reputation?,managing a brand s online reputation involves monitoring online reviews  responding to customer feedback  maintaining a positive social media presence  and addressing any negative publicity swiftly 
Business,Marketing,hard,How do you manage a marketing team effectively?,by setting clear goals  maintaining open communication  fostering creativity  and providing regular feedback and support 
Business,Marketing,hard,How do you manage a marketing team?,managing a marketing team involves setting clear goals  fostering collaboration  providing resources  analyzing team performance  and adapting strategies to ensure efficient execution of marketing campaigns 
Business,Marketing,hard,How do you manage and analyze marketing budgets? What tools do you prefer?,i use tools like excel and google sheets for budget tracking and reporting  and project management software like trello or monday com to allocate resources  i analyze marketing budgets by measuring spending against kpis and adjusting allocations based on performance  using analytics tools like google analytics to measure effectiveness 
Business,Marketing,hard,Describe a time when you had to adjust your marketing strategy mid-campaign. What prompted the change?,during a seasonal campaign  we noticed that our target audience was shifting their preferences due to a sudden change in market conditions  i quickly adjusted the messaging and redirected ad spend to focus on more relevant products  the change resulted in a positive shift in engagement and conversions 
Business,Marketing,hard,Describe a time when you had to persuade a client or team member to adopt a new marketing strategy. How did you do it?,i had to persuade a client to invest more heavily in digital marketing rather than traditional print ads  i presented data showing the growing importance of digital channels and the measurable roi from online campaigns  by showing how digital marketing could more effectively reach their target audience  i was able to gain their buy in 
Business,Marketing,hard,Describe a time you faced a significant challenge in your marketing career. How did you overcome it?,in a previous role  i faced a challenge where a campaign was underperforming despite initial positive feedback  i conducted a thorough analysis of the data  identified gaps in targeting  and reallocated the budget to more effective channels  by making data driven adjustments  the campaign ultimately exceeded its goals 
Business,Marketing,hard,"Describe a time you failed in a marketing role. How did you handle it, and what did you learn?",in one instance  a campaign i led underperformed due to poor audience targeting  i took responsibility  analyzed the data  and identified the issue  i then re targeted the campaign  which improved its performance by      this taught me the importance of thorough audience research and testing before launching campaigns 
Business,Marketing,hard,Describe your experience with trade shows or events. How do you maximize their impact?,at trade shows  i ensure that our booth design is eye catching and interactive  i focus on building relationships by offering valuable information  free samples  or demos  maximizing impact also involves leveraging social media before  during  and after the event to engage both attendees and those not present 
Business,Marketing,hard,How can you use data analytics in marketing?,by analyzing customer behavior  tracking campaign performance  optimizing strategies  and making data driven decisions to improve roi 
Business,Marketing,hard,How do you approach collaborating with sales teams to align marketing and sales efforts?,i collaborate closely with the sales team by maintaining open communication  aligning our goals  and sharing insights  i ensure that the marketing campaigns are designed to generate leads that meet the sales team s needs and provide them with the right tools and information to convert leads into customers 
Business,Marketing,hard,How do you approach competitive analysis in your marketing strategy? ,i conduct competitive analysis by researching competitors  online presence  analyzing their marketing tactics  and identifying gaps in their strategy  this helps me refine our positioning  differentiate our offerings  and uncover opportunities to better serve our audience 
Business,Human Resources,hard,A competitor is aggressively recruiting your top employees. How do you mitigate this risk?,by enhancing employee engagement  offering competitive benefits  and strengthening internal career development opportunities 
Business,Human Resources,hard,A department has consistently failed to meet performance goals. How would you assess and address this issue?,i would conduct a needs assessment  identify process inefficiencies  and collaborate with leadership to implement performance improvement strategies 
Business,Human Resources,hard,A long-term employee is struggling to meet the evolving requirements of their role. How do you approach this?,i would offer upskilling opportunities  provide additional coaching  and discuss alternative roles if necessary 
Business,Human Resources,hard,A manager consistently fails to document employee performance issues. How do you ensure compliance?,i would provide training on documentation best practices  emphasize legal implications  and implement accountability measures 
Business,Human Resources,hard,A manager requests to fire an employee without proper documentation. How would you handle it?,i would emphasize due process  ensure compliance  and provide guidance on corrective action steps before termination 
Business,Human Resources,hard,A newly hired employee is struggling with onboarding and feels overwhelmed. How do you support them?,i would assign a mentor  provide additional onboarding resources  and ensure regular check ins to address their concerns 
Business,Human Resources,hard,"A remote employee is underperforming, and their manager is considering termination. How do you proceed?",i would first ensure proper performance documentation  explore possible support measures  and follow fair disciplinary processes if termination is the best course of action 
Business,Human Resources,hard,An employee has accused HR of being biased in handling complaints. How do you restore trust in HR?,i would conduct an impartial review of hr practices  improve transparency in decision making  and offer employees a platform for open feedback 
Business,Human Resources,hard,An employee has been caught sharing confidential company data externally. What steps do you take?,i would conduct an immediate investigation  ensure compliance with data protection policies  and take disciplinary action as needed 
Business,Finance,hard,How do mergers and acquisitions create value for shareholders?,through economies of scale  synergy  and increased market share  leading to higher profitability 
