Category,Specialty,Difficulty,Question,Answer
Soft Skills,Communication,easy,Tell me about yourself in 2 sentences.,i am a resultsdriven professional with diverse experience  i thrive on challenges and continuous learning 
Soft Skills,Flexibility/Adaptability,easy,Do you like surprises,i welcome surprises if they bring learning opportunities 
Soft Skills,Flexibility/Adaptability,easy,How do you rearrange your schedule if something unplanned occurs,i quickly reprioritize my tasks and adjust deadlines 
Soft Skills,Flexibility/Adaptability,easy,Do you like routine work,i appreciate routine for its efficiency though occasional variety is refreshing 
Soft Skills,ProblemSolving,easy,Give me an example of when you’ve successfully solved a problem.,i identified a workflow bottleneck and implemented a process change that improved efficiency 
Soft Skills,Creativity,easy,If your life was a book what would it be called, uncharted journeys    a tale of growth and adventure 
Soft Skills,Interpersonal Skills,easy,What are the key ingredients to building good relationships with others,trust respect and clear communication are essential 
Soft Skills,SelfAwareness,easy,What is your greatest strength,my greatest strength is my ability to adapt quickly to changing circumstances  whether it s adjusting to new software shifting project priorities or responding to unexpected challenges i am able to remain flexible and maintain a positive solutionoriented attitude  this adaptability allows me to stay productive and contribute effectively to team success regardless of the situation 
Soft Skills,Communication,easy,For quick internal communications do you prefer a call email or a company communication platform ex. Microsoft Teams Slack etc. message Why,for quick internal communications i prefer using a company communication platform like slack or microsoft teams because they allow for realtime responses easy collaboration and quick sharing of documents or links  they are also less intrusive than a call or email making them ideal for fast focused exchanges without interrupting workflow 
Soft Skills,Stress Management,easy,How do you relieve stress,i find that regular exercise meditation and spending quality time with family and friends are effective ways for me to manage stress 
Soft Skills,SelfAwareness,easy,How would you describe yourself in 5 words,innovative dedicated collaborative analytical and adaptable 
Soft Skills,Presentation Skills,easy,When is it appropriate for speakers to use humor,when it lightens the mood without detracting from the message 
Soft Skills,Confidence,easy,How do you prevent yourself from becoming overconfident,i stay humble and continuously learn 
Soft Skills,Cultural Fit,easy,Describe the work environment in which you are most productive.,i thrive in a supportive collaborative and innovative setting 
Soft Skills,Analytical Skills,easy,How do you weigh the pros and cons before making a decision,i list them out and compare their potential impacts 
Soft Skills,Handling Feedback,easy,Explain what constructive criticism means to you.,it s feedback meant to help me improve not to attack me personally 
Soft Skills,Conflict Resolution,easy,How do you deal with differences of opinion in the workplace,i listen actively and seek compromise 
Soft Skills,Handling Stress,easy,What are your techniques for handling stress,i practice deep breathing plan my work and take short breaks 
Soft Skills,Handling Stress,easy,What work situations get you most stressed,unclear expectations and tight deadlines stress me the most 
Soft Skills,DecisionMaking,easy,Do you like the responsibility of decisionmaking or would you prefer to leave it to someone else,i embrace decisionmaking as a chance to lead 
Soft Skills,Time Management,easy,Do you multitask,i prioritize effectively often focusing on one task at a time to ensure quality 
Soft Skills,Work Ethics,easy,Do you tend to work over hours,i put in extra hours when needed but i also value worklife balance 
Soft Skills,Work Ethics,easy,What are the most important ethics in the workplace,integrity accountability and respect guide my actions 
Soft Skills,Work Ethics,easy,You get your work done sooner than expected. Do you allow yourself a free afternoon or will you ask for more tasks,i d ask for more tasks to stay productive 
Soft Skills,Customer Service,easy,What steps do you take to gain a customer’s trust,i deliver consistent honest and reliable service 
Soft Skills,Motivation and Enthusiasm,easy,How do you stay motivated when working alone on a project,i set clear goals and track my progress 
Soft Skills,Motivation and Enthusiasm,easy,Which of these is the most critical aspect for you at work Career development perks and benefits salary or nice coworkers,career development is key for my longterm success 
Soft Skills,Organizational Skills,easy,How do you stay organized while working on multiple projects,i use planning tools and maintain clear todo lists 
Soft Skills,Organizational Skills,easy,How do you keep track of your progress when working on projects,i set milestones and review progress regularly 
Soft Skills,Organizational Skills,easy,How often do you go to your desk files and electronic files to clear out what you no longer need,i regularly declutter to maintain efficiency 
Soft Skills,Communication,easy,Do you prefer written or verbal communication,i adapt to both using written for clarity and verbal for dynamic discussions 
Soft Skills,Teamwork,easy,Which one do you prefer and why: teamwork or working alone,i prefer teamwork because collaboration leads to innovative solutions 
Soft Skills,Teamwork,easy,How important are team events for you,they build rapport and strengthen our work culture 
Soft Skills,Leadership,easy,What do you expect from a manager,i expect guidance clear communication and support for my growth 
Soft Skills,Teamwork,medium,Tell me how you would overcome a situation where a team is doing badly because members aren’t getting along.,i d facilitate an open discussion to address issues and rebuild trust 
Soft Skills,Communication,medium,Which one is more important to you and why: to be a good listener or a good communicator,being a good listener is key it helps me understand others before i respond 
Soft Skills,Communication,medium,Use up to 5 sentences to sell me a pencil.,this pencil unlocks creativity with smooth reliable writing  its ergonomic design ensures comfort it s ecofriendly and affordable and it inspires innovative ideas 
Soft Skills,Stress Management,medium,Give an example of a stressful situation in which you used coping skills to manage.,during a particularly busy quarter i was juggling multiple highpriority projects with tight deadlines  i used time management techniques such as prioritizing tasks based on urgency and breaking them into manageable parts  i also made sure to take short breaks throughout the day to recharge  by staying organized and maintaining a positive mindset i was able to meet all deadlines without burning out 
Soft Skills,Conflict Resolution & Teamwork,medium,Describe a situation in which you were able to overcome a personality conflict in order to get results.,i once worked with a colleague who had a very different working style which led to frequent disagreements  however for the sake of the project i focused on our shared goals rather than our differences  i made an effort to understand their perspective and adjusted my communication style to make our collaboration more effective  by focusing on mutual respect and common objectives we overcame the personality conflict and were able to successfully complete the project 
Soft Skills,Contribution & Impact,medium,Describe a situation that was successful because of your participation.,in a recent crossdepartmental project i contributed to the success by taking the initiative to streamline communication between teams  i identified key communication gaps that were slowing down the workflow and proposed a regular update system  by implementing this system everyone stayed informed and on track  as a result the project was completed ahead of schedule and the collaboration between departments was significantly improved 
Soft Skills,Assertiveness & Communication,medium,Describe a situation when you had to be assertive.,during a team meeting i had to be assertive when my colleague was dominating the conversation and not allowing others to contribute  i calmly addressed the issue politely requesting that everyone have a chance to share their input  i ensured that the conversation was balanced and that everyone s opinions were heard  by asserting myself in a respectful manner the team was able to communicate more effectively and the discussion became more productive 
Soft Skills,Conflict Resolution & Team Dynamics,medium,Give an example where you resolved a conflict.,in a team project two colleagues had a disagreement about how to allocate resources  the conflict was escalating and affecting the team s progress  i organized a meeting where both individuals could express their concerns  i helped them see each other s perspectives and facilitated a compromise  we then agreed on a fair distribution of resources  the conflict was resolved and the team was able to move forward productively 
Soft Skills,Conflict Resolution & Leadership,medium,What are your measures if employees disagree with your decision,if an employee disagrees with my decision i approach the situation by first listening to their concerns and understanding their perspective  i encourage open dialogue and ensure they feel heard  i then explain the reasoning behind my decision backed by facts or strategic goals  if the disagreement is based on a valid concern i remain open to adjusting the decision or finding a compromise that aligns with the best interests of the team and the organization 
Soft Skills,Adaptability & Resilience,medium,Describe a scenario where results went against expectations. How did you adapt to this change,in a marketing campaign our projections for engagement were far higher than the actual results  i quickly analyzed the data to determine what went wrong and discovered that the target audience wasn t engaged with our messaging  i adapted by adjusting the campaign s tone and content targeting a more specific segment of the audience  i also consulted with the marketing team for their insights  by tweaking the strategy we managed to achieve positive results despite the initial setback 
Soft Skills,Communication & Teaching,medium,How do you explain new topics to coworkers unfamiliar with them,when explaining new topics to coworkers i first assess their current understanding to tailor my explanation  i break down complex concepts into simple digestible parts using analogies or visuals to make the topic more relatable  i encourage questions and provide realworld examples to clarify the concepts  i also check in regularly to ensure they understand and offer followup resources or guidance as needed 
Soft Skills,ProblemSolving & Critical Thinking,medium,What is the most significant problem you solved in the workplace,in a previous role i identified that a project was consistently delayed due to miscommunication between teams  i took the initiative to organize weekly checkins created a shared task management tool and set clear expectations for all team members  this improved communication streamlined task tracking and ultimately helped us meet the project deadlines  this experience reinforced my belief that effective communication is crucial in solving operational problems 
Soft Skills,Communication & ProblemSolving,medium,How should a problem be brought up in the workplace How should this problem be managed,a problem should be brought up in the workplace with a solutionoriented mindset  it s important to present the issue clearly provide relevant context and suggest potential solutions  i believe that open communication and collaboration are key when managing problems  once the issue is raised it s important to involve the necessary stakeholders discuss the possible solutions and agree on the best course of action  this ensures that everyone is aligned and that the problem is resolved efficiently 
Soft Skills,Interpersonal Skills,medium,How do you deal with situations where there is tension between you and a colleague,i address issues calmly and try to understand their perspective 
Soft Skills,Creativity,medium,Give me an example of a business being creative to be successful.,a startup used innovative marketing to disrupt a traditional industry 
Soft Skills,Creativity,medium,How would you spice up meetings to boost creativity,i d incorporate interactive activities and open brainstorming sessions 
Soft Skills,Accountability & Leadership,medium,Give an example of a situation where others had made an error or mistake and you had to take the blame for their actions. How did you feel about doing that,during a product launch a miscommunication from a team member resulted in incorrect information being shared with a client  although the error wasn t directly my fault i took responsibility for the miscommunication to maintain the team s integrity and prevent client dissatisfaction  i explained the situation transparently to the client apologized and provided a solution  while it felt uncomfortable i knew it was the right thing to do to protect the team and ensure we maintained trust with the client 
Soft Skills,Written Communication,medium,Tell me about a time in which you had to use your written communication skills in order to get across an important point.,in a previous role i had to communicate the results of a comprehensive market analysis to senior leadership  i ensured my report was clear concise and wellstructured highlighting key findings and actionable recommendations  i used charts and visuals to make the information more digestible and backed up my points with data  the report helped guide strategic decisions and was wellreceived by the leadership team 
Soft Skills,Problem Solving & Information Gathering,medium,Summarize a situation where you had to seek out relevant information define key issues and determine steps to get a desired result.,when our customer satisfaction scores dropped i took the initiative to investigate the root cause  i gathered feedback from customers analyzed survey data and identified key issues such as long response times and unclear communication  i then worked with the customer service team to streamline our processes and set clear guidelines for communication  as a result customer satisfaction improved by     
Soft Skills,Conflict Resolution & Teamwork,medium,Describe a time a peer/colleague disagreed with a decision of yours.,a colleague disagreed with my decision to prioritize a certain task over another believing it wasn t the most urgent  i listened to their concerns and shared my reasoning explaining how the priority task would impact the team s longterm goals  after a constructive discussion we reached a compromise and adjusted the priorities  the situation was resolved amicably and we learned from each other s perspectives 
Soft Skills,Decision Making & Accountability,medium,Give an example of a time you had to make a difficult decision.,i had to make the difficult decision to delay the launch of a product when our testing revealed some bugs that could affect the user experience  although this decision disappointed some stakeholders i believed it was necessary to ensure the quality of the product  i communicated the situation clearly to all parties involved and set a revised timeline  the delay allowed us to fix the issues and the product was launched successfully with positive feedback 
Soft Skills,Creativity & Problem Solving,medium,What is the most creative thing you have ever done,the most creative thing i ve done was developing a gamified customer loyalty program  i combined elements of a rewards system with challenges and badges to engage customers and encourage repeat business  the program was a hit resulting in increased customer retention and brand engagement  it was a fun and innovative way to enhance customer loyalty 
Soft Skills,Leadership & Team Management,medium,Tell me about a time when you had to lead people who were resistant to your leadership.,when i was leading a new team there was initial resistance from some members who were used to a different management style  i took the time to listen to their concerns and adjusted my approach emphasizing collaboration and transparency  i involved them in decisionmaking and created an open environment where everyone felt heard  over time their resistance faded and we achieved strong results as a cohesive team 
Soft Skills,Innovation & Execution,medium,Discuss a situation where you have turned ideas into action.,i was part of a brainstorming session where we discussed ways to improve customer engagement  one idea was to launch a customer referral program  i took the initiative to develop a plan for the program coordinated with the marketing team and set up tracking systems to measure its success  the program launched successfully and resulted in a     increase in customer referrals turning the initial idea into a tangible result 
Soft Skills,Leadership & Project Management,medium,Tell me about a time when you took charge of a project and achieved successful results.,i was once tasked with leading a product redesign project  i began by defining clear objectives assembling a diverse team and assigning roles based on each person s strengths  i facilitated regular team meetings to track progress and resolve any issues that arose  by maintaining strong communication and ensuring accountability we successfully completed the project on time and received positive feedback from stakeholders 
Soft Skills,Persuasion & Communication,medium,Describe a situation where you persuaded others.,during a meeting i had to persuade the team to adopt a new project management tool  some team members were hesitant due to the learning curve  i presented data on how the tool would save time in the long run and demonstrated its ease of use  after addressing their concerns and highlighting the benefits the team agreed to give it a try  the adoption of the tool improved our efficiency and communication significantly 
Soft Skills,Communication & Teaching,medium,Tell me about a time when you had to explain complicated material. How did you clarify if the other person understood your explanation,in a previous role i had to explain a complex data analysis process to a nontechnical team  i broke the information down into simple steps and used analogies to make the concept more relatable  after explaining i asked them to paraphrase what they understood to ensure clarity  i also provided followup resources and made myself available for additional questions  this approach helped ensure that they fully understood the material 
Soft Skills,ProblemSolving,medium,Tell me about a time when you had to analyze information to solve a problem successfully.,i gathered and analyzed data to identify trends and make an informed decision 
Soft Skills,ProblemSolving,medium,Give me an example of a time when you’ve had to be creative or unconventional in solving a problem.,i combined resources in a new way to overcome a persistent challenge 
Soft Skills,Flexibility/Adaptability,medium,Give me an example of when you’ve had to deal with a shortnotice request.,i once reorganized my priorities to meet a sudden deadline 
Soft Skills,Flexibility/Adaptability,medium,What is the most difficult change you’ve encountered in your career,adapting to rapid industry shifts challenged me but ultimately improved my skills 
Soft Skills,Teamwork,medium,Your teammates are all in agreement on how to approach a task but you disagree. How do you react,i would respectfully share my perspective and suggest alternatives 
Soft Skills,Strategic Planning,medium,What is your understanding of strategic planning How does it differ from everyday planning,strategic planning focuses on longterm goals while everyday planning addresses immediate tasks 
Soft Skills,Negotiating,medium,What is the most effective technique for winning someone over when negotiating,building rapport and understanding their perspective is essential 
Soft Skills,Negotiating,medium,How would you go about negotiating something with a manager or supervisor,i d prepare thoroughly and discuss my points respectfully 
Soft Skills,Conflict Resolution & Communication,medium,Can you share an experience where your ability to listen actively helped resolve a conflict,during a project two team members had a disagreement about the direction of the design  i actively listened to both of their perspectives without interrupting and paraphrased their concerns to ensure i fully understood both sides  after hearing them out i facilitated a discussion where they could express their ideas in a more collaborative manner  by showing empathy and understanding i helped them find common ground and allowed them to come to a consensus which improved team cohesion and allowed the project to move forward smoothly 
Soft Skills,Motivation & Leadership,medium,What motivates you to do your best work Can you provide an example of a time when you had to advocate for your own ideas during a team meeting,i am motivated by the opportunity to contribute meaningfully to a project and the satisfaction of seeing the positive impact of my work  during a team meeting i once advocated for using a new marketing strategy that incorporated influencer partnerships  the team was hesitant but i provided databacked examples and explained how it would help us reach a younger demographic  after discussing the potential roi and addressing concerns the team agreed to try the strategy  it resulted in a     increase in engagement and was wellreceived by the client 
Soft Skills,Time Management & Stress Management,medium,How do you handle tight deadlines especially when managing multiple projects,when managing tight deadlines i break down each project into smaller manageable tasks and allocate specific time blocks to work on them  i prioritize tasks based on urgency and importance focusing on highpriority projects first  i also communicate clearly with my team to ensure expectations are aligned and if necessary i delegate tasks to ensure all deadlines are met  additionally i manage stress by staying organized and taking short breaks when needed to maintain focus and productivity throughout the day 
Soft Skills,Initiative & Commitment,medium,Tell us about a time when you went above and beyond to complete a project.,during a project to develop a new feature for our product we faced unexpected technical challenges that threatened to delay the delivery  i volunteered to stay late and work with the engineering team to resolve the issue  i also took on additional responsibilities such as preparing the client presentation while ensuring my team had the support they needed  by taking proactive steps and going beyond my regular duties we were able to deliver the feature on time and the client was impressed with the result 
Soft Skills,DecisionMaking & Prioritization,medium,What would you do if you were given 5 tasks to complete by the end of the week but knew there were 5 other tasks you could complete that would be more impactful for the company,in this situation i would evaluate each task s potential impact on the company  i would prioritize the tasks that align most closely with the company s immediate objectives and longterm goals  i would also consider consulting with my supervisor or manager to ensure alignment with the company s priorities  if necessary i d delegate less critical tasks or request extensions on tasks that could be postponed  by focusing on tasks that create the most value i ensure that my efforts contribute meaningfully to the organization 
Soft Skills,Time Management,medium,How do you prioritize tasks when everything seems urgent,when everything seems urgent i start by assessing the impact of each task  i categorize tasks by their urgency and importance using a priority matrix  i focus first on tasks that are both urgent and important ensuring those are handled immediately  for the remaining tasks i set realistic deadlines and focus on those that will drive the most value or prevent larger problems down the line  if necessary i communicate with stakeholders to adjust expectations and ensure that the highest priorities are addressed first 
Soft Skills,Interpersonal Skills & Communication,medium,Tell me about the most challenging person you have ever interacted with.,the most challenging person i interacted with was a colleague who was very set in their ways and resistant to new ideas  they often shut down suggestions during team meetings without considering alternative approaches  i handled this by acknowledging their expertise and offering my suggestions respectfully  i also made sure to present data or examples that supported my ideas  over time they became more open to discussions and we were able to work more collaboratively 
Soft Skills,Team Collaboration & Conflict Resolution,medium,When working on a team describe a time when one person was not doing their share of the work. What did you do,in a previous project one of the team members was consistently missing deadlines which was slowing down the progress of the entire team  instead of allowing frustration to build i approached the team member privately to ask if there were any challenges they were facing  it turned out they were overwhelmed with other tasks so i worked with them to redistribute some of their workload  i also set up regular checkins to ensure they stayed on track  this open communication helped resolve the issue without affecting team morale 
Soft Skills,Adaptability,medium,Give me an example of when you had to adjust to a change at work.,in my previous role the company underwent a significant restructuring which led to changes in team dynamics and project priorities  i had to quickly adapt to new roles and responsibilities  to manage the change i took the initiative to learn about the new team structure communicated openly with my manager to clarify expectations and made an effort to understand how the changes affected our overall goals  this adaptability allowed me to adjust quickly and continue delivering successful outcomes for the company 
Soft Skills,Career Fit & Priorities,medium,Name three of your most important considerations when working for an employer.,the three most important considerations for me are  a positive and supportive company culture opportunities for growth and professional development and alignment with the organization s values and mission  i want to work for a company where i can contribute meaningfully feel supported in my career development and work in an environment that values collaboration and mutual respect 
Soft Skills,Career Development,medium,What are your shortterm career goals,my shortterm career goals are to further develop my skills in  specific area  and take on more responsibility in project management  i also aim to build stronger leadership skills either by taking on mentoring roles or leading smaller teams which will prepare me for a future in senior management  i am committed to continuously learning and growing in my role and contributing to the company s success 
Soft Skills,Handling Feedback,medium,Your team lead tells you you’ve done a poor job. How do you respond,i listen carefully ask for specifics and adjust my approach 
Soft Skills,Strategic Planning,medium,How do you set longterm goals for your team How do you evaluate performances,i set measurable objectives and review progress using clear metrics 
Soft Skills,DecisionMaking,medium,What do you do if you realize you’ve made a bad or wrong decision,i acknowledge the mistake learn from it and adjust my approach 
Soft Skills,Time Management,medium,What are your general thoughts about meetings/documentation,i believe that meetings and documentation are vital for clear communication and patient safety especially in a medical setting  however it s important that meetings are efficient and focused with clear objectives and action points  documentation while timeconsuming is crucial for continuity of care and legal purposes  i make it a priority to complete necessary documentation accurately and on time while also ensuring that meetings are productive and contribute to improving patient care and team collaboration 
Soft Skills,Teamwork,medium,In your dream job scenario describe the nature of most of your interactions with colleagues.,in my dream job i envision a collaborative environment where most interactions with colleagues are constructive and aimed at patientcentered care  i d engage in regular discussions to brainstorm ideas solve problems and support each other s professional growth  these interactions would be built on mutual respect clear communication and a shared commitment to providing the best care  feedback would be encouraged and i d love to see an environment where teamwork is at the forefront 
Soft Skills,SelfAwareness,medium,What personality type is challenging for you to be around Or what behaviors are irritating to you,i find it challenging to work with individuals who are overly rigid and unwilling to consider alternative perspectives or feedback  i value open communication and constructive criticism so i prefer working with people who are collaborative and openminded  while i understand that everyone has their own working style i believe that flexibility and the willingness to adapt lead to better team outcomes and personal growth 
Soft Skills,SelfAwareness,medium,What’s the biggest misconception your coworkers have about you and why do they think that,a common misconception is that i am overly focused on getting things done quickly which can sometimes come off as impatience  in reality i strive for efficiency because i want to maximize my time for learning and patient care  however i ve worked on balancing speed with thoroughness and i now take extra care to communicate my intentions more clearly to my team to ensure we are aligned in our approach 
Soft Skills,Decision Making,medium,What would make you choose our company over others,i would choose your program because of its reputation for providing excellent clinical training fostering a collaborative environment and offering strong mentorship opportunities  i value working in a program where residents are encouraged to learn grow and contribute to patient care  additionally i am drawn to the program s focus on both professional development and personal wellbeing 
Soft Skills,Personal Development,medium,What’s the most interesting thing about you that’s not on your resume,one of the most interesting things about me is my passion for creative writing  i enjoy writing short stories and poetry in my free time  this hobby has helped me develop my communication skills as it encourages me to think critically about how i express ideas and emotions  it also provides a great outlet for stress relief which is important in maintaining a healthy worklife balance 
Soft Skills,Interpersonal Skills,medium,Tell me about a time when you built a good relationship with someone you didn’t particularly like.,i focused on shared goals and mutual respect to overcome our differences 
Soft Skills,Interpersonal Skills,medium,Describe how you would communicate difficult or unpopular information to someone.,i present facts clearly and empathetically while explaining the reasons 
Soft Skills,DecisionMaking,medium,Give an example of when you’ve had to make a decision under pressure. How did you deal with it,i quickly assessed the risks and chose the best available option 
Soft Skills,Handling Stress,medium,What are good ways of preventing things from getting too stressful in the first place,proper planning and maintaining balance help prevent stress 
Soft Skills,Conflict Resolution,medium,How would you calm a colleague down if you could see that their anger was likely to cause trouble,i d speak calmly and help refocus the conversation on solutions 
Soft Skills,Conflict Resolution,medium,Give me an example of when you have successfully resolved a conflict in a professional situation.,i facilitated an open dialogue that led to a mutually acceptable solution 
Soft Skills,Handling Feedback,medium,How do you prefer to get feedback from your manager: through formal performance reviews or daily/weekly meetings Why,i prefer regular feedback so i can continuously improve 
Soft Skills,Handling Feedback,medium,Give an example of a time when you used feedback to improve your performance.,i changed my work process based on feedback and achieved better results 
Soft Skills,Collaboration & Recognition,medium,Give me an example of a time when someone else provided you a solution to a problem or situation that you would not have been able to arrive at yourself. Did you give credit to the other person How,in a project we faced a technical issue that i couldn t solve due to a lack of expertise in that area  one of my colleagues who had more experience with the software suggested a unique solution that i hadn t considered  i immediately gave them credit during team meetings acknowledging their expertise and contribution  i also made sure to share the solution with leadership highlighting my colleague s innovative approach which ultimately saved us time and resources  this recognition helped foster a collaborative environment and reinforced the value of teamwork 
Soft Skills,Communication,medium,Tell me about a time when you had to adjust to a colleague’s working style in order to complete a project or achieve your outcomes.,during my clinical rotations i worked with a colleague who had a more methodical and detailoriented approach to patient care while i tended to focus on efficiency  initially this led to some challenges in coordinating tasks  however i recognized the value in his thoroughness and we discussed how we could combine our approaches  by taking the time to listen and adjust we were able to deliver highquality patient care while maintaining a smooth workflow  the experience reinforced the importance of being flexible and learning from others  strengths 
Soft Skills,Initiative,medium,Recall a time when you were assigned a task outside of your job description. How did you handle the situation What was the outcome,during a busy shift i was asked to help with organizing patient files in addition to my clinical duties  although it wasn t within my usual responsibilities i recognized that the task was important for the smooth operation of the department  i approached it by prioritizing my tasks completing the clinical duties first and then dedicating time to assist with the files  the outcome was that the team was able to maintain a high level of efficiency and i received positive feedback for being adaptable and willing to support my colleagues 
Soft Skills,Innovation,medium,Describe a situation in which you embraced a new system process technology or idea at work that was a major departure from the old way of doing things.,in my clinical rotations the hospital implemented a new electronic health record ehr system  initially i was accustomed to the old system and found the transition challenging  however i dedicated time to learn the new system and participated in training sessions  eventually i realized how much more efficient and streamlined the new system was especially when it came to accessing patient data quickly  this experience taught me that embracing change though difficult initially can lead to greater efficiency and improvement in patient care 
Soft Skills,Adaptability,medium,Tell me about a time when you were asked to do something you had never done before. How did you react What did you learn,during my clinical rotations i was asked to assist in a procedure i had never been involved in before  i was initially nervous but i approached the situation with an open mind eager to learn  i shadowed my senior asked questions and reviewed the procedure beforehand  by the end i successfully assisted with the procedure which helped me realize the importance of being proactive in learning new tasks and seeking guidance when necessary  this experience taught me the value of stepping out of my comfort zone to expand my skills 
Soft Skills,Presentation Skills,medium,What would you do if you noticed that your audience looked bored during a meeting,i d adjust my tone and engage them with questions 
Soft Skills,Interviewing Skills,medium,If you were an interviewer what do you think the three most important criteria would be for hiring someone for this position,i would prioritize a candidate s technical expertise cultural fit and potential for growth and adaptability within the company 
Soft Skills,Expectation Management,medium,What do you expect from a job with us,i expect to work in a dynamic and supportive environment that values continuous learning offers opportunities for growth and aligns with my passion for technology 
Soft Skills,Value Proposition,medium,What contributions could you make to our organization,with my skills in data analysis and project management i could contribute to optimizing processes driving innovation and enhancing team productivity 
Soft Skills,Personal Insight,medium,Tell me one thing that is not on your resume that I should know,i am fluent in spanish which has helped me in several projects involving international teams 
Soft Skills,WorkLife Balance,medium,What do you do outside of work,outside of work i enjoy hiking reading about emerging technologies and volunteering at the local community center 
Soft Skills,Career Planning,medium,Where do you see yourself in 5 years,in five years i see myself in a managerial role within your organization leading projects that align with your strategic goals and mentoring junior team members 
Soft Skills,Project Management,medium,What has been your favorite project to work on,my favorite project was developing a new analytics tool that improved our team s efficiency by      it was challenging but extremely rewarding 
Soft Skills,Honesty,medium,Have you ever felt like you are not qualified for a job assigned to you,yes and it motivates me to learn and improve 
Soft Skills,Confidence,medium,What do you do to increase your confidence in situations where it is lacking,i prepare thoroughly and seek constructive feedback 
Soft Skills,Confidence,medium,Have you ever done something at work by believing in yourself although your coworkers or bosses told you not to do it,yes i trusted my judgment and it led to success 
Soft Skills,DecisionMaking,medium,What do you find are the most difficult decisions to make,decisions that impact people s lives are always the toughest 
Soft Skills,Conflict Resolution,medium,How do you handle situations where your suggestions or recommendations are heard but ultimately not approved,i value diverse perspectives and understand that not all suggestions can be implemented  i focus on learning from these situations to refine future recommendations 
Soft Skills,SelfImprovement,medium,Tell us about a time you received constructive criticism: what was said what did you do to correct the situation and how did you feel,in my last role my manager suggested improving my public speaking skills  i took a course and practiced diligently which boosted my confidence and effectiveness in presentations 
Soft Skills,Educational Experience,medium,While you were in university which courses did you get the most out of Why,i particularly enjoyed my courses in data analysis and project management  they taught me how to approach complex problems systematically and work effectively in team settings 
Soft Skills,Negotiation,medium,What are your salary expectations,based on my research and understanding of the role s responsibilities i would expect a salary in the range of  x to  y but i m open to discussing this further based on the total compensation package 
Soft Skills,Career Growth,medium,What are your career aspirations,my longterm goal is to grow into a leadership role where i can contribute to strategic decisions and mentor others continually pushing for innovation and excellence in my field 
Soft Skills,Cultural Fit,medium,Why do you want to work for this company / Why are you a good fit for this company,i am drawn to your company s innovative approach and strong values  my background in technology and passion for sustainability align perfectly with your mission making me a great fit for your team 
Soft Skills,Conflict Resolution,medium,Tell me about the last argument you had with someone. If they say they don’t argue or it’s too personal what was the last disagreement you had with someone,i believe in resolving conflicts professionally and respectfully  the last disagreement i had was regarding a clinical approach during a case discussion  we had differing opinions on the best course of treatment but we were able to sit down share our perspectives and discuss the evidence supporting each approach  ultimately we reached a consensus by considering the patient s best interest  i learned that listening actively and remaining open to other perspectives leads to constructive outcomes 
Soft Skills,Organizational Understanding,medium,Describe the operations of your organization.,my current organization operates in the tech sector focusing on software development and digital solutions  we have agile teams working on various projects supported by a robust operational framework that emphasizes efficiency and innovation  we follow a project management system that allows for rapid delivery and adaptability in an everevolving industry 
Soft Skills,Conflict Resolution,medium,How do you resolve team conflicts,i address conflicts by fostering open communication and encouraging team members to express their viewpoints  i mediate to find a mutually agreeable solution ensuring that the team s cohesion and productivity are maintained  my approach involves listening actively understanding each person s concerns and facilitating a collaborative solution that aligns with the team s goals 
Soft Skills,Goal Setting,medium,How do you deal with setting objectives and team deliverables,i set clear achievable objectives aligned with our strategic goals  i involve the team in the planning process ensuring everyone understands their role in achieving these deliverables  i believe in setting both shortterm and longterm goals ensuring accountability while being flexible in adapting to any changes in priorities 
Soft Skills,Innovation,medium,Give an example of a time that you improved or optimized a process that was outdated.,i identified an outdated inventory management system that was causing inefficiencies  by implementing a new automated system we reduced errors by     and improved overall inventory turnover  i also trained the team on the new system ensuring a smooth transition and continued improvements in our operational workflow 
Soft Skills,Leadership,medium,How would those whom you’ve mentored or managed describe you,people i ve mentored would likely describe me as approachable supportive and challenging  i believe in empowering my team while providing them with the guidance and resources they need to succeed  i encourage their personal development by providing constructive feedback and opportunities for growth fostering a collaborative environment 
Soft Skills,Leadership,medium,Would you describe yourself as a leader Please give an example of a time that you showed leadership in a role.,yes i see myself as a leader  for instance in my last role i led a crossfunctional team in a companywide digital transformation project which successfully enhanced operational efficiency and employee engagement  i ensured open communication within the team set clear goals and supported them in overcoming challenges ultimately achieving project success 
Soft Skills,Leadership,medium,How many staff do you have,in my current role i oversee a team of    professionals including managers technical staff and support personnel  i m responsible for ensuring that the team functions cohesively with clearly defined roles and responsibilities enabling them to meet project deadlines and exceed performance targets 
Soft Skills,Motivation,medium,Tell me about a time in the last week when you’ve been satisfied energized and productive at work. What were you doing,last week i was part of a team managing a complex case in the emergency department  we successfully stabilized the patient coordinated with specialists and provided clear communication to the family  the sense of teamwork the challenge of the case and the positive outcome left me feeling energized and satisfied  it reminded me of the rewarding nature of healthcare and reinforced my passion for the field 
Soft Skills,Time Management,medium,What are the three things that are most important to you in a job,the three most important things to me in a job are opportunities for professional growth a collaborative work environment and the ability to make a meaningful impact on patient care  i value working in a setting where i can continue learning from experienced mentors and colleagues where teamwork is prioritized and where i can contribute to improving patient outcomes 
Soft Skills,Change Management,medium,Tell me about a time where you initiated change in an organization.,i initiated a shift to agile methodologies in my previous role  recognizing the need for more flexibility in our project management i proposed this change led the training and oversaw the transition which resulted in improved project turnaround times 
Soft Skills,Organizational Understanding,medium,Describe the operations of your organization.,my current organization operates in the tech sector focusing on software development and digital solutions  we have agile teams working on various projects supported by a robust operational framework that emphasizes efficiency and innovation  we follow a project management system that allows for rapid delivery and adaptability in an everevolving industry 
Soft Skills,Conflict Resolution,medium,How do you resolve team conflicts,i address conflicts by fostering open communication and encouraging team members to express their viewpoints  i mediate to find a mutually agreeable solution ensuring that the team s cohesion and productivity are maintained  my approach involves listening actively understanding each person s concerns and facilitating a collaborative solution that aligns with the team s goals 
Soft Skills,Goal Setting,medium,How do you deal with setting objectives and team deliverables,i set clear achievable objectives aligned with our strategic goals  i involve the team in the planning process ensuring everyone understands their role in achieving these deliverables  i believe in setting both shortterm and longterm goals ensuring accountability while being flexible in adapting to any changes in priorities 
Soft Skills,Innovation,medium,Give an example of a time that you improved or optimized a process that was outdated.,i identified an outdated inventory management system that was causing inefficiencies  by implementing a new automated system we reduced errors by     and improved overall inventory turnover  i also trained the team on the new system ensuring a smooth transition and continued improvements in our operational workflow 
Soft Skills,Leadership,medium,How would those whom you’ve mentored or managed describe you,people i ve mentored would likely describe me as approachable supportive and challenging  i believe in empowering my team while providing them with the guidance and resources they need to succeed  i encourage their personal development by providing constructive feedback and opportunities for growth fostering a collaborative environment 
Soft Skills,Leadership,medium,Would you describe yourself as a leader Please give an example of a time that you showed leadership in a role.,yes i see myself as a leader  for instance in my last role i led a crossfunctional team in a companywide digital transformation project which successfully enhanced operational efficiency and employee engagement  i ensured open communication within the team set clear goals and supported them in overcoming challenges ultimately achieving project success 
Soft Skills,Career Vision,medium,If we hired you what is the top position you see yourself holding,if i were to join your team i aspire to eventually reach a senior leadership role where i can significantly contribute to the company s strategic direction and success 
Soft Skills,Time Management,medium,How do you prioritize tasks with multiple deadlines approaching,i use my calendar and project management system to organize my tasks  when i worked as a project manager i created sections within the project management system to organize which tasks each department worked on  i used my calendar to compartmentalize my time between client calls and work on administrative tasks which i added to the project management system as well  i plan to use the same setup in my next job so i know when multiple deadlines occur and know the measures to take to mitigate risk 
Soft Skills,Leadership,medium,Share a time you managed your team through difficult situations.,i worked for a web development company and our team needed to complete a design for a client s website by the end of the month  the ux designer and the senior web developer disagreed on the final changes to the landing page  our team fell one week behind on the project  i scheduled a meeting the next day and they both came to an agreement on the design and we managed to deliver it to the client on time  addressing problems quickly is an important part of being a manager and i think i can use my judgment from this situation to excel in this role 
Soft Skills,Problem Solving,medium,Tell me about a time you faced a major obstacle in moving forward with a project or goal. What was the obstacle What did you do,during a product launch we faced a major supply chain disruption that threatened to delay the timeline  i quickly negotiated with alternative suppliers and restructured the project timeline to accommodate the changes  i communicated the adjusted plan to stakeholders and kept the team focused on the revised deadlines  this proactive approach helped us overcome the obstacle and launch the product successfully on schedule 
Soft Skills,Adaptability,medium,Describe a time when you were asked to do something you’ve never done before. What did you do,i was once tasked with leading a digital marketing campaign a field i was unfamiliar with  i quickly upskilled myself through online courses and sought advice from experienced colleagues  i leveraged my existing project management skills and applied them to the new domain which led to the successful execution of the campaign  this experience taught me how to learn on the go and adapt to new challenges 
Soft Skills,Conflict Resolution,medium,What do you do when a decision is being made that you disagree with,when i disagree with a decision i first seek to understand the rationale behind it  if i still have concerns i present my viewpoint backed with data or alternatives  i ensure that the discussion is respectful and constructive  ultimately i respect the final decision and work towards its successful implementation understanding that diverse perspectives are essential in decisionmaking 
Soft Skills,Project Management,medium,Tell me about a successful project you took part in. What was your role In your opinion what made the project successful,i played a key role in a market research project  my responsibility was data analysis and reporting  the project s success was due to thorough planning a collaborative team effort and our ability to adapt to changing market trends  we were able to generate actionable insights that directly informed the company s strategic decisions leading to increased market share 
Soft Skills,Problem Solving,medium,Tell me about a time you faced a major obstacle in moving forward with a project or goal. What was the obstacle What did you do,during a product launch we faced a major supply chain disruption that threatened to delay the timeline  i quickly negotiated with alternative suppliers and restructured the project timeline to accommodate the changes  i communicated the adjusted plan to stakeholders and kept the team focused on the revised deadlines  this proactive approach helped us overcome the obstacle and launch the product successfully on schedule 
Soft Skills,SelfReflection,medium,What is your biggest strength Weakness,my biggest strength is my problemsolving ability and my weakness is sometimes being too detailoriented which i m actively working to balance 
Soft Skills,Independent DecisionMaking & Responsibility,medium,Highlight a scenario where you had to make an informed decision without managerial supervision. How did you approach this and who else did you speak with,while managing a client project i had to make a decision on how to proceed after an unexpected issue arose and my manager was unavailable  i reviewed all available data consulted with team members who had relevant expertise and considered the potential risks and benefits  after gathering all necessary information i made an informed decision that aligned with the project s objectives  i followed up with my manager afterward to ensure the decision was in line with company goals 
Soft Skills,Negotiation & Career Management,medium,What are your salary expectations for this position,based on my research and understanding of the role s responsibilities i would expect a salary in the range of  x to  y  however i am flexible and open to discussing the full compensation package including benefits and growth opportunities to ensure a mutually beneficial arrangement 
Soft Skills,Communication & ProblemSolving,medium,Can you describe a situation where effective communication helped you handle a difficult task or project,during a project where we were integrating a new software system there was a lot of confusion and resistance from the team due to unfamiliarity with the software  i organized regular team meetings to clarify concerns and provided clear stepbystep guides on how to navigate the system  i also created an open channel for questions and feedback  by maintaining transparent and consistent communication the team felt more confident and the project was completed on time with minimal disruptions 
Soft Skills,Leadership & Motivation,medium,Have you ever had to convince a team to work on a project they were not enthusiastic about How did you manage that,yes i was tasked with leading a project that my team initially felt was not aligned with their interests  i started by explaining the importance of the project how it aligned with the company s longterm goals and how it could benefit them in terms of skill development  i also made sure to involve the team in the planning process allowing them to voice their opinions and suggestions  by aligning the project with their professional goals and ensuring everyone had a stake in its success i was able to shift their perspective and motivate them to put in their best effort 
Soft Skills,Time Management & Accountability,medium,Have you ever fallen behind schedule What caused the delay and how did you handle it,yes during a project where i was coordinating with external vendors we faced delays due to unforeseen supply chain issues  i quickly communicated with the client to manage their expectations and updated the team on the situation  i reassessed our timeline and adjusted tasks to make up for the lost time  additionally i implemented a more rigorous tracking system for future projects to avoid similar delays  this experience taught me the importance of proactive communication and contingency planning 
Soft Skills,Multitasking & Prioritization,medium,Describe a situation when you had to juggle multiple tasks simultaneously. How did you prioritize,in my previous role i had to manage multiple marketing campaigns for different clients each with its own deadlines  to juggle these tasks i created a master calendar that highlighted the key deadlines for each campaign  i used colorcoded labels to indicate priority and urgency which helped me see what needed immediate attention  i also delegated tasks to team members based on their strengths which allowed me to focus on critical areas  by staying organized and adjusting priorities as needed i was able to meet all deadlines and ensure highquality work for each client 
Soft Skills,Time Management & Organization,medium,How do you organize your workday to ensure you meet all your deadlines,to organize my workday effectively i start by reviewing my todo list and setting priorities for the day based on deadlines and importance  i break down larger tasks into smaller more manageable steps and allocate specific time blocks to work on each task  i use project management tools to track progress and set reminders for upcoming deadlines  at the end of the day i review my progress and adjust my plan for the following day ensuring that i stay on track and meet all deadlines 
Soft Skills,Leadership & Conflict Resolution,medium,Can you share an experience where you had to manage a conflict within your team How did you resolve it,in a previous team project two team members had a disagreement about how to approach a critical task  instead of letting the conflict escalate i organized a private meeting with them to understand the root of their disagreement  i ensured both parties had the opportunity to voice their concerns and then i guided the discussion toward finding a solution that aligned with the project s goals  after the conversation we developed a revised plan that integrated elements from both perspectives  this resolution improved their relationship and helped the team stay focused on achieving the project s objectives 
Soft Skills,ProblemSolving,medium,Describe a situation where you identified a problem others had overlooked. How did you resolve it,during a project i noticed that we were running low on a critical resource which had been overlooked by the team  i immediately flagged the issue to the project manager and suggested we source the material from a different supplier to avoid delays  i then took responsibility for researching alternative options and coordinated with the team to place the new order  by addressing the problem early we avoided significant delays and the project was completed on time 
Soft Skills,Team Support & Leadership,medium,What do you do if you notice a teammate is overwhelmed or struggling with their workload,if i notice a teammate is struggling i first approach them privately to offer support and ask if they need help  i listen to their concerns and offer assistance where i can whether it s by helping with some of their tasks or helping them organize their workload  i also encourage open communication with the rest of the team and suggest redistributing tasks if necessary to ensure everyone is managing their responsibilities effectively  my goal is to create an environment where no one feels overwhelmed and everyone can contribute to the best of their ability 
Soft Skills,Team Building & Leadership,medium,If you had to build a team to work with what are some of the characteristics you would look for in those team members,i would look for team members who possess strong communication skills a collaborative mindset and a willingness to learn  it s important to have diverse skill sets on the team but equally important is the ability to work well with others and share knowledge  i value individuals who can think critically offer creative solutions and remain flexible in the face of challenges  a positive attitude and strong work ethic are also essential to maintaining a productive and motivated team 
Soft Skills,Conflict Resolution,medium,How do you handle conflicts within a team Provide an example from your past.,when conflicts arise within a team i address them promptly by creating an open environment for discussion  i ensure all parties involved feel heard and understood  for example during a project two team members had differing opinions on how to approach a task  i brought them together in a neutral space encouraged them to express their concerns and helped them find common ground  by facilitating a constructive conversation we were able to come to a resolution that satisfied everyone and allowed the project to move forward smoothly 
Soft Skills,Leadership,medium,What do you believe is the most challenging aspect of leadership,the most challenging aspect of leadership is balancing the needs of the team with the demands of the organization  leaders must ensure that their team is motivated supported and given opportunities for growth while also meeting organizational goals and maintaining productivity  it requires constant communication empathy and adaptability to ensure that everyone s needs are addressed and the overall objectives are met 
Soft Skills,Interpersonal Skills,medium,How would your past coworkers describe your interactions with them Why would they describe them this way,my coworkers would likely describe me as approachable and supportive  i always strive to be a good listener and offer help where needed which has fostered a positive and collaborative working relationship with my team 
Soft Skills,Initiative,medium,Tell me when you went above and beyond the call of duty,i went above and beyond when i voluntarily took on the responsibility of mentoring new hires in addition to my regular duties  this not only helped them acclimate faster but also improved our team s overall performance and morale 
Soft Skills,Achievement Reflection,medium,What were the biggest wins in your most recent role,in my last role my biggest win was leading a project that resulted in a     increase in customer satisfaction and a     increase in sales  this success stemmed from a new customer engagement strategy i developed and implemented 
Soft Skills,Conflict Resolution,medium,How do you handle situations when you disagree with a colleague or supervisor’s decision,when i disagree with a decision i first make sure to understand the reasoning behind it  if i still feel strongly i respectfully present my perspective supported by facts or alternative suggestions  i always ensure that the conversation remains professional and i trust the final decision focusing on executing it well 
Soft Skills,Communication,medium,Share an example of a time when you had to present complex data or findings to a nontechnical audience.,i presented market analysis data to a group of nontechnical stakeholders  i simplified the data by using visual aids like graphs and charts and focused on the key insights avoiding technical jargon  i also related the data to their specific business concerns making it easier for them to understand and act upon 
Soft Skills,Communication,medium,How do you ensure that important information is effectively conveyed to team members especially in a fastpaced work environment,i use clear concise communication and leverage digital tools like shared calendars and project management software  in fastpaced environments i send regular updates hold brief daily checkins and prioritize information by urgency ensuring that the team is always aligned and can quickly act on important tasks 
Soft Skills,Conflict Resolution,medium,Describe a time when you successfully mediated a conflict between team members or colleagues.,two colleagues were in disagreement over the direction of a project  i facilitated a meeting where both sides could express their views  by focusing on the project s goals and encouraging compromise i helped them agree on a solution that incorporated both perspectives  this improved team cohesion and led to successful project delivery 
Soft Skills,Communication,medium,How do you adapt your communication style when interacting with different personality types or cultural backgrounds,i assess the situation and tailor my communication based on the person s preferred style  for example with a more direct communicator i ll be concise and to the point while with someone who values relationshipbuilding i ll focus more on rapport  i also ensure that i m mindful of cultural nuances like understanding different communication norms and values 
Soft Skills,Adaptability,medium,Describe a time when you were asked to do something you’ve never done before. What did you do,i was once tasked with leading a digital marketing campaign a field i was unfamiliar with  i quickly upskilled myself through online courses and sought advice from experienced colleagues  i leveraged my existing project management skills and applied them to the new domain which led to the successful execution of the campaign  this experience taught me how to learn on the go and adapt to new challenges 
Soft Skills,Conflict Resolution,medium,What do you do when a decision is being made that you disagree with,when i disagree with a decision i first seek to understand the rationale behind it  if i still have concerns i present my viewpoint backed with data or alternatives  i ensure that the discussion is respectful and constructive  ultimately i respect the final decision and work towards its successful implementation understanding that diverse perspectives are essential in decisionmaking 
Soft Skills,Project Management,medium,Tell me about a successful project you took part in. What was your role In your opinion what made the project successful,i played a key role in a market research project  my responsibility was data analysis and reporting  the project s success was due to thorough planning a collaborative team effort and our ability to adapt to changing market trends  we were able to generate actionable insights that directly informed the company s strategic decisions leading to increased market share 
Soft Skills,Leadership,medium,How many staff do you have,in my current role i oversee a team of    professionals including managers technical staff and support personnel  i m responsible for ensuring that the team functions cohesively with clearly defined roles and responsibilities enabling them to meet project deadlines and exceed performance targets 
Soft Skills,Interpersonal Skills,medium,What kind of people do you have trouble interacting with How do you deal with them,i sometimes find it challenging to interact with highly resistant individuals  i deal with them by trying to understand their perspective finding common ground and communicating in a clear respectful manner 
Soft Skills,SelfReflection,medium,Tell me about a time when you tried to help someone but felt ineffective.,i once tried to help a colleague with a project but realized my approach didn t align with their working style  i learned the importance of adapting my support to better suit individual needs and preferences 
Soft Skills,Teamwork and Leadership,medium,What are the most important qualities you look for in teammates Your manager Why,in teammates i value reliability and openmindedness  for managers i appreciate transparency and decisiveness  these qualities foster a trustworthy and dynamic work environment that encourages growth and effective collaboration 
Soft Skills,Emotional Intelligence,medium,Share an experience when you drew someone out of a funk and helped them overcome a challenge.,a team member was struggling with low morale due to personal issues  i scheduled regular checkins provided flexible work options and offered encouragement  this support helped them regain focus and overcome their challenges positively impacting their work 
Soft Skills,SelfPromotion & Career Fit,medium,Why are you the right applicant for the position Why should we hire you,i believe i m the right fit for this position because my skills and experience align closely with the role s requirements  i have a strong background in  relevant field  excellent problemsolving abilities and a proven track record of successfully managing projects and teams  additionally i m highly adaptable and eager to take on new challenges  i am confident that my strengths will allow me to contribute positively to your team and the company s success 
Soft Skills,Career Development,medium,Where do you see yourself in five years,in five years i see myself in a leadership role guiding a team and contributing to the strategic direction of the company  i aim to have further developed my technical and managerial skills and i would like to mentor junior team members  i m excited to continue learning and growing within this organization taking on more responsibilities and helping the company achieve its longterm goals 
Soft Skills,SelfImprovement,medium,What is your greatest weakness,my greatest weakness is that i sometimes take on too much responsibility and try to handle tasks independently  i ve learned that this can lead to unnecessary stress so i ve been actively working on delegating tasks more effectively and trusting my team  this has helped me become more efficient and focus on higherpriority tasks 
Soft Skills,Leadership,medium,Describe a time when you had to communicate a strategic vision or longterm plan to your team or colleagues.,i once led a teamwide strategy session to communicate a new longterm plan for market expansion  i explained the vision outlined the goals and broke down the individual tasks  i also addressed potential challenges and reassured the team of the support they would have  this transparency ensured buyin and alignment with the plan 
Soft Skills,Communication,medium,How do you leverage different communication channels such as email phone and facetoface meetings based on the nature of the message and the recipient,i choose the communication channel based on the urgency and complexity of the message  for quick updates i prefer email or messages  for more indepth discussions i opt for phone calls or inperson meetings  if it s a sensitive issue i prefer facetoface communication to ensure clarity and empathy 
Soft Skills,Interpersonal Skills,medium,Describe a time when you had to communicate with a difficult or challenging individual and how did you handle it,i had to work with a difficult client who was often dissatisfied no matter the outcome  i remained calm listened attentively and empathized with their concerns  by offering proactive solutions and setting clear expectations i was able to turn the situation around and develop a more positive working relationship 
Soft Skills,Leadership,medium,How do you ensure that all team members are aligned with project goals and expectations through effective communication,i ensure alignment by setting clear expectations at the start providing regular updates and encouraging open communication  i hold periodic checkins to address any challenges and provide feedback  additionally i make sure everyone understands their individual role and how it contributes to the larger project goal 
Soft Skills,Communication,medium,Describe a time when you had to deliver a compelling presentation to influence stakeholders or decisionmakers.,i once presented a proposal to senior management to implement a new tool for customer data analysis  to gain buyin i highlighted the tool s potential to streamline processes and demonstrated costbenefit analysis  i tailored my presentation to their priorities ensuring it was datadriven and actionable which led to approval 
Soft Skills,Conflict Resolution,medium,How do you handle situations when you disagree with a colleague or supervisor’s decision,when i disagree with a decision i first make sure to understand the reasoning behind it  if i still feel strongly i respectfully present my perspective supported by facts or alternative suggestions  i always ensure that the conversation remains professional and i trust the final decision focusing on executing it well 
Soft Skills,Communication,medium,Share an example of a time when you had to present complex data or findings to a nontechnical audience.,i presented market analysis data to a group of nontechnical stakeholders  i simplified the data by using visual aids like graphs and charts and focused on the key insights avoiding technical jargon  i also related the data to their specific business concerns making it easier for them to understand and act upon 
Soft Skills,Initiative,medium,When have you performed a task without preexisting experience,i served food and drinks at a concert hosted by my previous employer  the proceeds went to a food bank in the atlanta area  being in the sales department i had minimal experience working events but volunteering for this event allowed me to cultivate relationships with members of different departments  i think this event strengthened the company s culture and i would be happy to work these events again if hired for this position 
Soft Skills,Decision Making,medium,Describe a decision you made independently. Who did you consult,when my manager left me in charge of the marketing department for the day a client called me with an urgent request to speak with my manager  i told them that i can take the call on my manager s behalf  when i spoke with the client i took notes on an issue with the design of print deliverables sent by the marketing department earlier in the week  luckily they understood that i did not interface with them regularly and i told them i would give this information to my manager  i left a note on my manager s desk and relayed their comments to my manager in a department meeting on monday morning  my manager thanked me for taking the call and resolved the issue that day 
Soft Skills,Career Fit,medium,What are your top three priorities when choosing an employer,a great manager company culture and the ability to give feedback are three things i look for in a job  i put a lot of value on teamwork and collaboration because these qualities show that companies care about employees  performance and development  caring for employees  performance and development motivates me to shine and exceed expectations given by my manager  this company s emphasis on a strong company culture inspires me to excel in this role if given the opportunity 
Soft Skills,Conflict Resolution,medium,What are your actions if employees disagree with your decision,i believe in working with other employees who disagree with me to come up with a comprehensive solution  as a human resources manager i worked with my department on employee goals for the upcoming year and told my team to set production goals first before moving onto the training and development goals  an employee disagreed with my decision and cited performance statistics from the previous year  i spoke with the employee in my office and came to an agreement that they would work on brainstorming training and development goals while also working on production goals  i communicated this information to the team to ensure full transparency and that we remained proactive in setting the company s goals 
Soft Skills,Adaptability,medium,Share a time when unexpected results occurred. How did you adapt,while working as a marketing coordinator i spent months collaborating with the marketing manager on details for a charity basketball game  however it snowed the day of the game and all roads closed due to the weather  i moved the date of the event and coordinated with my manager and the host of the arena to ensure that we could move plans to the rescheduled date  building relationships with key contacts can help you succeed and i think my ability to work with people can serve me well with this company 
Soft Skills,Communication,medium,How do you explain unfamiliar topics to coworkers effectively,when i worked for a software company i had to explain the software s functionality to three new sales employees and why customers might want to buy it  despite the technical jargon related to software products i noted how each feature could affect their daily work lives if it did not function properly  the employees asked attentive questions about the product s usability so that they would be able to communicate it to prospective customers  i plan on using my ability to empathize with people to help them understand complex concepts like the software in this role 
Soft Skills,Interpersonal Skills,medium,Describe a time when you had to communicate with a difficult or challenging individual and how did you handle it,i had to work with a difficult client who was often dissatisfied no matter the outcome  i remained calm listened attentively and empathized with their concerns  by offering proactive solutions and setting clear expectations i was able to turn the situation around and develop a more positive working relationship 
Soft Skills,Leadership,medium,How do you ensure that all team members are aligned with project goals and expectations through effective communication,i ensure alignment by setting clear expectations at the start providing regular updates and encouraging open communication  i hold periodic checkins to address any challenges and provide feedback  additionally i make sure everyone understands their individual role and how it contributes to the larger project goal 
Soft Skills,Communication,medium,Describe a time when you had to deliver a compelling presentation to influence stakeholders or decisionmakers.,i once presented a proposal to senior management to implement a new tool for customer data analysis  to gain buyin i highlighted the tool s potential to streamline processes and demonstrated costbenefit analysis  i tailored my presentation to their priorities ensuring it was datadriven and actionable which led to approval 
Soft Skills,Time Management & Multitasking,medium,How do you organize yourself with various projects simultaneously,i organize myself with various projects by using project management tools like trello or asana to track tasks and deadlines  i prioritize tasks based on urgency and importance setting clear goals for each project  i also break down large tasks into smaller more manageable steps and review progress regularly to ensure i stay on track 
Soft Skills,Leadership,medium,Describe a time when you had to communicate a strategic vision or longterm plan to your team or colleagues.,i once led a teamwide strategy session to communicate a new longterm plan for market expansion  i explained the vision outlined the goals and broke down the individual tasks  i also addressed potential challenges and reassured the team of the support they would have  this transparency ensured buyin and alignment with the plan 
Soft Skills,Communication,medium,How do you leverage different communication channels such as email phone and facetoface meetings based on the nature of the message and the recipient,i choose the communication channel based on the urgency and complexity of the message  for quick updates i prefer email or messages  for more indepth discussions i opt for phone calls or inperson meetings  if it s a sensitive issue i prefer facetoface communication to ensure clarity and empathy 
Soft Skills,Interpersonal Skills,medium,Describe a time when you had to communicate with a difficult or challenging individual and how did you handle it,i had to work with a difficult client who was often dissatisfied no matter the outcome  i remained calm listened attentively and empathized with their concerns  by offering proactive solutions and setting clear expectations i was able to turn the situation around and develop a more positive working relationship 
Soft Skills,Leadership,medium,How do you ensure that all team members are aligned with project goals and expectations through effective communication,i ensure alignment by setting clear expectations at the start providing regular updates and encouraging open communication  i hold periodic checkins to address any challenges and provide feedback  additionally i make sure everyone understands their individual role and how it contributes to the larger project goal 
Soft Skills,Communication,medium,Describe a time when you had to deliver a compelling presentation to influence stakeholders or decisionmakers.,i once presented a proposal to senior management to implement a new tool for customer data analysis  to gain buyin i highlighted the tool s potential to streamline processes and demonstrated costbenefit analysis  i tailored my presentation to their priorities ensuring it was datadriven and actionable which led to approval 
Soft Skills,Conflict Resolution,medium,How do you handle situations when you disagree with a colleague or supervisor’s decision,when i disagree with a decision i first make sure to understand the reasoning behind it  if i still feel strongly i respectfully present my perspective supported by facts or alternative suggestions  i always ensure that the conversation remains professional and i trust the final decision focusing on executing it well 
Soft Skills,Leadership,medium,Share an example of a time when you had to provide constructive feedback to a colleague or team member.,i once had to give constructive feedback to a team member who was missing deadlines  i approached the situation by acknowledging their strengths followed by discussing areas for improvement  i suggested time management tools and offered support  the feedback was wellreceived and the team member s performance improved over the next few months 
Soft Skills,Communication,medium,How do you ensure that you actively listen during conversations or meetings,i make a conscious effort to maintain eye contact nod in acknowledgment and avoid distractions during conversations  i also paraphrase what others say to confirm my understanding which demonstrates active engagement and ensures that all perspectives are properly considered 
Soft Skills,Communication,medium,Describe a time when you had to explain a complex idea or process to someone with limited knowledge of the subject.,i was tasked with explaining a new software system to a nontechnical team member  i broke down the concepts into simple relatable terms used analogies and provided a visual guide  this helped them understand the system s function and how it would benefit their workflow leading to a smoother implementation 
Soft Skills,Communication,medium,How do you define effective communication and why is it crucial in the workplace,effective communication involves conveying messages clearly and ensuring that the receiver understands the information as intended  it is crucial in the workplace because it fosters collaboration reduces misunderstandings and ensures that tasks are completed efficiently and effectively  good communication leads to better team performance and stronger relationships between colleagues 
Soft Skills,Persuasion,medium,Tell me about a time in your life when you’ve had to influence a peer or superior to do something that they don’t initially believe in.,i once convinced my superior to adopt a new software that initially seemed costly  by presenting a detailed costbenefit analysis and showcasing its longterm efficiencies i was able to shift their perspective and the software significantly improved our workflow 
Soft Skills,Diversity and Inclusion,medium,How important is diversity to a team’s output Can you support your answer with a reallife example,diversity is crucial for a team s success  in a previous project having a diverse team with varied backgrounds led to more creative solutions and a broader understanding of our customer base which significantly improved our product s market fit 
Soft Skills,Client Relations,medium,How do you deal with difficult clients,i handle difficult clients by maintaining professionalism actively listening to their concerns and offering solutions that align with their needs while also considering the company s capabilities and policies 
Soft Skills,Communication,medium,Describe a time when you had to explain a complex idea or process to someone with limited knowledge of the subject.,i was tasked with explaining a new software system to a nontechnical team member  i broke down the concepts into simple relatable terms used analogies and provided a visual guide  this helped them understand the system s function and how it would benefit their workflow leading to a smoother implementation 
Soft Skills,Communication,medium,How do you define effective communication and why is it crucial in the workplace,effective communication involves conveying messages clearly and ensuring that the receiver understands the information as intended  it is crucial in the workplace because it fosters collaboration reduces misunderstandings and ensures that tasks are completed efficiently and effectively  good communication leads to better team performance and stronger relationships between colleagues 
Soft Skills,Communication,medium,How do you ensure that you actively listen during conversations or meetings,i make a conscious effort to maintain eye contact nod in acknowledgment and avoid distractions during conversations  i also paraphrase what others say to confirm my understanding which demonstrates active engagement and ensures that all perspectives are properly considered 
Soft Skills,Adaptability & Learning,medium,How would you react if you were asked to do something completely new,i would approach a completely new task with a positive attitude and an eagerness to learn  i d break the task down into manageable steps seek advice from colleagues or online resources and gradually build my understanding  i view new challenges as growth opportunities and enjoy the learning process 
Soft Skills,Time Management & Flexibility,medium,How do you rearrange your schedule when you get a new unplanned task,when a new unplanned task arises i reassess my priorities and adjust my schedule accordingly  i quickly determine the urgency of the new task and assess whether any deadlines can be shifted  if necessary i will delegate some tasks or adjust the time allocated to others to ensure the new task gets the attention it requires 
Soft Skills,Adaptability & Work Preferences,medium,Do you like routine work,i understand the value of routine work in creating efficiency and maintaining stability  however i also enjoy the variety that comes with new challenges  i m flexible and can adapt to both routine tasks that ensure smooth operations and more dynamic work that encourages problemsolving and growth 
Soft Skills,DecisionMaking & Analytical Skills,medium,How do you weigh the pros and cons before making a decision,i weigh the pros and cons by creating a list of potential benefits and drawbacks for each option  i consider both shortterm and longterm impacts and align the options with my goals or the organization s objectives  i also consult with stakeholders to gather diverse perspectives and ensure i m making the bestinformed decision 
Soft Skills,DecisionMaking & Critical Thinking,medium,What is the most challenging part of making a decision,the most challenging part of decisionmaking is balancing the potential risks and rewards  often decisions involve some level of uncertainty and it s important to carefully weigh the longterm consequences  gathering the right data and consulting with others can help reduce uncertainty and lead to better decisions 
Soft Skills,Accountability & ProblemSolving,medium,What would you do if you realized you had made a wrong decision,if i realized i had made a wrong decision i would first assess the situation to understand the consequences of my choice  i would take responsibility and communicate the issue to any affected parties  i would then work to correct the mistake either by adjusting my approach or collaborating with the team to implement a solution 
Soft Skills,Communication,medium,How do you ensure clear communication with team members who are not physically present,to ensure clear communication with remote team members i leverage various tools such as video conferencing instant messaging and collaborative platforms like slack and trello  i schedule regular checkins and virtual meetings to discuss progress and address any concerns  additionally i make it a point to document important discussions and decisions sharing them through accessible channels to ensure everyone is on the same page 
Soft Skills,Leadership,medium,Can you give an example of how you motivated a team or an individual,in a previous project our team faced a tight deadline and morale was low due to the intense workload  i organized a meeting to acknowledge the team s hard work and emphasized the project s significance and the positive impact it would have  i also introduced a reward system for reaching milestones  by recognizing individual contributions and providing small incentives i was able to boost motivation and enhance team performance leading to the successful completion of the project 
Soft Skills,Stress Management,medium,How do you maintain a positive attitude during stressful situations,maintaining a positive attitude during stressful situations involves focusing on solutions rather than problems  i practice mindfulness and take short breaks to clear my mind  by keeping the bigger picture in mind and reminding myself of past successes i stay motivated  i also communicate openly with my team providing support and encouragement to foster a collective positive outlook which helps mitigate stress 
Soft Skills,Problem Solving,medium,Describe a scenario where your problemsolving skills were put to the test.,during a major software rollout our team encountered a critical bug that caused the application to crash under specific conditions  this issue threatened the project s timeline and our client s satisfaction  i led a focused troubleshooting session coordinating with developers and qa engineers to isolate the problem  after identifying the root cause we implemented a patch and conducted rigorous testing to ensure the fix was stable  our quick systematic approach prevented a significant delay and maintained client trust 
Soft Skills,Communication,medium,How do you handle receiving constructive criticism,i handle constructive criticism by viewing it as an opportunity for growth  i listen carefully to the feedback ask clarifying questions if needed and reflect on how i can apply the suggestions to improve my performance  i thank the person providing the feedback and then i take actionable steps to address the areas of improvement  this approach not only helps me enhance my skills but also shows that i value and respect the perspectives of others 
Soft Skills,Leadership,medium,Describe a time when you had to communicate a strategic vision or longterm plan to your team or colleagues.,i once led a teamwide strategy session to communicate a new longterm plan for market expansion  i explained the vision outlined the goals and broke down the individual tasks  i also addressed potential challenges and reassured the team of the support they would have  this transparency ensured buyin and alignment with the plan 
Soft Skills,Communication,medium,How do you leverage different communication channels such as email phone and facetoface meetings based on the nature of the message and the recipient,i choose the communication channel based on the urgency and complexity of the message  for quick updates i prefer email or messages  for more indepth discussions i opt for phone calls or inperson meetings  if it s a sensitive issue i prefer facetoface communication to ensure clarity and empathy 
Soft Skills,Prioritization & Time Management,medium,You have over 500 unread messages in your inbox but have only one hour to deal with them. What do you do,in this scenario i would quickly prioritize the most important and urgent emails based on subject lines and sender importance  i would address any critical issues first and flag emails that need further attention for later  for less urgent emails i d either archive them or respond with a brief acknowledgment until i have more time to dive deeper 
Soft Skills,Progress Monitoring & Accountability,medium,How do you keep track of your progress when working on a project,i keep track of my progress by setting milestones and regularly reviewing my tasks against the project s objectives  i use a combination of checklists and project management tools to monitor deadlines and deliverables  i also keep stakeholders informed through regular updates to ensure everyone is aligned with the progress 
Soft Skills,Negotiation & Communication,medium,How would you negotiate something with a manager or supervisor,when negotiating with a manager i would first ensure i understand their perspective and the organization s priorities  i would present my case logically backed by data or examples that demonstrate the potential benefits of my proposal  i d also be open to compromise and aim to find a solution that aligns with both my objectives and the organization s goals 
Soft Skills,Leadership & Change Management,medium,How would you try to change the “we do it this way” attitude on your team if you felt there was a better approach,i would approach the situation by fostering open communication presenting data or examples that support the new approach and engaging the team in discussions to understand their concerns  i believe in a collaborative approach to change so i would involve the team in brainstorming and problemsolving to demonstrate that the new method could be more effective 
Soft Skills,Leadership & Goal Setting,medium,How do you set longterm goals for your team How would you evaluate their performance,i set longterm goals by first aligning them with the overall company objectives and ensuring they are measurable achievable and relevant  i work with my team to break down these goals into actionable tasks and establish clear milestones  performance evaluation is ongoing and includes regular checkins to assess progress provide feedback and make adjustments as needed 
Soft Skills,Strategic Thinking & Planning,medium,For you what is strategic planning What is the difference from everyday planning,strategic planning is the process of setting longterm goals and defining the steps necessary to achieve them  it involves analyzing data forecasting future trends and aligning resources with the organization s vision  everyday planning on the other hand focuses on shortterm tasks and operations  while both are important strategic planning looks at the bigger picture whereas everyday planning manages the daytoday execution 
Soft Skills,Time Management & Creativity,medium,How do you balance creativity with competing deadlines,i prioritize tasks based on urgency and impact ensuring that critical deadlines are met while still allowing space for creative exploration  i break down complex tasks into smaller manageable pieces and set specific time blocks for brainstorming and execution  this balance ensures that creativity doesn t sacrifice efficiency 
Soft Skills,Leadership & Team Management,medium,How do you encourage creativity in your team,i foster an environment of trust and openness where team members feel comfortable taking risks and sharing their ideas  i set clear expectations while allowing room for innovation encouraging them to explore new methods and solutions  i also regularly recognize and celebrate creative efforts to inspire further innovation 
Soft Skills,Creativity & Innovation,medium,How do you try to implement creativity into meetings and tasks,i encourage brainstorming sessions where all team members feel comfortable sharing ideas no matter how unconventional  i also try to approach tasks from different angles looking for new ways to solve problems  in meetings i use visual aids and interactive activities to engage everyone and spark creative thinking 
Soft Skills,ProblemSolving & Initiative,medium,What is your first step when you have a new task with little or almost no direction,when assigned a new task with little direction my first step is to clarify any questions or uncertainties i have by reaching out to the relevant stakeholders for guidance  i then gather the necessary information and resources break down the task into smaller manageable steps and begin working towards a solution 
Soft Skills,Customer Service & ProblemSolving,medium,How would you deal with an unsatisfied customer,i would listen carefully to the customer s concerns empathize with their situation and offer a solution that addresses their issue  if i can t resolve the problem immediately i would keep them informed and ensure that their issue is escalated to the appropriate person for further resolution 
Soft Skills,Customer Relations & TrustBuilding,medium,What steps do you take to gain the trust of a customer,to gain the trust of a customer i focus on being transparent reliable and responsive  i take the time to understand their needs and provide solutions that align with their goals  consistently delivering on promises and providing excellent customer service is key to building lasting trust 
Soft Skills,Time Management & Initiative,medium,If you get your work done early do you allow yourself a free afternoon or do you ask for more tasks,i would first check with my supervisor to see if there are additional tasks or responsibilities i can take on  if not i would use the extra time to review my work make improvements or prepare for upcoming tasks  i believe in using my time productively whether by taking on new challenges or refining my current work 
Soft Skills,Communication,medium,Share an example of a time when you had to present complex data or findings to a nontechnical audience.,i presented market analysis data to a group of nontechnical stakeholders  i simplified the data by using visual aids like graphs and charts and focused on the key insights avoiding technical jargon  i also related the data to their specific business concerns making it easier for them to understand and act upon 
Soft Skills,Leadership,medium,How do you ensure that important information is effectively conveyed to team members especially in a fastpaced work environment,i use clear concise communication and leverage digital tools like shared calendars and project management software  in fastpaced environments i send regular updates hold brief daily checkins and prioritize information by urgency ensuring that the team is always aligned and can quickly act on important tasks 
Soft Skills,Conflict Resolution,medium,Describe a time when you successfully mediated a conflict between team members or colleagues.,two colleagues were in disagreement over the direction of a project  i facilitated a meeting where both sides could express their views  by focusing on the project s goals and encouraging compromise i helped them agree on a solution that incorporated both perspectives  this improved team cohesion and led to successful project delivery 
Soft Skills,Communication,medium,How do you adapt your communication style when interacting with different personality types or cultural backgrounds,i assess the situation and tailor my communication based on the person s preferred style  for example with a more direct communicator i ll be concise and to the point while with someone who values relationshipbuilding i ll focus more on rapport  i also ensure that i m mindful of cultural nuances like understanding different communication norms and values 
Soft Skills,Leadership,medium,Share an example of a time when you had to provide constructive feedback to a colleague or team member.,i once had to give constructive feedback to a team member who was missing deadlines  i approached the situation by acknowledging their strengths followed by discussing areas for improvement  i suggested time management tools and offered support  the feedback was wellreceived and the team member s performance improved over the next few months 
Soft Skills,Creativity,medium,Do you think creativity is essential in all jobs,creativity is essential in most jobs even in roles that aren t directly related to creative fields  it allows for problemsolving innovation and continuous improvement  in any job thinking creatively can lead to more effective solutions and better outcomes 
Soft Skills,Professionalism & Ethical Standards,medium,What would you do if you found out a manager was breaking company rules,if i found out that a manager was breaking company rules i would address the issue with them directly respectfully expressing my concerns  if the situation wasn t resolved i would escalate the matter to the appropriate channels ensuring i follow company procedures while maintaining confidentiality and professionalism 
Soft Skills,Ethics & DecisionMaking,medium,How would you deal with an ethical dilemma at work,i would address an ethical dilemma by first reviewing the situation to ensure i fully understand the issue  i would consult relevant policies seek advice from colleagues or superiors if necessary and carefully weigh the consequences of my actions  i aim to make decisions that align with the organization s values and ethical standards 
Soft Skills,Professionalism & Ethics,medium,What would you do if you were asked to share confidential or sensitive information,i would only share confidential or sensitive information with individuals who are authorized to receive it following company policies and ethical guidelines  i understand the importance of maintaining confidentiality and would ensure that any sharing of information is done in a secure responsible manner 
Soft Skills,Professionalism & Job Transition,medium,Remind me why you are leaving your current employer.,i am leaving my current employer because i m seeking new challenges and growth opportunities that align more closely with my longterm career goals  while i ve learned a lot in my current role i feel that this new opportunity would allow me to utilize my skills more effectively and contribute to a company s success in a more dynamic way 
Soft Skills,Focus & Productivity,medium,How do you minimize distractions during workdays,i minimize distractions by creating a focused workspace setting clear boundaries and using tools like  do not disturb  modes on apps or setting specific times for checking emails  i also prioritize tasks set clear goals for each day and use time management techniques like the pomodoro method to stay focused 
Soft Skills,Management & Leadership,medium,What are your expectations from your manager,i expect my manager to provide clear guidance and feedback offering support when needed while allowing me the autonomy to complete my tasks  i value open communication regular checkins and constructive criticism  i also look for a manager who fosters a positive work environment and creates opportunities for growth and development 
Soft Skills,Delegation,medium,How would you delegate responsibilities to a team,i would assess each team member s strengths skills and experience before assigning tasks to ensure that responsibilities align with their capabilities  i would clearly communicate expectations set deadlines and provide the necessary resources or support  i would also make sure to check in regularly to offer guidance and monitor progress adjusting tasks as needed 
Soft Skills,Leadership,medium,In the case you are in a management position and some of your team members start quitting. What do you do,i would start by understanding why the team members are leaving through private discussions  i would look for any common themes or issues that might be affecting the team s morale or satisfaction  after gathering this information i would work on implementing changes to address the concerns and reassure the remaining members that their input is valued and that we are committed to improving the team environment 
Soft Skills,Leadership & Communication,medium,Your manager needs to be corrected about something. What do you do What would you tell them,if i need to correct my manager i would approach the conversation respectfully and with the intention of helping  i would first acknowledge their perspective then provide the facts or data that led me to a different conclusion  i would frame my correction in a constructive manner focusing on how the change could benefit the team or project  it s important to do this privately to avoid unnecessary embarrassment 
Soft Skills,Sales,medium,Use up to [a number] sentences to sell me [an object you have].,i would begin by identifying the key features of the object that are most relevant to you  for example  this  object  offers excellent quality durability and efficiency making it a great choice for your needs  it s also backed by a warranty ensuring longterm satisfaction  this  object  has already helped many clients achieve  specific benefit  and i m confident it will do the same for you  
Soft Skills,Accountability & ProblemSolving,medium,If you were to miss a deadline how would you manage it,i would take full responsibility for missing the deadline and immediately communicate the situation to the relevant parties  i would provide a clear explanation if necessary and outline the steps i would take to meet the new deadline  i would also implement strategies to avoid this from happening again in the future such as better time management or earlier collaboration 
Soft Skills,Time Management,medium,How do you prioritise your work if you have a lot of deadlines,i evaluate each task based on its urgency and impact  i use tools like calendars and todo lists to keep track of deadlines and ensure that nothing falls through the cracks  i tackle the most urgent or complex tasks first and if needed i delegate or ask for help to ensure everything is completed on time 
Soft Skills,DecisionMaking & Leadership,medium,Do you like the responsibility of decisionmaking or would you leave it to someone else,i enjoy taking responsibility for decisionmaking especially when the decisions align with my expertise or goals  however i also value input from others and make collaborative decisions when appropriate  i believe in making informed thoughtful decisions and taking accountability for the outcomes 
Soft Skills,ProblemSolving & Communication,medium,It would be best if you convinced your manager it is impossible to reach your targets. How can you prove it,i would start by gathering relevant data and evidence to show why reaching the targets is not feasible  i would present this in a clear objective manner including any external factors or constraints that are affecting the ability to meet the targets  i would also suggest alternative strategies or goals that are more realistic given the circumstances 
Soft Skills,Negotiation & Influence,medium,What is the most effective negotiating technique to win someone over,the most effective technique is to listen actively and understand the other person s needs and priorities  by showing empathy and presenting a winwin solution i can address their concerns while achieving my objectives  it s about building rapport and demonstrating that both sides can benefit from the agreement 
Soft Skills,Leadership & Conflict Resolution,medium,Can you share an experience where you had to manage a conflict within your team How did you resolve it,in a previous team project two team members had a disagreement about how to approach a critical task  instead of letting the conflict escalate i organized a private meeting with them to understand the root of their disagreement  i ensured both parties had the opportunity to voice their concerns and then i guided the discussion toward finding a solution that aligned with the project s goals  after the conversation we developed a revised plan that integrated elements from both perspectives  this resolution improved their relationship and helped the team stay focused on achieving the project s objectives 
Soft Skills,Client Management & Conflict Resolution,medium,Tell me about a conflict you faced with a client or customer. How did you resolve it,a client once expressed frustration with the delays in receiving product updates that were promised during our initial meetings  i first acknowledged their concerns and empathized with their frustration  i then took ownership of the situation provided a clear timeline for the upcoming updates and outlined the steps we were taking to prevent further delays  i also ensured that we kept them informed regularly about the progress  this proactive communication not only resolved the issue but also strengthened the relationship and the client appreciated our transparency and commitment to improving the process 
Soft Skills,Innovation & ProblemSolving,medium,Tell me about a project or task where you had to “think outside of the box.” How did you approach it,during a product launch we were facing a budget constraint that limited our ability to advertise through traditional channels  instead of sticking to the same old methods i suggested leveraging usergenerated content on social media to create a buzz about the product  we organized a competition where customers could submit their creative uses of the product and the winner would receive a free year s supply  this not only saved us money but also generated organic content that helped spread awareness  the campaign exceeded expectations and we gained valuable insights into our customers  preferences 
Soft Skills,Process Improvement,medium,Can you provide an example of a time when you identified a potential improvement in a process What steps did you take to implement this change,while working on a project i noticed that the process for handling client feedback was inefficient and often led to delays  i proposed a more streamlined feedback loop that included a shared digital platform for realtime feedback which allowed for quicker responses and better tracking of action items  i worked with the team to implement this system and trained them on how to use the platform effectively  as a result the process became much more efficient and we were able to respond to client concerns faster ultimately improving customer satisfaction 
Soft Skills,Decision Making & Accountability,medium,Describe a decision you made that was a failure. What did you learn from this experience,early in my career i made the decision to implement a marketing strategy based on assumptions without thoroughly analyzing customer data  unfortunately the strategy did not yield the expected results and we saw lower engagement rates  from this failure i learned the importance of datadriven decisionmaking  i also realized that it s crucial to test strategies on a smaller scale before fully committing  since then i have adopted a more analytical approach always backing up decisions with data and conducting thorough market research 
Soft Skills,Resilience & Learning,medium,How do you handle failure and what lessons do you take from it,failure is a part of life and work and i take it as an opportunity for growth and improvement  for instance early in my career i took the lead on a project that did not meet its projected goals  while it was discouraging i took it upon myself to debrief the team and identify what went wrong  we analyzed parts of the project that failed identified miscalculations and recognized areas we overlooked  from this failure i learned valuable lessons about thorough market analysis diligence in project management and the importance of contingency planning  rather than letting the failure set me back i used it as a stepping stone for future projects  now i apply the lessons from that experience to my current projects which has significantly improved my effectiveness as a project lead 
Soft Skills,Conflict Resolution,medium,How do you react when someone disagrees with you,disagreements are a natural part of any working environment  whenever someone disagrees with me i consider it an opportunity for learning and growth  instead of taking it personally i focus on understanding the other person s viewpoint  for instance if a colleague disagreed with my proposed project strategy i would invite them to elaborate on their perspectives and underlying reasons  such discussions often lead to better understanding and even innovative solutions that neither of us could have reached independently  by maintaining an open mind and focusing on the shared goal rather than personal opinion i ve found that disagreements can actually enhance the outcomes of a project 
Soft Skills,Time Management,medium,How effective are you at managing your time,i consider time management as one of my strong suits  in one of my prior roles i was responsible for multiple projects across different clients each with varying deadlines and requirements  to stay on top of things i developed a system combining digital calendars and task management apps for alerts reminders and tracking progress  i would also allot certain hours of the day for focused work and others for meetings and correspondence  periodically i d reassess and reprioritize my tasks as required  this method allowed me to consistently meet deadlines without compromising on the quality of work  through such experiences i ve developed a keen sense of understanding deadlines estimating efforts and allocating time effectively 
Soft Skills,ProblemSolving & Adaptability,medium,Describe a situation where you identified a potential problem and resolved it before it became a bigger issue. How would you describe your ability to adapt to a significant change Provide an example. Can apply to inside or outside of work.,in my previous role i noticed that a project was falling behind due to miscommunication between teams  i immediately flagged the issue and facilitated a meeting to ensure everyone was on the same page  i proposed a new communication structure and set up regular checkins to track progress  regarding adaptability when the company shifted to a remote work model i quickly adjusted by setting up a home office and adopting new digital tools for collaboration  i also worked with my team to ensure we stayed productive which helped us continue delivering results effectively 
Soft Skills,Communication & ProblemSolving,medium,How should a problem be brought up in the workplace How should this problem be managed,a problem should be brought up in the workplace with a solutionoriented mindset  it s important to present the issue clearly provide relevant context and suggest potential solutions  i believe that open communication and collaboration are key when managing problems  once the issue is raised it s important to involve the necessary stakeholders discuss the possible solutions and agree on the best course of action  this ensures that everyone is aligned and that the problem is resolved efficiently 
Soft Skills,ProblemSolving,medium,Describe a situation where you identified a problem others had overlooked. How did you resolve it,during a project i noticed that we were running low on a critical resource which had been overlooked by the team  i immediately flagged the issue to the project manager and suggested we source the material from a different supplier to avoid delays  i then took responsibility for researching alternative options and coordinated with the team to place the new order  by addressing the problem early we avoided significant delays and the project was completed on time 
Soft Skills,Team Support & Leadership,medium,What do you do if you notice a teammate is overwhelmed or struggling with their workload,if i notice a teammate is struggling i first approach them privately to offer support and ask if they need help  i listen to their concerns and offer assistance where i can whether it s by helping with some of their tasks or helping them organize their workload  i also encourage open communication with the rest of the team and suggest redistributing tasks if necessary to ensure everyone is managing their responsibilities effectively  my goal is to create an environment where no one feels overwhelmed and everyone can contribute to the best of their ability 
Soft Skills,Delegation,medium,How would you delegate responsibilities to a team,i would assess each team member s strengths skills and experience before assigning tasks to ensure that responsibilities align with their capabilities  i would clearly communicate expectations set deadlines and provide the necessary resources or support  i would also make sure to check in regularly to offer guidance and monitor progress adjusting tasks as needed 
Soft Skills,Leadership,medium,In the case you are in a management position and some of your team members start quitting. What do you do,i would start by understanding why the team members are leaving through private discussions  i would look for any common themes or issues that might be affecting the team s morale or satisfaction  after gathering this information i would work on implementing changes to address the concerns and reassure the remaining members that their input is valued and that we are committed to improving the team environment 
Soft Skills,Leadership & Communication,medium,Your manager needs to be corrected about something. What do you do What would you tell them,if i need to correct my manager i would approach the conversation respectfully and with the intention of helping  i would first acknowledge their perspective then provide the facts or data that led me to a different conclusion  i would frame my correction in a constructive manner focusing on how the change could benefit the team or project  it s important to do this privately to avoid unnecessary embarrassment 
Soft Skills,Sales,medium,Use up to [a number] sentences to sell me [an object you have].,i would begin by identifying the key features of the object that are most relevant to you  for example  this  object  offers excellent quality durability and efficiency making it a great choice for your needs  it s also backed by a warranty ensuring longterm satisfaction  this  object  has already helped many clients achieve  specific benefit  and i m confident it will do the same for you  
Soft Skills,Team Engagement,medium,Are team events vital for you,yes team events are important to me because they strengthen relationships build trust and enhance communication  engaging in nonworkrelated activities with the team fosters a positive work culture making collaboration easier and more enjoyable  it also helps me connect with colleagues on a personal level improving overall teamwork 
Soft Skills,Teamwork,medium,Which one do you prefer and why: Teamwork or working alone,i thrive in both environments but prefer teamwork because it fosters collaboration and diverse ideas  when working together you can leverage the strengths of each individual which usually leads to better results  i enjoy contributing to a team s success and learning from others  however i can work independently when needed ensuring tasks are completed efficiently 
Soft Skills,Time Management & Productivity,medium,What is your progress when organizing your day,i start my day by reviewing my todo list prioritizing tasks based on their deadlines and importance  i break larger tasks into smaller more manageable steps and set clear goals for each block of time  throughout the day i regularly check my progress to ensure i m staying on track and adjust if needed 
Soft Skills,Work Ethic & Quality,medium,Which resonates with you: “Everything has to be perfect” or “Done is better than perfect”, done is better than perfect   while i strive for excellence i understand the importance of meeting deadlines and delivering results  perfectionism can often delay progress and sometimes it s more important to finish a task and refine it later rather than holding up the entire project 
Soft Skills,Time Management & Productivity,medium,Are you able to multitask,yes i am able to multitask effectively by prioritizing tasks based on their urgency and importance  i use tools such as project management software to keep track of progress and deadlines ensuring that each task gets the attention it requires without compromising quality or focus 
Soft Skills,Communication & Empathy,medium,How would you communicate difficult information/bad news to someone,i would approach the conversation with empathy ensuring that i am sensitive to the other person s feelings  i would be direct and honest but also clear and supportive explaining the reasoning behind the news and offering any necessary guidance or support to help them navigate the situation 
Soft Skills,Conflict Management,medium,If you didn’t like someone in your team what would you do to handle it,i would focus on maintaining professionalism by separating personal feelings from workrelated responsibilities  i d try to understand the root cause of the tension possibly through a oneonone conversation and work towards resolving any issues  my goal would be to ensure the team s success putting the overall project ahead of any personal conflicts 
Soft Skills,Conflict Resolution,medium,How would you deal with a conflict/tension between you and your colleague,i would address the situation by having a calm and respectful conversation with the colleague to understand their perspective  i d focus on finding common ground and ensuring both of our concerns are acknowledged  the goal is to come to a mutually beneficial solution while maintaining professionalism and a positive working relationship 
Soft Skills,Interpersonal Skills & Leadership,medium,What is essential to building a good relationship with your team,open and transparent communication is key  i believe in actively listening to my team understanding their individual strengths and creating an environment where feedback flows freely  mutual respect and collaboration are also crucial for fostering trust and maintaining strong relationships within the team 
Soft Skills,Motivation & Adaptability,medium,How would you keep yourself motivated if you get a project you are not interested in,i would approach the project with a mindset of learning and growth  even if the topic isn t exciting to me i would focus on the skills i could develop or the value it brings to the team  i would also try to find aspects of the project that i could improve or approach in a new way making it more interesting and engaging 
Soft Skills,SelfMotivation,medium,How do you stay motivated when working on a project by yourself,i stay motivated by breaking the project down into smaller manageable goals and celebrating each achievement  i set clear deadlines and hold myself accountable by tracking my progress  i also remind myself of the overall purpose of the project and how it will benefit the team or company which keeps me focused and driven 
Soft Skills,Management & Leadership,medium,What are your expectations from your manager,i expect my manager to provide clear guidance and feedback offering support when needed while allowing me the autonomy to complete my tasks  i value open communication regular checkins and constructive criticism  i also look for a manager who fosters a positive work environment and creates opportunities for growth and development 
Soft Skills,Conflict Resolution & Leadership,medium,How do you handle team members who disagree with your decisions or direction,i believe that open dialogue is key when team members disagree with my decisions  i make sure to listen to their concerns and validate their opinions  after understanding their viewpoint i explain my rationale for the decision and how it aligns with the overall project goals  if there are valid points in their argument i am open to making adjustments  by maintaining respect and communication i ensure that disagreements are resolved constructively and the team remains united 
Soft Skills,Time Management & Accountability,medium,Have you ever fallen behind schedule What caused the delay and how did you handle it,yes during a project where i was coordinating with external vendors we faced delays due to unforeseen supply chain issues  i quickly communicated with the client to manage their expectations and updated the team on the situation  i reassessed our timeline and adjusted tasks to make up for the lost time  additionally i implemented a more rigorous tracking system for future projects to avoid similar delays  this experience taught me the importance of proactive communication and contingency planning 
Soft Skills,Multitasking & Prioritization,medium,Describe a situation when you had to juggle multiple tasks simultaneously. How did you prioritize,in my previous role i had to manage multiple marketing campaigns for different clients each with its own deadlines  to juggle these tasks i created a master calendar that highlighted the key deadlines for each campaign  i used colorcoded labels to indicate priority and urgency which helped me see what needed immediate attention  i also delegated tasks to team members based on their strengths which allowed me to focus on critical areas  by staying organized and adjusting priorities as needed i was able to meet all deadlines and ensure highquality work for each client 
Soft Skills,Time Management & Organization,medium,How do you organize your workday to ensure you meet all your deadlines,to organize my workday effectively i start by reviewing my todo list and setting priorities for the day based on deadlines and importance  i break down larger tasks into smaller more manageable steps and allocate specific time blocks to work on each task  i use project management tools to track progress and set reminders for upcoming deadlines  at the end of the day i review my progress and adjust my plan for the following day ensuring that i stay on track and meet all deadlines 
Soft Skills,SelfAwareness,medium,What is your biggest weakness,i tend to focus heavily on the technical aspects of projects sometimes overlooking the interpersonal dynamics  over time i ve learned to improve in this area by actively engaging with my team members to understand their concerns and resolving conflicts effectively 
Soft Skills,Communication,medium,Do you prefer written or verbal communication,i feel that written communication can sometimes lead to misunderstandings because of the lack of tone variation expression and body language  when it s possible i ll always pick verbal conversations as they allow for immediate clarification and ensure better understanding 
Soft Skills,Risk Management & DecisionMaking,medium,What do you think of taking risks,i believe taking calculated risks is a necessary part of innovation and growth  while i always evaluate potential risks and consequences carefully i am not afraid to step outside my comfort zone when it presents an opportunity for improvement or progress  the key is to mitigate risks through preparation and thoughtful decisionmaking 
Soft Skills,Career Goals,medium,What would be your dream job,my dream job would involve a leadership role in a dynamic growthoriented organization where i can leverage my skills to make a meaningful impact  i value roles that provide opportunities for continuous learning team collaboration and the chance to contribute to the overall success of the company 
Soft Skills,Creativity & SelfReflection,medium,If your life were a book what would it be called,my book would be titled  the power of persistence  because i believe that persistence in the face of challenges is key to personal and professional growth  it would focus on the lessons learned from overcoming obstacles and the value of resilience 
Soft Skills,Goal Setting,medium,What would you like to achieve during your first six months here,during my first six months i would aim to fully understand the company s processes culture and goals  i would focus on building relationships with my team members and contributing to projects that align with the company s mission  i would also work towards measurable goals to ensure i m adding value from day one 
Soft Skills,Career Priorities,medium,Can you rate the importance of these aspects for you: Career development perks and benefits salary or excellent work,career development is the most important aspect for me as i value continuous growth and learning  however i also consider salary and benefits important as they contribute to my overall satisfaction and stability  excellent work and contributing to meaningful projects come next as they provide a sense of accomplishment and fulfillment 
Soft Skills,Motivation & Resilience,medium,How do you keep your enthusiasm on days you don’t feel like going to work,on days i feel unmotivated i remind myself of the bigger picture and the impact my work has on the team and organization  i set small achievable goals for the day to avoid feeling overwhelmed  additionally i take breaks to recharge and focus on the positive aspects of my work environment 
Soft Skills,Motivation & Adaptability,medium,How would you keep yourself motivated if you get a project you are not interested in,i would approach the project with a mindset of learning and growth  even if the topic isn t exciting to me i would focus on the skills i could develop or the value it brings to the team  i would also try to find aspects of the project that i could improve or approach in a new way making it more interesting and engaging 
Soft Skills,SelfMotivation,medium,How do you stay motivated when working on a project by yourself,i stay motivated by breaking the project down into smaller manageable goals and celebrating each achievement  i set clear deadlines and hold myself accountable by tracking my progress  i also remind myself of the overall purpose of the project and how it will benefit the team or company which keeps me focused and driven 
Soft Skills,SelfPromotion,medium,What makes you the best candidate for this job,i believe my combination of skills and experience makes me an ideal fit for this role  i have a proven track record in  specific skill  and my ability to collaborate with diverse teams has consistently led to successful outcomes  i am passionate about  industry/company s mission  and i m excited about the opportunity to contribute to the company s success 
Soft Skills,Communication,medium,Tell me about yourself in three sentences.,i am a driven professional with a strong background in  your field   i excel in problemsolving and team collaboration and i m passionate about continuous improvement  outside of work i enjoy  a personal interest  which helps me stay balanced and motivated 
Soft Skills,Team Collaboration,medium,If your teammate wasn’t doing their share of the work how would you deal with them,i would approach my teammate in a respectful and nonconfrontational manner expressing concern about the workload distribution  i would listen to their perspective to understand any challenges they are facing and offer support where needed  if the situation doesn t improve i would consider discussing the issue with a supervisor to ensure the team s success 
Soft Skills,Team Dynamics,medium,What do you think makes a good team,a good team is made up of diverse individuals who bring different skills and perspectives  it is essential that team members trust each other communicate openly and support one another  a shared vision and common goals also play a crucial role in driving the team forward  respect for each other s strengths and weaknesses is key to creating a successful team dynamic 
Soft Skills,Teamwork & Collaboration,medium,Your teammates all agree on how to approach a task but you disagree with them. What do you do,in this case i would respectfully present my point of view and explain why i think a different approach might work better  i would provide evidence or examples to support my suggestion  if the team still prefers their method i would ensure that i contribute positively to the agreed approach while keeping an open mind for feedback 
Soft Skills,Conflict Resolution,medium,How would you handle a situation where team members are not getting along in a project,if team members are not getting along i would address the issue promptly by facilitating open communication  i would ensure that everyone has the opportunity to express their concerns in a respectful and solutionoriented manner  i would work with them to identify the root cause of the conflict and encourage compromise  if necessary i would involve a mediator to help resolve the issue 
Soft Skills,Customer Relations & Conflict Management,medium,How would you deal with an angry irritated client,i would stay calm and listen carefully to the client s concerns without interrupting  i would empathize with their frustration and apologize for any inconvenience caused  then i would work with them to find a solution that resolves their issue and ensures they feel valued and heard  if necessary i would involve a supervisor to handle the situation 
Soft Skills,Work Motivation,medium,Would you rather work for money or job satisfaction,job satisfaction is more important to me  while i acknowledge the importance of fair compensation i believe that fulfilling work and the opportunity to make a positive impact are key to longterm happiness and motivation  satisfaction from meaningful work drives me more than financial incentives alone 
Soft Skills,Leadership,medium,What qualities should a leader have according to you,a leader should be organized empathetic and have a clear vision  they should be able to inspire and guide their team recognize individual strengths and foster a sense of collaboration  being decisive while being open to feedback is also essential in ensuring effective leadership 
Soft Skills,Motivation,medium,What motivates you,i am highly motivated by setting and achieving goals  the satisfaction of completing a project and seeing the results drives me  working within a team that shares the same objective energizes me and i thrive when collaborating to overcome challenges and achieve success together 
Soft Skills,Time Management,medium,Are you good at time management,yes i m very proactive about managing my time  i create todo lists set deadlines and break large tasks into smaller more manageable ones  for instance during our semester exams i balanced studying with participation in an xyz competition by organizing my time efficiently and performing well in both 
Soft Skills,Accountability & ProblemSolving,medium,If you were to miss a deadline how would you manage it,i would take full responsibility for missing the deadline and immediately communicate the situation to the relevant parties  i would provide a clear explanation if necessary and outline the steps i would take to meet the new deadline  i would also implement strategies to avoid this from happening again in the future such as better time management or earlier collaboration 
Soft Skills,Creativity,medium,Do you think creativity is essential in all jobs,creativity is essential in most jobs even in roles that aren t directly related to creative fields  it allows for problemsolving innovation and continuous improvement  in any job thinking creatively can lead to more effective solutions and better outcomes 
Soft Skills,Creativity & SelfReflection,medium,If your life were a book what would it be called,my book would be titled  the power of persistence  because i believe that persistence in the face of challenges is key to personal and professional growth  it would focus on the lessons learned from overcoming obstacles and the value of resilience 
Soft Skills,Goal Setting,medium,What would you like to achieve during your first six months here,during my first six months i would aim to fully understand the company s processes culture and goals  i would focus on building relationships with my team members and contributing to projects that align with the company s mission  i would also work towards measurable goals to ensure i m adding value from day one 
Soft Skills,Career Priorities,medium,Can you rate the importance of these aspects for you: Career development perks and benefits salary or excellent work,career development is the most important aspect for me as i value continuous growth and learning  however i also consider salary and benefits important as they contribute to my overall satisfaction and stability  excellent work and contributing to meaningful projects come next as they provide a sense of accomplishment and fulfillment 
Soft Skills,Motivation & Resilience,medium,How do you keep your enthusiasm on days you don’t feel like going to work,on days i feel unmotivated i remind myself of the bigger picture and the impact my work has on the team and organization  i set small achievable goals for the day to avoid feeling overwhelmed  additionally i take breaks to recharge and focus on the positive aspects of my work environment 
Soft Skills,WorkLife Balance,medium,What are the things you like to do outside work,outside of work i enjoy hiking reading books on selfimprovement and engaging in community volunteer activities  these hobbies help me stay balanced and recharge which ultimately makes me more focused and productive when i return to work 
Soft Skills,ProblemSolving,medium,According to you what is the difference between hard work and smart work,hard work involves putting in a lot of time and effort to achieve a goal whereas smart work focuses on achieving the same results with less effort by being more strategic and efficient  both are important   hard work is necessary in new areas while smart work is ideal for wellestablished tasks that can be optimized 
Soft Skills,Work Motivation,medium,Would you still work for the company if you win a huge lottery,winning the lottery would certainly be exciting but i believe in the value of personal fulfillment through meaningful work  simply having money doesn t compare to the satisfaction that comes from achieving goals and contributing to a team  i would continue working for the challenge and the opportunity to grow professionally 
Soft Skills,Emotional Intelligence,medium,What makes you angry,i tend to get frustrated when people accuse me of something i haven t done  however i work on staying calm and addressing the issue by having a clear and respectful conversation to resolve the misunderstanding  i ve learned to manage my emotions and focus on problemsolving rather than reacting impulsively 
Soft Skills,Career Growth,medium,Where do you see yourself in the next five years,in five years i envision myself in a leadership role where i am overseeing a larger team and contributing significantly to strategic decisionmaking  i am committed to continuous growth and this position fits perfectly with my longterm career aspirations 
Soft Skills,Motivation,medium,What motivates you,i am highly motivated by setting and achieving goals  the satisfaction of completing a project and seeing the results drives me  working within a team that shares the same objective energizes me and i thrive when collaborating to overcome challenges and achieve success together 
Soft Skills,Time Management,medium,Are you good at time management,yes i m very proactive about managing my time  i create todo lists set deadlines and break large tasks into smaller more manageable ones  for instance during our semester exams i balanced studying with participation in an xyz competition by organizing my time efficiently and performing well in both 
Soft Skills,Career Growth,medium,Are you aiming for further studies,yes i plan to continue my education through professional development courses and certifications to stay current in my field  i believe in the value of lifelong learning to enhance my skills and contribute more effectively to the company 
Soft Skills,SelfAwareness,medium,How would your friends describe you,my friends would describe me as dependable supportive and adaptable  i m the kind of person who is always there when someone needs help and i m openminded always willing to listen and understand different perspectives 
Soft Skills,Communication,medium,How do you explain new topics to coworkers unfamiliar with them,when explaining new topics i try to simplify complex concepts by breaking them down into smaller easytounderstand parts  i also use analogies and examples to make the material relatable  i encourage questions to ensure everyone is on the same page and offer additional resources for further learning if needed 
Soft Skills,Adaptability & Initiative,medium,Tell us about something you were asked to do that you have never done before. How did you react and what did you learn,i was once asked to take the lead on organizing a companywide event a task i had never done before  i initially felt unsure but quickly embraced the opportunity by researching best practices asking for advice from experienced colleagues and creating a detailed plan  the event was a success and i learned the importance of stepping out of my comfort zone and seeking guidance when needed 
Soft Skills,Career Fit & Commitment,medium,Are you looking for other jobs,at the moment i am very focused on finding a role that aligns with my skills and longterm career goals  i believe your company offers the opportunity to grow professionally which is why i am excited about the potential to join your team and contribute to its success 
Soft Skills,Adaptability,medium,Can you tell me about a time when things didn’t go according to plan How did you cope,during a product launch we encountered unexpected technical issues that delayed the timeline  i quickly reassessed the situation coordinated with the development team and communicated the delay to stakeholders  we adapted by adjusting the project schedule and proactively working with other teams to resolve the issue which allowed us to successfully launch the product shortly afterward 
Soft Skills,Flexibility,medium,Are you open for rotational shifts,yes i am open to working rotational shifts  i understand that different roles may require flexible working hours and i am fully committed to meeting the needs of the team and the company  i am happy to adjust my schedule as necessary to ensure optimal coverage and support 
Soft Skills,Professionalism & Health,medium,Do you have serious medical issues,i prioritize my health and ensure that i take the necessary steps to stay fit and healthy  i maintain a healthy worklife balance and any minor health issues are quickly managed so that they do not affect my performance  i always ensure that i am fully prepared to meet work demands without any personal health concerns getting in the way 
Soft Skills,Communication,medium,Which one is more essential: Being a good listener or a good communicator,both are essential but being a good listener is foundational to being a good communicator  listening allows you to understand others  viewpoints which leads to more effective communication  once you have listened you can communicate your thoughts more clearly and in a way that resonates with your audience 
Soft Skills,Communication,medium,Do you prefer verbal or written communication,i am comfortable with both verbal and written communication  i prefer verbal communication for quick feedback and when discussing complex topics that require immediate clarification  however i value written communication for its ability to provide clear documented instructions or updates which can be referred to later 
Soft Skills,Emotional Intelligence,medium,What makes you angry,i tend to get frustrated when people accuse me of something i haven t done  however i work on staying calm and addressing the issue by having a clear and respectful conversation to resolve the misunderstanding  i ve learned to manage my emotions and focus on problemsolving rather than reacting impulsively 
Soft Skills,Career Growth,medium,Where do you see yourself in the next five years,in five years i envision myself in a leadership role where i am overseeing a larger team and contributing significantly to strategic decisionmaking  i am committed to continuous growth and this position fits perfectly with my longterm career aspirations 
Soft Skills,SelfAwareness,medium,What is your biggest weakness,i tend to focus heavily on the technical aspects of projects sometimes overlooking the interpersonal dynamics  over time i ve learned to improve in this area by actively engaging with my team members to understand their concerns and resolving conflicts effectively 
Soft Skills,Communication,medium,Do you prefer verbal or written communication,i feel that written communication can sometimes lead to misunderstandings because of the lack of tone variation expression and body language  when it s possible i ll always pick verbal conversations as they allow for immediate clarification and ensure better understanding 
Soft Skills,Job Fit & Work Values,medium,What are the three things that you value most in a job,i value opportunities for growth a supportive work culture and meaningful work that aligns with my values  i believe in continually improving my skills collaborating with a team that fosters trust and open communication and contributing to projects that make a positive impact 
Soft Skills,Adaptability,medium,Can you recount a scenario when you were asked to do something you had never done What was your reaction and what did you learn,i was once asked to lead a team on a project i had no experience with  initially i was apprehensive but i viewed it as an opportunity to grow  i reached out to colleagues for advice did extensive research and broke the task into smaller steps  the project turned out to be successful and i learned the importance of relying on my resources seeking guidance and being proactive in unfamiliar situations 
Soft Skills,Interpersonal Skills,medium,Can you cite an example when you had to work with someone difficult to get along with How did you navigate the situation,i once had to work with a colleague whose approach to problemsolving was very different from mine  rather than letting it affect our work i took the time to understand their perspective and communicated openly about our differences  we agreed to compromise on a middleground solution and focused on our shared objectives  by focusing on collaboration and being respectful we were able to work together effectively despite our differences 
Soft Skills,ProblemSolving,medium,Narrate a situation where the results went against your expectations. How did you handle the change,during a product launch we expected a strong market reception based on our previous research but the response was underwhelming  i quickly gathered feedback analyzed customer sentiment and identified the root causes  we adjusted our marketing approach made product tweaks based on customer feedback and relaunched with new insights  i learned that flexibility and adaptability are key when results don t go as planned and pivoting quickly can turn things around 
Soft Skills,Communication,medium,How do you explain a new topic to colleagues unfamiliar with it,i break the topic down into simple digestible chunks and use relatable analogies to make complex concepts easier to understand  i avoid jargon and use visual aids like diagrams or slides to clarify the main points  i also encourage questions and discussion to ensure understanding and address any confusion  my goal is to make the learning process engaging and accessible for everyone 
Soft Skills,Career Growth,medium,Are you aiming for further studies,yes i plan to continue my education through professional development courses and certifications to stay current in my field  i believe in the value of lifelong learning to enhance my skills and contribute more effectively to the company 
Soft Skills,SelfAwareness,medium,How would your friends describe you,my friends would describe me as dependable supportive and adaptable  i m the kind of person who is always there when someone needs help and i m openminded always willing to listen and understand different perspectives 
Soft Skills,Communication,medium,How do you explain new topics to coworkers unfamiliar with them,when explaining new topics i try to simplify complex concepts by breaking them down into smaller easytounderstand parts  i also use analogies and examples to make the material relatable  i encourage questions to ensure everyone is on the same page and offer additional resources for further learning if needed 
Soft Skills,ProblemSolving,medium,What is the most significant problem you solved in the workplace,one of the most significant problems i solved was when our team faced an unexpected supply chain disruption  i coordinated with multiple departments to find an alternative supplier reassessed the project timeline and communicated the new plan to stakeholders  this helped us stay on track and meet the delivery deadline 
Soft Skills,Time Management,medium,How do you prioritize your tasks when you have multiple deadlines to meet,i prioritize tasks by evaluating their urgency and importance  i break down larger tasks into smaller steps and use tools like calendars and todo lists to track deadlines ensuring that i can focus on what needs to be completed first and delegate tasks when possible 
Soft Skills,Conflict Resolution,medium,How would you handle the situation if your thoughts conflict with your coworker,i would address the conflict by calmly explaining my viewpoint and listening to my coworker s perspective  open communication is key so i would aim to find a solution that incorporates both viewpoints and if necessary seek guidance from a manager to ensure the team remains aligned toward the goal 
Soft Skills,Job Fit,medium,Why did you apply for this job,i applied for this job because the responsibilities align perfectly with my skill set and passion for working in a collaborative environment  the opportunity to contribute to highquality work that has a meaningful impact really appealed to me and i m excited about the potential for growth within your company 
Soft Skills,Adaptability,medium,Have you handled a task without preexisting experience,yes i ve had the opportunity to take on tasks outside my usual scope such as managing a project where i had no prior experience  i tackled it by doing thorough research asking for guidance from more experienced colleagues and breaking the task down into manageable steps  i quickly learned the tools needed for the project and by the end the project was successfully completed  i learned that being proactive and resourceful can make even unfamiliar tasks achievable 
Soft Skills,Customer Relations & Conflict Management,medium,How would you deal with an angry irritated client,i would stay calm and listen carefully to the client s concerns without interrupting  i would empathize with their frustration and apologize for any inconvenience caused  then i would work with them to find a solution that resolves their issue and ensures they feel valued and heard  if necessary i would involve a supervisor to handle the situation 
Soft Skills,Work Motivation,medium,Would you rather work for money or job satisfaction,job satisfaction is more important to me  while i acknowledge the importance of fair compensation i believe that fulfilling work and the opportunity to make a positive impact are key to longterm happiness and motivation  satisfaction from meaningful work drives me more than financial incentives alone 
Soft Skills,Leadership,medium,What qualities should a leader have according to you,a leader should be organized empathetic and have a clear vision  they should be able to inspire and guide their team recognize individual strengths and foster a sense of collaboration  being decisive while being open to feedback is also essential in ensuring effective leadership 
Soft Skills,Stakeholder Management,medium,Can you describe a situation where you had to manage multiple stakeholders with differing priorities,in one project we had multiple stakeholders each with different priorities which created challenges  i initiated oneonone meetings with each stakeholder to fully understand their needs and concerns  then i synthesized the information and presented a solution that balanced all interests while keeping the project s goals intact  throughout the project i maintained open lines of communication and provided regular updates ensuring all stakeholders felt heard and kept informed  this collaborative approach helped manage their expectations and led to a successful project outcome 
Soft Skills,Leadership & Motivation,medium,How do you manage and motivate a team during a highpressure project,during highpressure projects i ensure that the team remains focused by setting clear and achievable goals breaking the project down into smaller milestones  i communicate openly checking in regularly with the team to address any challenges and offer support  to motivate the team i provide positive reinforcement and celebrate small victories  i also maintain a calm and positive attitude to set the tone for the team ensuring they stay motivated and driven toward the project s successful completion 
Soft Skills,Adaptability,medium,How do you handle a situation where you have to adapt to a completely different working environment or culture,when adapting to a new working environment or culture i approach the situation with an open mind and a willingness to learn  i take time to observe and understand the norms values and expectations of the organization  i make a conscious effort to communicate clearly and build relationships with colleagues to learn from their experiences  i stay flexible and open to change ensuring that i align myself with the new environment while still contributing my unique perspective and skills 
Soft Skills,DecisionMaking & Stress Management,medium,Tell us about a time when you had to make a difficult decision under pressure.,during a tight deadline on a product launch we discovered a lastminute technical issue that could delay the release  i had to quickly decide whether to delay the launch and address the issue or move forward without fixing it  after gathering feedback from the technical team and analyzing the potential impact i decided to delay the launch to ensure the product met the quality standards  it was a tough decision but in the end it paid off as the product received positive reviews and our reputation for quality was maintained 
Soft Skills,ProblemSolving & Initiative,medium,How do you handle a situation when you are asked to take on a project with little or no direction,when asked to take on a project with little direction i first try to gather as much information as possible  i review any available documentation or speak with stakeholders to understand their expectations  if needed i clarify the project s goals and objectives by reaching out to those involved  i then break the project down into manageable parts and create a plan with clear milestones  throughout the project i ensure regular communication with stakeholders to make sure we are on the right track  i also remain flexible and open to adjusting the plan as new information or feedback arises 
Soft Skills,ProblemSolving,medium,What is the most significant problem you solved in the workplace,one of the most significant problems i solved was when our team faced an unexpected supply chain disruption  i coordinated with multiple departments to find an alternative supplier reassessed the project timeline and communicated the new plan to stakeholders  this helped us stay on track and meet the delivery deadline 
Soft Skills,Time Management,medium,How do you prioritize your tasks when you have multiple deadlines to meet,i prioritize tasks by evaluating their urgency and importance  i break down larger tasks into smaller steps and use tools like calendars and todo lists to track deadlines ensuring that i can focus on what needs to be completed first and delegate tasks when possible 
Soft Skills,Conflict Resolution,medium,How would you handle the situation if your thoughts conflict with your coworker,i would address the conflict by calmly explaining my viewpoint and listening to my coworker s perspective  open communication is key so i would aim to find a solution that incorporates both viewpoints and if necessary seek guidance from a manager to ensure the team remains aligned toward the goal 
Soft Skills,Job Fit,medium,Why did you apply for this job,i applied for this job because the responsibilities align perfectly with my skill set and passion for working in a collaborative environment  the opportunity to contribute to highquality work that has a meaningful impact really appealed to me and i m excited about the potential for growth within your company 
Soft Skills,WorkLife Balance,medium,What are the things you like to do outside work,outside of work i enjoy hiking reading books on selfimprovement and engaging in community volunteer activities  these hobbies help me stay balanced and recharge which ultimately makes me more focused and productive when i return to work 
Soft Skills,ProblemSolving,medium,According to you what is the difference between hard work and smart work,hard work involves putting in a lot of time and effort to achieve a goal whereas smart work focuses on achieving the same results with less effort by being more strategic and efficient  both are important   hard work is necessary in new areas while smart work is ideal for wellestablished tasks that can be optimized 
Soft Skills,Work Motivation,medium,Would you still work for the company if you win a huge lottery,winning the lottery would certainly be exciting but i believe in the value of personal fulfillment through meaningful work  simply having money doesn t compare to the satisfaction that comes from achieving goals and contributing to a team  i would continue working for the challenge and the opportunity to grow professionally 
Soft Skills,Leadership & Team Building,medium,How do you build trust with your team,building trust starts with leading by example  i am consistent in my actions and transparent with my team keeping communication open and honest  i ensure that i listen to their concerns and feedback and show empathy when addressing issues  i give team members the autonomy they need to perform their tasks and trust them to make decisions  by acknowledging their strengths providing constructive feedback and being supportive i foster an environment where everyone feels valued which leads to stronger collaboration and trust within the team 
Soft Skills,Continuous Improvement & SelfDevelopment,medium,How do you ensure that you’re always learning and improving in your role,i believe that learning is a lifelong process so i actively seek opportunities for growth  i set personal development goals and pursue relevant training online courses or workshops to improve my skills  i also ask for feedback from peers supervisors and team members to identify areas for improvement  additionally i stay updated on industry trends and best practices through reading networking and attending conferences  i apply what i learn directly to my work and reflect on how i can continue to grow both personally and professionally 
Soft Skills,SelfAwareness & Learning,medium,Can you explain your biggest failure at work How did you learn from the experience,my biggest failure occurred during a product launch when we missed a key deadline due to poor time management  i learned the importance of setting realistic timelines and ensuring clear communication across the team  i took responsibility for the mistake implemented better planning and tracking processes and ensured that future launches ran more smoothly 
Soft Skills,Leadership & Adaptability,medium,How would you guide your team through lastminute changes,i would guide my team through lastminute changes by maintaining open communication and ensuring everyone is aware of the new expectations  i would prioritize tasks adjust the timeline if necessary and provide support where needed  staying calm positive and solutionfocused helps the team stay motivated and agile during unexpected changes 
Soft Skills,SelfMotivation,medium,How do you stay motivated when faced with repetitive or monotonous tasks,to stay motivated during repetitive tasks i set clear and achievable goals for myself and break the work into smaller sections  i celebrate completing each milestone which helps to keep me focused and engaged  additionally i try to find ways to make the task more interesting by adding variations or improvements to the process  by maintaining a positive attitude and focusing on the larger objective i m able to stay motivated even when the task is monotonous 
Soft Skills,Conflict Resolution,medium,Can you give an example of when you worked in a team with conflicting ideas How did you resolve the conflict,in a previous role i was part of a team that had conflicting ideas about how to approach a new marketing strategy  instead of letting the disagreement escalate i facilitated a meeting where each team member could express their ideas  i encouraged open discussion asked clarifying questions and helped the team focus on the project s shared goals  after some discussion we were able to combine elements from different proposals and create a strategy that everyone supported  this experience taught me that addressing conflicts early and fostering open communication can lead to productive solutions 
Soft Skills,WorkLife Balance,medium,How do you approach worklife balance and how do you maintain it,i believe in maintaining a healthy worklife balance to stay productive and avoid burnout  i make sure to set boundaries by scheduling time for both work and personal activities  i use tools like calendars and task lists to organize my work allowing me to focus during work hours and fully disconnect during personal time  i also prioritize selfcare such as exercise and hobbies to recharge  when work demands increase i communicate with my team to adjust expectations and make sure i don t neglect my personal wellbeing 
Soft Skills,Motivation & Leadership,medium,How do you motivate yourself and your team during a challenging project,i stay motivated by focusing on the end goal and breaking the project into smaller achievable milestones  when leading a team through a challenging project i maintain open communication provide regular updates and celebrate small successes along the way  i ensure that team members feel supported and that their contributions are recognized  by emphasizing the importance of the project and reinforcing the team s ability to succeed i keep everyone motivated and focused on achieving our collective goal 
Soft Skills,Adaptability,medium,What do you do when you're assigned a task that you're unfamiliar with,when assigned a task i m unfamiliar with i begin by gathering as much information as possible to understand the requirements  i research the topic or process ask for guidance from colleagues who have experience and break the task into smaller steps  i may also take online courses or tutorials if necessary  by staying proactive and asking the right questions i ensure that i complete the task effectively and learn from the experience 
Soft Skills,Stress Management,medium,How do you handle stressful situations at work,when faced with stressful situations i first take a step back to assess the situation and prioritize the tasks at hand  i break down larger problems into smaller more manageable pieces which helps to reduce the feeling of being overwhelmed  i stay focused on finding solutions and keep an open line of communication with my team to ensure we are all on the same page  i also use stressreducing techniques like deep breathing or a quick break to stay calm and maintain my productivity under pressure 
Soft Skills,SelfAwareness,medium,How do you react to criticism,i view criticism as an opportunity for growth  i listen carefully to understand the feedback and ensure i fully grasp the points being made  i ask clarifying questions when needed and reflect on how i can apply the feedback to improve my performance  i appreciate constructive criticism as it helps me become better at my job and develop both personally and professionally 
Soft Skills,Stress Management,medium,How do you maintain your composure while facing workplace problems,i maintain my composure by focusing on finding solutions rather than getting overwhelmed by the problem  i take a deep breath assess the situation and break it down into manageable steps  i prioritize tasks stay calm and communicate with my team to make sure we stay on track  maintaining a positive solutionfocused mindset helps me stay composed in stressful situations 
Soft Skills,Adaptability,medium,How would you define your attitude to change,i embrace change with a positive attitude  i understand that change is an inevitable part of growth both for individuals and organizations  i approach it as an opportunity to learn new things improve existing processes and contribute to innovation  i stay flexible and proactive in adapting to changes ensuring that i can quickly adjust and support others in the transition 
Soft Skills,Teamwork,medium,How do you feel about working in a team environment,i thrive in a team environment  i believe that collaboration brings out the best in individuals by allowing us to combine our strengths and solve problems more effectively  i value open communication mutual respect and the diversity of ideas that a team can bring  i also enjoy helping my teammates succeed and being part of a group that works toward common goals 
Soft Skills,Time Management,medium,How do you prioritize tasks when you have tight deadlines,when facing tight deadlines i prioritize tasks based on urgency and impact  i start by creating a todo list and breaking tasks down into smaller manageable parts  i use project management tools like asana or trello to keep track of deadlines and milestones  i focus on completing the most critical tasks first delegate where possible and keep open communication with my team to ensure everyone is aligned and on track 
Soft Skills,Leadership,medium,How do you attract people to follow your leadership,i attract people to follow my leadership by fostering trust and respect within the team  i lead by example maintaining a positive attitude being transparent and making decisions based on the team s best interests  i ensure clear communication and encourage open dialogue making people feel heard and valued  my focus is on empowering others which motivates them to take ownership and follow my direction 
Soft Skills,Time Management,medium,How do you manage competing priorities when the workload is heavy,when managing competing priorities i start by creating a list of all tasks and categorizing them based on their urgency and importance  i use project management tools to organize and track progress ensuring that highpriority tasks are completed first  i communicate with my manager and team if i need to adjust timelines or delegate tasks to ensure that critical work is not compromised  by staying organized and flexible i can manage a heavy workload without sacrificing the quality of my work 
Soft Skills,Conflict Resolution,medium,Can you provide an example of a time when you had to resolve a conflict within your team,in a previous team project two team members had a disagreement over how to approach a key deliverable  i stepped in and facilitated a meeting where both individuals could present their viewpoints  i encouraged open dialogue and helped them see each other s perspectives  after discussing the options we found a compromise that satisfied both parties and aligned with the project s objectives  by addressing the conflict early and encouraging communication i was able to resolve the situation without it escalating and we completed the project successfully 
Soft Skills,SelfImprovement & Feedback,medium,How do you handle receiving constructive criticism from a superior,when receiving constructive criticism from a superior i approach it with an open mind  i focus on understanding the feedback and ask clarifying questions if needed to ensure i fully comprehend the areas for improvement  i then take time to reflect on the feedback identify actionable steps and make a plan to work on the suggested changes  i view constructive criticism as an opportunity for growth and strive to use it to enhance my skills and performance 
Soft Skills,Team Collaboration,medium,How do you ensure effective collaboration between team members with varying skill sets,to ensure effective collaboration i first assess each team member s strengths and areas of expertise  i then allocate tasks that align with their skills and provide opportunities for them to contribute meaningfully to the project  i foster an open and inclusive environment where everyone feels comfortable sharing their ideas and suggestions  regular team meetings and feedback sessions allow us to stay aligned and adjust strategies if necessary  by leveraging diverse skill sets and encouraging communication we achieve better results and innovative solutions 
Soft Skills,SelfImprovement,medium,How do you ensure you’re continually developing your soft skills,i believe that soft skills development is a careerlong process  i try to continually learn from every professional experience whether it s a successful project or a challenging situation  i also actively seek feedback from peers managers and even subordinates to understand areas of improvement  besides the onthejob experiences i enroll in professional development courses and workshops that focus on communication leadership and other soft skills  i also put myself in situations where i can practice these skills like volunteering to lead projects or present results to clients  listening to podcasts reading selfimprovement books and participating in relevant online forums also contribute to my continual development of soft skills  every acquisition of a new skill or improvement of an existing one is a step towards becoming a better professional 
Soft Skills,Interview Preparation,medium,What's the best way to prepare for a Soft Skills interview,seeking out a mentor or other expert in your field is a great way to prepare for a soft skills interview  they can provide you with valuable insights and advice on how to best present yourself during the interview  additionally joining a session or soft skills workshop can help you gain the skills and knowledge you need to succeed 
Soft Skills,ProblemSolving,medium,How do you approach a situation in which you do not have all the information needed,when confronted with a situation where i lack necessary information i start by identifying exactly what it is that i do not know or understand  i then resort to researching the missing information through various resources such as books scholarly articles online resources or internal databases  if the unknowns are related to internal business processes or specific project details i would reach out to respective stakeholders colleagues or subject matter experts within the organization  open communication is key here  i d also countercheck any obtained information to ensure its accuracy  in essence my main approach in these situations is to actively seek out reliable resources ask questions and never assume or fill in the blanks with conjecture 
Soft Skills,Teamwork,medium,Tell us about your most successful teamwork experience.,one of the most successful teamwork experiences i ve had was when i worked as part of a crossfunctional team to launch a new product  our team included members from product management design marketing and sales each bringing different perspectives to the table  initially we had challenges aligning our different viewpoints and understanding of the project  however we set up regular brainstorming sessions and encouraged open communication which helped everyone appreciate the value of diverse perspectives and fostered mutual respect among us  we also divided the tasks according to our fields of expertise allowing everyone to contribute their best to the project  the end result was a very successful product launch that was more innovative and effective than we initially planned  this was largely due to our team s ability to capitalize on our diverse skill sets communicate effectively and collaborate towards a common goal 
Soft Skills,Time Management & Organization,medium,How do you prioritize your tasks when you have multiple deadlines to meet,when i have multiple deadlines to meet i start by assessing the urgency and importance of each task  i use a combination of a priority matrix and project management software to organize and visualize my tasks  i break larger projects into smaller manageable steps and focus on completing highpriority tasks first  i also communicate with my team to ensure everyone is aligned on priorities and that we meet all deadlines efficiently 
Soft Skills,Resilience & Learning,medium,Can you explain your biggest failure at work How did you learn from the experience,my biggest failure was when i managed a project where we missed a major deadline because i underestimated the amount of time required for certain tasks  i took responsibility for the setback and worked with the team to analyze what went wrong  through this process i learned the importance of realistic time estimations breaking down tasks further and setting contingency plans  i also learned to involve the team more in the planning phase to ensure a more balanced workload  this failure taught me valuable lessons in time management and project planning 
Soft Skills,Time Management & Organization,medium,How do you stay organized and keep track of your tasks and deadlines,to stay organized i use a combination of tools  i use digital calendars to keep track of appointments and meetings and project management software to organize my tasks  i prioritize tasks by urgency and importance and set clear deadlines for each  for larger projects i break them down into smaller tasks with individual deadlines to keep things on track  i also regularly review my progress adjusting my plans if needed and make sure i communicate any changes in timelines to stakeholders  this helps me stay on top of my tasks and meet deadlines effectively 
Soft Skills,ProblemSolving & Adaptability,medium,Can you describe a time when you worked on a project that didn’t go as planned,i was once part of a project where the original strategy failed due to unforeseen market changes  we had to adapt quickly  i took the initiative to help recalibrate our approach by organizing a brainstorming session with the team to reevaluate our strategy  we pivoted to focus on a new target audience and revised the marketing approach  we were able to successfully realign the project and even though we didn t hit the initial targets we delivered a more tailored solution that met the client s needs  this taught me the importance of staying flexible and adaptable in the face of unexpected challenges 
Soft Skills,Adaptability & ProblemSolving,medium,How do you handle situations when you are assigned a task that doesn't align with your skills or expertise,when faced with a task that doesn t align with my skills or expertise i first take the time to learn about the task and understand what is required  i might ask colleagues or supervisors for guidance or do research to fill in the knowledge gap  i also break the task into smaller parts and approach it step by step  if needed i seek support or delegate certain aspects to others who may have more experience  i view this as an opportunity to expand my skill set and contribute to the team in new ways  by staying proactive and open to learning i can tackle unfamiliar tasks successfully 
Soft Skills,WorkLife Balance,medium,How do you maintain worklife balance when you have multiple commitments,i maintain worklife balance by setting clear boundaries between work and personal life  i prioritize tasks by deadlines and importance and i ensure that i m not overcommitting to either work or personal responsibilities  i also block time in my calendar for personal activities like exercise or spending time with family to ensure i m not neglecting these aspects  when i feel overwhelmed i reassess my schedule and adjust accordingly  by managing my time well and ensuring i take breaks when needed i stay productive at work and refreshed in my personal life 
Soft Skills,Conflict Resolution & Teamwork,medium,How do you manage conflicts between team members,when managing conflicts between team members i first ensure that all parties involved have the opportunity to voice their concerns  i listen actively and impartially to understand the root cause of the conflict  once the issue is clear i facilitate a meeting where both parties can express their views and suggest potential solutions  i encourage a focus on common goals and collaborate with the team to find a resolution that works for everyone  if necessary i help mediate the conversation ensuring that it remains respectful and solutionoriented  after the conflict is resolved i follow up to ensure the issue is fully addressed and that the team remains cohesive 
Soft Skills,Resource Management & DecisionMaking,medium,Can you describe a time when you had to make a decision with limited resources,during a product launch we faced an unexpected budget cut that left us with fewer resources than planned  i quickly assessed the situation and prioritized key areas that would have the most significant impact on the product s success  i communicated with the team to ensure everyone understood the new constraints and we worked together to adjust the plan and reallocate resources more effectively  by making strategic choices like limiting unnecessary features and focusing on core strengths we were able to launch the product successfully despite the limited resources 
Soft Skills,Motivation & Goal Setting,medium,How do you motivate yourself to achieve longterm goals,to stay motivated for longterm goals i break them down into smaller more manageable milestones  i celebrate the achievement of these smaller goals which keeps me motivated and moving forward  i also remind myself of the bigger picture the purpose behind the goal and why it matters to me regularly reassessing my progress and adjusting strategies as needed helps maintain momentum  additionally i seek inspiration from mentors and peers who are on similar paths which keeps me encouraged and focused on the end result 
Soft Skills,Time Management & Prioritization,medium,How do you handle competing priorities when you have multiple tasks to complete,when faced with competing priorities i assess each task s urgency and importance  i use tools like task lists and project management software to visualize deadlines and allocate my time effectively  i also communicate with my team and manager to ensure that expectations are clear and that i m focusing on the most important tasks first  if needed i delegate tasks or ask for additional resources to help balance the workload  this approach helps me stay organized and meet deadlines efficiently 
Soft Skills,Leadership & Accountability,medium,How do you handle working with a team member who isn't performing their duties,if a team member is not performing their duties i would first seek to understand the underlying issue  i d approach them privately and express my concern while being empathetic  i would ask if there are any obstacles preventing them from completing their tasks and offer support or resources to help them improve  if the issue continues i would involve the appropriate channels such as a supervisor to address the matter professionally and constructively  my goal is to maintain a productive and collaborative team environment while ensuring accountability 
Soft Skills,ProblemSolving,medium,Can you describe a time when you had to solve a complex problem at work,i was once tasked with resolving a recurring issue in our inventory system where discrepancies between actual and recorded stock were frequent  i worked closely with the it team to identify the root cause and discovered that outdated software was causing inaccuracies  i researched better software solutions and recommended an upgrade that would integrate with our existing systems  after implementing the new system we saw a     reduction in inventory errors  this experience highlighted the importance of thorough investigation and collaboration when solving complex problems 
Soft Skills,Initiative & Commitment,medium,Tell us about a time when you went above and beyond to complete a project.,during a project to develop a new feature for our product we faced unexpected technical challenges that threatened to delay the delivery  i volunteered to stay late and work with the engineering team to resolve the issue  i also took on additional responsibilities such as preparing the client presentation while ensuring my team had the support they needed  by taking proactive steps and going beyond my regular duties we were able to deliver the feature on time and the client was impressed with the result 
Soft Skills,DecisionMaking & Prioritization,medium,What would you do if you were given 5 tasks to complete by the end of the week but knew there were 5 other tasks you could complete that would be more impactful for the company,in this situation i would evaluate each task s potential impact on the company  i would prioritize the tasks that align most closely with the company s immediate objectives and longterm goals  i would also consider consulting with my supervisor or manager to ensure alignment with the company s priorities  if necessary i d delegate less critical tasks or request extensions on tasks that could be postponed  by focusing on tasks that create the most value i ensure that my efforts contribute meaningfully to the organization 
Soft Skills,Time Management,medium,How do you prioritize tasks when everything seems urgent,when everything seems urgent i start by assessing the impact of each task  i categorize tasks by their urgency and importance using a priority matrix  i focus first on tasks that are both urgent and important ensuring those are handled immediately  for the remaining tasks i set realistic deadlines and focus on those that will drive the most value or prevent larger problems down the line  if necessary i communicate with stakeholders to adjust expectations and ensure that the highest priorities are addressed first 
Soft Skills,ProblemSolving & Adaptability,medium,Describe a situation where you identified a potential problem and resolved it before it became a bigger issue. How would you describe your ability to adapt to a significant change Provide an example. Can apply to inside or outside of work.,in my previous role i noticed that a project was falling behind due to miscommunication between teams  i immediately flagged the issue and facilitated a meeting to ensure everyone was on the same page  i proposed a new communication structure and set up regular checkins to track progress  regarding adaptability when the company shifted to a remote work model i quickly adjusted by setting up a home office and adopting new digital tools for collaboration  i also worked with my team to ensure we stayed productive which helped us continue delivering results effectively 
Soft Skills,Communication & Conflict Prevention,medium,What strategies do you use to prevent misunderstandings and conflicts in the workplace,i believe that clear and proactive communication is key to preventing misunderstandings and conflicts  i make sure that i clearly define expectations deliverables and timelines for every task and i encourage open dialogue from all team members to ensure that everyone is on the same page  additionally i make it a point to actively listen to concerns and address them before they escalate  when conflicts arise i address them early by facilitating open discussions to resolve the issue in a constructive and respectful manner  this approach fosters a positive work environment where everyone feels valued and understood 
Soft Skills,SelfImprovement & Feedback,medium,Have you ever received criticism from a supervisor or colleague How did you respond to it,yes i received feedback from a supervisor early in my career that my presentations were not engaging enough and lacked clear visual elements  instead of being defensive i took the feedback constructively and enrolled in a presentation skills course to learn how to incorporate visual storytelling techniques  i also sought advice from colleagues who were skilled at creating impactful presentations  the next time i presented my supervisor noticed the improvement and i felt more confident in my ability to communicate effectively with my team 
Soft Skills,Leadership,medium,Can you share an example of a time you had to lead by example,in a previous role our team was facing a tight deadline for a product launch  morale was low and there was a lack of motivation  i decided to step up and lead by example  i worked alongside my team staying late to ensure tasks were completed on time and kept the atmosphere positive by offering encouragement  by demonstrating my commitment and hard work i was able to inspire my team to rally together and we successfully met the deadline  this experience reinforced the importance of leading with actions not just words 
Soft Skills,Decision Making,medium,Tell me about a time you had to make a decision with limited information. How did you approach it,in a previous role i had to make a decision about whether to proceed with a marketing campaign despite having limited data on its potential performance  i quickly gathered as much relevant information as possible from available sources and consulted with colleagues who had more experience in similar projects  after considering the risks and benefits i made an informed decision to move forward with the campaign  although it wasn t perfect the campaign ended up being successful and i learned the importance of making decisions based on the best available information even when it s incomplete 
Soft Skills,Organization & Multitasking,medium,How do you stay organized when handling multiple projects at once,to stay organized while handling multiple projects i use a combination of project management software and todo lists  i prioritize tasks based on deadlines and importance and break them into smaller manageable steps  i schedule my time carefully allocating specific time blocks for each task  i also regularly review progress and adjust my schedule as needed to ensure all projects stay on track  this approach allows me to stay focused and organized even when juggling multiple tasks 
Soft Skills,Client Management,medium,Describe a time when you had to work with a challenging client. How did you handle the situation,i once worked with a client who had very specific demands and was difficult to please  instead of being defensive i took the time to actively listen to their concerns and made sure i understood their vision completely  i kept the communication channels open providing regular updates and adjustments to meet their expectations  over time our relationship improved and the project was successfully delivered to their satisfaction  this taught me the value of patience clear communication and being flexible in client relationships 
Soft Skills,Leadership & Crisis Management,medium,Can you provide an example of a time when you had to manage a team through a challenging situation,in a previous role my team was tasked with delivering a project during an unexpected budget cut  i took charge by organizing a team meeting to address the situation ensuring everyone understood the new constraints  we brainstormed creative solutions to work within the reduced budget adjusting the project scope and reallocating resources  throughout the process i kept the team motivated and focused on our goals emphasizing our ability to adapt and succeed despite the challenges  we delivered the project on time and within the new budget and the experience strengthened our team s resilience and problemsolving capabilities 
Soft Skills,Project Management,medium,How do you ensure a team project stays on track,i ensure a team project stays on track by setting clear objectives and defining each team member s role from the start  i establish a timeline with key milestones and use project management tools to track progress  regular checkins allow me to address any challenges or roadblocks early ensuring that we stay aligned with our goals  i also encourage open communication within the team so everyone feels comfortable bringing up concerns or asking for help when needed  this approach ensures that the project progresses smoothly and deadlines are met 
Soft Skills,Stress Management,medium,How do you handle situations where you feel overwhelmed by work or responsibilities,when i feel overwhelmed i take a step back to evaluate the situation and prioritize tasks  i break down large projects into smaller more manageable pieces and tackle them one at a time  if necessary i communicate with my manager to delegate tasks or adjust deadlines  i also ensure to take regular breaks and engage in stressrelief activities like exercise or mindfulness to maintain my wellbeing  by staying organized and focusing on the most important tasks i manage to stay calm and productive during stressful times 
Soft Skills,Leadership,medium,Tell us about a time when you showed leadership skills at work.,in a previous role at a software company we had an urgent project come up that required a quick turnaround  our team was working at full capacity on other projects so i volunteered to lead the effort on the urgent task  i organized a taskforce from different departments that could contribute different skills to the project  to manage the workload effectively i broke down the project into smaller tasks delegating responsibilities based on individual strengths and expertise  i also set up daily checkins to keep everyone on track and address any concerns or issues promptly  in the end we delivered the project ahead of the deadline and received commendation from senior management  this experience wasn t just about showing leadership skills but also about fostering collaboration and maximizing team strengths 
Soft Skills,Adaptability,medium,Can you provide an example of a time you had to adapt to a significant change at work,in my past role as a marketing manager the company decided to overhaul our marketing strategy to focus more on digital platforms rather than traditional media  this was a big shift in approach  i had to learn digital marketing tactics from scratch as my prior experience was focused on traditional channels  i quickly enrolled in several online courses and workshops to learn about digital marketing strategies such as seo sem and social media advertising  it was a steep learning curve but i adapted to the new methodologies and led the team to successfully execute our first fully digital campaign which resulted in increased leads and improved brand visibility  this specific change at work taught me the importance of adaptability and continuous learning in today s everchanging work environment 
Soft Skills,SelfAwareness,medium,How do you respond to feedback and criticism,i view feedback and criticism as an opportunity to learn and improve  for instance during one of my annual performance reviews my supervisor pointed out that i could improve my data presentation skills to make findings more understandable for nontechnical team members  instead of taking it personally i took it as a chance to hone my skills  i sought online courses on data visualization and presentation and practiced these skills on subsequent projects  by the next review my supervisor noted my substantial improvement in this area  this experience reinforced my belief that to grow professionally it s crucial to take feedback positively and use it constructively 
Soft Skills,ProblemSolving,medium,Tell me about a time you identified and solved a problem in its early stages.,i noticed early warning signs and proactively addressed the issue before it escalated 
Soft Skills,Team Building & Leadership,medium,If you had to build a team to work with what are some of the characteristics you would look for in those team members,i would look for team members who possess strong communication skills a collaborative mindset and a willingness to learn  it s important to have diverse skill sets on the team but equally important is the ability to work well with others and share knowledge  i value individuals who can think critically offer creative solutions and remain flexible in the face of challenges  a positive attitude and strong work ethic are also essential to maintaining a productive and motivated team 
Soft Skills,Conflict Resolution,medium,How do you handle conflicts within a team Provide an example from your past.,when conflicts arise within a team i address them promptly by creating an open environment for discussion  i ensure all parties involved feel heard and understood  for example during a project two team members had differing opinions on how to approach a task  i brought them together in a neutral space encouraged them to express their concerns and helped them find common ground  by facilitating a constructive conversation we were able to come to a resolution that satisfied everyone and allowed the project to move forward smoothly 
Soft Skills,Leadership,medium,What do you believe is the most challenging aspect of leadership,the most challenging aspect of leadership is balancing the needs of the team with the demands of the organization  leaders must ensure that their team is motivated supported and given opportunities for growth while also meeting organizational goals and maintaining productivity  it requires constant communication empathy and adaptability to ensure that everyone s needs are addressed and the overall objectives are met 
Soft Skills,Conflict Resolution & Leadership,medium,How do you handle team members who disagree with your decisions or direction,i believe that open dialogue is key when team members disagree with my decisions  i make sure to listen to their concerns and validate their opinions  after understanding their viewpoint i explain my rationale for the decision and how it aligns with the overall project goals  if there are valid points in their argument i am open to making adjustments  by maintaining respect and communication i ensure that disagreements are resolved constructively and the team remains united 
Soft Skills,Leadership & Project Management,medium,Can you describe a time when you led a project from inception to completion What was your role and approach,i led a project to launch a new website for our company  my role involved setting the project s direction assembling a team and ensuring all stakeholders were aligned  i began by defining the project scope breaking it down into smaller manageable tasks and assigning responsibilities to team members based on their strengths  i ensured regular checkins to track progress and address any challenges  by keeping everyone engaged and focused on the end goal we successfully launched the website on time and within budget 
Soft Skills,Leadership & Change Management,medium,How would you guide your team through lastminute changes,when guiding my team through lastminute changes i would start by clearly communicating the changes and the reasons behind them  i would ensure everyone understands the new goals and the expected outcome  i would also delegate tasks according to each team member s strengths and ensure that we stay flexible and focused on the end goal  by staying calm and maintaining open communication i would help my team adjust quickly ensuring we meet the revised requirements with minimal disruption 
Soft Skills,Job Fit & Work Values,medium,What are the three things that you value most in a job,the three things i value most in a job are opportunities for growth and development a collaborative and supportive team environment and meaningful work that aligns with my values  i thrive when i can continuously improve my skills and contribute to projects that have a positive impact  working with a supportive team where communication and mutual respect are prioritized is also essential for my productivity and overall job satisfaction 
Soft Skills,Adaptability,medium,Can you recount a scenario when you were asked to do something you had never done What was your reaction and what did you learn,i was once asked to lead a crossfunctional project that required me to use project management software i had never used before  initially i felt challenged but i saw it as an opportunity to learn  i took the initiative to familiarize myself with the software by attending tutorials and asking colleagues for tips  with their support and my willingness to learn i was able to use the software efficiently and successfully lead the project to completion  this experience taught me the importance of embracing new tools and tasks and the value of learning quickly on the job 
Soft Skills,Conflict Resolution,medium,Can you cite an example when you had to work with someone difficult to get along with How did you navigate the situation,i once worked with a colleague who had a very different working style from mine  they were very detailoriented and preferred to follow established processes while i tend to be more flexible and creative  initially this led to some tension  i took the time to understand their perspective and acknowledged the strengths of their approach  we then established clear boundaries and ways of collaborating that allowed both of us to contribute effectively without stepping on each other s toes  by focusing on mutual respect and understanding we were able to work together harmoniously and the project was completed successfully 
Soft Skills,Adaptability,medium,Narrate a situation where the results went against your expectations. How did you handle the change,during a marketing campaign we anticipated strong engagement from a new demographic based on initial data but the actual response was underwhelming  i took a step back to analyze the situation gathering more detailed customer feedback and revisiting our strategy  i quickly adapted by shifting our focus to a different audience and altering the campaign s messaging  through these adjustments we were able to achieve better engagement  this experience reinforced my belief that flexibility and quick adaptation are key to navigating unexpected outcomes 
Soft Skills,Communication,medium,How do you explain a new topic to colleagues unfamiliar with them,when explaining a new topic to colleagues unfamiliar with it i start by breaking down the subject into simpler concepts  i avoid jargon and use relatable examples to make the information more accessible  i also use visual aids like diagrams or slides to enhance understanding  it s important to create an interactive environment so i encourage questions and foster open discussions to ensure the concept is fully understood  this approach helps my colleagues feel more comfortable and confident in grasping new topics 
Soft Skills,ProblemSolving,medium,How would you respond if a project or task didn't go as planned,when a project or task doesn t go as planned i believe the first thing to do is assess what went wrong  i would evaluate the situation to determine the root causes and gather input from the team  i would then openly communicate with stakeholders about the issue explaining the adjustments needed and providing a revised timeline or plan  following that i would ensure the team is aligned on the new course of action and actively monitor the progress to ensure we meet the revised expectations  by staying calm and focused on solutions we can turn setbacks into learning experiences 
Soft Skills,Conflict Resolution & Communication,medium,Can you share an experience where your ability to listen actively helped resolve a conflict,during a project two team members had a disagreement about the direction of the design  i actively listened to both of their perspectives without interrupting and paraphrased their concerns to ensure i fully understood both sides  after hearing them out i facilitated a discussion where they could express their ideas in a more collaborative manner  by showing empathy and understanding i helped them find common ground and allowed them to come to a consensus which improved team cohesion and allowed the project to move forward smoothly 
Soft Skills,Motivation & Leadership,medium,What motivates you to do your best work Can you provide an example of a time when you had to advocate for your own ideas during a team meeting,i am motivated by the opportunity to contribute meaningfully to a project and the satisfaction of seeing the positive impact of my work  during a team meeting i once advocated for using a new marketing strategy that incorporated influencer partnerships  the team was hesitant but i provided databacked examples and explained how it would help us reach a younger demographic  after discussing the potential roi and addressing concerns the team agreed to try the strategy  it resulted in a     increase in engagement and was wellreceived by the client 
Soft Skills,Time Management & Stress Management,medium,How do you handle tight deadlines especially when managing multiple projects,when managing tight deadlines i break down each project into smaller manageable tasks and allocate specific time blocks to work on them  i prioritize tasks based on urgency and importance focusing on highpriority projects first  i also communicate clearly with my team to ensure expectations are aligned and if necessary i delegate tasks to ensure all deadlines are met  additionally i manage stress by staying organized and taking short breaks when needed to maintain focus and productivity throughout the day 
Soft Skills,Presentation Skills,medium,How do you prepare for delivering a presentation,i research organize my content and practice thoroughly 
Soft Skills,Analytical Skills,medium,Describe a time when you had to solve a problem but didn’t have all the necessary information about it in hand. What did you do,i gathered available data made an informed guess and verified it later 
Soft Skills,Honesty,medium,Have you ever been honest even though it’s caused problems for you What happened,yes my honesty led to a tough conversation but ultimately built trust 
Soft Skills,Negotiating,medium,How would you change an institutional 'this is how we always do it' attitude if you felt there was a better approach,i d present datadriven alternatives to encourage change 
Soft Skills,Organizational Skills,medium,Give an example of when your planning led to effective results.,my organized approach streamlined a project and improved outcomes 
Soft Skills,Motivation and Enthusiasm,medium,What do you hope to achieve during your first six months here,i aim to learn contribute and integrate well with the team 
Soft Skills,Motivation and Enthusiasm,medium,How do you deal with colleagues who are lacking in enthusiasm,i share positive energy and encourage team collaboration 
Soft Skills,Motivation and Enthusiasm,medium,How do you generate enthusiasm on days when you’d prefer not to be at work,i remind myself of my purpose and celebrate small wins 
Soft Skills,Motivation and Enthusiasm,medium,How do you stay motivated when working on a project that doesn’t interest you,i focus on the end result and look for learning opportunities 
Soft Skills,Customer Service,medium,Give an example of when you went the extra mile to give good customer service.,i anticipated a customer s needs and exceeded their expectations 
Soft Skills,Customer Service,medium,Give an example of how you have dealt with an unsatisfied customer.,i listened carefully empathized and resolved their concern promptly 
Soft Skills,Work Ethics,medium,Give me an example of when you faced an ethical dilemma at work.,i encountered conflicting interests and sought guidance to act ethically 
Soft Skills,Time Management,medium,Your manager assigns you a big task right before the end of the day. How would you reply,i d explain my current workload and negotiate a more realistic timeline 
Soft Skills,Time Management,medium,Tell me about a time when you’ve struggled to meet deadlines. What did you do,i reevaluated my schedule sought assistance and adjusted priorities 
Soft Skills,Time Management,medium,How do you prioritize your work with many looming deadlines,i assess urgency and impact then create a structured plan 
Soft Skills,Time Management,medium,Which better describes you: ‘done is better than perfect’ or ‘everything has to look perfect’,i strike a balance valuing quality while avoiding perfectionism 
Soft Skills,Teamwork,medium,What does team spirit mean to you and how would you go about building it,team spirit is built on trust and support  i encourage open communication and celebrate shared successes 
Soft Skills,Teamwork,medium,How would you deal with a teammate who wasn’t doing their share of work,i d address it directly offer assistance and involve leadership if needed 
Soft Skills,Leadership,medium,How do you go about delegating responsibilities to a team,i assign tasks based on individual strengths and set clear expectations 
Soft Skills,SelfImprovement & Accountability,medium,Describe a time when you received negative feedback from your manager. Did you feel it was accurate or warranted What actions did you take as a result of receiving the feedback,i once received feedback from my manager that my reports lacked sufficient detail and were not as thorough as expected  initially i felt that i had provided enough information but upon reflection i realized that i could have included more actionable insights and clearer explanations  i took this feedback constructively enrolled in a course on data visualization and reporting and worked with my manager to clarify expectations moving forward  as a result my future reports were more comprehensive and wellreceived improving my performance and relationship with my manager 
Soft Skills,Resilience & Personal Development,medium,Do you consider yourself to be a resilient person,yes i consider myself resilient  for example when i was working on a longterm project that required extensive coordination with various departments there were numerous setbacks including unexpected delays and resource shortages  despite these challenges i remained focused on the end goal and continued to push forward  i regularly reassessed the situation adapted my approach and kept my team motivated  ultimately we delivered the project successfully and the experience reinforced my ability to handle adversity with a positive attitude and determination 
Soft Skills,Communication,medium,Explain to your 95yearold grandmother what you do for a living.,i help solve problems for businesses using technology and creative ideas 
Soft Skills,Active Listening & Problem Solving,medium,Give me an example of how you have used active listening to help a situation.,in a team meeting there was a disagreement about how to approach a client project  i actively listened to both sides without interrupting ensuring that everyone s points were heard  after understanding the concerns from both parties i helped mediate a discussion that led to a compromise and a clearer strategy  by actively listening i facilitated a more productive conversation and resolved the conflict in a way that satisfied everyone involved 
Soft Skills,Collaboration & DecisionMaking,medium,Describe a time when you acted on someone’s suggestion.,while working on a marketing campaign a colleague suggested we test a new type of social media advertisement to reach a younger audience  initially i was skeptical but i decided to trust their expertise and implemented the strategy  the campaign saw a     increase in engagement compared to previous efforts  this experience taught me the importance of being open to others  suggestions and trusting the team s collective knowledge 
Soft Skills,Perseverance & Focus,hard,Give me an example of one thing in your life that you have worked on for what you consider to be a very long time with no distraction or break. What did you dislike most about that How successful were you in completing it How long a time did you work on it,one example is when i worked on completing my thesis for my master s degree  i spent over a year researching writing and refining it with very few breaks as i wanted to ensure it was wellresearched and detailed  what i disliked most about it was the feeling of being constantly immersed in the same topic which made it hard to stay fresh and motivated at times  however the long hours of hard work and focus paid off when i successfully submitted it and received excellent feedback  the sense of achievement and the knowledge i gained throughout the process made it all worthwhile  the experience taught me the value of persistence and longterm focus even during moments of doubt 
Soft Skills,Leadership,hard,Your company is in financial difficulties and you must cut salary costs. How would you decide who to fire,i d use objective performance metrics and fairness to guide decisions 
Soft Skills,Leadership,hard,Your team members are quitting one after another. What do you do,i d investigate underlying issues and work to rebuild team morale 
Soft Skills,Leadership,hard,You know your manager is 100% wrong about something. What do you do,i d respectfully present my evidence and engage in a constructive dialogue 
Soft Skills,Communication,hard,Your colleague is publicly belittling your work achievements. What do you do,i would address the issue privately explain my concerns and seek a respectful resolution 
Soft Skills,Creativity,hard,In what ways have you encouraged your work team to be more creative and innovative,i foster an environment where new ideas are welcomed and rewarded 
Soft Skills,ProblemSolving,hard,Describe a time when you had to solve a problem in a crisis.,i quickly assessed the situation and implemented a rapid effective solution 
Soft Skills,DecisionMaking,hard,When was the last time you made a difficult decision How did you handle the situation,the last difficult decision i had to make was when i had to prioritize one project over another due to resource constraints  both projects were important but i had to weigh the longterm impact of each  i consulted with my team and stakeholders to get their perspectives analyzed the potential outcomes and ultimately chose the project that would provide the most value to the company  i communicated the decision transparently to all involved and provided support to ensure the other project could be addressed later 
Soft Skills,Time Management & Flexibility,hard,You get assigned a big task just before the end of the day. How would you reply,i would acknowledge the task s importance and ask for clarification on any specific requirements or expectations  i would then plan out a strategy to address the task breaking it into smaller parts if necessary  if the task cannot be fully completed before the end of the day i would ensure the most critical components are addressed first and plan to complete the rest the next day 
Soft Skills,DecisionMaking & Ethics,hard,Your company is going through times of uncertainty/financial difficulties and you must cut down on salaries. How would you decide who to fire,i would approach this situation with empathy and fairness first considering performance metrics and the employee s contribution to the company s goals  i would also look at factors such as skills flexibility and potential for growth  it s important to make datadriven decisions while being transparent with the team about the reasons behind the cuts 
Soft Skills,Adaptability & ProblemSolving,hard,Do you like surprises,i understand that surprises are a part of both personal and professional life  i m comfortable with them as long as i can adapt quickly and maintain focus on finding solutions  surprises often present opportunities to learn and grow so i stay openminded and look for the positives in each unexpected situation 
Soft Skills,DecisionMaking & Ethics,hard,Your company is going through times of uncertainty/financial difficulties and you must cut down on salaries. How would you decide who to fire,i would approach this situation with empathy and fairness first considering performance metrics and the employee s contribution to the company s goals  i would also look at factors such as skills flexibility and potential for growth  it s important to make datadriven decisions while being transparent with the team about the reasons behind the cuts 
Soft Skills,Conflict Resolution & Ethics,hard,What would you do if a colleague confessed to breaking company rules or committing severe misdemeanours against you,if a colleague confessed to breaking company rules or committing severe misdemeanours against me i would first ensure i understood the full context of the situation  i would encourage them to take responsibility for their actions and follow the proper reporting channels  if necessary i would communicate the issue to management while maintaining professionalism and objectivity 
Soft Skills,Professionalism & Workplace Conduct,hard,What aspects of professionalism are the most important,the most important aspects of professionalism are integrity accountability and respect  i believe in being honest in all my interactions taking responsibility for my actions and treating colleagues with respect and courtesy  these traits foster trust collaboration and a positive work environment 
Soft Skills,Adaptability & ProblemSolving,hard,Do you like surprises,i understand that surprises are a part of both personal and professional life  i m comfortable with them as long as i can adapt quickly and maintain focus on finding solutions  surprises often present opportunities to learn and grow so i stay openminded and look for the positives in each unexpected situation 
Soft Skills,Time Management & Flexibility,hard,You get assigned a big task just before the end of the day. How would you reply,i would acknowledge the task s importance and ask for clarification on any specific requirements or expectations  i would then plan out a strategy to address the task breaking it into smaller parts if necessary  if the task cannot be fully completed before the end of the day i would ensure the most critical components are addressed first and plan to complete the rest the next day 
Soft Skills,Business Strategy & Creativity,hard,What business do you know has used creativity to improve and become successful,one example is apple  their creativity in product design marketing and customer experience transformed the tech industry  by focusing on sleek userfriendly designs and creating a cohesive ecosystem they managed to build a brand that stands out in a crowded market improving both customer loyalty and sales 
Soft Skills,Conflict Management & Customer Relations,hard,If a customer starts acting unreasonably what would you do,if a customer starts acting unreasonably i would remain calm and composed ensuring that i don t take their behavior personally  i would try to understand the root cause of their frustration and work toward a solution all while maintaining professionalism  if necessary i would involve a supervisor to handle the situation 
Soft Skills,Communication,hard,How do you handle situations when you need to deliver complex or challenging news to a team or client,i approach such situations with transparency and empathy  i clearly explain the situation provide context and offer actionable solutions or next steps  i always allow time for questions and ensure the team or client feels heard  for example when a project deadline was delayed i communicated the issue early and offered a revised timeline with concrete steps to mitigate the impact 
Soft Skills,Work Ethic & Time Management,hard,Do you work overhours,i strive to maintain a healthy worklife balance and manage my time effectively to avoid overworking  however when necessary i m willing to put in extra effort to meet critical deadlines or ensure project success  i believe in planning my time well to minimize the need for overtime 
Soft Skills,SelfImprovement & Communication,hard,What does constructive criticism mean to you,constructive criticism is feedback that is aimed at helping someone improve focusing on specific behaviors or actions rather than personal attributes  i see it as a valuable opportunity to learn and grow and i appreciate when feedback is provided in a respectful actionable manner that helps me make improvements 
Soft Skills,ProblemSolving & Resourcefulness,hard,How would you continue if you had an objective but needed the tools or means to reach it,if i lacked the tools or means to achieve an objective i would first assess the resources available to me and find alternative ways to meet the goal  i would explore different options such as collaborating with colleagues researching solutions or proposing changes to the original approach  persistence and adaptability would be key in this situation 
Soft Skills,Problem Solving,hard,What was the biggest problem you solved at work,one of the biggest problems i have faced occurred when two top clients decided not to resign with the company  this situation put a lot of pressure on me and the rest of the sales team to increase our production  i hired two sales interns to make cold calls to local prospects and update our lead generation software  i spent the next quarter working longer hours and making sure each employee had a full sales pipeline  we ended up signing four new clients and made up for revenue losses from losing our previous clients 
Soft Skills,Communication,hard,How do you handle situations when you need to deliver complex or challenging news to a team or client,i approach such situations with transparency and empathy  i clearly explain the situation provide context and offer actionable solutions or next steps  i always allow time for questions and ensure the team or client feels heard  for example when a project deadline was delayed i communicated the issue early and offered a revised timeline with concrete steps to mitigate the impact 
Soft Skills,Goal Setting,hard,Tell me about a time you set difficult goals. What did you do to achieve them Walk me through the process and purpose.,i set a goal to increase our department s efficiency by      i conducted a thorough analysis of current processes implemented new software tools and trained the team on best practices  i set incremental milestones to track progress and adjusted the plan as needed  regular progress checks and feedback sessions were key to achieving this ambitious goal and ultimately we surpassed the target by     
Soft Skills,Decision Making,hard,Tell me about a time you’ve made a decision without all of the relevant data. What did you do How did you collect the information you did have How did you come to the decision,once under a tight deadline i had to decide on a marketing strategy with limited data  i used available market trends and previous campaign results to guide my decision  i also consulted with colleagues in other departments to gather qualitative insights  the campaign was moderately successful and i learned the importance of agile decisionmaking and being resourceful in situations with limited data 
Soft Skills,Strategic Planning,hard,What would your ideal support organization look like both in terms of people and budget Why would you set the organization up in this way Who would you add to your team,my ideal support organization would be lean yet effective with a mix of experienced professionals and emerging talents  a balanced budget would prioritize innovation and training  i would add more data analysts and customer engagement experts to enhance our decisionmaking and client relationships  this structure ensures efficiency while promoting continuous growth and adaptation to industry changes 
Soft Skills,Resilience,hard,Share your biggest work failure and what you learned.,i failed to hit my sales targets for two months in a row  my manager informed me following the second month and i began a development plan to improve my performance  i worked with my manager on a strategy to make a set number of cold calls before i finished each day and had two calls with prospective clients per week  for each week i had calls with prospective clients each client signed with the company and the total sales increased the company s revenue by      i learned that my commitment to developing my skills can help me overcome setbacks despite the current situation 
Soft Skills,Goal Setting,hard,Tell me about a time you set difficult goals. What did you do to achieve them Walk me through the process and purpose.,i set a goal to increase our department s efficiency by      i conducted a thorough analysis of current processes implemented new software tools and trained the team on best practices  i set incremental milestones to track progress and adjusted the plan as needed  regular progress checks and feedback sessions were key to achieving this ambitious goal and ultimately we surpassed the target by     
Soft Skills,Decision Making,hard,Tell me about a time you’ve made a decision without all of the relevant data. What did you do How did you collect the information you did have How did you come to the decision,once under a tight deadline i had to decide on a marketing strategy with limited data  i used available market trends and previous campaign results to guide my decision  i also consulted with colleagues in other departments to gather qualitative insights  the campaign was moderately successful and i learned the importance of agile decisionmaking and being resourceful in situations with limited data 
Soft Skills,Strategic Planning,hard,What would your ideal support organization look like both in terms of people and budget Why would you set the organization up in this way Who would you add to your team,my ideal support organization would be lean yet effective with a mix of experienced professionals and emerging talents  a balanced budget would prioritize innovation and training  i would add more data analysts and customer engagement experts to enhance our decisionmaking and client relationships  this structure ensures efficiency while promoting continuous growth and adaptation to industry changes 
Soft Skills,Change Management,hard,Tell me about the biggest change you’ve had to deal with How did you adapt to that change,one of the biggest changes i faced was during my transition from medical school to residency  the shift from being a student with structured learning to being a resident with greater responsibility was significant  i adapted by seeking out mentors to help guide me through the process setting clear goals and creating a structured daily routine  over time i learned to balance patient care education and personal wellbeing and the transition became smoother  this experience taught me that adaptability and proactive learning are key when managing major changes 
Soft Skills,Presentation Skills,hard,Describe a time when you had to announce bad news to your team.,i delivered the news with empathy and provided a plan for moving forward 
Soft Skills,Honesty,hard,Give an example of a work situation where you felt that it was best not to be honest.,i once withheld minor details to avoid unnecessary conflict 
Soft Skills,Honesty,hard,What would you do if a colleague confessed a serious misdemeanor to you,i d advise them to seek help or report it if necessary 
Soft Skills,Cultural Fit,hard,Have you ever found a company policy unfair or inefficient If so what was the policy and why What did you do or what would you do in this case,i d raise my concerns respectfully and suggest improvements 
Soft Skills,Cultural Fit,hard,What would make you quit a job in the first month,a toxic culture or lack of respect would push me to leave 
Soft Skills,Confidence,hard,Your project fails miserably. How do you deal with it,i analyze the failure learn from it and use it to improve 
Soft Skills,DecisionMaking,hard,What’s the most challenging decision you’ve had to make at work How did you decide,i weighed all factors and chose the option that best aligned with longterm goals 
Soft Skills,Handling Stress,hard,Tell me about your most stressful work situation. How did you deal with it,i prioritized tasks sought support and managed my time to overcome the stress 
Soft Skills,Conflict Resolution,hard,What steps would you take to resolve a heated conflict that broke out between two members of your team,i d intervene mediate and guide them to find common ground 
Soft Skills,Strategic Planning,hard,Tell me about a time when you planned and executed a large project. What were the outcomes,i led a major project that achieved targets and improved overall efficiency 
Soft Skills,Negotiating,hard,Describe a difficult negotiating situation you’ve been in. What was the outcome,i negotiated a challenging deal and reached a fair compromise 
Soft Skills,Customer Service,hard,How would you deal with a customer you felt was becoming unreasonable,i d remain calm listen actively and work to deescalate the situation 
Soft Skills,Work Ethics,hard,What would you do if you discovered a manager was breaking company rules,i d report the issue through the proper channels while maintaining confidentiality 
