Category,Specialty,Difficulty,Question,Answer
Engineering,Architectural Engineer,easy,Are you licensed to practise architecture in the UK?,yes  our firm holds the necessary licenses to practise architecture in the uk 
Engineering,Mechanical Engineer,easy,What is the color of flame if the boiler is running?,a proper combustion flame is blue  a yellow flame indicates incomplete combustion 
Engineering,Mechanical Engineer,easy,What is the purpose of a safety valve in a boiler?,a safety valve releases excess pressure from a boiler to prevent explosions 
Engineering,Mechanical Engineer,easy,What is the difference between hardening and tempering of steel?,hardening increases steel hardness by rapid cooling  while tempering reduces brittleness by controlled reheating 
Engineering,Mechanical Engineer,easy,What is the function of a thrust washer?,a thrust washer prevents axial movement and reduces friction between rotating parts 
Engineering,Mechanical Engineer,easy,What is the function of an impeller in a centrifugal pump?,an impeller increases fluid velocity and pressure by imparting rotational energy 
Engineering,Mechanical Engineer,easy,What is meant by the term 'mechanical advantage' in machines?,mechanical advantage is the ratio of output force to input force  improving machine efficiency 
Engineering,Mechanical Engineer,easy,What is the function of a vane pump?,a vane pump uses rotating vanes to create suction and move fluid  often used in hydraulic systems 
Engineering,Mechanical Engineer,easy,Tell the octane number in Indian petrol?,indian petrol typically has an octane rating between    and    
Engineering,Mechanical Engineer,easy,What is the purpose of an intercooler in a turbocharged engine?,an intercooler cools compressed air from the turbocharger  increasing air density and improving engine efficiency 
Engineering,Mechanical Engineer,easy,What are the advantages of roller bearings over plain bearings?,roller bearings provide lower friction  higher load capacity  and longer service life than plain bearings 
Engineering,Mechanical Engineer,easy,What is the purpose of a poppet valve in an engine?,a poppet valve controls the intake and exhaust of gases in an internal combustion engine 
Engineering,Mechanical Engineer,easy,What is meant by the term 'creep' in materials?,creep is the slow and permanent deformation of materials under continuous stress over time  especially at high temperatures 
Engineering,Mechanical Engineer,easy,What is the function of a counterweight in machinery?,a counterweight balances moving parts  reducing strain and improving efficiency in lifting systems 
Engineering,Mechanical Engineer,easy,What is the function of a radiator in an engine cooling system?,a radiator dissipates excess heat from the engine coolant to maintain optimal operating temperature 
Engineering,Mechanical Engineer,easy,What is the function of the strainer in an IC engine?,it filters out debris and impurities from fuel or oil to protect the engine 
Engineering,Mechanical Engineer,easy,What is Auto Dosing?,auto dosing is an automated method of adding chemicals to a system for optimal performance 
Engineering,Mechanical Engineer,easy,Why are spur gears commonly used in mechanical systems?,spur gears provide simple design  high efficiency  and cost effectiveness for power transmission 
Engineering,Mechanical Engineer,easy,What is the difference between stress and pressure?,stress is internal resistance per unit area  while pressure is external force per unit area 
Engineering,Mechanical Engineer,easy,Which two continents are mirror images of each other?,south america and africa 
Engineering,Mechanical Engineer,easy,What are the different types of mechanical springs?,types include compression springs  tension springs  torsion springs  and leaf springs  each serving different force absorption functions 
Engineering,Mechanical Engineer,easy,How does lubrication impact machine performance?,lubrication reduces friction  wear  and heat in moving parts  improving machine efficiency and lifespan 
Engineering,Mechanical Engineer,easy,What is the difference between stress and strain?,stress is the force per unit area  while strain is the deformation per unit length 
Engineering,Mechanical Engineer,easy,What is the purpose of a governor in a Diesel engine?,to regulate engine speed by controlling fuel supply 
Engineering,Mechanical Engineer,easy,Why are tires manufactured in black color?,carbon black is added to rubber to increase durability and uv resistance 
Engineering,Mechanical Engineer,easy,What is the backplate in centrifugal pumps and its purpose?,it provides support and prevents wear on the pump components 
Engineering,Mechanical Engineer,easy,What is a servo motor?,a servo motor is a rotary actuator that provides precise motion control 
Engineering,Mechanical Engineer,easy,What is meant by the term 'notch sensitivity'?,notch sensitivity quantifies a material s susceptibility to stress concentration effects caused by geometric discontinuities 
Engineering,Mechanical Engineer,easy,What is the need for drafting?,drafting is used for creating detailed engineering drawings for manufacturing and design 
Engineering,Mechanical Engineer,easy,What is a Geneva drive and where is it used?,a geneva drive provides intermittent motion and is commonly used in indexing mechanisms like film projectors 
Engineering,Mechanical Engineer,easy,What is the significance of the Fourier number in heat conduction?,the fourier number represents the ratio of heat conduction to heat storage  used in transient heat transfer analysis 
Engineering,Mechanical Engineer,easy,What is the difference between an open-loop and a closed-loop control system?,open loop systems operate without feedback  while closed loop systems adjust based on real time feedback 
Engineering,Mechanical Engineer,easy,What is a chain drive and where is it used?,a chain drive transmits power between shafts using a roller chain and sprockets  commonly used in bicycles and motorcycles 
Engineering,Mechanical Engineer,easy,What is a torsion bar suspension system?,a torsion bar suspension uses a long metal rod to provide suspension by twisting under load 
Engineering,Mechanical Engineer,easy,"What is a spur gear, and where is it used?",a spur gear has straight teeth and is used in simple mechanical transmissions such as clocks and conveyors 
Engineering,Mechanical Engineer,easy,"What is a worm gear, and where is it used?",a worm gear is a gear arrangement providing high reduction ratios and is commonly used in conveyor systems and elevators 
Engineering,Mechanical Engineer,easy,What are the types of boiler draught systems?,boiler draught can be natural or artificial  with artificial draught types including forced  induced  and balanced draught 
Engineering,Mechanical Engineer,easy,What is the function of a muffler in an internal combustion engine?,a muffler reduces engine noise by dampening exhaust sound waves 
Engineering,Mechanical Engineer,easy,"Why is air a bad conductor of heat, but gets hot in summer?",air is a poor conductor  but radiation and convection cause it to heat up 
Engineering,Mechanical Engineer,easy,What is the purpose of a pressure gauge?,a pressure gauge measures the pressure of fluids or gases in a system  ensuring safety and efficiency 
Engineering,Network Engineer,easy,What is WAN?,wan stands for wide area network  which connects networks over large geographical distances 
Engineering,Network Engineer,easy,Explain profile in networking.,a profile contains configuration settings and access privileges for a user 
Engineering,Network Engineer,easy,How can signal attenuation problems be fixed?,using repeaters  hubs  and ensuring proper cable termination 
Engineering,Network Engineer,easy,Explain the importance of authentication.,authentication verifies a user s identity using credentials like usernames and passwords 
Engineering,Network Engineer,easy,How are IP addresses arranged and displayed?,ip addresses use a dotted decimal format  e g                 
Engineering,Network Engineer,easy,What is SMTP?,smtp  simple mail transfer protocol  is used for sending emails over the internet 
Engineering,Network Engineer,easy,Describe Ethernet.,ethernet is a widely used networking technology for local area networks  lans   standardized by ieee 
Engineering,Network Engineer,easy,What is the difference between public and private IP addresses?,public ip addresses are globally unique and routable on the internet  while private ip addresses are used within local networks and not accessible from the internet 
Engineering,Network Engineer,easy,What is sneakernet?,sneakernet refers to transferring data using physical media like usb drives 
Engineering,Network Engineer,easy,What is the difference between TCP and UDP?,tcp  transmission control protocol  is connection oriented and reliable  ensuring data is delivered in order  udp  user datagram protocol  is connectionless  faster but unreliable  used for real time applications like video streaming 
Engineering,Network Engineer,easy,What is the difference between a modem and a router?,a modem connects a network to the internet  while a router manages traffic within a local network and enables multiple device connections 
Engineering,Network Engineer,easy,How do you stay updated with the latest networking technologies and trends?,by following tech blogs  attending webinars  obtaining certifications  participating in forums  and testing new technologies in labs 
Engineering,Network Engineer,easy,What is the difference between an access point and a router?,an access point extends a wireless network  while a router manages network traffic and connects to external networks 
Engineering,Network Engineer,easy,What is a Hybrid Network?,a hybrid network combines client server and peer to peer architectures 
Engineering,Network Engineer,easy,Describe one disadvantage of a peer-to-peer network.,resource sharing can slow down the host workstation 
Engineering,Network Engineer,easy,Give some examples of private network addresses.,examples include         /             /    and            /   
Engineering,Network Engineer,easy,Describe star topology,star topology consists of a central hub connecting all nodes 
Engineering,Network Engineer,easy,"What is a network bridge, and how does it differ from a switch?",a network bridge connects two networks at the data link layer  whereas a switch connects multiple devices within the same network 
Engineering,Network Engineer,easy,What is TCP/IP?,tcp/ip  transmission control protocol / internet protocol  is a protocol suite enabling data exchange across different types of networks 
Engineering,Network Engineer,easy,What is the use of a default gateway?,a default gateway allows local networks to connect to external networks via a router 
Engineering,Network Engineer,easy,What is the proper termination rate for UTP cables?,the proper termination for unshielded twisted pair  utp  network cables is     ohms 
Engineering,Network Engineer,easy,What is NIC?,nic is short for network interface card  it is a peripheral card that allows a pc to connect to a network and has a unique mac address 
Engineering,Network Engineer,easy,What is the maximum length allowed for a UTP cable?,a single segment of utp cable has an allowable length of    to     meters 
Engineering,Network Engineer,easy,What is point to point link?,a point to point link refers to a direct connection between two computers on a network without intermediate devices 
Engineering,Network Engineer,easy,What is a node?,a node refers to a point or joint where a connection takes place  it can be a computer or a device that is part of a network 
Engineering,Network Engineer,easy,What are MAC addresses?,a mac  media access control  address uniquely identifies a network device 
Engineering,Network Engineer,easy,What is the purpose of cables being shielded and having twisted pairs?,shielding and twisted pairs prevent crosstalk and electromagnetic interference 
Engineering,Network Engineer,easy,What does 10Base-T mean?,  base t refers to   mbps data transfer using twisted pair cables in a baseband network 
Engineering,Network Engineer,easy,What is a LAN?,lan stands for local area network  it refers to the connection between computers and other network devices in a small physical location 
Engineering,Network Engineer,easy,Where should an antivirus program be installed in a network?,antivirus software should be installed on both servers and workstations to ensure complete protection 
Engineering,Network Engineer,easy,Describe networking.,networking is the interconnection of computers and peripherals for data communication  using wired or wireless connections 
Engineering,Network Engineer,easy,What is client/server?,a client erver network has one or more computers acting as servers that provide centralized resources to client workstations 
Engineering,Network Engineer,easy,What is the difference between a straight-through and crossover cable?,a straight through cable connects computers to a switch or router  while a crossover cable connects two similar devices directly 
Engineering,Network Engineer,easy,What is ipconfig?,ipconfig is a command line tool that displays a computer s ip configuration  including ip and mac addresses 
Engineering,Network Engineer,easy,What is the standard color sequence of a straight-through cable?,orange/white  orange  green/white  blue  blue/white  green  brown/white  brown 
Engineering,Network Engineer,easy,What is DNS?,dns  domain name system  translates domain names into ip addresses for easier access to websites 
Engineering,Network Engineer,easy,What is peer-to-peer networking?,a peer to peer network is a decentralized network where all devices share resources without a dedicated server 
Engineering,Network Engineer,easy,What is Ping?,ping is a utility that tests network connectivity between devices using their ip addresses 
Engineering,Mechanical Engineer,easy,"What is thermal conductivity, and why is it important?",thermal conductivity measures a material s ability to conduct heat  critical in insulation and heat exchanger design 
Engineering,Network Engineer,easy,What are firewalls?,firewalls protect a network from external threats by filtering traffic 
Engineering,Mechanical Engineer,easy,What is the function of a bimetallic strip in temperature control?,a bimetallic strip bends with temperature changes  used in thermostats for automatic control 
Engineering,Mechanical Engineer,easy,"What is cavitation, and how can it be prevented in pumps?",cavitation is the formation of vapor bubbles in a liquid due to pressure drops  preventable by maintaining proper suction pressure and avoiding excessive flow velocity 
Engineering,Electrical Engineer,easy,What is the purpose of an inductor in an electrical circuit?,an inductor stores energy in a magnetic field and opposes changes in current 
Engineering,Electrical Engineer,easy,What is the purpose of an electrical conduit?,to protect and route electrical wiring in a safe manner 
Engineering,Electrical Engineer,easy,What is the purpose of an automatic transfer switch?,it switches between power sources during an outage to ensure uninterrupted supply 
Engineering,Electrical Engineer,easy,What is the purpose of a voltage regulator?,it maintains a stable voltage output despite load or input voltage changes 
Engineering,Electrical Engineer,easy,What is the purpose of a transformer?,a transformer changes voltage levels to efficiently transmit electrical power 
Engineering,Electrical Engineer,easy,What is the purpose of a switchgear?,it controls  protects  and isolates electrical equipment in a system 
Engineering,Electrical Engineer,easy,What is the purpose of a rectifier?,a rectifier converts ac to dc for electronic devices and power supplies 
Engineering,Electrical Engineer,easy,What is your least favorite thing about engineering?,handling unexpected failures under pressure  but i see it as an opportunity to learn 
Engineering,Electrical Engineer,easy,What is the purpose of a diode in a circuit?,a diode allows current to flow in one direction and blocks it in the opposite direction 
Engineering,Mechanical Engineer,easy,What is the function of a diaphragm valve?,a diaphragm valve regulates fluid flow by moving a flexible diaphragm against a seat  providing tight sealing 
Engineering,Mechanical Engineer,easy,What is the role of a safety clutch?,a safety clutch prevents mechanical overload by slipping or disengaging when torque exceeds a set limit 
Engineering,Mechanical Engineer,easy,What is the difference between a fan and a blower?,a fan moves air at low pressure  while a blower generates higher pressure airflow 
Engineering,Mechanical Engineer,easy,What is the angle of twist in a drill?,it refers to the helix angle of the drill bit  which affects cutting efficiency 
Engineering,Mechanical Engineer,easy,What is shear force in a fluid particle?,shear force is the force acting tangentially on a fluid element due to viscosity 
Engineering,Mechanical Engineer,easy,Why does a vehicle not move when its gear is applied while parked on a slope?,friction and braking force prevent movement unless external force exceeds resistance 
Engineering,Mechanical Engineer,easy,What happens when a cantilever beam is loaded at its end?,the shear force is highest at the fixed end and reduces towards the free end 
Engineering,Electrical Engineer,easy,How much education do you have?,i completed my bachelor s degree and additional certifications in electrical systems 
Engineering,Mechanical Engineer,easy,Why is smoking not allowed in air-conditioned enclosures?,it affects air quality and clogs filters 
Engineering,Electrical Engineer,easy,What kind of education do you have?,i have a degree in electrical engineering with coursework in power systems and control 
Engineering,Electrical Engineer,easy,Why is three-phase power preferred over single-phase in industrial applications?,it provides a stable power supply with better efficiency and lower losses 
Engineering,Electrical Engineer,easy,What is the main function of a power inverter?,a power inverter converts dc to ac for use in household and industrial applications 
Engineering,Electrical Engineer,easy,What is the function of an electrical relay?,a relay controls high power circuits using a low power electrical signal 
Engineering,Electrical Engineer,easy,What is the function of a synchronous condenser?,it improves power factor by providing reactive power compensation 
Engineering,Electrical Engineer,easy,What is the function of a fuse in an electrical circuit?,a fuse protects a circuit by breaking the connection when excessive current flows through it 
Engineering,Electrical Engineer,easy,What is the function of a capacitor in an AC circuit?,a capacitor stores and releases electrical energy  improving power factor and filtering noise 
Engineering,Electrical Engineer,easy,What is the difference between an MCB and an MCCB?,mcb is for low current ratings  while mccb handles higher currents and has adjustable settings 
Engineering,Electrical Engineer,easy,What is the difference between a generator and a motor?,a generator converts mechanical energy into electrical energy  while a motor does the opposite 
Engineering,Electrical Engineer,easy,Why is grounding important in an electrical system?,grounding prevents electric shock  protects equipment  and stabilizes voltage levels 
Engineering,Electrical Engineer,easy,What is the difference between a conductor and an insulator?,a conductor allows electricity to flow  while an insulator resists electrical flow 
Engineering,Electrical Engineer,easy,What is an LED and how does it work?,an led is a light emitting diode that produces light when current flows through a semiconductor 
Engineering,Electrical Engineer,easy,What is Ohm's Law and why is it important?,ohm s law states that voltage equals current times resistance  it is fundamental for understanding electrical circuits 
Engineering,Electrical Engineer,easy,What do you like about the engineering field?,i enjoy solving technical challenges and designing efficient electrical systems 
Engineering,Electrical Engineer,easy,What are the main types of electrical circuits?,series circuit  parallel circuit  and a combination of both 
Engineering,Electrical Engineer,easy,What are the main types of electric motors?,dc motors  induction motors  and synchronous motors 
Engineering,Electrical Engineer,easy,What are the different types of electrical loads?,resistive  inductive  and capacitive loads are the three main types 
Engineering,Electrical Engineer,easy,What are the basic protective devices used in an electrical circuit?,fuses  circuit breakers  and surge protectors 
Engineering,Electrical Engineer,easy,What is an electrical panel?,a panel contains circuit breakers and controls the power distribution in a building 
Engineering,Mechanical Engineer,easy,Is wet bulb temperature a thermodynamic property?,no  it is a psychrometric property 
Engineering,Mechanical Engineer,easy,What is jet ratio?,it is the ratio of the nozzle jet diameter to the diameter of the pelton wheel bucket 
Engineering,Mechanical Engineer,easy,Difference between Pipeline and Piping?,pipelines transport fluids over long distances  piping is for internal distribution 
Engineering,Mechanical Engineer,easy,What is backlash?,backlash is the clearance or lost motion between gear teeth  reducing precision in mechanical systems 
Engineering,Mechanical Engineer,easy,What is mechanical advantage?,mechanical advantage is the ratio of output force to input force in a machine  improving efficiency 
Engineering,Mechanical Engineer,easy,What is friction welding?,a solid state welding process where heat is generated through friction between workpieces 
Engineering,Mechanical Engineer,easy,Why is an isothermal compressor desirable?,isothermal compression minimizes work done by maintaining a constant temperature  improving efficiency 
Engineering,Mechanical Engineer,easy,What is Mechanical advantage?,mechanical advantage is the ratio of output force to input force in a system  improving force efficiency 
Engineering,Mechanical Engineer,easy,What is a machine? Give an example and differentiate between a machine & structure.,a machine transmits motion and force to perform work  e g   a lathe   while a structure supports loads without relative motion  e g   a bridge  
Engineering,Mechanical Engineer,easy,What is the color of the flame if the Halide Torch detects a refrigerant leakage?,the flame turns green 
Engineering,Mechanical Engineer,easy,Define Resonance.,resonance occurs when the natural frequency of a system matches the applied force frequency  causing large amplitude vibrations 
Engineering,Mechanical Engineer,easy,Why is the back wheel of a tractor bigger than the front wheel?,larger wheels provide better traction and weight distribution 
Engineering,Mechanical Engineer,easy,What is meant by Resistance welding?,a welding process using electric current and pressure to fuse metals 
Engineering,Mechanical Engineer,easy,What is the difference between Torque and Power (Layman Idea)?,torque is force applied  while power is how fast work is done 
Engineering,Mechanical Engineer,easy,What are overhead costs?,indirect costs in manufacturing  such as rent  utilities  and administration 
Engineering,Mechanical Engineer,easy,How are presses rated?,presses are rated based on their force capacity  measured in tons 
Engineering,Mechanical Engineer,easy,What are the main differences between a jig and a fixture?,a jig guides cutting tools  while a fixture holds workpieces in place during machining 
Engineering,Mechanical Engineer,easy,What is cold welding?,cold welding is a solid state welding process where metal surfaces join without heat when pressed together in vacuum or high pressure 
Engineering,Mechanical Engineer,easy,What is the difference between amorphous and crystalline solids?,crystalline solids have an ordered structure  while amorphous solids lack long range order 
Engineering,Mechanical Engineer,easy,What is pulverization?,the process of grinding materials into fine particles 
Engineering,Mechanical Engineer,easy,What are the advantages of nuclear power plants over thermal power plants?,nuclear plants have lower fuel costs  lower emissions  and higher energy output for the same fuel input 
Engineering,Mechanical Engineer,easy,Is it possible that a decrease in area gives a decrease in stress?,no  stress is inversely proportional to the area under constant force  so a decrease in area increases stress 
Engineering,Mechanical Engineer,easy,By which experiment do you find the toughness of a material?,the charpy and izod impact tests are commonly used to measure material toughness 
Engineering,Mechanical Engineer,easy,What do you know about drilling?,process of cutting holes using rotary motion tools 
Engineering,Mechanical Engineer,easy,What is the difference between method study & work measurement?,method study optimizes processes  work measurement quantifies time required 
Engineering,Mechanical Engineer,easy,What is capital budgetary?,long term financial planning for capital investments 
Engineering,Mechanical Engineer,easy,Is it possible that pressure and velocity decrease simultaneously?,yes  in a diverging duct with compressible flow  both pressure and velocity can decrease due to expansion effects 
Engineering,Mechanical Engineer,easy,What is dead state in thermodynamics?,a state where a system is in equilibrium with its surroundings and no useful work can be extracted 
Engineering,Mechanical Engineer,easy,What is film temperature in forced convection flow?,it is the average temperature of the fluid  calculated as the mean of surface and bulk temperatures 
Engineering,Mechanical Engineer,easy,What is Newton’s Law of Cooling?,newton s law of cooling states that the rate of heat loss of a body is proportional to the temperature difference between the body and its surroundings 
Engineering,Mechanical Engineer,easy,What is High Grade Energy & Low Grade Energy?,high grade energy  e g   electricity  can be completely converted into work  whereas low grade energy  e g   heat  has limited conversion efficiency 
Engineering,Mechanical Engineer,easy,What is a pure substance?,a pure substance is a material with a uniform chemical composition throughout  such as water or oxygen 
Engineering,Mechanical Engineer,easy,What do you mean by property of system?,a property is a measurable characteristic of a system such as pressure  temperature  or volume 
Engineering,Mechanical Engineer,easy,What is flange rating?,flange rating represents the pressure temperature capacity of a flange 
Engineering,Mechanical Engineer,easy,What pattern material is used in Investment casting Process?,wax is commonly used 
Engineering,Mechanical Engineer,easy,What is the amount of carbon present in Cast Iron?,between      
Engineering,Mechanical Engineer,easy,Which property of a metal is determined by indentation on a metal surface?,hardness 
Engineering,Mechanical Engineer,easy,What are boiler mountings & accessories?,mountings are safety devices like safety valves  while accessories improve efficiency like economizers 
Engineering,Mechanical Engineer,easy,Why are clearances provided in a reciprocating compressor?,clearances prevent mechanical contact and accommodate thermal expansion  reducing wear and tear 
Engineering,Mechanical Engineer,easy,What is performance number?,performance number is a measure of an engine s efficiency  indicating its power output relative to fuel consumption 
Engineering,Mechanical Engineer,easy,What is tack weld?,a tack weld is a small temporary weld used to hold parts in place before final welding 
Engineering,Network Engineer,easy,What is a Link?,a link refers to the connectivity between two devices  it includes the type of cables and protocols used 
Engineering,Mechanical Engineer,easy,What is a sine bar?,a precision tool used for measuring and setting angles accurately 
Engineering,Architectural Engineer,easy,How do you typically start the design process for a new project?,i begin with client consultations  site analysis  and initial conceptual sketches 
Engineering,Architectural Engineer,easy,How do you address any issues that may arise after completing a project?,we offer post completion support and warranty services for any issues 
Engineering,Architectural Engineer,easy,How do you incorporate the client's vision and preferences into your designs?,i hold collaborative sessions and integrate their ideas into the design framework 
Engineering,Architectural Engineer,easy,How do you manage project timelines and deadlines?,we use detailed schedules and regular progress reviews to keep the project on track 
Engineering,Architectural Engineer,easy,"How do you prefer to communicate with clients, and how often can I expect updates?",i prefer email and scheduled meetings with weekly updates 
Engineering,Architectural Engineer,easy,Have you successfully navigated local zoning and planning requirements for previous projects?,yes  we have extensive experience with local zoning and planning approvals 
Engineering,Architectural Engineer,easy,Can you tell me a little bit about your educational background in architecture?,i hold a degree in architecture from  university name   where i gained a solid foundation in design principles  structural systems  and building technologies  throughout my studies  i participated in several internships that provided hands on experience with real world projects  from residential buildings to large scale commercial developments  these experiences helped me to develop both my technical and creative abilities in architecture 
Engineering,Architectural Engineer,easy,How involved will I be in the decision-making process throughout the project?,you will be involved in all key decisions and review meetings 
Engineering,Architectural Engineer,easy,How long have you been practising architecture?,i have been practising for over    years 
Engineering,Architectural Engineer,easy,What aspects of my project do you find interesting?,i find the innovative use of space and unique design challenges very exciting 
Engineering,Architectural Engineer,easy,What makes this a good project for you?,this project aligns with our expertise and offers creative design opportunities 
Engineering,Architectural Engineer,easy,What role do you have during the construction stage?,i oversee the construction process and coordinate with the contractors 
Engineering,Architectural Engineer,easy,What services do you offer?,we offer full design  project management  and construction supervision services 
Engineering,Architectural Engineer,easy,What will be expected of me as the client throughout the process?,your timely feedback and active participation in design reviews are essential 
Engineering,Architectural Engineer,easy,Does your process involve the use of three-dimensional design software?,yes  we use advanced  d modeling tools to visualize designs 
Engineering,Architectural Engineer,easy,Does our budget align with our brief?,we review your brief carefully to ensure the budget is realistic for your project goals 
Engineering,Architectural Engineer,easy,Does my project need planning approval?,yes  planning approval is typically required for projects of this scale 
Engineering,Architectural Engineer,easy,Do you have builders you work with frequently that you would recommend?,yes  we work with a trusted network of experienced builders 
Engineering,Architectural Engineer,easy,Can you provide references from previous clients or collaborators?,yes  i can provide several client and collaborator references upon request 
Engineering,Architectural Engineer,easy,How can I minimise the timeframe?,timely decisions and prompt feedback can help shorten the timeline 
Engineering,Architectural Engineer,easy,Have you worked on projects that incorporate renewable energy or other environmentally friendly features?,yes  we have integrated solar panels and green roofs in previous projects 
Engineering,Mechanical Engineer,medium,What are the most crucial parts in reciprocating compressors?,key parts include the piston  cylinder  crankshaft  valves  and lubrication system 
Engineering,Mechanical Engineer,medium,What is the range of NBP (Normal Boiling Point) in case of most refrigerants?,most refrigerants have an nbp range between     c and   c  depending on their application 
Engineering,Mechanical Engineer,medium,"To maximize COP, what should be the condition of vapor at suction to compression?",the vapor should be in a dry and saturated state to maximize the coefficient of performance  cop  
Engineering,Mechanical Engineer,medium,What is wet compression?,wet compression occurs when the refrigerant entering the compressor is not completely vaporized  which can damage the compressor 
Engineering,Mechanical Engineer,medium,What is the utility of a comfort chart?,a comfort chart helps in designing hvac systems by determining optimal temperature and humidity for human comfort 
Engineering,Architectural Engineer,medium,"Can you describe a time when you had to design a project with environmental challenges, such as climate or geography?",in a recent project located in a coastal region prone to high winds and heavy rainfall  i designed a building that could withstand these conditions  i collaborated with structural engineers to develop a wind resistant fa ade and selected corrosion resistant materials to combat saltwater exposure  additionally  i incorporated rainwater harvesting systems and maximized natural ventilation through strategic window placement  this approach resulted in a resilient and sustainable building that met both environmental challenges and the client s requirements 
Engineering,Mechanical Engineer,medium,What is the correlation between wet bulb temperature and adiabatic saturation temperature?,for pure air water vapor systems  they are nearly equal under steady state conditions 
Engineering,Mechanical Engineer,medium,What is a desirable property of an ideal refrigerant?,an ideal refrigerant should have low toxicity  high latent heat  non corrosiveness  and low global warming potential 
Engineering,Mechanical Engineer,medium,Define effective temperature & what is the optimum design condition for comfort in summer A/C?,effective temperature is a measure of human thermal comfort  with an optimum summer a/c condition of    c and     relative humidity 
Engineering,Mechanical Engineer,medium,Why is the arc slowly extinguished in case of arc welding?,arc is extinguished gradually to allow proper fusion and prevent defects in the weld 
Engineering,Mechanical Engineer,medium,Which inert gas is commonly used for thin workpieces and which inert gas for thick workpieces?,argon is used for thin workpieces  while helium is used for thick workpieces due to higher heat input 
Engineering,Mechanical Engineer,medium,What are anti-friction bearings?,anti friction bearings are designed to minimize friction and wear  typically using rolling elements 
Engineering,Mechanical Engineer,medium,What is stress concentration factor?,it is the ratio of the highest stress in a component to the nominal stress  caused by discontinuities like holes or sharp corners 
Engineering,Mechanical Engineer,medium,What is a bolt of uniform strength?,a bolt with a shank diameter equal to or smaller than the root diameter of the threads to ensure uniform stress distribution 
Engineering,Mechanical Engineer,medium,Why do we not use the unit Joule for torque instead of N-m?,torque is a vector quantity describing rotational force  while joules measure energy  a scalar quantity 
Engineering,Mechanical Engineer,medium,How do trains take turns though there is no differential gear?,train wheels have a conical shape  allowing the outer wheel to cover more distance than the inner wheel on curves 
Engineering,Mechanical Engineer,medium,What is the purpose of an expansion joint in piping systems?,an expansion joint absorbs thermal expansion and contraction  reducing stress on pipes and preventing damage 
Engineering,Mechanical Engineer,medium,Do you know the epicyclic gear box? What is the practical application of an epicyclic gear box?,an epicyclic gear system consists of planetary gears and is used in automatic transmissions and speed reduction applications 
Engineering,Mechanical Engineer,medium,What is meant by a self-locking screw?,a self locking screw has a thread angle and friction properties that prevent it from loosening under load 
Engineering,Mechanical Engineer,medium,Distinguish between direct stress & bending stress.,direct stress occurs due to axial force  while bending stress is induced by bending moments in a beam or structure 
Engineering,Mechanical Engineer,medium,How does a centrifugal governor work?,a centrifugal governor uses rotating flyweights to regulate engine speed by adjusting fuel or steam supply 
Engineering,Mechanical Engineer,medium,What is the difference between laminar flow and turbulent flow in fluid mechanics?,laminar flow has smooth  parallel fluid layers  while turbulent flow has chaotic  irregular motion with eddies 
Engineering,Mechanical Engineer,medium,"What is a labyrinth seal, and where is it used?",a labyrinth seal prevents fluid leakage in high speed rotating machinery like turbines and compressors using multiple clearance barriers 
Engineering,Mechanical Engineer,medium,What is meant by the term 'shaft coupling'?,a shaft coupling connects two shafts to transmit power while accommodating misalignment or vibration 
Engineering,Mechanical Engineer,medium,Why is the Prandtl number important in heat transfer analysis?,the prandtl number relates momentum diffusivity to thermal diffusivity  indicating convection heat transfer efficiency 
Engineering,Mechanical Engineer,medium,What are the advantages of a rack and pinion gear system?,rack and pinion gears provide precise linear motion and are widely used in steering and automation systems 
Engineering,Mechanical Engineer,medium,How does a vacuum pump operate?,a vacuum pump removes air and gases from a sealed space to create a vacuum  commonly used in industrial applications 
Engineering,Mechanical Engineer,medium,What is the function of a crankshaft in an internal combustion engine?,the crankshaft converts reciprocating piston motion into rotational motion to drive the vehicle 
Engineering,Mechanical Engineer,medium,What is the function of a steam trap in a steam system?,a steam trap removes condensate from a steam system while preventing steam loss 
Engineering,Mechanical Engineer,medium,"What is the critical point? What are the values of critical temperature, pressure & volume of water?",the critical point is where liquid and gas phases become indistinguishable  for water  tc       c  pc        mpa  vc         m /kg 
Engineering,Mechanical Engineer,medium,What happens when diesel is injected in a petrol engine?,it may cause knocking and engine damage due to improper combustion 
Engineering,Mechanical Engineer,medium,State the difference between Forging & Fabrication?,forging involves shaping metal using compressive forces  whereas fabrication involves cutting  bending  and assembling metal parts 
Engineering,Mechanical Engineer,medium,What is the use of offset follower in cam? Why and where we have to use this type of follower?,reduces side thrust  used in high speed engines and presses 
Engineering,Mechanical Engineer,medium,What is the use of an offset follower in a cam? Why and where is it used?,reduces side thrust  used in high speed engines and presses 
Engineering,Mechanical Engineer,medium,What is the moisture content required for wood to be called dry wood?,below     moisture content 
Engineering,Mechanical Engineer,medium,What is numeric control used for?,it automates machine tools using programmed commands 
Engineering,Mechanical Engineer,medium,What is Rayleigh Line & Fanno Line?,rayleigh line represents heat addition in compressible flow  while fanno line represents frictional effects in adiabatic flow 
Engineering,Mechanical Engineer,medium,What do you mean by Torsional rigidity & lateral rigidity?,torsional rigidity is resistance to twisting  while lateral rigidity is resistance to bending or deflection 
Engineering,Mechanical Engineer,medium,How does a screw pump operate?,a screw pump uses intermeshing screws to transport fluids by creating sealed cavities that move fluid forward 
Engineering,Mechanical Engineer,medium,Define 'slenderness ratio'. How is it used in long and short columns?,slenderness ratio is the ratio of column length to its least radius of gyration  high values indicate buckling tendency in long columns 
Engineering,Mechanical Engineer,medium,Are shear stresses always parallel to shear forces?,not always  as shear stresses can vary in direction depending on the material and loading conditions 
Engineering,Mechanical Engineer,medium,What is the difference between pure shear and simple (normal) shear?,pure shear occurs without normal stress components  while simple shear includes both normal and shear stresses 
Engineering,Mechanical Engineer,medium,What do you mean by equal strength in a beam?,a beam has equal strength when its section is designed so that stress distribution is uniform along its length 
Engineering,Mechanical Engineer,medium,What is the application of jet and rocket technology? Which is used in missiles?,jets are used for aircraft propulsion  while rockets are used for space exploration and missiles 
Engineering,Mechanical Engineer,medium,What is the breeding ratio?,it is the ratio of new fissile material produced to the fissile material consumed in a nuclear reactor 
Engineering,Mechanical Engineer,medium,What are thermal neutrons?,neutrons that have been slowed down to thermal equilibrium with their surroundings  crucial in nuclear fission 
Engineering,Mechanical Engineer,medium,What is circulation ratio and what is its range in power plants?,it is the ratio of water flow in a boiler to the steam flow  typically ranging from   to    
Engineering,Mechanical Engineer,medium,What is the function of a compensator in hydraulic systems?,a compensator maintains stable pressure and flow in hydraulic systems by adjusting pump displacement 
Engineering,Mechanical Engineer,medium,What is a fast breeder reactor?,a reactor that generates more fissile material than it consumes  improving fuel efficiency 
Engineering,Mechanical Engineer,medium,What is damping ratio?,the damping ratio measures how oscillations decay in a system  defining underdamped  critically damped  and overdamped conditions 
Engineering,Mechanical Engineer,medium,Do we need a screw with efficiency less than 50%?,yes  screws with less than     efficiency are self locking  preventing back driving in applications like clamps and jacks 
Engineering,Mechanical Engineer,medium,What is a tooth profile? Which one is better?,a tooth profile defines the shape of gear teeth  an involute profile is preferred for smooth power transmission and minimal interference 
Engineering,Mechanical Engineer,medium,Explain the difference between Knocking in SI Engine & CI Engine?,in si engines  knocking occurs due to pre ignition  while in ci engines  it occurs due to delayed ignition and sudden combustion 
Engineering,Mechanical Engineer,medium,Why is supercharging not popular with SI Engines?,supercharging increases the air density but also raises the tendency for knocking  making it less desirable in si engines 
Engineering,Mechanical Engineer,medium,"What is the use of Carburetor in SI Engine? There is a trend towards an increase in the use of injection systems in automobiles, explain.",the carburetor mixes air and fuel for combustion in older si engines  but fuel injection is preferred due to better efficiency and control 
Engineering,Mechanical Engineer,medium,What are rolling contact bearings?,rolling contact bearings use rolling elements like balls or rollers to reduce friction between moving parts 
Engineering,Mechanical Engineer,medium,"Define critical speed, whirling speed, or whipping speed.",critical speed is the rotational speed at which a rotating shaft experiences resonance  leading to large deflections 
Engineering,Mechanical Engineer,medium,What is the maximum thickness of metal sheets that can be welded by ultrasonic welding?,typically up to  mm 
Engineering,Mechanical Engineer,medium,What is the difference between brazing & braze welding?,brazing uses capillary action to flow filler metal  while braze welding involves a more localized application without capillary action 
Engineering,Mechanical Engineer,medium,Where is a diamond pin locator used?,it is used to locate workpieces with high precision in jigs and fixtures 
Engineering,Mechanical Engineer,medium,How does a centrifugal pump differ from a reciprocating pump?,centrifugal pumps use rotational energy for continuous flow  while reciprocating pumps use piston motion for intermittent flow 
Engineering,Mechanical Engineer,medium,What is the role of a governor in an engine?,a governor regulates engine speed by adjusting fuel supply based on load variations 
Engineering,Mechanical Engineer,medium,What is the function of a flywheel in mechanical systems?,a flywheel stores rotational energy  smoothing speed variations in engines and mechanical systems 
Engineering,Mechanical Engineer,medium,Explain the working principle of a hydraulic press.,a hydraulic press uses pascal s law to amplify force through a fluid medium  enabling high pressure applications 
Engineering,Mechanical Engineer,medium,"What is entropy, and why is it important in thermodynamics?",entropy is a measure of disorder in a system  indicating energy quality and direction of heat transfer 
Engineering,Mechanical Engineer,medium,Why do petrol engines have more power than diesel engines of the same capacity?,higher rpm and better air fuel mixing lead to more power output 
Engineering,Mechanical Engineer,medium,On what thermodynamic cycle does a nuclear power plant work?,the rankine cycle 
Engineering,Mechanical Engineer,medium,What is the purpose of a cooling tower in power plants?,cooling towers dissipate waste heat from power plants into the atmosphere to regulate temperature 
Engineering,Mechanical Engineer,medium,Name fuels used in nuclear power plant?,uranium      plutonium      and thorium     
Engineering,Mechanical Engineer,medium,Where is the Manning formula used?,it is used in open channel flow calculations 
Engineering,Mechanical Engineer,medium,Stress-strain diagram for fluid?,fluids do not follow conventional stress strain behavior but exhibit viscosity dependent flow 
Engineering,Mechanical Engineer,medium,What function should a lubricant perform in the manufacturing process?,lubricants reduce friction  dissipate heat  and prevent tool wear in machining and forming processes 
Engineering,Mechanical Engineer,medium,Describe the principle behind resistance welding processes.,resistance welding generates heat by electrical resistance at the joint  fusing materials together  e g   spot welding  seam welding  
Engineering,Mechanical Engineer,medium,What is meant by solid-state welding? Explain.,solid state welding joins metals without melting  using pressure and heat  e g   friction welding  ultrasonic welding  
Engineering,Mechanical Engineer,medium,What is the difference between soldering & brazing?,soldering occurs below     c and does not melt the base metal  while brazing is above     c and provides stronger joints 
Engineering,Mechanical Engineer,medium,Why are allowances provided in pattern production? What do they depend on?,allowances compensate for shrinkage  machining  and distortion  depending on material and casting method 
Engineering,Mechanical Engineer,medium,On what property can you distinguish material as brittle or ductile?,ductile materials exhibit higher elongation and toughness before fracture 
Engineering,Mechanical Engineer,medium,Which process is used for making nuclear reactor fuel rods?,powder metallurgy is commonly used to produce nuclear fuel rods 
Engineering,Mechanical Engineer,medium,How does a thermocouple measure temperature?,a thermocouple generates voltage proportional to temperature difference at junctions of two different metals 
Engineering,Mechanical Engineer,medium,What is Producer’s risk?,producer s risk is the probability of rejecting a good batch due to sampling errors  type i error  
Engineering,Mechanical Engineer,medium,The stage below saturation is called?,it is called the subcooled or compressed liquid stage 
Engineering,Mechanical Engineer,medium,What is the role of an intercooler in multi-stage compressors?,an intercooler cools compressed air between stages  reducing energy consumption and improving efficiency 
Engineering,Mechanical Engineer,medium,How does a scroll compressor differ from a screw compressor?,a scroll compressor uses interleaved spiral scrolls for compression  while a screw compressor uses helical rotors 
Engineering,Mechanical Engineer,medium,What are the applications of gas turbines?,gas turbines are used in power generation  aircraft propulsion  and marine applications 
Engineering,Mechanical Engineer,medium,What is the difference between an impulse turbine and a reaction turbine?,an impulse turbine converts kinetic energy into mechanical energy  while a reaction turbine uses both kinetic and pressure energy 
Engineering,Mechanical Engineer,medium,What are the causes of cavitation in pumps?,cavitation occurs due to low pressure at the pump inlet  high temperature  or excessive fluid velocity 
Engineering,Mechanical Engineer,medium,What is meant by boundary lubrication?,boundary lubrication occurs when a thin lubricant film separates two surfaces under extreme pressure conditions 
Engineering,Mechanical Engineer,medium,What is the principle of a four-bar linkage mechanism?,a four bar linkage transfers motion through a system of four interconnected rigid links 
Engineering,Mechanical Engineer,medium,What is the difference between a diaphragm pump and a piston pump?,a diaphragm pump uses flexible membranes to move fluids  while a piston pump uses a reciprocating piston 
Engineering,Mechanical Engineer,medium,What are the advantages of an epicyclic gear train?,epicyclic gears provide compact design  high speed reduction  and increased load carrying capacity 
Engineering,Mechanical Engineer,medium,What are the causes of misalignment in mechanical shafts?,misalignment can be caused by improper installation  thermal expansion  excessive loads  or shaft deflection 
Engineering,Mechanical Engineer,medium,Why is a finned tube heat exchanger used in HVAC systems?,finned tubes increase surface area  enhancing heat transfer efficiency in heating and cooling applications 
Engineering,Mechanical Engineer,medium,What is the purpose of a draft tube in a reaction turbine?,a draft tube recovers kinetic energy from the exiting fluid and converts it into useful pressure energy 
Engineering,Mechanical Engineer,medium,How does a scroll compressor differ from a reciprocating compressor?,a scroll compressor has interlocking spiral shaped scrolls that compress air smoothly  while a reciprocating compressor uses a piston cylinder mechanism 
Engineering,Mechanical Engineer,medium,What is the working principle of a hydraulic accumulator?,a hydraulic accumulator stores pressurized fluid for later use in energy balancing and shock absorption applications 
Engineering,Mechanical Engineer,medium,What is Consumer’s risk?,consumer s risk is the probability of accepting a defective batch due to sampling errors  type ii error  
Engineering,Mechanical Engineer,medium,How does a pressure relief valve function?,a pressure relief valve automatically releases fluid when pressure exceeds a predetermined limit to prevent equipment damage 
Engineering,Mechanical Engineer,medium,Why is the hole basis system adopted in manufacturing?,it standardizes hole sizes while varying shaft sizes  simplifying manufacturing tolerances 
Engineering,Mechanical Engineer,medium,What are the different types of fluid flow?,fluid flow can be classified as laminar  turbulent  transitional  compressible  and incompressible based on velocity and viscosity 
Engineering,Mechanical Engineer,medium,"What is creep failure, and in which applications is it significant?",creep failure is the slow  time dependent deformation of materials under constant stress  significant in high temperature applications like turbines and boilers 
Engineering,Mechanical Engineer,medium,What is the purpose of a mechanical seal in a pump?,a mechanical seal prevents fluid leakage between the rotating and stationary parts of a pump shaft 
Engineering,Mechanical Engineer,medium,Explain the difference between discontinuous chips and segment chips.,discontinuous chips form in brittle materials  while segment chips occur in hard to machine materials due to shear strain 
Engineering,Mechanical Engineer,medium,Explain the difference between punching & blanking.,punching removes material to create holes  while blanking separates a workpiece from a larger sheet 
Engineering,Mechanical Engineer,medium,"Will flow increase, decrease, or remain the same?",depends on pressure difference  pipe diameter  and fluid properties 
Engineering,Mechanical Engineer,medium,What is the function of an isolator?,it disconnects a circuit for maintenance and safety 
Engineering,Mechanical Engineer,medium,Compare Brayton and Otto cycle.,brayton is continuous combustion  gas turbines   otto is intermittent  ic engines  
Engineering,Mechanical Engineer,medium,How does material no. 2062 relate to mild steel of density 7.85? What are the other codes?,is      is a standard for mild steel  other codes include astm a    en       
Engineering,Mechanical Engineer,medium,How does an axial piston pump work?,an axial piston pump uses multiple pistons arranged in a cylinder block to generate hydraulic pressure 
Engineering,Mechanical Engineer,medium,What is the Difference between Rated Speed and Economic Speed?,rated speed is maximum safe speed  while economic speed is optimized for fuel efficiency 
Engineering,Mechanical Engineer,medium,What is extrusion ratio?,it is the ratio of initial cross sectional area to final cross sectional area in extrusion 
Engineering,Mechanical Engineer,medium,What is shear and where is it provided in case of punching and blanking?,shear is applied at the cutting edges to reduce cutting force and improve edge quality 
Engineering,Mechanical Engineer,medium,What is marginal cost and marginal revenue?,marginal cost is the cost of producing one additional unit  while marginal revenue is the income from selling one additional unit 
Engineering,Mechanical Engineer,medium,Why is the breakeven point important in any industry?,it determines the production level at which total costs equal total revenue  guiding profitability analysis 
Engineering,Mechanical Engineer,medium,Why is depreciation considered in industrial management?,depreciation accounts for asset wear and tear  impacting financial planning and taxation 
Engineering,Mechanical Engineer,medium,What is the difference between fillet and corner radius?,fillet radius is used for rounding internal corners  while corner radius is for external edges 
Engineering,Mechanical Engineer,medium,What is spring back?,it is the elastic recovery of a material after bending  affecting final part dimensions 
Engineering,Mechanical Engineer,medium,What is a gutter and where is it used?,a groove or channel used in forging dies to control material flow 
Engineering,Mechanical Engineer,medium,What is the difference between Newtonian and Non-Newtonian fluids?,newtonian fluids have a constant viscosity  while non newtonian fluids change viscosity with applied stress 
Engineering,Mechanical Engineer,medium,What is the difference between thermoplastic and thermosetting plastics?,thermoplastics soften with heat and can be reshaped  while thermosetting plastics harden permanently after heating 
Engineering,Mechanical Engineer,medium,What is meant by Reynolds number?,reynolds number is a dimensionless value that determines whether fluid flow is laminar or turbulent 
Engineering,Mechanical Engineer,medium,Which process is used for cutting thicker plates?,oxy fuel cutting and plasma arc cutting are commonly used for thick plate cutting 
Engineering,Mechanical Engineer,medium,Which welding process does not require any filler material?,solid state welding processes like friction welding and ultrasonic welding do not require filler material 
Engineering,Mechanical Engineer,medium,What is artificial intelligence?,artificial intelligence  ai  is the simulation of human intelligence in machines for decision making and automation 
Engineering,Mechanical Engineer,medium,What is the significance of ISO 9000 series & 14000 series?,iso      focuses on quality management  while iso       deals with environmental management standards 
Engineering,Mechanical Engineer,medium,Define the term 'production & productivity'.,production is the process of creating goods  while productivity is the efficiency of production measured in output per input unit 
Engineering,Mechanical Engineer,medium,What is group technology? What are its main advantages?,group technology classifies similar parts into families for efficient manufacturing  reducing setup time and cost 
Engineering,Mechanical Engineer,medium,What is JIT (Just-In-Time) approach?,jit is a production strategy that reduces inventory costs by producing goods only when needed 
Engineering,Mechanical Engineer,medium,What is the function of a hydraulic accumulator?,a hydraulic accumulator stores pressurized fluid for energy conservation and shock absorption 
Engineering,Mechanical Engineer,medium,What is LTPD?,lot tolerance percent defective  ltpd  is the maximum defective percentage acceptable before a lot is rejected 
Engineering,Mechanical Engineer,medium,What is the role of a swirl chamber in diesel engines?,a swirl chamber enhances air fuel mixing  improving combustion efficiency in diesel engines 
Engineering,Mechanical Engineer,medium,What are the benefits of a variable displacement pump?,variable displacement pumps adjust fluid flow based on demand  improving efficiency and energy savings 
Engineering,Mechanical Engineer,medium,How does a thermostatic expansion valve regulate refrigerant flow?,a thermostatic expansion valve adjusts refrigerant flow based on evaporator temperature to maintain efficiency 
Engineering,Mechanical Engineer,medium,What are the different types of welding joints?,common types include butt joints  lap joints  corner joints  edge joints  and t joints 
Engineering,Mechanical Engineer,medium,How does an air preheater improve boiler efficiency?,an air preheater recovers waste heat from flue gases to warm incoming air  increasing combustion efficiency 
Engineering,Mechanical Engineer,medium,What is the purpose of an accumulator in a refrigeration system?,an accumulator prevents liquid refrigerant from entering the compressor  protecting it from damage 
Engineering,Mechanical Engineer,medium,How does a pitot tube measure fluid velocity?,a pitot tube measures stagnation and static pressure differences to determine velocity using bernoulli s equation 
Engineering,Mechanical Engineer,medium,What is the difference between oblique & orthogonal cutting?,oblique cutting has an inclined cutting edge  while orthogonal cutting has a perpendicular edge to the workpiece 
Engineering,Mechanical Engineer,medium,How can we remove paint from (painted over) plastic or nylon objects without damaging the object?,using isopropyl alcohol or mild solvent carefully 
Engineering,Mechanical Engineer,medium,"Explain working principle of scramjet engine, what is its advantage over the ramjet?",a scramjet operates at supersonic speeds  allowing greater efficiency compared to ramjets  which are limited to subsonic combustion 
Engineering,Mechanical Engineer,medium,What’s the advantage of compounding in steam turbines?,compounding reduces blade velocity  improving efficiency and reducing mechanical stress 
Engineering,Architectural Engineer,medium,What is your fee structure?,our fees are usually a percentage of the project cost or a fixed fee based on scope 
Engineering,Architectural Engineer,medium,What is your approach to project budgeting and cost estimation?,we provide detailed cost estimates and continuously monitor expenses 
Engineering,Architectural Engineer,medium,What is the potential range of fees for this project?,fees typically range from    to     of the total project cost 
Engineering,Architectural Engineer,medium,"What is the estimated timeframe for the entire process, from your appointment to the start on-site?",the process typically takes between    to    months 
Engineering,Architectural Engineer,medium,What difficulties do you anticipate for my project?,potential challenges include site constraints and obtaining regulatory approvals 
Engineering,Architectural Engineer,medium,What are some of the other statutory approvals I may need?,you may need building permits  environmental clearances  and zoning approvals 
Engineering,Architectural Engineer,medium,What are some of the other delays that might occur before starting construction?,delays may include permit processing  planning approvals  and contractor scheduling 
Engineering,Architectural Engineer,medium,Are there possible on-site delays that I should be aware of?,minor delays may occur due to weather or material supply issues 
Engineering,Architectural Engineer,medium,Under what circumstances might you charge additional fees?,additional fees may apply for significant scope changes or expedited timelines 
Engineering,Architectural Engineer,medium,How will you communicate and justify the change if there are additional fees?,we provide a detailed breakdown and rationale for any extra fees before proceeding 
Engineering,Architectural Engineer,medium,How do you select subcontractors or consultants for your projects?,we choose partners based on their expertise  reliability  and proven performance 
Engineering,Architectural Engineer,medium,"How do you navigate the permitting process, and what is your success rate in obtaining approvals?",we handle permitting with thorough documentation and maintain a high success rate 
Engineering,Architectural Engineer,medium,How do you manage and oversee the construction budget and project cost?,we use cost tracking tools and regular reviews to keep the project within budget 
Engineering,Architectural Engineer,medium,How do you handle disagreements or conflicts during the design or construction process?,we address conflicts through open dialogue and mediation to reach a consensus 
Engineering,Architectural Engineer,medium,How do you handle client confidentiality and privacy concerns?,we follow strict confidentiality protocols and secure data handling practices 
Engineering,Architectural Engineer,medium,How do you handle changes to the project scope during construction?,we manage changes through formal change orders and clear client communication 
Engineering,Architectural Engineer,medium,How would you organise the resources for my project? Who would I deal with on a regular basis?,a dedicated project manager and our design team will coordinate resources and communicate with you regularly 
Engineering,Architectural Engineer,medium,Can you provide an example of a project that showcases your attention to detail?,one project that highlights my attention to detail was the design and construction of a luxury residential building  the project required meticulous planning to ensure that every element  from the facade to the interior finishes  was of the highest quality  i worked closely with the engineering team to ensure that every material choice was not only aesthetically pleasing but also structurally sound  additionally  i paid close attention to the small details  such as the alignment of windows for optimal light  ensuring that all aspects of the design were flawless  the result was a project that exceeded client expectations in both design and functionality  with zero major construction issues related to design  this project reinforced the importance of being thorough at every stage of design and construction 
Engineering,Architectural Engineer,medium,Can I live at the property during the construction?,typically  it is not advisable due to safety and disruption concerns 
Engineering,Architectural Engineer,medium,Can you explain the process of designing and delivering my project?,we follow phased steps  conceptual design  design development  documentation  and construction oversight 
Engineering,Architectural Engineer,medium,What is the largest project you have worked on in the past? How did you handle this challenge?,the largest project i worked on was the design of a mixed use commercial and residential complex  the challenge was managing the complexity of coordinating multiple design elements  including residential  retail  and office spaces  while adhering to zoning regulations and budget constraints  i handled the project by maintaining clear communication with the project team  setting realistic deadlines  and breaking the work into manageable phases  i also kept stakeholders informed through regular updates  which helped ensure that the project stayed on track and met all expectations 
Engineering,Architectural Engineer,medium,"Many construction projects will include liaising with various stakeholders within and outside of our business, how do you stay organized when working this way?",i stay organized by utilizing project management software and clear communication channels  i maintain detailed records of each stakeholder s input and ensure regular updates and meetings to keep everyone aligned  i set clear milestones and deadlines  and prioritize tasks based on their urgency and impact on the overall project  this method allows me to manage various stakeholders effectively and ensures smooth progress on the project 
Engineering,Architectural Engineer,medium,Imagine you have a colleague whose quality of work does not match your own. What would you do in this situation?,if i had a colleague whose quality of work didn t match the standards  i would approach the situation with empathy and professionalism  i would privately discuss the issue with them  offering support and asking if they were facing any challenges that i could help with  i would also offer constructive feedback on how to improve their work  while being open to any suggestions they might have  if necessary  i would suggest additional resources or training to help them meet the required standards 
Engineering,Architectural Engineer,medium,Imagine a client has given you some critical feedback on your design. How would you deal with this?,i would first listen attentively to the client s concerns and ask for clarification to ensure i fully understand their feedback  i would then assess whether the changes are feasible within the project s scope and budget  if the feedback is valid and can improve the design  i would work with my team to incorporate the changes  i would communicate the adjustments clearly with the client  ensuring they are happy with the final result 
Engineering,Architectural Engineer,medium,"If a client requested a change to your design that you weren’t sure how to approach, what steps would you take?",if a client requested a design change that i wasn t sure how to implement  i would first ask for more details to fully understand the reasoning behind the request  i would then evaluate the feasibility of the change by consulting with the project team  including engineers and contractors  to understand its implications  if the change is viable  i would adjust the design accordingly and ensure that it aligns with both the client s goals and safety standards  if the change is not feasible  i would propose alternative solutions that meet the client s needs while maintaining the project s integrity 
Engineering,Architectural Engineer,medium,How would you describe your design style to a potential client?,i would describe my design style as modern  functional  and sustainable  i focus on creating spaces that are both aesthetically pleasing and highly functional  with an emphasis on natural light  energy efficiency  and user experience  i believe in tailoring designs to meet the specific needs of the client while also considering the long term impact of the project on the environment and the community 
Engineering,Architectural Engineer,medium,How do you ensure that your designs are compliant with local building codes and regulations?,i ensure compliance with local building codes and regulations by thoroughly reviewing relevant codes during the design phase  i work closely with local authorities and experts to ensure that all necessary permits are obtained and that the design meets safety and accessibility standards  additionally  i stay updated on any changes to building codes and regulations to ensure that all aspects of the project are fully compliant before construction begins 
Engineering,Architectural Engineer,medium,"Can I make changes to the design once the project is underway, and how will that be handled?",yes  changes can be accommodated through a formal process with revised estimates 
Engineering,Architectural Engineer,medium,Do you have experience presenting designs to clients?,yes  i have significant experience presenting designs to clients  i prepare detailed presentations that highlight key design elements  including  d visualizations  materials  and the functionality of the space  i ensure the presentation is clear and engaging  and i always make room for client feedback  after presenting  i address any concerns they may have and make necessary adjustments to ensure the design aligns with their vision 
Engineering,Architectural Engineer,medium,Describe a time when a design you had made didn’t come out exactly the way you wanted? What steps did you take?,on a commercial project  i designed an open plan office layout  but after implementation  the client felt that the space wasn t as functional as expected  i took their feedback seriously and conducted a reassessment of the space  i revisited the design to optimize the layout for better functionality  including creating designated zones for collaborative and quiet work  after presenting the revised plan  the client was satisfied with the changes  and the space became more efficient and user friendly 
Engineering,Architectural Engineer,medium,What is your process for ensuring that your designs are energy-efficient and sustainable throughout the building's lifecycle?,ensuring energy efficiency and sustainability starts early in the design process  i incorporate passive design strategies  such as optimizing building orientation for natural heating and cooling  and selecting energy efficient materials and systems  i also use building information modeling  bim  to simulate energy performance and identify areas for improvement  in one project  we incorporated solar panels and high efficiency hvac systems  along with green roofs to reduce the building s carbon footprint  additionally  i make sure that the building is designed with long term maintenance and adaptability in mind  so it remains energy efficient and sustainable throughout its lifecycle 
Engineering,Architectural Engineer,medium,How do you ensure quality control during the construction phase?,we conduct regular site inspections and quality audits to ensure high standards 
Engineering,Architectural Engineer,medium,How do you approach sustainability design and environmental issues?,we integrate sustainable practices and eco friendly materials from the design stage 
Engineering,Architectural Engineer,medium,Do you obtain a detailed cost estimate during the design stages?,yes  we provide comprehensive cost estimates early in the design phase 
Engineering,Architectural Engineer,medium,Do you identify any significant issues or factors with my project?,preliminary analysis shows few issues  detailed studies will provide full clarity 
Engineering,Architectural Engineer,medium,Can you provide a rough timeline for the different project phases?,concept design      months  design development      months  approvals      months  construction documents      months 
Engineering,Architectural Engineer,medium,"Describe the project you have worked on which you are most proud of. What went well, and how did you learn from this for future projects?",one of the projects i am most proud of was the design and construction of a community center that involved extensive stakeholder engagement and multiple rounds of design revisions  what went well was our ability to align the design with the community s needs while maintaining budget and timeline constraints  i learned the importance of regular communication with both the team and the client  and how to effectively manage changes during the design process to achieve a successful outcome 
Engineering,Architectural Engineer,medium,What motivates you most when working on Architectural design projects?,i am most motivated by the opportunity to create designs that have a positive impact on people s daily lives and the environment  the challenge of balancing aesthetics  functionality  and sustainability drives my passion for architecture  additionally  collaborating with a diverse team and seeing a project come to life  from initial concept to final construction  provides me with a great sense of accomplishment 
Engineering,Architectural Engineer,medium,Can you explain your process for budgeting and cost estimation?,my process for budgeting begins with a detailed analysis of the project scope  followed by consultations with contractors and suppliers to estimate material and labor costs  i break down the project into phases and create a timeline for each  factoring in potential delays or unforeseen costs  i regularly review the budget against actual expenditures to ensure the project stays within financial constraints  making adjustments as necessary to ensure that quality is maintained without exceeding the budget 
Engineering,Architectural Engineer,medium,Can you discuss a specific instance where you had to troubleshoot a construction issue on-site?,during the construction of a mixed use building  we encountered an unexpected issue when the contractor discovered that the foundation was not level  this would have affected the structural integrity of the building and the planned interior finishes  i immediately visited the site  assessed the problem  and collaborated with the contractor to modify the foundation design  we reworked the slab thickness and adjusted the load bearing walls to ensure stability  by acting quickly and coordinating with the team  we resolved the issue without significant delays 
Engineering,Architectural Engineer,medium,Describe a time when a design you had made didn’t come out exactly the way you wanted? What steps did you take?,on a commercial project  i designed an open plan office layout  but after implementation  the client felt that the space wasn t as functional as expected  i took their feedback seriously and conducted a reassessment of the space  i revisited the design to optimize the layout for better functionality  including creating designated zones for collaborative and quiet work  after presenting the revised plan  the client was satisfied with the changes  and the space became more efficient and user friendly 
Engineering,Architectural Engineer,medium,Describe a situation where your design faced significant changes during the project’s lifecycle. How did you manage it?,during a large scale urban development project  we encountered unexpected challenges when a neighboring property was sold  leading to zoning changes that affected the scope of our design  the original layout had to be revised to fit within new zoning constraints  which involved reducing the height of the building and altering the layout  i coordinated with the client  engineers  and local authorities to navigate these changes while ensuring the design still met the client s needs  by communicating openly and proactively  we were able to adjust the design and proceed without delays  maintaining a balance between client expectations and the regulatory framework 
Engineering,Architectural Engineer,medium,Describe a situation where your design faced significant changes during the project’s lifecycle. How did you manage it?,during a large scale urban development project  we encountered unexpected challenges when a neighboring property was sold  leading to zoning changes that affected the scope of our design  the original layout had to be revised to fit within new zoning constraints  which involved reducing the height of the building and altering the layout  i coordinated with the client  engineers  and local authorities to navigate these changes while ensuring the design still met the client s needs  by communicating openly and proactively  we were able to adjust the design and proceed without delays  maintaining a balance between client expectations and the regulatory framework 
Engineering,Architectural Engineer,medium,Describe a mistake you have made in a previous project. How did you rectify this and further learn from it?,in a past project  i overlooked an important detail in the initial structural design  which resulted in a delay when the mistake was discovered later in the process  i took full responsibility for the oversight and immediately worked with the team to address the issue  i also implemented a more thorough review process for future projects to ensure that similar mistakes didn t occur again  this experience reinforced the importance of attention to detail and the need for thorough reviews throughout the design process 
Engineering,Architectural Engineer,medium,Could you detail your experience with site analysis and planning?,in my previous projects  i conducted thorough site analysis  evaluating factors such as topography  climate  and surrounding infrastructure  i also assessed zoning regulations and environmental conditions that could affect the design  based on this analysis  i worked with the team to develop a site plan that maximized land use  optimized building orientation  and integrated green spaces while adhering to local codes and environmental considerations 
Engineering,Architectural Engineer,medium,Can you talk about a time when you worked collaboratively with engineers and other architects in a team?,during a large scale residential project  i worked closely with structural engineers  mep engineers  and other architects to integrate various design elements into a cohesive structure  i facilitated communication by organizing regular coordination meetings to discuss progress  challenges  and solutions  this collaborative effort ensured that the project adhered to safety regulations  met aesthetic goals  and was delivered on time and within budget 
Engineering,Architectural Engineer,medium,Can you share a project where you successfully managed the design process from start to finish?,one of the projects i m most proud of was a mixed use commercial and residential complex where i managed the design process from conceptualization to final execution  i started by conducting a thorough site analysis and engaging with the client to understand their needs  over the course of the project  i collaborated with structural engineers  contractors  and other stakeholders to ensure the design was feasible and met regulatory standards  i oversaw the creation of detailed plans  coordinated site visits  and ensured smooth communication between all parties  the project was completed on time and under budget  and the client was extremely satisfied with the final result 
Engineering,Architectural Engineer,medium,Describe a time when you had to work with a client who had very specific requirements. How did you manage their expectations?,i once worked on a luxury hotel project where the client had very specific requirements regarding room layouts  finishes  and amenities  to manage their expectations  i scheduled regular meetings to discuss their ideas  provided design mockups  and explained the implications of certain design decisions on cost and timeline  i also ensured they were informed about any limitations based on structural or regulatory constraints  through continuous communication  we were able to find solutions that satisfied the client s vision without compromising the feasibility of the project 
Engineering,Architectural Engineer,medium,Can you share a project where you successfully managed the design process from start to finish?,one of the projects i m most proud of was a mixed use commercial and residential complex where i managed the design process from conceptualization to final execution  i started by conducting a thorough site analysis and engaging with the client to understand their needs  over the course of the project  i collaborated with structural engineers  contractors  and other stakeholders to ensure the design was feasible and met regulatory standards  i oversaw the creation of detailed plans  coordinated site visits  and ensured smooth communication between all parties  the project was completed on time and under budget  and the client was extremely satisfied with the final result 
Engineering,Architectural Engineer,medium,How do you handle situations where you have to make design changes due to unforeseen site conditions?,when unforeseen site conditions arise  i work closely with the team to reassess the design and explore alternative solutions  for example  during the construction of a commercial building  we discovered unstable soil conditions that required significant changes to the foundation design  i collaborated with geotechnical engineers to analyze the situation and adjust the foundation depth and material to ensure stability  we also communicated the changes to the client  explaining the reasons behind the adjustments and the impact on the project timeline  through collaboration and proactive problem solving  we were able to adapt the design and keep the project moving forward 
Engineering,Architectural Engineer,medium,How do you handle situations where a client is unsatisfied with your design?,when a client is unsatisfied with my design  i first listen to their concerns without becoming defensive  i ask clarifying questions to fully understand their issues and what aspects of the design they feel are not meeting their expectations  i then present alternative solutions and work with the client to refine the design to better align with their vision  my goal is always to ensure that the client feels heard and that the final design meets both their needs and the project s constraints 
Engineering,Architectural Engineer,medium,"How do you handle disagreements with team members, particularly around design ideas?",when disagreements arise  especially around design ideas  i make sure to approach the situation with an open mind and focus on the overall project goals  i encourage constructive discussions where every team member s perspective is heard  for example  during a recent commercial project  i worked with a team of architects and engineers  where one member felt strongly about using a specific material that the others disagreed with  we held a meeting to discuss the pros and cons of the material  taking into account factors like cost  sustainability  and aesthetic appeal  through open communication  we were able to find a middle ground and select an alternative that met everyone s needs  i believe that healthy disagreements can lead to better solutions if approached collaboratively 
Engineering,Architectural Engineer,medium,How do you ensure the quality of your work under tight deadlines?,to ensure quality under tight deadlines  i break the project into smaller  manageable tasks and prioritize the most critical aspects  i also utilize project management tools to keep track of timelines and ensure consistent communication with the team  by maintaining a disciplined approach and focusing on the essentials  i can deliver high quality work while meeting deadlines  additionally  i allocate buffer time to address unforeseen challenges without compromising the quality of the final design 
Engineering,Architectural Engineer,medium,How do you ensure that your designs are compliant with local building codes and regulations?,i ensure compliance with local building codes and regulations by thoroughly reviewing relevant codes during the design phase  i work closely with local authorities and experts to ensure that all necessary permits are obtained and that the design meets safety and accessibility standards  additionally  i stay updated on any changes to building codes and regulations to ensure that all aspects of the project are fully compliant before construction begins 
Engineering,Architectural Engineer,medium,How do you ensure structural integrity while pursuing innovative architectural designs?,ensuring structural integrity while pursuing innovative designs is a key focus of my work  i collaborate closely with structural engineers from the early stages of the design process to assess the feasibility of creative ideas  for example  in a recent project with an unconventional curved roof  i worked with engineers to select a lightweight yet strong material and incorporate a support system that ensured the building s stability  i also regularly review the design with engineering teams to make adjustments as necessary and ensure that the final result is both innovative and structurally sound 
Engineering,Architectural Engineer,medium,How do you ensure structural integrity while pursuing innovative architectural designs?,ensuring structural integrity while pursuing innovative designs is a key focus of my work  i collaborate closely with structural engineers from the early stages of the design process to assess the feasibility of creative ideas  for example  in a recent project with an unconventional curved roof  i worked with engineers to select a lightweight yet strong material and incorporate a support system that ensured the building s stability  i also regularly review the design with engineering teams to make adjustments as necessary and ensure that the final result is both innovative and structurally sound 
Engineering,Architectural Engineer,medium,How do you handle situations where you have to make design changes due to unforeseen site conditions?,when unforeseen site conditions arise  i work closely with the team to reassess the design and explore alternative solutions  for example  during the construction of a commercial building  we discovered unstable soil conditions that required significant changes to the foundation design  i collaborated with geotechnical engineers to analyze the situation and adjust the foundation depth and material to ensure stability  we also communicated the changes to the client  explaining the reasons behind the adjustments and the impact on the project timeline  through collaboration and proactive problem solving  we were able to adapt the design and keep the project moving forward 
Engineering,Architectural Engineer,medium,Can you discuss your experience with green building and sustainable design practices?,i have extensive experience with green building practices  such as using sustainable materials  incorporating energy efficient systems  and designing with natural light and ventilation  for example  in a recent office building project  we used photovoltaic panels  green roofs  and rainwater harvesting systems to reduce the building s environmental impact  i also ensure that designs are compliant with leed and other green building certification standards 
Engineering,Architectural Engineer,medium,Describe a time when you had to work with a client who had very specific requirements. How did you manage their expectations?,i once worked on a luxury hotel project where the client had very specific requirements regarding room layouts  finishes  and amenities  to manage their expectations  i scheduled regular meetings to discuss their ideas  provided design mockups  and explained the implications of certain design decisions on cost and timeline  i also ensured they were informed about any limitations based on structural or regulatory constraints  through continuous communication  we were able to find solutions that satisfied the client s vision without compromising the feasibility of the project 
Engineering,Architectural Engineer,medium,Do you have experience presenting designs to clients?,yes  i have significant experience presenting designs to clients  i prepare detailed presentations that highlight key design elements  including  d visualizations  materials  and the functionality of the space  i ensure the presentation is clear and engaging  and i always make room for client feedback  after presenting  i address any concerns they may have and make necessary adjustments to ensure the design aligns with their vision 
Engineering,Architectural Engineer,medium,Can you discuss a specific instance where you had to troubleshoot a construction issue on-site?,during the construction of a mixed use building  we encountered an unexpected issue when the contractor discovered that the foundation was not level  this would have affected the structural integrity of the building and the planned interior finishes  i immediately visited the site  assessed the problem  and collaborated with the contractor to modify the foundation design  we reworked the slab thickness and adjusted the load bearing walls to ensure stability  by acting quickly and coordinating with the team  we resolved the issue without significant delays 
Engineering,Architectural Engineer,medium,Can you describe your experience with Building Information Modeling (BIM) and its application to your designs?,i have extensive experience using bim to streamline the design and construction process  for example  on a recent high rise project  we used bim to create a  d model of the building that incorporated both architectural and engineering data  this allowed us to identify and resolve potential conflicts between the structure and mechanical systems early on  saving both time and costs during construction  bim also helped with coordination between various teams  as it provided a shared platform where all stakeholders could access up to date design information 
Engineering,Architectural Engineer,medium,Can you describe your experience with Building Information Modeling (BIM) and its application to your designs?,i have extensive experience using bim to streamline the design and construction process  for example  on a recent high rise project  we used bim to create a  d model of the building that incorporated both architectural and engineering data  this allowed us to identify and resolve potential conflicts between the structure and mechanical systems early on  saving both time and costs during construction  bim also helped with coordination between various teams  as it provided a shared platform where all stakeholders could access up to date design information 
Engineering,Architectural Engineer,medium,Can you describe your experience presenting proposals to clients?,i have regularly presented proposals to clients  ensuring that i communicate both the creative vision and technical feasibility of the design  for example  while presenting a design for a commercial office building  i used  d renderings and interactive presentations to help the client visualize the space  i also addressed potential concerns regarding cost  timeline  and construction challenges  ensuring that the client felt confident in the proposal and aligned with the design s vision 
Engineering,Architectural Engineer,medium,Can you describe your approach to technical drawing and model construction?,my approach to technical drawing begins with creating detailed and accurate cad models that reflect the design s functional and structural elements  i ensure that all measurements  materials  and systems are clearly represented  i use bim software to create  d models that allow me to visualize the project before construction  ensuring that all technical aspects align with the design intent  once the model is finalized  i prepare detailed construction documents that can be easily followed by the contractor 
Engineering,Architectural Engineer,medium,Can you describe a time when you had to adjust a project design based on client feedback?,in a mixed use development project  the client initially requested a modern  open plan design for the apartments  however  after receiving feedback from potential tenants  they realized that many required more privacy and noise reduction  i adjusted the design by introducing partition walls and adding soundproofing materials between the units  i worked closely with the client and ensured that these changes maintained the design s aesthetic while addressing the tenants  needs  the adjustments were well received  and the final design struck the right balance between functionality  comfort  and style 
Engineering,Architectural Engineer,medium,Can you describe a time when you had to adjust a project design based on client feedback?,in a mixed use development project  the client initially requested a modern  open plan design for the apartments  however  after receiving feedback from potential tenants  they realized that many required more privacy and noise reduction  i adjusted the design by introducing partition walls and adding soundproofing materials between the units  i worked closely with the client and ensured that these changes maintained the design s aesthetic while addressing the tenants  needs  the adjustments were well received  and the final design struck the right balance between functionality  comfort  and style 
Engineering,Architectural Engineer,medium,"Describe the project you have worked on which you are most proud of. What went well, and how did you learn from this for future projects?",one of the projects i am most proud of was the design and construction of a community center that involved extensive stakeholder engagement and multiple rounds of design revisions  what went well was our ability to align the design with the community s needs while maintaining budget and timeline constraints  i learned the importance of regular communication with both the team and the client  and how to effectively manage changes during the design process to achieve a successful outcome 
Engineering,Architectural Engineer,medium,Will there be additional fees if the scope changes later in the project?,yes  any major changes will be documented and billed accordingly 
Engineering,Architectural Engineer,medium,What sustainable design considerations should I make for my project?,consider energy efficiency  sustainable materials  and passive design strategies 
Engineering,Architectural Engineer,medium,What sets your architecture firm apart from others with comparable experience?,we combine innovative design with rigorous project management and a client focused approach 
Engineering,Architectural Engineer,medium,What makes you confident you can deliver projects of this size and complexity?,my extensive experience and proven track record with similar projects give me confidence 
Engineering,Architectural Engineer,medium,Have you ever had to resolve conflicts between the aesthetic vision and the budget limitations of a project? How did you handle it?,yes  in a recent office building project  the client wanted premium finishes throughout the building  but the budget was tight  i worked closely with the client and the project manager to identify areas where we could make cost effective decisions without sacrificing the overall aesthetic  for instance  instead of using high end materials for every finish  we selected more affordable alternatives for less visible areas while maintaining the premium materials for the public facing spaces  by explaining the benefits of these changes and showing them how it would allow the core aesthetic vision to be achieved  we reached a compromise that satisfied both the budget and the client s aesthetic goals 
Engineering,Architectural Engineer,medium,Have you ever had to adapt your design midway through a project due to unforeseen circumstances or obstacles?,yes  in one project  we encountered unexpected zoning restrictions that required a redesign of the building s layout  i collaborated with the client  engineers  and the legal team to adapt the design while still meeting the client s goals  we adjusted the building s footprint and explored alternative solutions to ensure that the design complied with the new regulations without affecting the project s functionality or aesthetic 
Engineering,Architectural Engineer,medium,Give an example of a time when you demonstrated leadership skills in a project.,during a commercial building project  i was tasked with leading a multidisciplinary team  one of the challenges we faced was meeting a tight deadline while ensuring high quality work  i took the lead by organizing regular meetings to track progress  addressing issues as they arose  and ensuring that each team member had the resources and support they needed  by maintaining clear communication and keeping the team motivated  we successfully delivered the project on time and within budget  which resulted in positive feedback from the client 
Engineering,Architectural Engineer,medium,"Does your design approach change based on the type of project (residential, commercial, etc.)?",yes  my design approach varies based on the project type  for residential projects  i focus on creating comfortable  functional spaces that cater to the specific needs of the family or individual  with an emphasis on natural light and privacy  for commercial projects  i prioritize open  flexible layouts that promote collaboration and efficiency  each project is approached uniquely to ensure the design best serves its intended purpose 
Engineering,Architectural Engineer,medium,Where do my project and brief sit amongst the other projects in your office?,your project is a priority and will receive dedicated attention alongside our other works 
Engineering,Architectural Engineer,medium,What skills do you hold that make you perfect for an Architectual position?,i possess a strong foundation in both the technical and creative aspects of architecture  my skills include a deep understanding of design principles  structural integrity  and sustainable building practices  i am proficient in architectural software such as autocad  revit  and bim  additionally  i have excellent communication and project management skills  which enable me to collaborate effectively with teams and clients  my ability to adapt to changing project requirements and find innovative solutions makes me well suited for an architect position 
Engineering,Architectural Engineer,medium,What type of working environment do you feel fits you best?,i thrive in an environment that promotes collaboration and open communication  where every team member s expertise is valued  i work best when there s a mix of creative freedom for design exploration  combined with structured planning to meet deadlines and client requirements  i also value a flexible work culture that allows for personal growth and continuous learning 
Engineering,Architectural Engineer,medium,"When helping to oversee a construction project and noticing that a colleague has made a mistake, what is your approach?",if i notice a mistake made by a colleague  i would address it diplomatically by discussing the issue with them in private  i would review the situation and the potential impact on the project  together  we would devise a solution to correct the error without causing delays  i also make sure to communicate with the team to keep everyone informed  and implement measures to prevent similar mistakes in the future 
Engineering,Mechanical Engineer,medium,Which turbine is good for a tidal power plant?,kaplan turbines are commonly used due to their efficiency in variable flow conditions 
Engineering,Mechanical Engineer,medium,"Explain NPSH, in which parameter does it depend?",net positive suction head  npsh  is required to avoid cavitation in pumps  it depends on pressure  velocity  and vapor pressure of the fluid 
Engineering,Mechanical Engineer,medium,What is the difference between impulse & reaction turbine?,impulse turbines convert kinetic energy  while reaction turbines use both pressure and kinetic energy 
Engineering,Mechanical Engineer,medium,How is oil produced? What is the size of the well?,drilled from underground reservoirs  well sizes vary from   to    inches in diameter 
Engineering,Mechanical Engineer,medium,What is leveling & smoothing in production technology?,methods to maintain consistent production rates 
Engineering,Mechanical Engineer,medium,What is group technology layout?,grouping similar parts into manufacturing cells to improve efficiency 
Engineering,Mechanical Engineer,medium,Distinguish between 'Available energy' & 'Availability'?,available energy is the maximum work output possible  while availability is the measure of energy s usefulness relative to the environment 
Engineering,Mechanical Engineer,medium,What is a Recuperator & Regenerators?,recuperators are continuous heat exchangers  while regenerators store and periodically transfer heat between fluids 
Engineering,Mechanical Engineer,medium,What do you understand by choking in nozzle flows?,choking occurs when the velocity of flow in a nozzle reaches the speed of sound  limiting mass flow rate 
Engineering,Mechanical Engineer,medium,What is exergy?,exergy is the maximum useful work possible during a process that brings the system into equilibrium with a reference environment 
Engineering,Architectural Engineer,medium,Can you describe a time when you had to make a compromise between design and construction requirements?,during a commercial building project  the client wanted expansive glass facades for aesthetic reasons  but the construction team flagged concerns about the structural load and energy efficiency of the large glass panels  after discussing with the structural and mechanical engineers  we compromised by reducing the size of the glass panels and incorporating energy efficient glazing to maintain the aesthetic appeal while addressing structural and energy concerns  this compromise ensured that the design remained visually impactful  and the construction process was feasible and within budget  while also meeting sustainability goals 
Engineering,Mechanical Engineer,medium,What is the difference between natural & artificial aging?,natural aging occurs at room temperature over time  while artificial aging is accelerated using heat treatment to improve material properties 
Engineering,Mechanical Engineer,medium,Describe the difference between brittle and ductile fracture.,brittle fracture occurs suddenly with little deformation  while ductile fracture involves significant plastic deformation before failure 
Engineering,Mechanical Engineer,medium,What influence does grain size have on the mechanical properties of metals?,smaller grain size increases strength and hardness  while larger grain size improves ductility and toughness 
Engineering,Mechanical Engineer,medium,Explain various methods of hardening steel?,methods include quenching  tempering  case hardening  induction hardening  and nitriding 
Engineering,Mechanical Engineer,medium,What is the difference between free convection & forced convection? On what parameters do they depend?,free convection relies on natural buoyancy forces  while forced convection is driven by external means such as fans or pumps  free convection depends on temperature difference  while forced convection depends on velocity and fluid properties 
Engineering,Mechanical Engineer,medium,What is compressibility factor and what is its value for Van der Waals gases?,compressibility factor  z  accounts for deviations from ideal gas behavior  for van der waals gases  it varies based on pressure and temperature 
Engineering,Mechanical Engineer,medium,How many manholes should be there on a boiler? Why?,at least two for easy inspection and maintenance 
Engineering,Mechanical Engineer,medium,Can a fin actually reduce heat transfer? Is it possible? When?,yes  if the fin is too long or has high thermal resistance  it can act as insulation rather than enhancing heat transfer 
Engineering,Mechanical Engineer,medium,What are the key advantages of fluid coupling in power transmission?,fluid coupling provides smooth power transfer  absorbs shock loads  and protects against overload 
Engineering,Mechanical Engineer,medium,What happens to mass flow in case of supersaturated flow?,mass flow decreases due to condensation effects reducing the available energy for expansion 
Engineering,Mechanical Engineer,medium,"In a Pendant superheater, is there parallel flow or counter flow heat exchange between steam and flue gases?",counterflow heat exchange is generally preferred for better heat transfer efficiency 
Engineering,Mechanical Engineer,medium,What is slip ratio in thermal power plant?,slip ratio is the ratio of steam velocity to blade velocity in turbines  affecting efficiency 
Engineering,Mechanical Engineer,medium,How does 'Turbulence' differ from 'Swirl'?,turbulence refers to chaotic fluid motion enhancing mixing  while swirl is a rotational flow pattern improving combustion 
Engineering,Mechanical Engineer,medium,When do you recommend using a fin?,fins are recommended when the convective heat transfer coefficient is low  such as in air cooled heat exchangers 
Engineering,Mechanical Engineer,medium,What is the fully developed region and where is it applicable?,a fully developed region is where velocity and temperature profiles remain constant  it applies in long ducts or pipes 
Engineering,Mechanical Engineer,medium,"Which one is greater, thermal boundary layer or hydrodynamic boundary layer?",in most practical cases  the thermal boundary layer is smaller than the hydrodynamic boundary layer for fluids with high prandtl numbers 
Engineering,Mechanical Engineer,medium,What is the function of a bellows in an expansion system?,a bellows allows controlled expansion and contraction in piping systems due to temperature variations 
Engineering,Mechanical Engineer,medium,What is the function of a torsion spring?,a torsion spring stores rotational energy and exerts torque when twisted  commonly used in doors and clocks 
Engineering,Mechanical Engineer,medium,What is the function of a check valve in fluid systems?,a check valve allows fluid flow in one direction while preventing backflow 
Engineering,Mechanical Engineer,medium,How does a regenerative braking system work?,regenerative braking recovers kinetic energy and converts it into electrical energy  reducing energy loss 
Engineering,Mechanical Engineer,medium,Why is a ball screw used instead of a lead screw?,a ball screw reduces friction  increases efficiency  and provides smoother motion compared to a lead screw 
Engineering,Mechanical Engineer,medium,What is the function of a dynamic balancer in rotating machinery?,a dynamic balancer minimizes vibration by correcting imbalances in rotating components 
Engineering,Mechanical Engineer,medium,How does a friction clutch work?,a friction clutch transfers power by pressing friction surfaces together  allowing engagement and disengagement of the drive system 
Engineering,Mechanical Engineer,medium,What is the function of a pressure relief valve in hydraulic systems?,a pressure relief valve protects the system by releasing excess pressure to prevent damage 
Engineering,Mechanical Engineer,medium,What is the purpose of a floating bearing?,a floating bearing allows slight axial movement to accommodate thermal expansion and misalignment in shafts 
Engineering,Mechanical Engineer,medium,What is the difference between impact and impulse force?,impact force is applied for a very short duration  while impulse force considers force applied over time 
Engineering,Mechanical Engineer,medium,Why we do not use same technology to start both SI/CI engine?,si and ci engines have different ignition methods  si uses spark ignition  while ci relies on compression ignition 
Engineering,Mechanical Engineer,medium,How does a thrust reverser work in jet engines?,a thrust reverser redirects engine exhaust forward to decelerate an aircraft after landing 
Engineering,Mechanical Engineer,medium,What is meant by free-wheel mechanism in bicycles?,a free wheel mechanism allows the rear wheel to rotate freely when the rider stops pedaling  enabling coasting 
Engineering,Mechanical Engineer,medium,What is the difference between impact force and sudden force?,impact force involves a collision over a short duration  while sudden force is an abrupt application of force 
Engineering,Mechanical Engineer,medium,How does gear ratio help in power variation?,gear ratios adjust torque and speed  enabling better power transmission and efficiency 
Engineering,Mechanical Engineer,medium,What are the advantages of a torsional vibration damper in an engine?,a torsional vibration damper reduces crankshaft vibrations  improving engine longevity and smooth operation 
Engineering,Mechanical Engineer,medium,How does a lobe pump operate?,a lobe pump uses rotating lobes to create suction and move fluid without direct contact between lobes 
Engineering,Mechanical Engineer,medium,Why the compression ratio of the diesel engine should be high?,higher compression ratios lead to better fuel efficiency and complete combustion 
Engineering,Mechanical Engineer,medium,What is the difference between the air pre-heater & air blower?,an air pre heater increases air temperature before entering the furnace  while an air blower moves air 
Engineering,Mechanical Engineer,medium,What is used to check the amount & quality of fuel in a two-stroke IC engine?,a fuel gauge and a carburetor inspection can help determine fuel amount and quality 
Engineering,Mechanical Engineer,medium,Why centrifugal pump casing is called involutes casing?,the involute shape helps convert velocity energy into pressure energy efficiently 
Engineering,Architectural Engineer,medium,What do you like most about architecture?,what i love most about architecture is the ability to create spaces that impact people s daily lives  whether it s designing a home that feels welcoming or a public space that fosters community interaction  architecture has the power to shape how we experience the world  the challenge of blending creativity with functionality is deeply satisfying  and it s exciting to see how a design comes to life from concept to reality 
Engineering,Architectural Engineer,medium,What are some of your strengths that could help in this role as an architect?,one of my key strengths is my ability to balance creative innovation with practical constraints  i excel at translating complex design concepts into functional  user friendly spaces  my technical proficiency in tools like revit and autocad  combined with my strong communication skills  enables me to collaborate effectively with multidisciplinary teams  additionally  i am highly detail oriented and have a strong understanding of building codes and sustainability practices  ensuring that all designs are compliant and environmentally responsible 
Engineering,Architectural Engineer,medium,What architectural trends do you think will influence the industry in the next few years?,i believe that sustainability will continue to be a driving force in architectural design  we ll see more emphasis on energy efficient designs  the use of renewable materials  and the integration of smart technologies  biophilic design  which connects buildings with nature  is also gaining momentum as it promotes healthier  more productive environments  additionally  modular and prefab construction methods will likely increase in popularity due to their cost and time efficiency  the blending of these trends with traditional design practices will shape the future of the industry  making buildings more sustainable  efficient  and adaptable 
Engineering,Architectural Engineer,medium,"What architectural styles or movements do you find most influential, and how do they inform your work?",i am particularly influenced by the principles of modernism  focusing on simplicity and functionality  for instance  in a recent residential project  i applied a minimalist aesthetic with clean lines and open spaces  creating a timeless and user centric design  modernist principles guide my approach to design  emphasizing clarity  simplicity  and efficiency in every aspect of the project 
Engineering,Architectural Engineer,medium,Tell me about a time when you had to manage conflicting requirements from different stakeholders. How did you handle the situation?,in a recent commercial project  i had to balance the needs of multiple stakeholders  the client wanted a cutting edge  modern design  while the engineers emphasized structural limitations  and the contractors had concerns about cost  to address this  i organized a series of meetings with each group to clearly understand their priorities and concerns  i then proposed solutions that integrated the aesthetic desires with practical design elements that were structurally sound and cost effective  for example  i used a modular design approach to keep costs in check while maintaining the modern aesthetic  by communicating transparently and ensuring that each party s concerns were addressed  we reached a compromise that satisfied everyone  keeping the project on schedule and within budget 
Engineering,Architectural Engineer,medium,Tell me about a time when you had to handle unexpected changes or challenges during a project. How did you adapt and overcome them?,during a commercial building project  unexpected soil instability led to foundation issues that caused significant delays  i collaborated with a geotechnical engineer to quickly develop an alternative foundation solution that maintained the building s integrity while staying within budget  i communicated the necessary changes and timeline adjustments to the client and contractors promptly  which allowed us to minimize delays and continue the project without compromising safety 
Engineering,Architectural Engineer,medium,Tell me about a time when you had to balance design aesthetics with functional requirements.,in a recent office building project  the client wanted an open  airy design with large glass windows for aesthetic appeal  but the structural integrity of the building and energy efficiency were crucial considerations  to balance these needs  i chose high performance glazing and integrated sunshades to reduce solar heat gain  i worked closely with structural engineers to ensure the large spans could support the weight of the glass without compromising the building s stability  the final design achieved both aesthetic appeal and functionality  offering a beautiful and energy efficient building 
Engineering,Architectural Engineer,medium,"When talking through your designs to a client, who may have less technical knowledge than you, how do you ensure that they understand you?",when discussing my designs with a client who has less technical knowledge  i avoid jargon and focus on explaining concepts in simple  relatable terms  i use visual aids such as diagrams   d models  or renderings to help them visualize the design  i also provide examples of how the design addresses their needs and enhances the functionality of the space  i encourage questions and ensure that they feel comfortable expressing any concerns  which helps create a collaborative and informed discussion 
Engineering,Architectural Engineer,medium,What are some of your weaknesses that could help in your role as an architect?,one area i m working on improving is my tendency to get deeply involved in the finer details of a project  while this is important for ensuring high quality results  i ve learned that it s equally crucial to step back and view the bigger picture  particularly when managing larger teams or projects with tight timelines  i m working on finding a better balance by delegating more and trusting my team s expertise in specific areas 
Engineering,Mechanical Engineer,medium,What is the purpose of a baffle plate in a heat exchanger?,a baffle plate directs fluid flow to enhance heat transfer efficiency and reduce fouling in heat exchangers 
Engineering,Mechanical Engineer,medium,How does a centrifugal clutch function?,a centrifugal clutch engages automatically when rotational speed increases by using centrifugal force on friction shoes 
Engineering,Mechanical Engineer,medium,What is the function of a diffuser in aerodynamics?,a diffuser slows down air or fluid flow while increasing pressure  commonly used in jet engines and wind tunnels 
Engineering,Mechanical Engineer,medium,How does a torque limiter function?,a torque limiter disconnects power transmission when torque exceeds a set limit  preventing damage to machinery 
Engineering,Mechanical Engineer,medium,How does an electric supercharger differ from a conventional turbocharger?,an electric supercharger uses an electric motor for instant boost  while a turbocharger relies on exhaust gases for power 
Engineering,Mechanical Engineer,medium,Why is a 4-stroke engine more efficient than a 2-stroke engine?,  stroke engines have valves that precisely control charge flow and exhaust gases  reducing losses 
Engineering,Mechanical Engineer,medium,What is the function of a belt tensioner in an engine?,a belt tensioner maintains proper tension on a drive belt  preventing slippage and ensuring efficient power transmission 
Engineering,Mechanical Engineer,medium,What is MAPI?,manufacturing application programming interface 
Engineering,Mechanical Engineer,medium,Why are package units preferred over central air conditioning systems?,easier installation and lower maintenance costs 
Engineering,Mechanical Engineer,medium,Why do desert coolers become ineffective in the rainy season?,high humidity reduces evaporation efficiency 
Engineering,Mechanical Engineer,medium,What is the utility of a comfort chart?,helps design hvac systems for thermal comfort 
Engineering,Mechanical Engineer,medium,Explain how solar energy can be used in refrigeration systems?,by using absorption or adsorption refrigeration techniques 
Engineering,Mechanical Engineer,medium,What is the Montreal Protocol and why are CFCs being phased out?,an international agreement to phase out cfcs to protect the ozone layer 
Engineering,Mechanical Engineer,medium,What is moisture choking? Which refrigerants are more prone to it?,moisture freezing in expansion devices  more common in cfcs and hcfcs 
Engineering,Mechanical Engineer,medium,What is the impact of using a throttling device instead of an expander in a vapor compression cycle?,reduces efficiency due to loss of work potential 
Engineering,Mechanical Engineer,medium,Difference between enthalpy & entropy?,enthalpy is total heat content  entropy is the measure of disorder in a system 
Engineering,Mechanical Engineer,medium,"Which is the best lubricant-air, oil, or water?",oil is the best lubricant due to its viscosity and film forming properties 
Engineering,Mechanical Engineer,medium,What is the purpose of a pilot-operated check valve?,a pilot operated check valve allows flow in one direction and opens when pilot pressure is applied  preventing backflow 
Engineering,Mechanical Engineer,medium,How does a vane motor work?,a vane motor converts fluid pressure into rotational motion using sliding vanes inside a rotor 
Engineering,Mechanical Engineer,medium,What are the advantages of using a double helical gear?,double helical gears reduce axial thrust  provide smooth operation  and allow higher torque transmission 
Engineering,Mechanical Engineer,medium,Why is a condenser used in a Rankine cycle?,it condenses exhaust steam into water  improving efficiency and reusability 
Engineering,Mechanical Engineer,medium,What is meant by the term 'mechanical efficiency'?,mechanical efficiency is the ratio of useful output energy to input energy in a machine  expressed as a percentage 
Engineering,Mechanical Engineer,medium,What is a Scotch yoke mechanism?,a scotch yoke converts rotary motion into reciprocating motion using a pin and slotted mechanism 
Engineering,Mechanical Engineer,medium,What is the purpose of a balance piston in a steam turbine?,a balance piston reduces axial thrust by counteracting pressure differences in a steam turbine 
Engineering,Electrical Engineer,medium,What are the key considerations in selecting a switchgear for a power plant?,voltage rating  fault current capacity  insulation type  and operational safety 
Engineering,Electrical Engineer,medium,What are the key design considerations for an off-grid solar power system?,battery capacity  inverter sizing  panel orientation  and energy storage efficiency 
Engineering,Electrical Engineer,medium,What are the key differences between a stepper motor and a servo motor?,stepper motors move in fixed steps  while servo motors use feedback for precise control 
Engineering,Electrical Engineer,medium,What are the key factors in designing an effective underground cable system?,thermal dissipation  soil resistivity  insulation type  and mechanical protection 
Engineering,Electrical Engineer,medium,What are the key parameters in transformer oil testing?,dielectric strength  moisture content  acidity  and dissolved gas analysis 
Engineering,Electrical Engineer,medium,What are the main causes of power surges in electrical systems?,lightning strikes  switching operations  and faults in power grids 
Engineering,Electrical Engineer,medium,"What is a voltage dip, and what causes it?",a short term reduction in voltage caused by sudden load increases or faults 
Engineering,Electrical Engineer,medium,What are the primary sources of energy loss in electric power transmission?,resistive losses  corona discharge  and magnetic field losses 
Engineering,Electrical Engineer,medium,What are the three main steps in power distribution?,generation  transmission  and distribution 
Engineering,Electrical Engineer,medium,What causes electrical arcing and how can it be prevented?,arcing occurs due to high voltage jumps across a gap  it can be prevented using insulation and arc suppression devices 
Engineering,Electrical Engineer,medium,What do you think makes a great electrical engineer?,a great engineer is detail oriented  analytical  innovative  and a strong problem solver 
Engineering,Electrical Engineer,medium,What does a logic analyzer do?,it captures and displays multiple signals from a digital system to analyze the timing relationships 
Engineering,Electrical Engineer,medium,"What is ferroresonance, and how can it be mitigated?",a nonlinear resonance effect in inductors and capacitors  controlled using damping resistors 
Engineering,Electrical Engineer,medium,"What is load diversity factor, and why is it important in electrical distribution?",it accounts for variations in load demand  optimizing transformer and feeder sizing 
Engineering,Electrical Engineer,medium,What are the three main CMOS amplifiers?,common source  common gate  and common drain amplifiers 
Engineering,Electrical Engineer,medium,"What is a variable reluctance motor, and where is it used?",a motor that operates by varying magnetic reluctance  used in robotics and automotive applications 
Engineering,Electrical Engineer,medium,"What is a thyristor-controlled reactor, and where is it used?",a device that regulates reactive power in transmission networks 
Engineering,Electrical Engineer,medium,What is a thyristor and how does it work?,a thyristor is a semiconductor switch that controls high power applications using a small gate signal 
Engineering,Electrical Engineer,medium,What factors influence the selection of protective relays for a power system?,factors include the type of equipment to protect  fault current levels  system configuration  and coordination with other protective devices 
Engineering,Electrical Engineer,medium,What is CMOS? What are its advantages?,cmos stands for complementary metal oxide semiconductor  advantages include low power consumption and high noise immunity 
Engineering,Electrical Engineer,medium,"What is a busbar, and why is it used?",a busbar distributes electrical power efficiently in substations and switchgear 
Engineering,Electrical Engineer,medium,What are the benefits of using silicon carbide (SiC) MOSFETs in power electronics?,higher efficiency  faster switching speeds  and lower losses than silicon mosfets 
Engineering,Electrical Engineer,medium,What are the challenges of implementing V2G (Vehicle-to-Grid) technology?,battery degradation  bidirectional power flow control  and grid integration issues 
Engineering,Electrical Engineer,medium,What are the common causes of insulation failure in transformers?,moisture ingress  overheating  aging  and electrical stress 
Engineering,Electrical Engineer,medium,What are the common causes of voltage sags in industrial networks?,large motor startups  transformer energization  and network faults 
Engineering,Electrical Engineer,medium,What are the differences between active and reactive power?,active power does real work  while reactive power supports voltage levels 
Engineering,Electrical Engineer,medium,What are the differences between an induction motor and a synchronous motor?,induction motors operate with slip  while synchronous motors run at a constant speed 
Engineering,Electrical Engineer,medium,What are the differences between electrical and electronic circuits?,electrical circuits focus on power distribution  while electronic circuits process and control signals 
Engineering,Electrical Engineer,medium,What are the different methods used for electrical load forecasting?,time series analysis  regression models  and machine learning techniques 
Engineering,Electrical Engineer,medium,What are the different methods used for voltage regulation in power systems?,using tap changing transformers  capacitor banks  and automatic voltage regulators 
Engineering,Electrical Engineer,medium,What are the different types of electrical insulation materials used in high-voltage applications?,oil  sf  gas  epoxy resin  and air insulation 
Engineering,Electrical Engineer,medium,What are the different types of relays used in power systems?,electromechanical  static  and numerical relays 
Engineering,Electrical Engineer,medium,What are the different types of switchgear used in electrical systems?,air insulated switchgear  ais   gas insulated switchgear  gis   and hybrid switchgear 
Engineering,Electrical Engineer,medium,What is meant by black start capability in power plants?,the ability to restart a power plant independently without an external power source 
Engineering,Electrical Engineer,medium,What is meant by reactive power compensation?,the process of managing reactive power to improve power factor and voltage stability 
Engineering,Electrical Engineer,medium,"What is a dual-conversion UPS, and where is it used?",a ups that converts power from ac to dc and back to ac  used in data centers for high reliability 
Engineering,Electrical Engineer,medium,"What is a fault current limiter, and how does it work?",it reduces fault currents to protect electrical equipment from damage 
Engineering,Electrical Engineer,medium,"What is an electrical arc flash, and how can it be mitigated?",an arc flash is a sudden electrical explosion  it can be mitigated using ppe  relay protection  and proper circuit design 
Engineering,Electrical Engineer,medium,"What is an electrical isolator, and when is it used?",a switch that ensures complete circuit disconnection for maintenance 
Engineering,Electrical Engineer,medium,"What is an energy storage system (ESS), and why is it important?",ess stores excess energy for later use  improving grid stability and efficiency 
Engineering,Electrical Engineer,medium,What is an insulated gate bipolar transistor (IGBT) and where is it used?,a high efficiency power switching device used in inverters and motor drives 
Engineering,Electrical Engineer,medium,What is an isolation transformer and when is it used?,an isolation transformer decouples circuits for safety and noise reduction 
Engineering,Electrical Engineer,medium,"What is an open delta connection, and where is it used?",it is a transformer connection used for three phase loads when one phase is missing 
Engineering,Electrical Engineer,medium,"What is dynamic line rating, and how does it improve power transmission?",it adjusts line capacity based on real time environmental conditions 
Engineering,Electrical Engineer,medium,What is the importance of insulation resistance testing?,it detects insulation deterioration to prevent electrical failures and hazards 
Engineering,Electrical Engineer,medium,What is the importance of power factor correction in industrial applications?,it reduces energy losses  improves efficiency  and lowers electricity costs 
Engineering,Electrical Engineer,medium,What is the main function of a load tap changer (LTC) in a transformer?,to regulate voltage by adjusting transformer turns ratio under load conditions 
Engineering,Electrical Engineer,medium,What is the purpose of a circuit breaker in an electrical system?,to protect circuits from overloads and short circuits by disconnecting power 
Engineering,Electrical Engineer,medium,"What is substation automation, and what are its benefits?",it enables remote monitoring and control  improving reliability and efficiency 
Engineering,Electrical Engineer,medium,What is the difference between AC and DC current?,ac changes direction periodically while dc flows in one direction  ac is used in power grids and dc in batteries 
Engineering,Electrical Engineer,medium,What is the difference between AC and DC?,ac  alternating current  changes direction periodically  while dc  direct current  flows in one direction steadily 
Engineering,Electrical Engineer,medium,What is the difference between a fuse and a circuit breaker?,a fuse is a one time protective device that melts under excessive current  while a circuit breaker can be reset after tripping due to overload or short circuit 
Engineering,Electrical Engineer,medium,What is an earthing relay and how does it work?,it detects ground faults and activates circuit breakers to protect equipment 
Engineering,Electrical Engineer,medium,What factors determine the selection of a circuit breaker?,current rating  voltage rating  breaking capacity  and response time 
Engineering,Electrical Engineer,medium,"What is an autotransformer, and where is it used?",a single winding transformer used for voltage regulation and motor starting 
Engineering,Electrical Engineer,medium,"What is an arc flash hazard, and how do you prevent it?",an arc flash is a sudden release of energy due to a fault  prevention includes ppe  proper circuit protection  and arc resistant switchgear 
Engineering,Electrical Engineer,medium,What is a fault ride-through capability in wind turbines?,it allows turbines to remain connected during short voltage dips to maintain grid stability 
Engineering,Electrical Engineer,medium,"What is a flyback converter, and where is it commonly used?",a type of switching power supply used in low power applications like chargers and led drivers 
Engineering,Electrical Engineer,medium,"What is a ground fault, and how is it detected?",a ground fault occurs when current flows to the ground  it is detected using ground fault relays 
Engineering,Electrical Engineer,medium,"What is a grounding transformer, and where is it used?",a grounding transformer provides a neutral grounding point in delta connected systems 
Engineering,Electrical Engineer,medium,"What is a hybrid energy system, and what are its advantages?",a system combining multiple energy sources like solar  wind  and batteries for reliability 
Engineering,Electrical Engineer,medium,"What is a phase angle regulator, and where is it used?",a device that controls power flow by adjusting phase angles in transmission lines 
Engineering,Electrical Engineer,medium,"What is a power system stabilizer (PSS), and how does it improve grid stability?",pss dampens power oscillations in synchronous generators to enhance system stability 
Engineering,Electrical Engineer,medium,"What is a reactive power compensator, and why is it needed?",a device that balances reactive power to improve voltage regulation 
Engineering,Electrical Engineer,medium,"What is a static VAR compensator (SVC), and how does it work?",an svc controls reactive power by dynamically adjusting capacitor and reactor banks 
Engineering,Electrical Engineer,medium,"What is a synchronous condenser, and how does it improve power systems?",a machine that generates or absorbs reactive power to stabilize voltage 
Engineering,Electrical Engineer,medium,What is the difference between line and load reactors?,line reactors protect vfds from voltage spikes  while load reactors reduce motor voltage stress 
Engineering,Electrical Engineer,medium,What is the difference between primary and secondary protection in power systems?,primary protection clears faults quickly  while secondary protection acts as a backup 
Engineering,Electrical Engineer,medium,What is the difference between radial and ring main distribution systems?,radial systems have a single supply path  while ring main systems provide redundancy for reliability 
Engineering,Electrical Engineer,medium,What is the function of a bus coupler in switchgear?,it connects or isolates bus sections to improve system flexibility 
Engineering,Electrical Engineer,medium,What is an active network?,an active network contains active components like transistors or operational amplifiers that can amplify signals 
Engineering,Electrical Engineer,medium,What is an autotransformer and how does it differ from a conventional transformer?,an autotransformer has a single winding and is more efficient for voltage regulation 
Engineering,Electrical Engineer,medium,What is the difference between a relay and a contactor?,a relay is used for low power switching  while a contactor is designed for high power applications 
Engineering,Electrical Engineer,medium,What are the advantages of using IGBT over MOSFET in power electronics?,igbt handles higher voltages efficiently  while mosfet is better for high frequency applications 
Engineering,Electrical Engineer,medium,What are the advantages of superconducting fault current limiters (SFCLs)?,they provide fast response  reduce fault current levels  and improve grid protection 
Engineering,Electrical Engineer,medium,Why is load shedding necessary in power grids?,to prevent system collapse by reducing demand during supply shortages 
Engineering,Electrical Engineer,medium,Why is neutral earthing necessary in power systems?,to stabilize voltage levels and provide a return path for fault currents 
Engineering,Electrical Engineer,medium,Why is neutral shifting a problem in electrical systems?,it causes voltage imbalance  damaging equipment and leading to overvoltage conditions 
Engineering,Electrical Engineer,medium,Why is phase shifting important in power systems?,to control power flow  improve stability  and reduce transmission losses 
Engineering,Electrical Engineer,medium,Why is reactive power compensation important in transmission systems?,it maintains voltage stability and improves system efficiency 
Engineering,Electrical Engineer,medium,How does an energy harvesting system work?,it captures and converts ambient energy  solar  thermal  vibrational  into electrical energy 
Engineering,Electrical Engineer,medium,Why is insulation resistance testing important?,it detects deterioration in insulation materials to prevent electrical faults and hazards 
Engineering,Electrical Engineer,medium,How does an unbalanced load affect a three-phase system?,it causes voltage imbalance  overheating  and reduced motor efficiency 
Engineering,Electrical Engineer,medium,How does voltage unbalance affect three-phase motors?,it causes overheating  torque fluctuations  and reduced motor lifespan 
Engineering,Electrical Engineer,medium,Can you explain the concept of reactive power in AC circuits?,reactive power is the component of alternating current electricity that does not transfer net energy to the load  associated with the energy storage in inductors and capacitors 
Engineering,Electrical Engineer,medium,Can you explain the difference between a generator and an alternator?,both convert mechanical energy to electrical energy  a generator produces direct current  dc   while an alternator produces alternating current  ac  
Engineering,Electrical Engineer,medium,Can you explain the difference between star and delta connections?,in a star connection  each phase is connected to a common neutral point  in a delta connection  phases are connected in a loop  with no neutral 
Engineering,Electrical Engineer,medium,Define electrical engineering and explain its applications.,electrical engineering involves designing  developing  and maintaining electrical systems and components  applications include power generation  electronics  telecommunications  and control systems 
Engineering,Electrical Engineer,medium,Define what a capacitor is.,a capacitor is a device that stores electrical energy in an electric field 
Engineering,Electrical Engineer,medium,How does regenerative braking work in electric vehicles?,it converts kinetic energy into electrical energy and feeds it back to the battery 
Engineering,Electrical Engineer,medium,Why is impedance matching important in electrical circuits?,to maximize power transfer and minimize reflections in transmission lines 
Engineering,Electrical Engineer,medium,Why is copper preferred over aluminum for electrical wiring?,copper has higher conductivity  better flexibility  and lower resistance 
Engineering,Electrical Engineer,medium,Why is black start capability important in power plants?,it enables the grid to restart after a complete blackout using backup generators 
Engineering,Electrical Engineer,medium,Why are lightning arresters installed at the top of transmission towers?,to safely divert lightning strikes to the ground and protect electrical equipment 
Engineering,Electrical Engineer,medium,Why are neutral grounding resistors used in industrial systems?,to limit ground fault currents and prevent equipment damage 
Engineering,Electrical Engineer,medium,Why are split-phase motors commonly used in domestic applications?,they provide moderate starting torque and operate efficiently on single phase ac power 
Engineering,Electrical Engineer,medium,Why are transformers rated in kVA instead of kW?,because power losses depend on voltage and current  not load power factor 
Engineering,Electrical Engineer,medium,Why are transmission lines designed for specific surge impedance loading (SIL)?,to maximize power transfer efficiency and minimize reactive power losses 
Engineering,Electrical Engineer,medium,Why did you apply for this particular position? What appeals to you about our company?,your company leads in electrical engineering solutions  and this role fits my expertise 
Engineering,Electrical Engineer,medium,Why do power stations use step-up transformers?,to increase voltage and reduce transmission losses over long distances 
Engineering,Electrical Engineer,medium,Why do transformers have cooling systems?,to dissipate heat and prevent overheating that can damage insulation 
Engineering,Electrical Engineer,medium,Why do transmission lines use aluminum instead of copper?,aluminum is lighter and more cost effective while providing adequate conductivity 
Engineering,Electrical Engineer,medium,Why do transmission lines use high voltage?,to reduce power loss and improve efficiency during long distance transmission 
Engineering,Electrical Engineer,medium,Why do we use a star delta starter for motors?,it reduces the starting current to protect the motor and prevent voltage drops 
Engineering,Electrical Engineer,medium,Why do we use capacitors in an AC circuit?,capacitors store and release electrical energy  improving power factor and filtering noise 
Engineering,Electrical Engineer,medium,Why do we use isolation transformers?,to prevent electrical shocks and reduce noise in sensitive circuits 
Engineering,Electrical Engineer,medium,Why do we use neutral grounding in electrical systems?,neutral grounding prevents overvoltage and protects equipment and personnel from electrical faults 
Engineering,Electrical Engineer,medium,Why is a high power factor desirable in electrical systems?,it improves efficiency  reduces losses  and minimizes penalties from utility providers 
Engineering,Electrical Engineer,medium,Define what an inductor is.,an inductor is a passive component that stores energy in its magnetic field 
Engineering,Electrical Engineer,medium,Describe the difference between capacitance and inductance.,capacitance stores energy in an electric field  inductance stores energy in a magnetic field 
Engineering,Electrical Engineer,medium,"Do you ever lose your temper while working? If so, how do you recover?",i stay professional  take a deep breath  and focus on solutions instead of frustrations 
Engineering,Electrical Engineer,medium,Do you have any security clearance to work on classified projects?,yes  i have security clearance for handling sensitive technical projects 
Engineering,Electrical Engineer,medium,Have you ever helped save money in previous jobs? How did you do it?,yes  i optimized a power system that reduced energy costs by thousands annually 
Engineering,Electrical Engineer,medium,Have you studied for an electrical engineering degree or course?,yes  i have completed a bachelor s degree in electrical engineering 
Engineering,Electrical Engineer,medium,What are the key benefits of implementing demand response programs in smart grids?,they improve grid stability  reduce peak demand  and lower energy costs 
Engineering,Electrical Engineer,medium,What are the key challenges in designing a high-voltage transmission line?,managing corona discharge  insulation coordination  and minimizing losses 
Engineering,Electrical Engineer,medium,What are the key challenges in integrating offshore wind farms into the power grid?,hvdc transmission  power fluctuations  and grid code compliance 
Engineering,Electrical Engineer,medium,What are the key components of an electrical substation?,transformers  switchgear  busbars  circuit breakers  and protection relays 
Engineering,Electrical Engineer,medium,List three critical responsibilities of electrical engineers.,designing electrical systems  ensuring compliance with safety standards  and troubleshooting electrical issues 
Engineering,Electrical Engineer,medium,List three essential skills for electrical engineers.,problem solving  proficiency in circuit design software  and strong understanding of electrical codes 
Engineering,Electrical Engineer,medium,Name a technical skill you’re trying to perfect as an electrical engineer.,improving proficiency in programmable logic controllers  plcs  
Engineering,Electrical Engineer,medium,Name the vital components of an electrical circuit.,resistors  capacitors  inductors  diodes  and transistors 
Engineering,Electrical Engineer,medium,Name three cable types electricians use for transmissions.,coaxial cables  twisted pair cables  and fiber optic cables 
Engineering,Electrical Engineer,medium,Name three factors that affect the amount of current flowing through a copper wire.,wire gauge  thickness   length of the wire  and temperature 
Engineering,Electrical Engineer,medium,Name your best technical skills as an electrical engineer.,circuit design  proficiency in simulation software  and knowledge of power distribution 
Engineering,Electrical Engineer,medium,What are the advantages of HVDC (High Voltage Direct Current) transmission?,reduced transmission losses  improved stability  and the ability to connect asynchronous grids 
Engineering,Electrical Engineer,medium,What are the advantages of soft starters over traditional motor starters?,they reduce inrush current  minimize mechanical stress  and provide smooth acceleration 
Engineering,Electrical Engineer,medium,Explain what inductance means.,inductance is the property of an electrical conductor that opposes a change in current 
Engineering,Electrical Engineer,medium,What are the advantages of switched reluctance motors (SRMs)?,high reliability  efficiency  and robust operation under harsh conditions 
Engineering,Electrical Engineer,medium,Explain what capacitance means.,capacitance is the ability of a system to store an electric charge 
Engineering,Electrical Engineer,medium,How does a stepper motor differ from a servo motor?,stepper motors move in fixed steps  while servo motors use feedback for precise control 
Engineering,Electrical Engineer,medium,Explain what a resistor is.,a resistor is a component that resists the flow of electric current  producing a voltage drop 
Engineering,Electrical Engineer,medium,What are the advantages of using STATCOM over SVC in reactive power compensation?,statcom provides faster response  better voltage stability  and is effective at low voltage levels 
Engineering,Electrical Engineer,medium,What are the applications of silicon-controlled rectifiers (SCRs)?,used in power control  rectifiers  and motor drives for regulating current flow 
Engineering,Electrical Engineer,medium,What are the benefits of using digital relays over electromechanical relays?,digital relays offer higher accuracy  flexibility  and remote monitoring capabilities 
Engineering,Electrical Engineer,medium,What are the benefits of using series capacitors in long transmission lines?,they compensate for line reactance  improve voltage stability  and increase power transfer capability 
Engineering,Electrical Engineer,medium,How do brushless DC (BLDC) motors achieve commutation without mechanical brushes?,using electronic controllers and hall effect sensors to switch current through the windings 
Engineering,Electrical Engineer,medium,How do you determine the appropriate wire size for a particular load?,by considering the current carrying capacity  voltage drop  and safety standards 
Engineering,Electrical Engineer,medium,How do you determine the efficiency of a power plant?,by calculating the ratio of useful power output to total energy input 
Engineering,Electrical Engineer,medium,How do you test the grounding resistance of an electrical system?,using a ground resistance tester to measure resistance between grounding electrodes and earth 
Engineering,Electrical Engineer,medium,How does a DC chopper regulate voltage in power electronics?,by switching on and off rapidly to adjust output voltage 
Engineering,Electrical Engineer,medium,How does a bandgap circuit work?,it provides a stable reference voltage independent of temperature  power supply variations  and manufacturing differences 
Engineering,Electrical Engineer,medium,How does a circuit breaker work?,a circuit breaker stops the flow of electricity when it detects an overload or short circuit 
Engineering,Electrical Engineer,medium,How does a differential protection system work in transformers?,it detects the difference between primary and secondary current to identify faults 
Engineering,Electrical Engineer,medium,How does a relay function in an electrical circuit?,a relay is an electrically operated switch that uses an electromagnet to mechanically operate a switch  allowing control of a high power circuit with a low power signal 
Engineering,Electrical Engineer,medium,How does a soft starter work for an electric motor?,it gradually increases voltage to limit inrush current and reduce mechanical stress 
Engineering,Electrical Engineer,medium,How does a variable frequency drive (VFD) control motor speed?,by adjusting the frequency and voltage supplied to the motor 
Engineering,Electrical Engineer,medium,What is the difference between a single-phase and a three-phase power system?,single phase power is used in homes  while three phase power is used in industrial applications for efficiency 
Engineering,Electrical Engineer,medium,What is the difference between a surge arrester and a lightning arrester?,a surge arrester protects equipment from transient voltage spikes  while a lightning arrester diverts direct lightning strikes to the ground 
Engineering,Electrical Engineer,medium,What is the difference between a synchronous generator and an induction generator?,a synchronous generator runs at constant speed  while an induction generator requires reactive power support 
Engineering,Mechanical Engineer,medium,Why is a flywheel used in a reciprocating engine?,a flywheel maintains engine momentum  ensuring smooth rotation and reducing speed fluctuations 
Engineering,Mechanical Engineer,medium,Where is a half nut used?,in lathe machines for engaging and disengaging the lead screw during threading 
Engineering,Mechanical Engineer,medium,Why stress relieving of stainless steel is not preferred?,it can lead to sensitization and corrosion issues in stainless steel 
Engineering,Mechanical Engineer,medium,What is the difference between a shaper machine and a planner machine?,a shaper machine has a single tool moving  while a planner machine has the workpiece moving 
Engineering,Mechanical Engineer,medium,What is the working principle of an air compressor?,it compresses air by reducing volume  increasing pressure for various applications 
Engineering,Mechanical Engineer,medium,Explain cooling and its types?,cooling can be natural  forced  or evaporative  used in various industrial applications 
Engineering,Mechanical Engineer,medium,How does a continuously variable transmission (CVT) work?,a cvt provides seamless acceleration by varying gear ratios without distinct shifts 
Engineering,Mechanical Engineer,medium,What is the difference between safety valve and relief valve?,a safety valve opens instantly at a set pressure  a relief valve opens gradually to control pressure 
Engineering,Mechanical Engineer,medium,What is meant by bulk modulus?,the bulk modulus measures a material s resistance to uniform compression  indicating its incompressibility 
Engineering,Mechanical Engineer,medium,What is the function of an intercooler in a compressor system?,an intercooler reduces compressed air temperature to improve efficiency and prevent overheating 
Engineering,Mechanical Engineer,medium,What is the role of a differential gear in automobiles?,a differential allows wheels to rotate at different speeds while maintaining power transmission  essential for turning 
Engineering,Mechanical Engineer,medium,What is the purpose of a balance wheel in a watch?,a balance wheel oscillates to regulate timekeeping in mechanical watches 
Engineering,Mechanical Engineer,medium,How does a shock absorber work in vehicles?,a shock absorber dampens oscillations by converting kinetic energy into heat  improving ride comfort 
Engineering,Mechanical Engineer,medium,What is the function of a thrust bearing?,a thrust bearing supports axial loads and prevents movement along the shaft s axis 
Engineering,Mechanical Engineer,medium,What is the function of a governor in steam turbines?,a governor regulates turbine speed by adjusting steam flow to maintain stable operation 
Engineering,Mechanical Engineer,medium,What is meant by the coefficient of friction?,the coefficient of friction quantifies the resistance between two surfaces in contact 
Engineering,Mechanical Engineer,medium,What is a journal bearing and where is it used?,a journal bearing supports a rotating shaft and reduces friction using a lubricant  commonly used in engines and turbines 
Engineering,Mechanical Engineer,medium,What is the difference between a reciprocating and rotary air compressor?,a reciprocating compressor uses a piston cylinder mechanism  while a rotary compressor uses rotating elements such as screws or vanes 
Engineering,Mechanical Engineer,medium,What is the purpose of a crankcase in an internal combustion engine?,a crankcase houses the crankshaft and lubricates engine components  preventing oil contamination 
Engineering,Mechanical Engineer,medium,How does a thrust vectoring system work in jet engines?,thrust vectoring redirects engine exhaust to control aircraft movement  improving maneuverability 
Engineering,Mechanical Engineer,medium,How does a toggle mechanism work?,a toggle mechanism amplifies force using linked levers  commonly used in clamps and presses 
Engineering,Mechanical Engineer,medium,What is the difference between an axial and radial flow turbine?,axial flow turbines direct fluid parallel to the shaft  while radial flow turbines direct fluid perpendicular to the shaft 
Engineering,Mechanical Engineer,medium,How does a swash plate pump function?,a swash plate pump converts rotary motion into reciprocating piston motion for hydraulic power generation 
Engineering,Mechanical Engineer,medium,Why is a slip ring used in AC motors?,a slip ring provides a continuous electrical connection between rotating and stationary components in ac motors 
Engineering,Mechanical Engineer,medium,How does a diaphragm coupling work?,a diaphragm coupling uses flexible metal diaphragms to transmit torque while accommodating misalignment 
Engineering,Mechanical Engineer,medium,What are the differences between spur and bevel gears?,spur gears have straight teeth and transmit power in parallel shafts  while bevel gears have conical teeth and transfer power at different angles 
Engineering,Mechanical Engineer,medium,How does 'turbulence' differ from swirl?,turbulence is random chaotic motion  while swirl is organized rotational flow 
Engineering,Mechanical Engineer,medium,What is a quazi-crystal?,a quazi crystal is a structure that has an ordered pattern but does not repeat periodically  unlike traditional crystals 
Engineering,Mechanical Engineer,medium,Why is a ball bearing used instead of a plain bearing?,ball bearings reduce friction and wear  allowing for high speed rotation with minimal lubrication 
Engineering,Mechanical Engineer,medium,What is the principle behind ultrasonic machining?,ultrasonic machining removes material using high frequency vibrations and abrasive slurry  suitable for brittle materials 
Engineering,Mechanical Engineer,medium,What is the function of a diverter valve in turbocharged engines?,a diverter valve releases excess pressure from the turbocharger to prevent compressor surge and improve response time 
Engineering,Mechanical Engineer,medium,What is the function of a harmonic balancer in an engine?,a harmonic balancer reduces vibrations in an engine by counteracting torsional forces in the crankshaft 
Engineering,Mechanical Engineer,medium,What is the function of an accumulator in hydraulic systems?,an accumulator stores hydraulic energy and provides pressure stabilization in hydraulic circuits 
Engineering,Mechanical Engineer,medium,What is the purpose of using a multi-plate clutch?,multi plate clutches provide greater torque transmission and are used in high performance vehicles 
Engineering,Mechanical Engineer,medium,How does a camshaft function in an internal combustion engine?,the camshaft controls the opening and closing of intake and exhaust valves in an engine 
Engineering,Mechanical Engineer,medium,What are the advantages of a rack and pinion steering system?,rack and pinion systems provide direct steering response and efficient power transmission 
Engineering,Mechanical Engineer,medium,What is the main advantage of using a helical gear over a spur gear?,helical gears provide smoother operation and higher load capacity due to their angled teeth 
Engineering,Mechanical Engineer,medium,What is the function of a diffuser in a gas turbine?,a diffuser slows down the airflow  increasing pressure before combustion  improving efficiency 
Engineering,Mechanical Engineer,medium,What is the function of an oil separator in refrigeration systems?,an oil separator removes oil from the refrigerant to prevent system contamination and maintain compressor efficiency 
Engineering,Mechanical Engineer,medium,What is a strain gauge and how is it used?,a strain gauge measures strain in materials by detecting resistance changes under deformation 
Engineering,Mechanical Engineer,medium,What is the role of vanes in a centrifugal compressor?,vanes guide airflow and increase pressure by converting velocity energy into pressure energy within the compressor 
Engineering,Mechanical Engineer,medium,What are the common types of mechanical seals?,common types include gland packing  lip seals  and mechanical face seals used to prevent fluid leakage in rotating shafts 
Engineering,Mechanical Engineer,medium,How do regenerative and recuperative heat exchangers differ?,regenerative exchangers store and release heat periodically  while recuperative exchangers transfer heat between separate fluid streams 
Engineering,Architectural Engineer,medium,"How do you collaborate with structural, electrical, and mechanical engineers during the design process?",collaboration with structural  electrical  and mechanical engineers is essential to ensure that my architectural designs are practical  efficient  and safe  in a recent office building project  i held weekly coordination meetings with these engineers to review design progress  discuss potential conflicts  and ensure alignment between architectural and engineering plans  for instance  i worked closely with the electrical engineer to ensure that lighting and electrical outlets were incorporated into the design in a way that minimized impact on the building s layout and aesthetics  open communication and early involvement of all stakeholders helped us resolve issues before they became problems during construction 
Engineering,Mechanical Engineer,medium,What is a heat pump and how does it work?,a heat pump transfers heat from a lower temperature source to a higher temperature region using external work 
Engineering,Mechanical Engineer,medium,What is a Kaplan turbine and where is it used?,a kaplan turbine is a reaction turbine with adjustable blades  used in low head  high flow hydroelectric plants 
Engineering,Mechanical Engineer,medium,What is meant by the term 'plastic deformation'?,plastic deformation occurs when a material is permanently deformed beyond its elastic limit 
Engineering,Mechanical Engineer,medium,What is stress relaxation in materials?,stress relaxation is the gradual reduction of stress in a material under constant strain over time 
Engineering,Mechanical Engineer,medium,What is a vortex flow meter and how does it work?,a vortex flow meter measures flow rate by detecting vortices shed from an obstruction placed in the fluid stream 
Engineering,Mechanical Engineer,medium,What is the function of a breather in a gearbox?,a breather allows pressure equalization and prevents the buildup of excessive pressure or vacuum inside the gearbox 
Engineering,Mechanical Engineer,medium,What is the difference between laminar and turbulent boundary layers?,a laminar boundary layer has smooth  orderly flow  while a turbulent boundary layer has chaotic  high energy mixing 
Engineering,Mechanical Engineer,medium,How does a vortex tube work?,a vortex tube separates compressed air into hot and cold streams using vortex motion and energy separation 
Engineering,Mechanical Engineer,medium,How does a magnetic coupling work?,a magnetic coupling transfers torque without direct contact using magnetic fields  preventing mechanical wear 
Engineering,Mechanical Engineer,medium,What is the function of a harmonic drive?,a harmonic drive provides precise motion control with high torque and minimal backlash  used in robotics and aerospace applications 
Engineering,Mechanical Engineer,medium,What is the purpose of an expansion valve in a refrigeration system?,an expansion valve controls the refrigerant flow into the evaporator  allowing pressure and temperature reduction for cooling 
Engineering,Mechanical Engineer,medium,How does a hydraulic intensifier work?,a hydraulic intensifier increases pressure by using a larger low pressure piston to drive a smaller high pressure piston 
Engineering,Mechanical Engineer,medium,Explain the function of a rocker arm in an IC engine.,a rocker arm transfers camshaft motion to the engine valves  controlling their opening and closing 
Engineering,Mechanical Engineer,medium,What is the function of a supercharger in an engine?,a supercharger forces more air into the engine cylinders to increase power output 
Engineering,Mechanical Engineer,medium,How does a centrifugal clutch work?,a centrifugal clutch uses centrifugal force to engage the clutch shoes with the drum at high speeds 
Engineering,Mechanical Engineer,medium,What is meant by shear stress in a material?,shear stress is a force per unit area acting parallel to a material s surface  leading to deformation 
Engineering,Mechanical Engineer,medium,How does a pneumatic system differ from a hydraulic system?,pneumatic systems use compressed air  while hydraulic systems use pressurized liquid for motion and force transmission 
Engineering,Mechanical Engineer,medium,What are the common types of mechanical vibrations?,types include free vibrations  forced vibrations  damped vibrations  and undamped vibrations 
Engineering,Mechanical Engineer,medium,What is the difference between static and dynamic balancing?,static balancing ensures a stationary object remains stable  while dynamic balancing prevents imbalance in rotating systems 
Engineering,Mechanical Engineer,medium,How does a pendulum clock keep time?,a pendulum clock uses a swinging pendulum as a time regulating mechanism  controlling gear movement 
Engineering,Mechanical Engineer,medium,What is the function of a torque converter in an automatic transmission?,a torque converter transfers rotating power from the engine to the transmission  allowing smooth acceleration without a clutch 
Engineering,Mechanical Engineer,medium,What are the advantages of using composite materials in mechanical engineering?,composite materials offer high strength to weight ratios  corrosion resistance  and improved durability 
Engineering,Mechanical Engineer,medium,What is meant by 'thermal expansion' in materials?,thermal expansion is the tendency of materials to expand or contract in response to temperature changes 
Engineering,Mechanical Engineer,medium,How does a clutch work in an automobile?,a clutch engages and disengages the engine from the transmission  allowing smooth gear shifts 
Engineering,Mechanical Engineer,medium,What are the common failure modes in gears?,common failure modes include pitting  wear  scuffing  tooth bending fatigue  and tooth breakage 
Engineering,Mechanical Engineer,medium,What is the function of a flywheel in mechanical systems?,a flywheel stores rotational energy and maintains consistent engine speed by reducing fluctuations 
Engineering,Mechanical Engineer,medium,What are the advantages of dry sump lubrication over wet sump lubrication?,dry sump lubrication provides better oil control  prevents starvation  and improves engine cooling in high performance applications 
Engineering,Mechanical Engineer,medium,What is the purpose of a cooling fin in an engine?,cooling fins increase surface area for heat dissipation  improving air cooling efficiency in engines 
Engineering,Mechanical Engineer,medium,How does a peristaltic pump function?,a peristaltic pump moves fluids by compressing a flexible tube with rotating rollers  ensuring contamination free flow 
Engineering,Mechanical Engineer,medium,What is the purpose of a balancing machine in rotor dynamics?,a balancing machine detects and corrects imbalances in rotating parts to minimize vibrations and wear 
Engineering,Mechanical Engineer,medium,How does a hydraulic torque converter work?,a hydraulic torque converter transfers engine power to the transmission using fluid coupling  providing smooth acceleration 
Engineering,Electrical Engineer,medium,What is the impact of frequency variation in power systems?,it affects motor speed  synchronization  and can lead to instability 
Engineering,Electrical Engineer,medium,Why are circuit breakers rated in kA instead of amperes?,because they need to handle short circuit currents  which are much higher than normal load currents 
Engineering,Electrical Engineer,medium,Why are high-voltage transmission lines bundled together?,to reduce corona discharge and improve transmission efficiency 
Engineering,Electrical Engineer,medium,Why are isolation transformers used in sensitive electronic circuits?,to prevent ground loops  improve safety  and reduce electrical noise 
Engineering,Electrical Engineer,medium,Why are laminated cores used in transformers?,to reduce eddy current losses and improve efficiency 
Engineering,Electrical Engineer,medium,What is the purpose of a crowbar circuit in power electronics?,it protects sensitive components from overvoltage conditions by short circuiting excess voltage 
Engineering,Electrical Engineer,medium,What is the purpose of a dynamic voltage restorer (DVR)?,it compensates for voltage sags and swells in power distribution systems 
Engineering,Electrical Engineer,medium,What is the purpose of a frequency converter?,to change the frequency of an ac power supply for variable speed applications 
Engineering,Electrical Engineer,medium,What is the purpose of a grounding grid in substations?,to provide a low resistance path for fault currents and ensure personnel safety 
Engineering,Electrical Engineer,medium,What is the purpose of a harmonic filter in power systems?,to reduce total harmonic distortion and improve power quality 
Engineering,Electrical Engineer,medium,What is the purpose of a load shedding system in a power plant?,to prevent system overload by disconnecting non essential loads during peak demand 
Engineering,Electrical Engineer,medium,What is the purpose of a phase sequence indicator?,it determines the correct order of phase rotation in a three phase system 
Engineering,Electrical Engineer,medium,What is the purpose of a power factor correction capacitor?,to reduce reactive power and improve power factor efficiency 
Engineering,Electrical Engineer,medium,What is the purpose of a relay in an electrical system?,a relay is an electrically operated switch that controls a circuit using a low power signal 
Engineering,Electrical Engineer,medium,What is the purpose of a synchrophasor in power grids?,it provides real time measurement of voltage and current phase angles for grid monitoring 
Engineering,Electrical Engineer,medium,What is the impact of distributed energy resources (DER) on grid stability?,they can cause voltage fluctuations  reverse power flow  and affect frequency regulation 
Engineering,Electrical Engineer,medium,What is the purpose of an electrical interlock system?,to prevent dangerous operations by ensuring proper sequencing of electrical circuits 
Engineering,Electrical Engineer,medium,What is the function of an earth leakage circuit breaker (ELCB)?,it detects leakage currents and disconnects the circuit to prevent electric shocks 
Engineering,Electrical Engineer,medium,What is the function of a reactor in a power system?,a reactor limits short circuit currents and helps control voltage fluctuations 
Engineering,Electrical Engineer,medium,What is the difference between an active and a passive filter?,active filters use amplifiers and active components  while passive filters use resistors  capacitors  and inductors 
Engineering,Electrical Engineer,medium,What is the difference between an overcurrent and a short circuit?,overcurrent is excess current flow  while a short circuit is a direct fault path with minimal resistance 
Engineering,Electrical Engineer,medium,What is the difference between high-impedance and low-impedance differential protection?,high impedance protection uses a stabilizing resistor  while low impedance offers better sensitivity and flexibility 
Engineering,Electrical Engineer,medium,What is the difference between islanding and grid-following inverters?,islanding inverters can operate independently  while grid following ones synchronize with the grid 
Engineering,Electrical Engineer,medium,What is the role of FACTS (Flexible AC Transmission Systems) devices in power grids?,facts devices enhance power transfer capacity and improve voltage stability 
Engineering,Electrical Engineer,medium,What is the role of a capacitor in AC circuits?,a capacitor stores and releases electrical energy  affecting voltage and current phase relationships 
Engineering,Electrical Engineer,medium,What is the role of a harmonic filter in power systems?,it reduces voltage and current distortion caused by nonlinear loads 
Engineering,Electrical Engineer,medium,What is the role of a rectifier in an electrical system?,a rectifier converts alternating current to direct current for use in dc powered devices 
Engineering,Electrical Engineer,medium,What is the function of a busbar in an electrical system?,a busbar distributes electrical power efficiently within a system 
Engineering,Electrical Engineer,medium,What is the function of a diode in a circuit?,a diode allows current to flow in one direction while blocking it in the opposite direction 
Engineering,Electrical Engineer,medium,What is the function of a diode in an electrical circuit?,a diode allows current to flow in one direction only  acting as a one way valve 
Engineering,Electrical Engineer,medium,What is the function of a load break switch?,it disconnects load current safely under normal operating conditions 
Engineering,Electrical Engineer,medium,What is the function of a load flow study in power systems?,to analyze power flow  voltage levels  and losses in a power grid 
Engineering,Electrical Engineer,medium,What is the function of a phase-shifting transformer?,it controls power flow between parallel transmission lines by altering phase angles 
Engineering,Electrical Engineer,medium,What is the function of a power diode?,a power diode allows current to flow in one direction and is used in rectification circuits 
Engineering,Electrical Engineer,medium,What is the function of a transformer tap changer?,it adjusts the transformer s output voltage by changing the number of turns in the winding 
Engineering,Mechanical Engineer,medium,What is meant by hydrodynamic lubrication?,hydrodynamic lubrication occurs when a fluid film fully separates moving surfaces  preventing direct contact and reducing wear 
Engineering,Electrical Engineer,medium,What is the purpose of using a neutral wire in electrical systems?,the neutral wire carries current back to the power source  providing a return path and helping to balance the load in a three phase system 
Engineering,Electrical Engineer,medium,Why do we use ferrite cores in high-frequency transformers?,ferrite cores reduce eddy current losses and improve efficiency at high frequencies 
Engineering,Architectural Engineer,medium,What is your process for ensuring that your designs are both aesthetically pleasing and structurally sound?,my approach involves close collaboration with structural engineers from the early stages of the design process  while i focus on the aesthetic elements  such as form  materials  and functionality  i also ensure that the structural elements complement the design  for example  in a recent residential building project  i worked with engineers to select materials that met both aesthetic and structural needs choosing reinforced concrete for its durability while also designing it to look visually appealing  regular design reviews with engineers ensure that all aesthetic elements are structurally feasible without compromising safety or functionality 
Engineering,Architectural Engineer,medium,What is your least favorite thing about architecture?,one of the more challenging aspects of architecture is dealing with the limitations that can arise from strict building codes and regulations  while these are essential for safety and compliance  they sometimes limit the creative potential of a design  however  i ve learned to see these challenges as opportunities to think more creatively within those constraints  finding innovative solutions that still respect the rules 
Engineering,Architectural Engineer,medium,What is your least favorite project in your portfolio and why?,my least favorite project was one in which i had to compromise too much on design aesthetics due to budget constraints  while i understand the importance of working within financial limits  the project didn t fully reflect my design principles  however  it was a valuable lesson in balancing creativity with practical limitations  and i ve since learned to be more creative within those constraints 
Engineering,Architectural Engineer,medium,What is your approach to designing a building that complements its surrounding environment?,my approach to designing buildings that complement their surroundings involves studying the local context  including the landscape  culture  and architectural style  i consider how the building will interact with its environment  both visually and functionally  for example  in a coastal project  i focused on designing a structure that took advantage of natural light  used local materials  and blended seamlessly with the surrounding natural beauty  i also consider factors such as wind patterns  topography  and climate to ensure the building harmonizes with its setting and has minimal environmental impact 
Engineering,Architectural Engineer,medium,What inspired you to pursue a career in architecture?,i have always been fascinated by how buildings shape the way we live and interact with spaces  the ability to create functional  beautiful  and sustainable environments that can impact communities inspired me to pursue architecture  the challenge of balancing design with functionality and the opportunity to solve complex problems in the built environment drives my passion for architecture 
Engineering,Architectural Engineer,medium,What factors led to your biggest success as an architect?,my biggest success was completing a community center design that required collaboration with various stakeholders  i listened closely to the community s needs  coordinated effectively with engineers  and maintained open communication with the client throughout the process  this success was driven by my ability to remain adaptable and maintain a focus on both the client s vision and the technical aspects of the project 
Engineering,Architectural Engineer,medium,What factors do you consider most significant when designing a building?,when designing a building  i prioritize functionality  safety  sustainability  and aesthetics  i ensure that the design fulfills the needs of the occupants while also considering environmental impact by using sustainable materials and energy efficient solutions  i also factor in the building s integration with its surrounding environment and the local community  ensuring that it complements its surroundings 
Engineering,Mechanical Engineer,medium,Why is an active suspension system used in modern vehicles?,active suspension systems adjust damping force in real time  improving ride comfort and handling 
Engineering,Mechanical Engineer,medium,Which one is more efficient? A four stroke engine or a two stroke and why?,a four stroke engine is more efficient due to better fuel combustion and controlled valve operation 
Engineering,Mechanical Engineer,medium,What is critical temperature?,it is the highest temperature at which a substance can exist as a liquid regardless of pressure 
Engineering,Mechanical Engineer,medium,How many stages are in a compressor in a gas turbine?,the number of stages depends on design but usually varies between   and    
Engineering,Mechanical Engineer,medium,Which is more efficient? A rear-engine Volvo Bus or a Front-engine Volvo Bus? (Engine Capacity is the same for both) Why?,a rear engine volvo bus is more efficient due to better weight distribution and lower noise levels 
Engineering,Mechanical Engineer,medium,What is Boiler HP?,boiler horsepower  bhp  is the unit of measurement for boiler output power 
Engineering,Mechanical Engineer,medium,Explain the effect of fuel structure on knocking.,branched chain hydrocarbons resist knocking better than straight chain ones 
Engineering,Mechanical Engineer,medium,What is the function of a centrifugal separator?,a centrifugal separator uses rotational force to separate particles or liquids of different densities 
Engineering,Architectural Engineer,medium,What is your process for ensuring that your designs are both aesthetically pleasing and structurally sound?,my approach involves close collaboration with structural engineers from the early stages of the design process  while i focus on the aesthetic elements such as form  materials  and functionality i also ensure that the structural elements complement the design  for example  in a recent residential building project  i worked with engineers to select materials that met both aesthetic and structural needs choosing reinforced concrete for its durability while designing it to look visually appealing  regular design reviews with engineers ensure that all aesthetic elements are structurally feasible without compromising safety or functionality 
Engineering,Electrical Engineer,medium,Why do we use different voltage levels in power transmission?,to optimize efficiency  minimize losses  and meet equipment requirements 
Engineering,Electrical Engineer,medium,Why is the skin effect significant in high-frequency AC circuits?,it causes current to concentrate at the surface of conductors  increasing resistance and losses 
Engineering,Electrical Engineer,medium,Why is regenerative braking used in electric trains and vehicles?,it converts kinetic energy into electrical energy  improving energy efficiency 
Engineering,Electrical Engineer,medium,Why do we use ferrite cores in transformers?,ferrite cores reduce eddy current losses and improve efficiency at high frequencies 
Engineering,Electrical Engineer,medium,Why do we use isolation transformers in medical facilities?,to ensure patient safety by preventing electrical shocks and reducing leakage currents 
Engineering,Electrical Engineer,medium,What is the role of a synchrophasor in modern power systems?,it provides real time monitoring of voltage and current phase angles for system stability 
Engineering,Electrical Engineer,medium,What is the role of a synchroscope in power generation?,it helps synchronize an incoming generator with an existing power system 
Engineering,Electrical Engineer,medium,What is the role of an automatic voltage regulator (AVR) in a generator?,it maintains a constant output voltage by adjusting the excitation current 
Engineering,Electrical Engineer,medium,What is the role of reactive power compensation in industrial facilities?,to improve power factor  reduce losses  and maintain voltage stability 
Engineering,Electrical Engineer,medium,What is the significance of an energy management system (EMS) in smart grids?,it optimizes generation  storage  and consumption to improve efficiency 
Engineering,Electrical Engineer,medium,What is the significance of grounding in electrical installations?,grounding provides a reference point for circuits  enhances safety by preventing electric shock  and helps in the proper operation of protective devices 
Engineering,Electrical Engineer,medium,What is the significance of step-down transformers in distribution networks?,they reduce high transmission voltages to safe levels for industrial and residential use 
Engineering,Electrical Engineer,medium,What is the significance of vector group designation in transformers?,it defines the phase difference between primary and secondary windings  affecting system compatibility 
Engineering,Electrical Engineer,medium,What is the significance of voltage regulation in power systems?,it ensures stable voltage levels for efficient and safe operation of electrical equipment 
Engineering,Electrical Engineer,medium,"What is voltage flicker, and how can it be reduced?",voltage flicker is rapid voltage fluctuation  it can be reduced by installing static var compensators 
Engineering,Electrical Engineer,medium,What is your greatest success in electrical engineering?,developing an efficient power distribution system that improved reliability and performance 
Engineering,Electrical Engineer,medium,What made you choose a career in electrical engineering?,a passion for technology and a desire to work on innovative electrical systems 
Engineering,Electrical Engineer,medium,Why is redundancy important in electrical power systems?,to ensure reliability  prevent failures  and provide backup in critical applications 
Engineering,Electrical Engineer,medium,Why is synchronization important in parallel operation of generators?,it ensures voltage matching  phase alignment  and frequency stability 
Engineering,Architectural Engineer,medium,"How do you collaborate with structural, electrical, and mechanical engineers during the design process?",collaboration with structural  electrical  and mechanical engineers is essential to ensure that my architectural designs are practical  efficient  and safe  in a recent office building project  i held weekly coordination meetings with these engineers to review design progress  discuss potential conflicts  and ensure alignment between architectural and engineering plans  for instance  i worked closely with the electrical engineer to ensure that lighting and electrical outlets were incorporated into the design in a way that minimized impact on the building s layout and aesthetics  open communication and early involvement of all stakeholders helped us resolve issues before they became problems during construction 
Engineering,Mechanical Engineer,medium,Is it possible that entropy of a system can decrease during a given process?,yes  entropy can decrease in a system  but the total entropy of the system and surroundings always increases 
Engineering,Network Engineer,medium,What is the purpose of LLDP (Link Layer Discovery Protocol)?,lldp helps network devices discover and exchange information about directly connected neighbors 
Engineering,Architectural Engineer,medium,Can you describe your experience with zoning laws and regulations?,i have extensive experience navigating zoning laws and regulations  which are critical to ensuring that a project is legally compliant and can proceed smoothly  i start by conducting a thorough review of the zoning codes for the site and collaborating with legal experts to ensure the project aligns with land use requirements  density restrictions  and other local ordinances  for example  in a recent urban residential project  i had to work with the local planning department to address height and setback requirements  by carefully adhering to the zoning laws  we were able to secure the necessary permits without delays 
Engineering,Architectural Engineer,medium,Can you describe your experience with Building Information Modeling (BIM) and its application to your designs?,i have extensive experience using bim to streamline the design and construction process  for example  on a recent high rise project  we used bim to create a  d model of the building that incorporated both architectural and engineering data  this allowed us to identify and resolve potential conflicts between the structure and mechanical systems early on  saving both time and costs during construction  bim also helped with coordination between various teams  as it provided a shared platform where all stakeholders could access up to date design information 
Engineering,Architectural Engineer,medium,Can you describe your experience with BIM (Building Information Modeling) and how it has impacted your work?,i have extensive experience with bim  which has revolutionized the way i collaborate with engineers and contractors  on a recent high rise project  using bim helped us to identify and resolve potential structural conflicts before construction  saving time and reducing costs  bim also allowed for real time updates and better coordination across all teams  ensuring that the final design met the project s requirements while avoiding costly errors during construction 
Engineering,Architectural Engineer,medium,Describe a time when a design you had made didn’t come out exactly the way you wanted? What steps did you take?,on a commercial project  i designed an open plan office layout  but after implementation  the client felt that the space wasn t as functional as expected  i took their feedback seriously and conducted a reassessment of the space  i revisited the design to optimize the layout for better functionality  including creating designated zones for collaborative and quiet work  after presenting the revised plan  the client was satisfied with the changes  and the space became more efficient and user friendly 
Engineering,Architectural Engineer,medium,Describe a time a problem arose and how you dealt with it.,during a project  we encountered unforeseen issues with soil instability at the site  rather than moving forward with the original design  i collaborated with the structural engineers to revise the foundation system  we quickly identified a solution that met both the structural integrity and budget requirements  ensuring the project could proceed without significant delays  this experience taught me the importance of flexibility and quick problem solving in architecture 
Engineering,Architectural Engineer,medium,Describe a situation where your design faced significant changes during the project’s lifecycle. How did you manage it?,during a large scale urban development project  we encountered unexpected challenges when a neighboring property was sold  leading to zoning changes that affected the scope of our design  the original layout had to be revised to fit within new zoning constraints  which involved reducing the height of the building and altering the layout  i coordinated with the client  engineers  and local authorities to navigate these changes while ensuring the design still met the client s needs  by communicating openly and proactively  we were able to adjust the design and proceed without delays  maintaining a balance between client expectations and the regulatory framework 
Engineering,Architectural Engineer,medium,Describe a situation where you had to work with contractors to implement a complex design on-site. How did you ensure the design was executed correctly?,on a recent high rise project  the design required a unique glass fa ade with precise installation tolerances  i collaborated closely with the contractor  providing detailed installation guidelines and conducting regular site visits to monitor progress  weekly coordination meetings helped address any issues promptly  ensuring that the design was executed accurately and to the highest quality standards 
Engineering,Architectural Engineer,medium,Describe a situation where you had to work with contractors to implement a complex design on-site. How did you ensure the design was executed correctly?,on a recent high rise building project  the design called for a unique glass fa ade that required precise installation to meet aesthetic and structural requirements  i worked closely with the contractor to ensure they understood the specific installation steps and tolerances  i visited the site regularly to monitor progress and address any concerns in real time  additionally  i held weekly coordination meetings to ensure the design was being executed as planned and to resolve any issues before they became problems  this hands on approach helped maintain the integrity of the design and ensured high quality execution 
Engineering,Architectural Engineer,medium,Describe a project where you had to coordinate with multiple contractors or subcontractors. How did you ensure everyone was on the same page?,on a large scale office building project  i coordinated with various contractors across different phases  including foundation work  structural framing  and interior finishes  i scheduled regular coordination meetings where each contractor could provide updates  voice concerns  and clarify uncertainties  i also created a detailed project schedule that outlined key milestones and responsibilities  using digital project management tools to track progress and communicate in real time  transparent communication and fostering collaboration among contractors helped keep the project on track with minimal delays 
Engineering,Architectural Engineer,medium,Describe a project where you had to address a design issue related to climate change or environmental sustainability.,in a recent office building project  the client requested a design that minimized its environmental impact  we incorporated green roofs  rainwater harvesting systems  and energy efficient glazing to reduce the building s carbon footprint  the most significant challenge was designing the building to be both energy efficient and aesthetically pleasing while also adhering to local environmental regulations  after conducting an environmental impact assessment  i worked with the team to optimize the design for energy conservation  reduce emissions  and ensure compliance with sustainability certifications like leed 
Engineering,Architectural Engineer,medium,Describe a mistake you have made in a previous project. How did you rectify this and further learn from it?,in a past project  i overlooked an important detail in the initial structural design  which resulted in a delay when the mistake was discovered later in the process  i took full responsibility for the oversight and immediately worked with the team to address the issue  i also implemented a more thorough review process for future projects to ensure that similar mistakes didn t occur again  this experience reinforced the importance of attention to detail and the need for thorough reviews throughout the design process 
Engineering,Architectural Engineer,medium,Describe a challenging engineering problem you solved and how you approached it.,on a high rise project  we faced significant wind load issues that affected the building s stability  i approached this problem by conducting a detailed analysis using specialized wind load software to simulate different scenarios  with this data  we developed a reinforced structural design that accounted for the wind forces without increasing costs  this solution allowed the project to proceed as planned  ensuring both safety and cost effectiveness 
Engineering,Architectural Engineer,medium,Can you walk us through your design process from concept to completion?,in my previous role  i began with extensive site analysis and client consultations to ensure the design met both environmental and user needs  i then developed initial sketches  which evolved into detailed plans after several feedback cycles  throughout the project  i coordinated with engineers and contractors to ensure the integrity of the design  resulting in a sustainable and client praised building  i believe that consistent communication and collaboration throughout the process are key to a successful design 
Engineering,Architectural Engineer,medium,Can you walk us through a project where you had to balance both traditional and modern architectural elements?,in a recent project for a historical renovation  i was tasked with blending modern amenities with the traditional architectural style of a heritage building  i started by researching the building s original design features to ensure that the modern elements did not overpower its character  for example  i integrated contemporary materials like glass and steel for the extensions while using traditional brick and stone to preserve the building s exterior  inside  i kept the original woodwork but added modern fixtures and finishes to enhance functionality  this careful balance of old and new created a design that respected the building s history while meeting the client s modern needs  providing a seamless integration of traditional and contemporary architecture 
Engineering,Architectural Engineer,medium,"Can you walk me through your experience in using various design software and tools, such as AutoCAD, SketchUp, or Revit?",i am highly proficient in using design software including autocad  sketchup  and revit  i use autocad for drafting precise  d drawings and detailed construction documents  sketchup for conceptual design and quick  d modeling  and revit extensively for building information modeling  bim  to create detailed  d models and collaborate effectively with engineers and contractors  these tools have streamlined my design process  enhanced team communication  and ensured accuracy in the final project 
Engineering,Architectural Engineer,medium,Can you describe your most successful architectural project to date?,one of my most successful projects was the design of a mixed use community center  the project was successful due to the seamless integration of community feedback into the design process  i worked closely with the client and local stakeholders to ensure the design reflected their needs and the community s character  the final design was well received  and it continues to be a hub for local activities 
Engineering,Architectural Engineer,medium,Can you share a time when you had to navigate a difficult client request? How did you handle it?,i once worked with a client who requested a very complex design with unconventional materials that were both expensive and difficult to source  initially  this created tension as the client was very firm on their vision  i approached the situation by first listening carefully to their reasons and goals for the design  i then presented alternative solutions that maintained the aesthetic and functional qualities they desired  while offering more cost effective and accessible materials  by involving the client in the decision making process and showcasing the benefits of the alternatives  we reached a compromise that aligned with both their vision and budget 
Engineering,Architectural Engineer,medium,Can you discuss a project where you had to consider the future adaptability of the building design?,in a recent mixed use commercial project  we designed flexible spaces that could easily adapt to changing needs over time  we incorporated modular partitions  which could be reconfigured as tenant requirements evolved  additionally  we planned for future expansions by ensuring the foundation and structural design could accommodate additional floors if needed  the building s infrastructure  including electrical and plumbing systems  was designed to support different uses without requiring significant upgrades  this forward thinking approach ensured the building s long term value and usability 
Engineering,Architectural Engineer,medium,Can you discuss an innovation you introduced to improve a process or project outcome?,i introduced building information modeling  bim  technology to streamline our design and construction processes  by integrating bim  we were able to create more accurate  d models that reduced design errors by      this technology also improved interdepartmental communication  as all stakeholders had access to the same up to date information  reducing delays and increasing efficiency  the adoption of bim resulted in smoother project execution and reduced overall costs 
Engineering,Network Engineer,medium,How does load balancing improve network performance?,load balancing distributes traffic across multiple servers or network paths to prevent congestion and ensure optimal performance 
Engineering,Network Engineer,medium,"What is PoE (Power over Ethernet), and how is it used?",poe allows network cables to carry electrical power to devices like ip cameras  access points  and voip phones  eliminating the need for separate power sources 
Engineering,Network Engineer,medium,What is the difference between static and dynamic routing?,static routing requires manual configuration of routes  while dynamic routing automatically updates routes using protocols like ospf and bgp 
Engineering,Network Engineer,medium,How does NAT (Network Address Translation) work?,nat translates private ip addresses into a public ip address  enabling multiple devices to share a single internet connection 
Engineering,Network Engineer,medium,What is IPv6?,ipv  is the successor to ipv   designed to handle future internet growth 
Engineering,Network Engineer,medium,How do you secure an API-driven network automation environment?,use api authentication  enforce role based access control  rbac   enable logging  and implement encryption for api transactions 
Engineering,Network Engineer,medium,How do you configure QoS policies for VoIP traffic in an enterprise network?,use dscp ef markings  prioritize voice packets with llq  enable jitter buffers  and implement traffic shaping policies 
Engineering,Network Engineer,medium,What is the difference between BGP local preference and MED (Multi-Exit Discriminator)?,local preference is used to influence outbound traffic within an as  while med influences inbound traffic from external ases 
Engineering,Network Engineer,medium,What is the role of Route Target (RT) and Route Distinguisher (RD) in MPLS VPNs?,rd uniquely identifies routes  while rt controls route import/export between vpns 
Engineering,Network Engineer,medium,How do you identify and mitigate a broadcast storm in a Layer 2 network?,use storm control  enable bpdu guard  configure port security  and segment broadcast domains using vlans 
Engineering,Network Engineer,medium,How do you configure VRF-Lite in a Cisco environment?,create vrfs  assign rd/rt values  configure vrf aware interfaces  and update routing protocols 
Engineering,Network Engineer,medium,What are the primary security risks associated with SD-WAN deployments?,risks include insecure branch connectivity  improper segmentation  lack of encryption  and misconfigured firewall rules 
Engineering,Network Engineer,medium,How do you detect and mitigate TCP SYN flood attacks?,use syn cookies  enable rate limiting  configure firewalls for syn proxy  and monitor abnormal traffic patterns 
Engineering,Network Engineer,medium,"What is LAG (Link Aggregation), and how does it improve network performance?",lag groups multiple links into one logical connection  increasing bandwidth and providing redundancy 
Engineering,Network Engineer,medium,What is the OSI model? Can you explain each layer?,the osi  open systems interconnection  model has   layers  physical  data link  network  transport  session  presentation  and application  it standardizes communication functions across different systems 
Engineering,Architectural Engineer,medium,Can you discuss a specific instance where you had to troubleshoot a construction issue on-site?,during the construction of a mixed use building  we encountered an unexpected issue when the contractor discovered that the foundation was not level  this would have affected the structural integrity of the building and the planned interior finishes  i immediately visited the site  assessed the problem  and collaborated with the contractor to modify the foundation design  we reworked the slab thickness and adjusted the load bearing walls to ensure stability  by acting quickly and coordinating with the team  we resolved the issue without significant delays 
Engineering,Architectural Engineer,medium,Can you share a project where you successfully managed the design process from start to finish?,one of the projects i m most proud of was a mixed use commercial and residential complex where i managed the design process from conceptualization to final execution  i started by conducting a thorough site analysis and engaging with the client to understand their needs  over the course of the project  i collaborated with structural engineers  contractors  and other stakeholders to ensure the design was feasible and met regulatory standards  i oversaw the creation of detailed plans  coordinated site visits  and ensured smooth communication between all parties  the project was completed on time and under budget  and the client was extremely satisfied with the final result 
Engineering,Architectural Engineer,medium,Can you share a project where you had to think creatively to solve a complex design challenge?,in a recent cultural center project  we faced a challenge with the site s irregular shape and uneven terrain  making it difficult to integrate the design elements while meeting the client s vision  i proposed incorporating tiered levels into the design  which not only addressed the topographical issues but also created a visually striking feature  by integrating green spaces and multi purpose areas within the tiers  i achieved a dynamic  functional space that maximized site usage and satisfied both client expectations and regulatory requirements 
Engineering,Architectural Engineer,medium,Can you provide an example of when you had to revise a design after feedback from the building inspection process?,during a commercial building project  the initial design was flagged during the inspection process because certain fire escape routes did not meet the required dimensions for accessibility  after receiving the feedback  i collaborated with the engineers to revise the layout and widen the escape routes  i also reviewed other parts of the design to ensure compliance with safety regulations  by incorporating the inspector s recommendations and promptly making the necessary changes  we ensured the building was both functional and compliant  allowing the project to continue without major delays 
Engineering,Architectural Engineer,medium,How do you balance creative freedom with client constraints during the design process?,balancing creative freedom with client constraints requires constant communication and a clear understanding of both the client s needs and the design possibilities  i work closely with the client from the start to ensure i understand their functional  aesthetic  and budgetary requirements  i then explore creative solutions that align with those constraints while pushing the design s boundaries  for example  in a recent office building project  the client wanted a modern look but had strict budget limits  i worked creatively with materials and layout to achieve a sleek  contemporary design while staying within budget  incorporating low maintenance materials and energy efficient solutions 
Engineering,Architectural Engineer,medium,How do you balance client needs with engineering feasibility and safety?,in a residential complex project  the client had specific aesthetic preferences that did not align with the original engineering design  i worked closely with the client to refine the design  ensuring it met their desires while also adhering to engineering feasibility and safety standards  this iterative process involved balancing structural integrity with the client s vision  and the final design was both aesthetically pleasing and compliant with safety regulations  ultimately satisfying the client 
Engineering,Architectural Engineer,medium,How do you approach the concept of energy-efficient buildings in your designs?,i approach energy efficient building design by incorporating passive design strategies and selecting energy efficient systems from the outset  for instance  i optimize the building s orientation to maximize natural light and reduce energy consumption for heating and cooling  i also integrate renewable energy solutions such as solar panels and energy efficient hvac systems  in my most recent project  i used high performance glazing and smart building systems that automatically adjusted lighting and heating  resulting in a building with significantly reduced energy consumption and operational costs 
Engineering,Architectural Engineer,medium,How do you approach sustainability in your designs?,i integrate sustainability from the outset by considering site orientation for natural lighting and ventilation  selecting locally sourced and recycled materials  and incorporating green spaces  in my last project  these practices not only reduced the carbon footprint but also decreased the building s operational costs  sustainability is a priority in every project i take on  as i believe that thoughtful design can reduce environmental impact while providing long term cost savings for the client 
Engineering,Architectural Engineer,medium,How do you approach site selection when starting a new design project?,site selection is critical to a project s success  i begin by conducting a comprehensive site analysis  evaluating factors such as topography  climate  accessibility  local zoning regulations  and proximity to key infrastructure  i also consider the environmental impact and potential for sustainable design  for example  in a recent residential development  i chose a site with optimal solar exposure and opportunities to integrate green spaces  thereby enhancing both the building s performance and its integration with the local environment 
Engineering,Architectural Engineer,medium,How do you approach site selection when starting a new design project?,site selection is a critical first step in any design project  i start by conducting a thorough site analysis  considering factors such as topography  climate  accessibility  local zoning laws  and proximity to essential infrastructure  i also assess the site s environmental impact and its potential for sustainable design  for example  for a recent residential development  i selected a site that had optimal solar exposure to maximize passive heating and reduce energy consumption  this site also allowed for the integration of green spaces  which enhanced the overall aesthetic and environmental sustainability of the design 
Engineering,Architectural Engineer,medium,How do you approach integrating sustainable design practices into your projects?,i approach sustainable design by considering both environmental impact and efficiency from the early design stages  for example  i prioritize passive design strategies like natural ventilation  sunlight exposure  and proper insulation  i select materials that are locally sourced  recycled  and durable  reducing the carbon footprint  additionally  i ensure that energy efficient systems such as led lighting  solar panels  and rainwater harvesting are incorporated  by collaborating with sustainability consultants and adhering to green building certifications like leed  i aim to create designs that are both environmentally responsible and cost effective in the long run 
Engineering,Architectural Engineer,medium,How do you approach designing spaces for diverse and inclusive communities?,i approach designing for diverse and inclusive communities by ensuring that my designs accommodate a wide range of users  including people with different physical abilities  cultural backgrounds  and socioeconomic statuses  i consider accessibility features  such as ramps  wider doorways  and restrooms designed for wheelchair users  as well as universal design principles that benefit everyone  i also incorporate flexibility in space usage  ensuring that the spaces can be adapted for different cultural practices and social needs  for example  in a recent community center project  i incorporated multi purpose spaces that could be used for different cultural events and activities  ensuring inclusivity for diverse community groups 
Engineering,Architectural Engineer,medium,How do you approach designing for accessibility and inclusivity in your projects?,i approach accessibility by incorporating universal design principles that accommodate individuals of all abilities  this includes ensuring barrier free access  designing wider doorways  and incorporating features like ramps  elevators  and clear signage  for instance  in a recent public library design  i ensured the layout included accessible seating  braille signage  and audio visual aids  creating an inclusive environment for all visitors  i also collaborate with accessibility consultants to ensure compliance with ada guidelines and create spaces that are welcoming for everyone 
Engineering,Architectural Engineer,medium,How do you approach designing buildings in urban areas with limited space?,designing in urban areas with limited space requires innovative solutions and efficient use of every square foot  i focus on vertical design and multifunctional spaces to maximize the available area  for example  in an urban residential complex  we used a modular design where living spaces could serve multiple functions depending on the time of day  and we incorporated rooftop gardens to create green space  we also ensured that the building s exterior design blended well with the surrounding cityscape while enhancing the space s functionality  by prioritizing spatial efficiency and adaptability  we created a highly functional building that made the most of the limited space available 
Engineering,Architectural Engineer,medium,How do you approach creating designs that maximize natural light and ventilation in buildings?,to maximize natural light and ventilation  i start by analyzing the building s orientation and its relationship to the site  i then position windows and openings to take advantage of natural daylight  ensuring that light reaches deep into the building s core  in a recent project  i incorporated skylights  light wells  and open courtyards to bring daylight into the center of the building  for ventilation  i ensure cross ventilation by placing windows on opposite sides of rooms or using operable windows for airflow  these strategies not only enhance the indoor environment but also reduce the need for artificial lighting and mechanical ventilation  contributing to energy savings 
Engineering,Architectural Engineer,medium,How do you approach a project when the site conditions are not ideal for the desired design?,when the site conditions are not ideal  i start by conducting a thorough site analysis to understand the challenges  such as topography  soil quality  or environmental factors  i then work closely with engineers to explore alternative structural solutions that can accommodate the site s constraints while maintaining the project s functional and aesthetic goals  for example  on a hillside project where the slope was too steep for traditional design  i worked with the structural team to create a terraced layout that used the natural slope to create dynamic spaces while minimizing excavation costs  flexibility and collaboration are key to finding creative solutions that still respect the project s objectives 
Engineering,Architectural Engineer,medium,How do you ensure your designs are both aesthetically pleasing and functional?,i prioritize functionality to ensure user comfort and efficiency  but i also integrate aesthetic elements that reflect the building s purpose and context  for example  in a recent project  i selected materials that were not only durable and sustainable but also complemented the local landscape  enhancing the building s visual appeal  by balancing form and function  i create designs that serve both the practical needs of the users and the visual goals of the project 
Engineering,Architectural Engineer,medium,How do you ensure that your designs meet the client’s requirements and vision for the project? Can you provide an example of a time when you had to modify your design based on client feedback?,i ensure my designs align with the client s vision by maintaining regular communication from the outset  i present progress updates and actively seek feedback to refine the design  for example  during a retail space project  the client initially requested an open floor plan but later needed defined areas for product displays  i adjusted the layout by incorporating partitions and flexible spaces that met their evolving requirements  ensuring the final design was both functional and true to the client s vision 
Engineering,Architectural Engineer,medium,How do you ensure that your designs meet the client’s requirements and vision for the project? Can you provide an example of a time when you had to modify your design based on client feedback?,i ensure my designs align with the client s vision by maintaining regular communication from the outset and throughout the project  i present progress updates and gather feedback to refine the design continuously  for instance  during a retail space project  the client initially requested an open floor plan but later desired more defined areas for product displays  i adjusted the layout accordingly and presented revised plans that met their updated vision while maintaining design integrity 
Engineering,Architectural Engineer,medium,How do you balance maintaining design integrity with adhering to cost and time constraints?,balancing design integrity with budget and timeline constraints involves clear communication and prioritization  i begin by fully understanding the client s vision and goals  ensuring that we focus on the most critical elements that define the project s success  i then identify areas where cost saving measures can be implemented without compromising the design s essence  such as using cost effective materials or adjusting non essential elements  for instance  in a retail store design  we focused on high impact areas like the storefront and customer flow  while making adjustments in less visible areas to meet budget constraints  regular reviews and open communication with the client and contractor help maintain this balance 
Engineering,Architectural Engineer,medium,"How do you collaborate with other professionals, such as landscape architects, during the early design stages?",during the early design stages  i initiate discussions with all relevant professionals  including landscape architects  to ensure that the design is integrated seamlessly  i review the site conditions and landscape design together  identifying any potential conflicts or opportunities for synergy  for example  in a park design project  i worked with the landscape architect to integrate green spaces with walkways and water features in a way that complemented the building design  this collaborative approach ensured that the building and landscape elements worked together cohesively  creating a functional and aesthetically pleasing environment 
Engineering,Architectural Engineer,medium,"How do you collaborate with other professionals, such as landscape architects, during the early design stages?",during the early design stages  i initiate discussions with all relevant professionals  including landscape architects  to ensure that the design is integrated seamlessly  i review the site conditions and landscape design together  identifying any potential conflicts or opportunities for synergy  for example  in a park design project  i worked with the landscape architect to integrate green spaces with walkways and water features in a way that complemented the building design  this collaborative approach ensured that the building and landscape elements worked together cohesively  creating a functional and aesthetically pleasing environment 
Engineering,Architectural Engineer,medium,"How do you collaborate with structural, electrical, and mechanical engineers during the design process?",collaboration with structural  electrical  and mechanical engineers is essential to ensure that my architectural designs are practical  efficient  and safe  in a recent office building project  i held weekly coordination meetings with these engineers to review design progress  discuss potential conflicts  and ensure alignment between architectural and engineering plans  for instance  i worked closely with the electrical engineer to ensure that lighting and electrical outlets were incorporated into the design in a way that minimized impact on the building s layout and aesthetics  open communication and early involvement of all stakeholders helped us resolve issues before they became problems during construction 
Engineering,Architectural Engineer,medium,Have you ever worked on a project where you had to integrate new technologies or materials? How did you ensure their successful incorporation?,yes  i worked on a high rise project where we integrated photovoltaic glass to enhance the building s energy efficiency  to ensure its successful incorporation  i collaborated closely with engineers and suppliers to understand the material s properties and limitations  we conducted several tests to ensure the glass performed well with the building s overall design  i also ensured that the installation process was properly planned and communicated with the contractors  resulting in a seamless integration of the new technology that contributed to the building s sustainability goals 
Engineering,Architectural Engineer,medium,"Have you ever worked on a project that required you to consider sustainability and energy efficiency in your design? If so, can you describe your approach and the outcomes?",yes  in a recent office building project  sustainability was a key focus  i incorporated passive design strategies such as maximizing natural light  optimizing the building s orientation to reduce heating and cooling loads  and using energy efficient glazing  i also selected low impact materials and specified energy efficient hvac systems  to ensure the building s overall energy efficiency  i collaborated with engineers to integrate renewable energy systems like solar panels  as a result  the building achieved leed gold certification and saw a     reduction in energy costs compared to standard buildings  meeting both the client s sustainability goals and reducing the carbon footprint 
Engineering,Architectural Engineer,medium,"Have you ever worked on a project that did not go as planned? If so, how did you handle the situation?",on a commercial project  we faced unforeseen delays due to supply chain disruptions  i quickly collaborated with the procurement team to find alternative suppliers and adjusted the project timeline  i also communicated the situation transparently with the client and stakeholders  ensuring everyone was informed and aligned on the revised schedule  the project was eventually completed successfully  and the client appreciated our proactive problem solving approach 
Engineering,Architectural Engineer,medium,Have you ever had to resolve conflicts between the aesthetic vision and the budget limitations of a project? How did you handle it?,yes  in a recent office building project  the client wanted premium finishes throughout the building  but the budget was tight  i worked closely with the client and the project manager to identify areas where we could make cost effective decisions without sacrificing the overall aesthetic  for instance  instead of using high end materials for every finish  we selected more affordable alternatives for less visible areas while maintaining premium materials for the public facing spaces  by explaining the benefits of these changes and demonstrating how they preserved the core aesthetic vision  we reached a compromise that satisfied both the budget and the client s aesthetic goals 
Engineering,Architectural Engineer,medium,Have you ever had to resolve conflicts between the aesthetic vision and the budget limitations of a project? How did you handle it?,yes  in a recent office building project  the client wanted premium finishes throughout the building  but the budget was tight  i worked closely with the client and the project manager to identify areas where we could make cost effective decisions without sacrificing the overall aesthetic  for instance  instead of using high end materials for every finish  we selected more affordable alternatives for less visible areas while maintaining premium materials for public facing spaces  by explaining the benefits of these changes and demonstrating how they preserved the core aesthetic vision  we reached a compromise that satisfied both the budget and the client s design goals 
Engineering,Architectural Engineer,medium,Give me an example of a time when you had to resolve a design issue or conflict with a client. How did you handle it?,during a residential project  the client was initially unhappy with the interior layout  feeling that the living spaces were too small  i arranged a meeting with the client to understand their concerns in detail  i reviewed the design with them and proposed a revised layout  adjusting wall placements and integrating multi functional furniture to maximize space usage  i also provided visual aids  such as  d models  to help the client visualize the changes  after presenting the modifications  the client was satisfied with the new design  which addressed their concerns while maintaining the project s overall aesthetic and functional goals 
Engineering,Architectural Engineer,medium,Give me an example of a project where you had to use your knowledge of sustainability and environmental considerations in the design.,in a mixed use building project  sustainability was a core focus  i integrated passive solar design  high performance glazing  and led lighting to reduce energy consumption  and i used recycled materials like reclaimed wood and low voc paints to lower environmental impact  the building s orientation was optimized for natural light and airflow  further reducing energy needs  as a result  the project achieved leed gold certification and significantly reduced operational energy costs 
Engineering,Network Engineer,medium,"What is network redundancy, and why is it important?",network redundancy involves using backup links  devices  or routes to ensure continuous connectivity in case of failures 
Engineering,Architectural Engineer,medium,Explain how you manage collaboration with other engineers and architects on a project.,in a mixed use development project  i managed collaboration by maintaining weekly meetings with architects  structural engineers  and other stakeholders to ensure that all designs were aligned  i facilitated clear communication channels and ensured that we met both design specifications and structural integrity requirements  regular coordination and feedback from different disciplines allowed us to address issues early and ensure smooth project execution 
Engineering,Architectural Engineer,medium,Describe your worst day as an architect and what you learned from it.,my worst day as an architect was when a contractor misunderstood one of my designs  leading to structural issues on site  i felt frustrated at first  but i took responsibility for not clarifying the design more effectively  i spent the day working with the contractor and structural engineers to correct the mistake  and we managed to resolve the issue without major delays  this experience taught me the importance of clear communication and documentation to avoid misunderstandings 
Engineering,Architectural Engineer,medium,Describe your design style as an architect.,my design style is modern  minimalist  and site specific  i focus on creating spaces that are both functional and visually striking  with an emphasis on clean lines  open spaces  and natural light  i believe in creating designs that respond to their environment  whether that means integrating the building into its surroundings or using materials that reflect local culture and context 
Engineering,Architectural Engineer,medium,"Describe the project you have worked on which you are most proud of. What went well, and how did you learn from this for future projects?",one of the projects i am most proud of was the design and construction of a community center that involved extensive stakeholder engagement and multiple rounds of design revisions  what went well was our ability to align the design with the community s needs while maintaining budget and timeline constraints  i learned the importance of regular communication with both the team and the client  and how to effectively manage changes during the design process to achieve a successful outcome 
Engineering,Architectural Engineer,medium,Describe a time when you had to work with a client who had very specific requirements. How did you manage their expectations?,i once worked on a luxury hotel project where the client had very specific requirements regarding room layouts  finishes  and amenities  to manage their expectations  i scheduled regular meetings to discuss their ideas  provided design mockups  and explained the implications of certain design decisions on cost and timeline  i also ensured they were informed about any limitations based on structural or regulatory constraints  through continuous communication  we were able to find solutions that satisfied the client s vision without compromising the feasibility of the project 
Engineering,Architectural Engineer,medium,Describe a time when you had to solve a difficult problem with multiple solutions. How did you solve it?,during the design phase of a commercial building  we encountered an issue with optimizing the building s structural integrity while keeping the aesthetic elements intact  there were multiple possible solutions  but each had trade offs  i collaborated with engineers to evaluate the feasibility of each option and ultimately chose a solution that balanced cost  time  and functionality  while maintaining the building s visual appeal  this decision was guided by a careful analysis of client priorities and technical constraints 
Engineering,Architectural Engineer,medium,Describe a time when you had to make a significant change to a project due to unforeseen circumstances.,in a past project  we discovered that the soil was not suitable for the planned foundation after breaking ground  i quickly redesigned the foundation system to a more suitable one  which  although it delayed the project slightly  ultimately ensured the building s safety and longevity  this experience highlighted the importance of flexibility in the design process and the ability to adapt to unexpected challenges while maintaining the project s integrity 
Engineering,Architectural Engineer,medium,Describe a time when you had to make a decision with incomplete information.,during the early phases of a public infrastructure project  i had to make design decisions based on partial soil data  i decided to proceed with preliminary designs using the available data  with the understanding that further testing would provide more detailed information  i ensured that the designs were flexible enough to adapt to any changes in the data  once additional soil samples were available  i refined the designs  ensuring that they met the project s long term needs 
Engineering,Architectural Engineer,medium,Do you have experience presenting designs to clients?,yes  i have significant experience presenting designs to clients  i prepare detailed presentations that highlight key design elements  including  d visualizations  materials  and the functionality of the space  i ensure the presentation is clear and engaging  and i always make room for client feedback  after presenting  i address any concerns they may have and make necessary adjustments to ensure the design aligns with their vision 
Engineering,Network Engineer,medium,"If a user reports that they cannot connect to the internet, what steps would you take to diagnose the issue?",i would check physical connections  verify ip settings  test with ping/tracert  inspect logs  and reset networking hardware if necessary 
Engineering,Network Engineer,medium,Can you explain the concept of VLANs (Virtual Local Area Networks)?,vlans segment a network into smaller  isolated broadcast domains to improve security and efficiency 
Engineering,Network Engineer,medium,How would you approach diagnosing a slow network?,i would check bandwidth usage  analyze logs  inspect for bottlenecks  test connectivity  and identify potential hardware issues 
Engineering,Network Engineer,medium,How does route poisoning prevent routing loops?,route poisoning marks a failed route with an infinite metric to prevent its use  ensuring routers do not mistakenly send traffic to unreachable destinations 
Engineering,Network Engineer,medium,What is the difference between a default route and a static route?,a default route is used when no specific route is found  while a static route is manually configured for specific destinations 
Engineering,Network Engineer,medium,"What is Cloud Interconnect, and when would you use it?",cloud interconnect provides a direct  private connection between on premises networks and cloud providers  improving performance and security 
Engineering,Network Engineer,medium,How do you handle overlapping subnets in a multi-tenant environment?,use vrfs  nat  or sd wan segmentation to isolate traffic and prevent conflicts 
Engineering,Network Engineer,medium,"What is the function of link aggregation (LAG), and how does it improve network reliability?",lag bundles multiple links into a single logical connection  increasing bandwidth and providing failover redundancy 
Engineering,Network Engineer,medium,How do you implement an effective NAC (Network Access Control) strategy?,use      x authentication  enforce role based access  integrate with active directory  and monitor endpoint compliance 
Engineering,Network Engineer,medium,How do you optimize multicast traffic in a large enterprise network?,enable igmp snooping  configure pim sparse mode  and define rp  rendezvous point  locations efficiently 
Engineering,Network Engineer,medium,How do you secure SNMP in an enterprise network?,use snmpv  with authentication and encryption  limit access using acls  and disable unused snmp versions 
Engineering,Network Engineer,medium,What are the key differences between stateful and stateless firewalls?,stateful firewalls track active connections and allow return traffic  while stateless firewalls filter packets based on static rules 
Engineering,Network Engineer,medium,How does a network administrator detect and prevent ARP spoofing attacks?,use static arp entries  enable dynamic arp inspection  dai   and implement security policies to monitor arp traffic 
Engineering,Network Engineer,medium,How do you troubleshoot intermittent network outages?,analyze logs  check for congestion  test hardware  use ping/traceroute  inspect cabling  and monitor snmp alerts 
Engineering,Network Engineer,medium,"What is asymmetric routing, and why can it cause issues?",asymmetric routing occurs when traffic takes different paths in each direction  potentially causing performance and security issues 
Engineering,Network Engineer,medium,"What is a GRE tunnel, and when should it be used?",a gre  generic routing encapsulation  tunnel encapsulates packets for secure routing across different network domains without encryption 
Engineering,Network Engineer,medium,What is the importance of DNS caching in network performance?,dns caching speeds up domain resolution by storing previous lookup results  reducing query times and improving user experience 
Engineering,Network Engineer,medium,"What is the purpose of a network baseline, and how do you establish one?",a network baseline defines normal performance metrics and helps detect anomalies  it is established using monitoring tools and trend analysis 
Engineering,Network Engineer,medium,What are some key factors when designing a Wi-Fi network?,consider coverage  interference  capacity planning  security  wpa    and proper access point placement 
Engineering,Network Engineer,medium,How do you prevent unauthorized devices from connecting to your network?,use mac address filtering       x authentication  vlan segmentation  and nac  network access control  policies 
Engineering,Network Engineer,medium,"What is the difference between a unicast, multicast, and broadcast?",unicast sends data to one device  multicast sends data to a group  and broadcast sends data to all devices on a network segment 
Engineering,Network Engineer,medium,"How does DHCP relay work, and why is it needed?",dhcp relay forwards dhcp requests from clients on different subnets to a central dhcp server  avoiding the need for multiple dhcp servers 
Engineering,Network Engineer,medium,How do you ensure proper network segmentation in a data center?,use vlans  firewalls  access control lists  acls   and private vlans to enforce network segmentation 
Engineering,Network Engineer,medium,What is the difference between active-active and active-passive redundancy in load balancing?,active active distributes traffic across multiple nodes  while active passive keeps a backup node idle until failover 
Engineering,Network Engineer,medium,How does TLS 1.3 improve security over TLS 1.2?,tls     removes weak ciphers  reduces handshake time  and enforces forward secrecy 
Engineering,Network Engineer,medium,What is the impact of asymmetric bandwidth on QoS policies?,qos must account for different upstream and downstream speeds to prevent congestion and prioritize critical traffic 
Engineering,Network Engineer,medium,How does a firewall with Deep Packet Inspection (DPI) differ from a traditional firewall?,dpi inspects the entire packet payload to identify applications and threats  while traditional firewalls filter based only on ips and ports 
Engineering,Network Engineer,medium,What is the difference between stateful and stateless firewalls?,stateful firewalls track active connections and allow return traffic  while stateless firewalls filter packets based on predefined rules without session awareness 
Engineering,Network Engineer,medium,What are the benefits of using an SD-WAN solution over traditional WAN?,sd wan optimizes traffic dynamically  enhances security  reduces mpls costs  and provides centralized management 
Engineering,Network Engineer,medium,What is the impact of latency and jitter on network applications?,latency causes delays in communication  while jitter results in uneven packet delivery  affecting voip and video streaming quality 
Engineering,Network Engineer,medium,What is the role of a network fabric in data center networking?,a network fabric provides a scalable  high speed interconnect using spine leaf or mesh architectures to optimize east west traffic 
Engineering,Network Engineer,medium,How do you detect and mitigate a rogue access point in an enterprise network?,use wireless intrusion detection systems  wids   disable ssid broadcasting  perform periodic audits  and enforce mac filtering 
Engineering,Network Engineer,medium,What are the key considerations when designing a cloud-based network architecture?,security controls  latency optimization  high availability  hybrid connectivity  and compliance with cloud provider best practices 
Engineering,Network Engineer,medium,How do you identify and troubleshoot a network bottleneck?,monitor bandwidth usage  analyze logs  check cpu/memory utilization  inspect interface errors  and use tools like netflow or wireshark 
Engineering,Network Engineer,medium,"What is the role of BGP communities, and how do they influence routing?",bgp communities tag routes with metadata  allowing network administrators to influence route preference and traffic engineering 
Engineering,Network Engineer,medium,"What are the common causes of routing loops, and how do you prevent them?",causes include incorrect route redistribution  misconfigured static routes  and convergence delays  prevention methods include split horizon  route filtering  and ttl 
Engineering,Network Engineer,medium,What is the difference between CoS (Class of Service) and QoS (Quality of Service)?,cos is a method of classifying traffic at layer    while qos provides end to end traffic prioritization at layer   and above 
Engineering,Network Engineer,medium,What is the purpose of a loopback interface on a router?,a loopback interface provides a stable  always up ip address for management  routing protocols  and network testing 
Engineering,Network Engineer,medium,What are the key advantages of using IPv6 over IPv4?,larger address space  built in ipsec  auto configuration  better routing efficiency  and no nat dependency 
Engineering,Architectural Engineer,medium,How do you ensure that your designs meet safety standards while still being innovative?,to ensure that my designs meet safety standards  i start by thoroughly reviewing all relevant building codes and safety regulations  i collaborate closely with engineers to ensure that structural elements and systems comply with safety requirements  while also pushing the envelope in terms of creativity  for instance  in a recent project  i wanted to create a unique  open atrium that could pose a safety concern  by working with the structural engineer  we incorporated advanced safety glass and fire resistant materials that maintained the aesthetic while ensuring compliance with fire safety regulations  innovation in design should never compromise safety  and i make sure to find solutions that integrate both seamlessly 
Engineering,Network Engineer,medium,How do you perform a network security audit?,review firewall rules  analyze logs  check acls  test for vulnerabilities  and ensure compliance with security policies 
Engineering,Network Engineer,medium,What is the difference between EIGRP and OSPF?,eigrp is a cisco proprietary distance vector protocol  while ospf is a standardized link state protocol with more scalability 
Engineering,Network Engineer,medium,What is the impact of asymmetric routing in a dual-homed BGP setup?,asymmetric routing can lead to traffic returning via a different isp  causing performance issues and stateful firewall disruptions 
Engineering,Network Engineer,medium,What are the differences between IPv6 SLAAC and DHCPv6?,slaac allows stateless auto configuration using router advertisements  while dhcpv  provides centralized ip address assignment 
Engineering,Network Engineer,medium,What are the advantages of using a cloud-based SD-WAN solution?,cloud sd wan simplifies wan management  optimizes application performance  and enhances security through centralized policies 
Engineering,Network Engineer,medium,How do you ensure high availability in a wireless LAN deployment?,use redundant wireless controllers  implement load balancing  enable fast roaming  and optimize rf planning 
Engineering,Network Engineer,medium,What is the function of LDP (Label Distribution Protocol) in MPLS?,ldp assigns labels to ip prefixes  allowing mpls routers to forward packets based on labels rather than ip lookups 
Engineering,Network Engineer,medium,What is the purpose of network monitoring?,network monitoring helps detect performance issues  security threats  and ensures optimal network operation 
Engineering,Network Engineer,medium,What is a DMZ (Demilitarized Zone) in network security?,a dmz is a separate network segment that provides controlled access to public facing services while protecting the internal network 
Engineering,Network Engineer,medium,What is LACP (Link Aggregation Control Protocol)?,lacp combines multiple network connections into one logical link to increase bandwidth and provide redundancy 
Engineering,Network Engineer,medium,What is the purpose of SNMP (Simple Network Management Protocol)?,snmp is used for monitoring and managing network devices like routers  switches  and servers 
Engineering,Network Engineer,medium,How does STP (Spanning Tree Protocol) prevent network loops?,stp prevents loops by blocking redundant paths and allowing only one active path at a time 
Engineering,Network Engineer,medium,Can you explain how DHCP (Dynamic Host Configuration Protocol) works?,dhcp assigns ip addresses dynamically to devices on a network  reducing the need for manual configuration and preventing address conflicts 
Engineering,Network Engineer,medium,What are some common network security threats?,common threats include malware  phishing attacks  ddos attacks  insider threats  and man in the middle attacks 
Engineering,Network Engineer,medium,Can you explain the concept of a firewall and its types?,a firewall controls network traffic based on security rules  types include packet filtering  stateful inspection  proxy  and next generation firewalls 
Engineering,Network Engineer,medium,Describe your troubleshooting process for network issues.,the process involves identifying the issue  checking connectivity  analyzing logs  isolating faulty devices  and testing solutions 
Engineering,Network Engineer,medium,What tools do you use for network monitoring and analysis?,common tools include wireshark  nagios  solarwinds  prtg  and cisco packet tracer 
Engineering,Network Engineer,medium,What is the function of a control-plane policing (CoPP) policy?,copp protects network devices by rate limiting control plane traffic to prevent cpu overload from malicious or excessive packets 
Engineering,Network Engineer,medium,How do you implement load balancing in a data center network?,use ecmp for layer   balancing  configure lacp for link aggregation  and deploy application load balancers for layer   traffic 
Engineering,Network Engineer,medium,What is the difference between DMVPN and IPsec VPN?,dmvpn enables dynamic  scalable vpn tunnels using multipoint gre and nhrp  while ipsec vpns require static tunnel definitions 
Engineering,Network Engineer,medium,What is the purpose of BGP Graceful Restart?,graceful restart allows bgp to retain routes during a control plane restart  preventing unnecessary route flaps 
Engineering,Network Engineer,medium,How do you configure port security on a Cisco switch?,use the  switchport port security  command to limit mac addresses on a port and prevent unauthorized access 
Engineering,Network Engineer,medium,What is the difference between Layer 2 and Layer 3 switches?,layer   switches handle mac addresses for switching  while layer   switches can route traffic using ip addresses 
Engineering,Network Engineer,medium,What are the advantages and disadvantages of using wireless networks over wired networks?,wireless offers mobility and ease of setup but may suffer from interference and security vulnerabilities compared to wired networks 
Engineering,Network Engineer,medium,How do you configure an access control list (ACL) on a router?,use  access list  commands to filter traffic based on source  destination  and protocols 
Engineering,Network Engineer,medium,"What are the primary differences between IPv6 address types: unicast, multicast, and anycast?",unicast is one to one  multicast is one to many  and anycast is one to nearest based on routing metrics 
Engineering,Network Engineer,medium,How does dual-stack networking work with IPv4 and IPv6?,dual stack allows devices to run both ipv  and ipv  simultaneously for seamless transition between protocols 
Engineering,Network Engineer,medium,What is the purpose of spanning-tree root bridge election?,the root bridge is elected based on the lowest bridge id to manage stp path selection in a network 
Engineering,Network Engineer,medium,How do you prevent spanning tree loops in a large Layer 2 network?,enable bpdu guard  root guard  and loop guard  ensure correct root bridge election  and limit the number of redundant paths 
Engineering,Network Engineer,medium,"What are the benefits of network automation, and what tools can be used?",network automation reduces manual errors and improves efficiency  tools include ansible  python  and cisco dna 
Engineering,Network Engineer,medium,How do you secure a router from unauthorized access?,use strong passwords  disable unnecessary services  enable ssh  implement acls  and disable remote management if not needed 
Engineering,Network Engineer,medium,How do you mitigate broadcast storms in a network?,use stp  vlan segmentation  enable storm control  and configure broadcast limits on switches 
Engineering,Network Engineer,medium,"What is IGMP snooping, and how does it enhance network efficiency?",igmp snooping optimizes multicast traffic by directing it only to interested receivers  reducing unnecessary traffic 
Engineering,Network Engineer,medium,How do you mitigate lateral movement in a network security context?,use micro segmentation  enforce least privilege access  monitor east west traffic  and implement behavioral analytics 
Engineering,Network Engineer,medium,What is the purpose of spine-leaf architecture in data centers?,spine leaf reduces network congestion  enhances scalability  and improves east west traffic flow compared to traditional hierarchical models 
Engineering,Network Engineer,medium,How do you troubleshoot high retransmission rates in TCP connections?,check for packet loss  inspect tcp window scaling settings  verify mtu mismatches  and analyze congestion control mechanisms 
Engineering,Network Engineer,medium,How does OSPF determine the best path in a network?,ospf uses the shortest path first  spf  algorithm based on cost  which is calculated from interface bandwidth 
Engineering,Network Engineer,medium,How does SD-WAN differ from traditional WAN?,sd wan optimizes routing based on application needs  improving performance and flexibility compared to static traditional wans 
Engineering,Network Engineer,medium,"What is a SPAN port, and how is it used in network troubleshooting?",a span  switched port analyzer  port mirrors traffic for analysis using packet sniffers like wireshark 
Engineering,Architectural Engineer,medium,How do you ensure that your designs comply with local building codes and regulations?,i ensure compliance with local building codes by staying informed on current regulations and integrating them into the design process from the outset  i begin by thoroughly reviewing all relevant building codes and zoning laws for the project site  throughout the design  i collaborate with structural  mechanical  and electrical engineers to verify compliance with safety codes  accessibility requirements  and energy efficiency standards  i also keep a close relationship with local authorities to ensure any specific requirements are addressed  for example  on a recent project  i worked closely with the local building department to ensure the design adhered to both fire safety codes and ada requirements  allowing the project to proceed without delays 
Engineering,Architectural Engineer,medium,How do you ensure that your designs are compliant with local building codes and regulations?,i ensure compliance with local building codes and regulations by thoroughly reviewing relevant codes during the design phase  i work closely with local authorities and experts to ensure that all necessary permits are obtained and that the design meets safety and accessibility standards  additionally  i stay updated on any changes to building codes and regulations to ensure that all aspects of the project are fully compliant before construction begins 
Engineering,Network Engineer,medium,"What is the purpose of the STP root bridge, and how is it elected?",the stp root bridge is the central reference for spanning tree calculations  elected based on the lowest bridge priority and mac address 
Engineering,Network Engineer,medium,How does VXLAN improve upon traditional VLANs?,vxlan extends layer   networks over layer    providing better scalability  isolation  and support for multi tenant environments 
Engineering,Network Engineer,medium,What is the difference between WPA2 and WPA3 in wireless security?,wpa  enhances security with sae for better password protection  forward secrecy  and improved encryption compared to wpa  
Engineering,Network Engineer,medium,What are routers?,routers connect two or more network segments and determine the best path for data transfer  they operate at the osi network layer 
Engineering,Network Engineer,medium,What is anonymous FTP?,anonymous ftp allows users to access files in public servers without authentication  logging in as anonymous guests 
Engineering,Network Engineer,medium,What is subnet mask?,a subnet mask is used with an ip address to identify the extended network address and the host address 
Engineering,Network Engineer,medium,What is data encapsulation?,data encapsulation is the process of breaking down information into smaller chunks before transmission 
Engineering,Network Engineer,medium,Describe Network Topology,network topology refers to the layout of a computer network and how devices are interconnected 
Engineering,Network Engineer,medium,Briefly describe NAT.,nat  network address translation  enables multiple devices on a network to share a single ip address 
Engineering,Network Engineer,medium,How does a network topology affect your decision in setting up a network?,network topology dictates the media  connectors  and terminations to use for the setup 
Engineering,Architectural Engineer,medium,How do you balance creativity with practical building considerations?,balancing creativity with practicality requires a deep understanding of both the artistic and technical aspects of architecture  i prioritize functionality and sustainability while keeping the design innovative and visually appealing  for instance  when designing a public library  i focused on creating open  flowing spaces while ensuring structural integrity and minimizing energy consumption  by working closely with engineers  i ensure that creative concepts align with what is practically feasible for construction and long term use 
Engineering,Architectural Engineer,medium,How do you approach the concept of energy-efficient buildings in your designs?,i approach energy efficient building design by incorporating passive design strategies and selecting energy efficient systems from the outset  for instance  i optimize the building s orientation to maximize natural light and reduce energy consumption for heating and cooling  i also integrate renewable energy solutions such as solar panels and energy efficient hvac systems  in my most recent project  i used high performance glazing and smart building systems that automatically adjusted lighting and heating  resulting in a building with significantly reduced energy consumption and operational costs 
Engineering,Architectural Engineer,medium,How do you approach the concept of energy-efficient buildings in your designs?,i approach energy efficient building design by incorporating passive design strategies and selecting energy efficient systems from the outset  for instance  i optimize the building s orientation to maximize natural light and reduce energy consumption for heating and cooling  i also integrate renewable energy solutions such as solar panels and energy efficient hvac systems  in my most recent project  i used high performance glazing and smart building systems that automatically adjusted lighting and heating  resulting in a building with significantly reduced energy consumption and operational costs 
Engineering,Architectural Engineer,medium,How do you approach integrating sustainable design practices into your projects?,i approach sustainable design by considering both environmental impact and efficiency from the early design stages  for example  i prioritize passive design strategies like natural ventilation  sunlight exposure  and proper insulation  i select materials that are locally sourced  recycled  and durable  reducing the carbon footprint  additionally  i ensure that energy efficient systems such as led lighting  solar panels  and rainwater harvesting are incorporated  by collaborating with sustainability consultants and adhering to green building certifications like leed  i aim to create designs that are both environmentally responsible and cost effective in the long run 
Engineering,Architectural Engineer,medium,How do you approach integrating sustainable design practices into your projects?,i approach sustainable design by considering both environmental impact and efficiency from the early design stages  for example  i prioritize passive design strategies like natural ventilation  sunlight exposure  and proper insulation  i select materials that are locally sourced  recycled  and durable  reducing the carbon footprint  additionally  i ensure that energy efficient systems such as led lighting  solar panels  and rainwater harvesting are incorporated  by collaborating with sustainability consultants and adhering to green building certifications like leed  i aim to create designs that are both environmentally responsible and cost effective in the long run 
Engineering,Network Engineer,medium,"What is a 'black hole' route, and when would you use it?",a black hole route discards unwanted traffic to mitigate ddos attacks or prevent routing loops 
Engineering,Architectural Engineer,medium,Have you ever had to rethink your design approach? What prompted this and what was the result?,yes  in a commercial office building project  i had to rethink the design approach midway due to unexpected site conditions  the initial design was based on an assumption about soil stability  but further investigation revealed potential issues  i collaborated with the engineering team to adjust the foundation and redesign key elements of the building  this adaptability led to a more robust and cost effective solution while maintaining the design s functionality and aesthetic appeal 
Engineering,Network Engineer,medium,How do you handle network segmentation in a cloud environment?,use vpcs  subnets  security groups  firewall rules  and zero trust access models to enforce segmentation in cloud environments 
Engineering,Network Engineer,medium,How can you identify the IP class of a given IP address?,by checking the first octet  class a          class b            class c           
Engineering,Network Engineer,medium,How do you detect and mitigate an ARP spoofing attack?,enable dynamic arp inspection  dai   use static arp entries  and monitor for duplicate mac addresses in arp tables 
Engineering,Network Engineer,medium,What is the purpose of a loopback interface in networking?,loopback interfaces provide a stable  always up endpoint for testing  routing advertisements  and network management 
Engineering,Network Engineer,medium,How do you optimize multicast traffic in a large-scale network?,use igmp snooping  implement pim sparse mode  configure msdp for multi area multicast  and assign rp redundancy 
Engineering,Network Engineer,medium,"What is BGP Flowspec, and how does it help in DDoS mitigation?",bgp flowspec allows real time distribution of filtering rules to routers  enabling network wide mitigation of ddos traffic at the edge 
Engineering,Network Engineer,medium,Can you connect two computers for file sharing without a hub or router?,yes  by using a crossover cable  which directly connects the transmit and receive pins 
Engineering,Network Engineer,medium,"When you move a NIC card from one PC to another, does the MAC address change?",no  mac addresses are hard wired into the nic  so moving it to another pc retains the same mac address 
Engineering,Network Engineer,medium,What are the advantages of using PIM Sparse Mode over Dense Mode for multicast traffic?,pim sparse mode reduces multicast flooding  using rp based forwarding  whereas dense mode floods initially and prunes later 
Engineering,Network Engineer,medium,What is backbone network?,a backbone network is a centralized infrastructure that distributes data to various networks 
Engineering,Network Engineer,medium,What is the importance of the OSI Physical Layer?,the physical layer converts data bits to electrical signals and vice versa  managing network devices and cables 
Engineering,Network Engineer,medium,How many layers are there under TCP/IP?,there are four layers in tcp/ip  network layer  internet layer  transport layer  and application layer 
Engineering,Network Engineer,medium,What is the function of the OSI Session Layer?,the session layer establishes  manages  and terminates sessions between network devices 
Engineering,Network Engineer,medium,What is a private IP address?,private ip addresses are used in internal networks and are not routable on the public internet 
Engineering,Network Engineer,medium,What is NOS?,nos  network operating system  provides network connectivity and manages communication between devices 
Engineering,Network Engineer,medium,What is OSI and what role does it play in computer networks?,osi  open systems interconnect  is a reference model for data communication with   layers 
Engineering,Network Engineer,medium,What is the advantage of address sharing?,address sharing provides security by hiding internal ip addresses from external networks 
Engineering,Network Engineer,medium,"What is the impact of high CPU utilization on a router, and how do you troubleshoot it?",high cpu can cause packet drops and slow performance  troubleshoot by inspecting process utilization  disabling unneeded services  and optimizing acls 
Engineering,Architectural Engineer,medium,Tell me about a time when you had to balance design aesthetics with functional requirements.,in a recent office building project  the client wanted an open  airy design with large glass windows for aesthetic appeal  but the structural integrity of the building and energy efficiency were crucial considerations  to balance these needs  i chose high performance glazing and integrated sunshades to reduce solar heat gain  i worked closely with structural engineers to ensure the large spans could support the weight of the glass without compromising the building s stability  the final design achieved both aesthetic appeal and functionality  offering a beautiful and energy efficient building 
Engineering,Architectural Engineer,medium,Tell me about a time when you had to balance design aesthetics with functional requirements.,in a recent office building project  the client wanted an open  airy design with large glass windows for aesthetic appeal  but the structural integrity of the building and energy efficiency were crucial considerations  to balance these needs  i chose high performance glazing and integrated sunshades to reduce solar heat gain  i worked closely with structural engineers to ensure the large spans could support the weight of the glass without compromising the building s stability  the final design achieved both aesthetic appeal and functionality  offering a beautiful and energy efficient building 
Engineering,Architectural Engineer,medium,"Many construction projects will include liaising with various stakeholders within and outside of our business, how do you stay organized when working this way?",i stay organized by utilizing project management software and clear communication channels  i maintain detailed records of each stakeholder s input and ensure regular updates and meetings to keep everyone aligned  i set clear milestones and deadlines  and prioritize tasks based on their urgency and impact on the overall project  this method allows me to manage various stakeholders effectively and ensures smooth progress on the project 
Engineering,Architectural Engineer,medium,What role does urbanism play in your architectural designs?,urbanism plays a significant role in my designs as i believe that architecture should not only serve individual buildings but also contribute to the broader urban landscape  when designing  i take into consideration how the project will integrate with its surroundings  the flow of people  the impact on local communities  and sustainability  for example  in a mixed use development project  i focused on creating spaces that encouraged social interaction  while also ensuring that the building aligned with urban regeneration goals 
Engineering,Architectural Engineer,medium,What role does culture play in your architectural designs?,culture plays a vital role in my design process  as it allows me to create spaces that resonate with the community they serve  for instance  in designing a cultural center  i incorporated local architectural styles and materials to reflect the heritage and traditions of the area  i also consulted with community leaders to ensure the design was culturally sensitive and met the specific needs of the users  creating a space that felt familiar and meaningful 
Engineering,Architectural Engineer,medium,What qualities and skills should an excellent architect possess?,an excellent architect must possess creativity  technical knowledge  and strong problem solving skills  communication and collaboration are also essential  as architects must work with clients  engineers  and contractors  attention to detail  time management  and the ability to adapt to changes are also critical in ensuring that a project runs smoothly from concept to completion 
Engineering,Architectural Engineer,medium,What motivates you most when working on Architectural design projects?,i am most motivated by the opportunity to create designs that have a positive impact on people s daily lives and the environment  the challenge of balancing aesthetics  functionality  and sustainability drives my passion for architecture  additionally  collaborating with a diverse team and seeing a project come to life  from initial concept to final construction  provides me with a great sense of accomplishment 
Engineering,Architectural Engineer,medium,What is your process for ensuring that your designs are both aesthetically pleasing and structurally sound?,my approach involves close collaboration with structural engineers from the early stages of the design process  while i focus on the aesthetic elements  such as form  materials  and functionality  i also ensure that the structural elements complement the design  for example  in a recent residential building project  i worked with engineers to select materials that met both aesthetic and structural needs choosing reinforced concrete for its durability while also designing it to look visually appealing  regular design reviews with engineers ensure that all aesthetic elements are structurally feasible without compromising safety or functionality 
Engineering,Architectural Engineer,medium,"What is the largest project you have worked on, in terms of budget or scale?",the largest project i have worked on was the design of a mixed use urban development  which included residential  commercial  and public spaces  the budget for the project was over      million  and it involved coordination with multiple stakeholders  including city officials  engineers  and contractors  managing such a large scale project required careful planning  continuous communication  and a strong focus on timelines and budgets to ensure its success 
Engineering,Architectural Engineer,medium,What is the largest project you have worked on in the past? How did you handle this challenge?,the largest project i worked on was the design of a mixed use commercial and residential complex  the challenge was managing the complexity of coordinating multiple design elements  including residential  retail  and office spaces  while adhering to zoning regulations and budget constraints  i handled the project by maintaining clear communication with the project team  setting realistic deadlines  and breaking the work into manageable phases  i also kept stakeholders informed through regular updates  which helped ensure that the project stayed on track and met all expectations 
Engineering,Architectural Engineer,medium,What do you believe are the most important qualities for successful collaboration in architecture/engineering?,successful collaboration in architecture and engineering relies on strong communication  mutual respect  and the ability to listen and adapt  in a recent project  our design team and engineering team worked together closely to ensure that both the aesthetic vision and technical requirements were met  open dialogue and a shared commitment to the project s success helped us resolve potential conflicts and create a design that balanced both form and function 
Engineering,Architectural Engineer,medium,What architectural periods or styles influence your work?,i am particularly influenced by modernist principles  which emphasize functionality  simplicity  and minimalism  i also draw inspiration from mid century modern architecture  focusing on clean lines  open spaces  and integrating the natural environment with the built form  these principles help guide my designs  ensuring that they are timeless  functional  and aesthetically pleasing 
Engineering,Architectural Engineer,medium,"Can you describe your experience in managing projects from start to finish? How do you manage budgets, timelines, and resources?",i ve managed several projects from start to finish  ranging from residential complexes to commercial buildings  my approach involves detailed planning from the outset  with a clear project scope  budget  and timeline  i break projects into phases and establish milestones to track progress  using project management software to allocate resources efficiently and monitor expenses  in my last project  these strategies enabled me to deliver the project on time and under budget while maintaining high design quality 
Engineering,Architectural Engineer,medium,Can you describe your design style and how you arrived at it?,my design style is modern with a focus on functionality and sustainability  i believe in creating spaces that are both aesthetically pleasing and practical for the users  i arrived at this style through years of exposure to diverse projects and architectural influences  i studied both classic and contemporary design principles and continuously seek to integrate innovative solutions that address modern needs while being environmentally responsible 
Engineering,Architectural Engineer,medium,Describe a mistake you have made in a previous project. How did you rectify this and further learn from it?,in a past project  i overlooked an important detail in the initial structural design  which resulted in a delay when the mistake was discovered later in the process  i took full responsibility for the oversight and immediately worked with the team to address the issue  i also implemented a more thorough review process for future projects to ensure that similar mistakes didn t occur again  this experience reinforced the importance of attention to detail and the need for thorough reviews throughout the design process 
Engineering,Architectural Engineer,medium,Why do you want to work here?,i am particularly drawn to your firm because of your commitment to sustainability and the innovative approach you take towards urban design  i admire how your projects prioritize not just the aesthetic and functional aspects but also the environmental impact  which aligns perfectly with my own design philosophy  i believe this firm provides an excellent opportunity for growth  and i m excited by the prospect of contributing to and learning from such a dynamic team 
Engineering,Architectural Engineer,medium,Who do you admire for their architectural ability and why?,i greatly admire zaha hadid for her groundbreaking approach to architecture  her ability to create fluid  dynamic forms that challenge conventional design thinking while still being functional and structurally sound is inspiring  she showed that bold  innovative ideas can shape cities and public spaces in ways that both challenge and enrich their environments  her work pushes me to think more creatively and embrace experimentation in my own designs 
Engineering,Architectural Engineer,medium,Where would you like to be career-wise five years from now?,in five years  i envision myself taking on more leadership responsibilities  overseeing larger  more complex projects  and contributing to the firm s strategic direction  i m also eager to deepen my expertise in sustainable design and perhaps lead initiatives that push the boundaries of energy efficient architecture  i aim to continuously improve my design and project management skills while fostering a collaborative and innovative work environment 
Engineering,Architectural Engineer,medium,What skills do you hold that make you perfect for an Architectual position?,i possess a strong foundation in both the technical and creative aspects of architecture  my skills include a deep understanding of design principles  structural integrity  and sustainable building practices  i am proficient in architectural software such as autocad  revit  and bim  additionally  i have excellent communication and project management skills  which enable me to collaborate effectively with teams and clients  my ability to adapt to changing project requirements and find innovative solutions makes me well suited for an architect position 
Engineering,Architectural Engineer,medium,What steps do you take to ensure your designs are compliant with local building codes?,i ensure compliance with local building codes by thoroughly researching applicable codes and regulations before starting the design process  i work closely with local authorities  including building inspectors  to confirm that the design meets all required safety  accessibility  and environmental standards  during the design phase  i review each section to ensure that fire safety  structural integrity  and accessibility standards are incorporated  before finalizing the design  i conduct a detailed review of the codes  ensuring that no aspects are overlooked  in a past project  this proactive approach ensured that all necessary permits were obtained without delays 
Engineering,Architectural Engineer,medium,What steps do you take to ensure your designs are compliant with local building codes?,i ensure compliance with local building codes by thoroughly researching applicable codes and regulations before starting the design process  i work closely with local authorities  including building inspectors  to confirm that the design meets all required safety  accessibility  and environmental standards  during the design phase  i review each section to ensure that fire safety  structural integrity  and accessibility standards are incorporated  before finalizing the design  i conduct a detailed review of the codes  ensuring that no aspects are overlooked  in a past project  this proactive approach ensured that all necessary permits were obtained without delays 
Engineering,Architectural Engineer,medium,What strategies do you use to communicate complex technical design details to non-technical stakeholders?,i focus on simplifying complex technical concepts and using visual aids to make the information more accessible  for instance  i use  d models  diagrams  and infographics to help non technical stakeholders understand how a design works and the benefits it will bring  during a recent presentation to a group of investors  i used visual representations of the design  emphasizing the key features and how they aligned with business goals  i also explained technical aspects using analogies that they could relate to  ensuring that the information was both clear and compelling 
Engineering,Architectural Engineer,medium,Imagine you have a colleague whose quality of work does not match your own. What would you do in this situation?,if i had a colleague whose quality of work didn t match the standards  i would approach the situation with empathy and professionalism  i would privately discuss the issue with them  offering support and asking if they were facing any challenges that i could help with  i would also offer constructive feedback on how to improve their work  while being open to any suggestions they might have  if necessary  i would suggest additional resources or training to help them meet the required standards 
Engineering,Architectural Engineer,medium,Imagine a client has given you some critical feedback on your design. How would you deal with this?,i would first listen attentively to the client s concerns and ask for clarification to ensure i fully understand their feedback  i would then assess whether the changes are feasible within the project s scope and budget  if the feedback is valid and can improve the design  i would work with my team to incorporate the changes  i would communicate the adjustments clearly with the client  ensuring they are happy with the final result 
Engineering,Architectural Engineer,medium,"If a client requested a change to your design that you weren’t sure how to approach, what steps would you take?",if a client requested a design change that i wasn t sure how to implement  i would first ask for more details to fully understand the reasoning behind the request  i would then evaluate the feasibility of the change by consulting with the project team  including engineers and contractors  to understand its implications  if the change is viable  i would adjust the design accordingly and ensure that it aligns with both the client s goals and safety standards  if the change is not feasible  i would propose alternative solutions that meet the client s needs while maintaining the project s integrity 
Engineering,Architectural Engineer,medium,How would you describe your design style to a potential client?,i would describe my design style as modern  functional  and sustainable  i focus on creating spaces that are both aesthetically pleasing and highly functional  with an emphasis on natural light  energy efficiency  and user experience  i believe in tailoring designs to meet the specific needs of the client while also considering the long term impact of the project on the environment and the community 
Engineering,Architectural Engineer,medium,How have you taken into consideration accessibility in your designs?,accessibility is a fundamental aspect of my designs  for instance  in a public building project  i ensured that entrances  hallways  and restrooms were designed with universal accessibility in mind  incorporating ramps  wider doorways  and tactile signage for visually impaired users  i also made sure that the layout of spaces allowed for easy movement  considering all possible users  by adhering to ada standards and incorporating inclusive features  i strive to create spaces that are welcoming and usable for everyone 
Engineering,Architectural Engineer,medium,How have past projects prepared you for this position?,my past projects have provided me with a diverse set of experiences that have prepared me for this role  for example  working on large scale mixed use developments taught me how to balance the needs of various stakeholders while maintaining a cohesive design vision  i ve gained experience in managing project timelines  coordinating with contractors and engineers  and ensuring compliance with building codes  these experiences have honed my skills in problem solving  effective communication  and design adaptability  i feel confident that my background in architecture and engineering will allow me to contribute effectively to your team 
Engineering,Architectural Engineer,medium,How do you stay updated with the latest building materials and construction technologies?,i stay updated with the latest building materials and technologies by attending industry conferences  reading relevant journals  and participating in online forums and webinars  i also have a network of professionals in the field with whom i exchange ideas and learn about new developments  recently  i explored the use of  d printing in construction and have started integrating it into my designs to improve efficiency and reduce waste  staying informed allows me to incorporate cutting edge solutions into my projects and provide the best possible outcomes for my clients 
Engineering,Network Engineer,medium,What is the difference between route summarization and route aggregation?,route summarization groups multiple routes into a single advertisement to reduce routing table size  while route aggregation combines multiple smaller networks into a larger address block 
Engineering,Architectural Engineer,medium,How do you stay updated with the latest building materials and construction technologies?,i stay updated with the latest building materials and technologies by attending industry conferences  reading relevant journals  and participating in online forums and webinars  i also have a network of professionals in the field with whom i exchange ideas and learn about new developments  recently  i explored the use of  d printing in construction and have started integrating it into my designs to improve efficiency and reduce waste  staying informed allows me to incorporate cutting edge solutions into my projects and provide the best possible outcomes for my clients 
Engineering,Architectural Engineer,medium,How do you prioritize and manage competing design and engineering needs in a project?,i prioritize and manage competing needs by maintaining a clear line of communication between the design and engineering teams  during a commercial project  for instance  the client desired an innovative  visually appealing fa ade while the engineers had concerns about the structural load  i coordinated regular meetings to discuss these concerns  allowing each team to present potential solutions  i adjusted the design to meet both the aesthetic goals and engineering requirements  ensuring that both teams felt involved and valued throughout the process  by maintaining flexibility and focusing on the project s overall goals  i was able to manage the competing needs effectively 
Engineering,Architectural Engineer,medium,How do you manage project timelines while ensuring high-quality designs and engineering?,i manage project timelines by setting clear milestones and regularly reviewing progress  i break down each project into manageable tasks and allocate sufficient time for each stage  to ensure high quality designs  i integrate regular quality checks throughout the process  including design reviews  model validation  and coordination meetings with engineers and contractors  this proactive approach ensures that any issues are identified early and can be addressed promptly without compromising the project s timeline or quality 
Engineering,Architectural Engineer,medium,How do you manage project timelines while ensuring high-quality designs and engineering?,i manage project timelines by setting clear milestones and regularly reviewing progress  i break down each project into manageable tasks and allocate sufficient time for each stage  to ensure high quality designs  i integrate regular quality checks throughout the process  including design reviews  model validation  and coordination meetings with engineers and contractors  this proactive approach ensures that any issues are identified early and can be addressed promptly without compromising the project s timeline or quality 
Engineering,Architectural Engineer,medium,How do you handle stress during intensive projects?,i manage stress by staying organized and maintaining a balanced approach to my work  during intensive projects  i prioritize tasks  set clear goals  and break down complex tasks into smaller steps  i also ensure that i take regular breaks to recharge  which helps me maintain focus and prevent burnout  communicating with the team to identify potential issues early also helps in managing stress effectively 
Engineering,Architectural Engineer,medium,"What’s the most challenging project you've worked on, and how did you approach it from an architectural and engineering perspective?",the most challenging project i ve worked on was a large scale cultural center with complex design requirements  the project had a tight timeline  a high level of client expectations  and involved coordinating with multiple stakeholders  i approached it by breaking the project into phases  starting with a thorough site analysis and planning  i worked closely with engineers to ensure that the innovative design concepts were feasible while maintaining the structural integrity of the building  regular communication with the client and a highly coordinated project management approach ensured that the project was completed on time and met all design and engineering specifications 
Engineering,Architectural Engineer,medium,"What’s the most challenging project you've worked on, and how did you approach it from an architectural and engineering perspective?",the most challenging project i ve worked on was a large scale cultural center with complex design requirements  the project had a tight timeline  a high level of client expectations  and involved coordinating with multiple stakeholders  i approached it by breaking the project into phases  starting with a thorough site analysis and planning  i worked closely with engineers to ensure that the innovative design concepts were feasible while maintaining the structural integrity of the building  regular communication with the client and a highly coordinated project management approach ensured that the project was completed on time and met all design and engineering specifications 
Engineering,Architectural Engineer,medium,What type of working environment do you feel fits you best?,i thrive in an environment that promotes collaboration and open communication  where every team member s expertise is valued  i work best when there s a mix of creative freedom for design exploration  combined with structured planning to meet deadlines and client requirements  i also value a flexible work culture that allows for personal growth and continuous learning 
Engineering,Architectural Engineer,medium,How do you prioritize and manage competing design and engineering needs in a project?,i prioritize and manage competing needs by maintaining a clear line of communication between the design and engineering teams  during a commercial project  for instance  the client desired an innovative  visually appealing fa ade while the engineers had concerns about the structural load  i coordinated regular meetings to discuss these concerns  allowing each team to present potential solutions  i adjusted the design to meet both the aesthetic goals and engineering requirements  ensuring that both teams felt involved and valued throughout the process  by maintaining flexibility and focusing on the project s overall goals  i was able to manage the competing needs effectively 
Engineering,Network Engineer,medium,What tools do you use to diagnose and monitor network congestion?,tools include wireshark  netflow  snmp monitoring  prtg  and cloud based traffic analyzers 
Engineering,Network Engineer,medium,How does Zero Trust Network Architecture (ZTNA) differ from traditional perimeter-based security?,ztna enforces strict authentication and least privilege access at all levels  instead of relying on a single security perimeter 
Engineering,Network Engineer,medium,How do you optimize network performance for real-time applications such as VoIP?,prioritize traffic with qos  enable low latency queuing  reduce jitter with buffering  and monitor bandwidth usage 
Engineering,Architectural Engineer,medium,How do you handle conflicts with clients or contractors during a project?,when conflicts arise  i first seek to understand the other party s perspective  in one instance  a contractor disagreed with a design element that affected the timeline  by discussing the issue and presenting alternative solutions  we reached a compromise that satisfied the client s vision without compromising the schedule  i always approach conflicts with open communication  ensuring that everyone s concerns are addressed and working towards a solution that benefits the project 
Engineering,Architectural Engineer,medium,How do you handle conflicts between stakeholders with different priorities during the design process?,handling conflicts between stakeholders requires effective communication and a balanced approach  i address each party s concerns and seek to find common ground  in one instance  while working on a residential and commercial complex  the client wanted expansive views  while the structural engineer was concerned about the building s stability  i facilitated a meeting where both sides could express their concerns  and together  we reached a compromise by adjusting the floor plans and positioning of the structure to satisfy both the aesthetic requirements and safety standards  this collaborative approach ensured all stakeholders were on board  and the design moved forward smoothly 
Engineering,Architectural Engineer,medium,How do you handle changes in client preferences midway through a project?,when clients request changes midway through a project  i first take the time to understand their new preferences and the reasoning behind them  i then evaluate the impact of these changes on the design  budget  and timeline  considering potential effects on structural or functional elements  for example  when a client wanted to alter the layout of a commercial space after construction had begun  i conducted a thorough assessment with the engineering team  presented alternative design options  and collaborated with the client to select a solution that met their updated vision while staying within budget and schedule constraints 
Engineering,Architectural Engineer,medium,How do you handle changes in client preferences midway through a project?,when clients request changes midway through a project  i first take the time to understand their new preferences and the reasoning behind them  i then evaluate the impact of these changes on the design  budget  and timeline  considering how they may affect structural or functional elements  for example  when a client wanted to alter the layout of a commercial space after construction had begun  i conducted a thorough assessment with the engineering team and presented alternative design options  i worked with the client to find a solution that met their updated vision while staying within the constraints of the original budget and timeline 
Engineering,Architectural Engineer,medium,How do you go about understanding a client's needs for a project?,i begin by having in depth conversations with the client to understand their vision  goals  and any specific requirements for the project  i ask open ended questions to gather as much detail as possible about their preferences  budget  and timeline  after understanding their needs  i provide design proposals and refine the concepts based on their feedback  continuous communication throughout the project ensures the design aligns with their expectations 
Engineering,Architectural Engineer,medium,Tell me about a project where you had to overcome challenges related to zoning laws or building permits.,in a recent commercial office building project  we encountered zoning restrictions that limited the height of the building  which impacted the original design  i worked closely with the local authorities to understand the specific regulations and explored potential solutions  including adjusting the building s footprint and integrating multiple floors below ground level  i also collaborated with the design team to ensure the revised design still met the client s needs and vision  through persistent communication with both the authorities and the client  we were able to secure the necessary permits and move forward with the project 
Engineering,Architectural Engineer,medium,Tell me about a project where you had to overcome challenges related to zoning laws or building permits.,in a recent commercial office building project  we encountered zoning restrictions that limited the height of the building  which impacted the original design  i worked closely with the local authorities to understand the specific regulations and explored potential solutions  including adjusting the building s footprint and integrating multiple floors below ground level  i also collaborated with the design team to ensure the revised design still met the client s needs and vision  through persistent communication with both the authorities and the client  we were able to secure the necessary permits and move forward with the project 
Engineering,Architectural Engineer,medium,Imagine you have a colleague whose quality of work does not match your own. What would you do in this situation?,if i had a colleague whose quality of work didn t match the standards  i would approach the situation with empathy and professionalism  i would privately discuss the issue with them  offering support and asking if they were facing any challenges that i could help with  i would also offer constructive feedback on how to improve their work  while being open to any suggestions they might have  if necessary  i would suggest additional resources or training to help them meet the required standards 
Engineering,Architectural Engineer,medium,Imagine a client has given you some critical feedback on your design. How would you deal with this?,i would first listen attentively to the client s concerns and ask for clarification to ensure i fully understand their feedback  i would then assess whether the changes are feasible within the project s scope and budget  if the feedback is valid and can improve the design  i would work with my team to incorporate the changes  i would communicate the adjustments clearly with the client  ensuring they are happy with the final result 
Engineering,Architectural Engineer,medium,How would you describe your role in your last project?,in my last project  i was the lead architect responsible for overseeing the design from concept through construction  i collaborated with engineers and contractors  ensuring that the design was implemented according to plan while making necessary adjustments for site conditions and client feedback  my role required constant communication and problem solving to ensure the project met both the client s needs and the design vision 
Engineering,Architectural Engineer,medium,How would you describe your design style to a potential client?,i would describe my design style as modern  functional  and sustainable  i focus on creating spaces that are both aesthetically pleasing and highly functional  with an emphasis on natural light  energy efficiency  and user experience  i believe in tailoring designs to meet the specific needs of the client while also considering the long term impact of the project on the environment and the community 
Engineering,Architectural Engineer,medium,"How proficient are you in using computer software such as CAD, BIM, and 3D modeling tools?",i am highly proficient in cad  bim  and  d modeling tools such as autocad  revit  and sketchup  i use these tools regularly in my design process to create detailed drawings  models  and simulations  i am also comfortable with other software like rhino and lumion for more advanced modeling and visualization tasks  which help bring my designs to life and ensure accuracy in construction 
Engineering,Architectural Engineer,medium,How have you worked with construction professionals and other stakeholders in past projects?,in previous projects  i regularly coordinated with construction professionals  including contractors  structural engineers  and mep  mechanical  electrical  plumbing  consultants  i ensured that all parties were aligned on the design intent and timelines  through regular site visits  meetings  and progress reviews  we addressed challenges proactively and kept the project on track 
Engineering,Architectural Engineer,medium,How do you stay updated with the latest building materials and construction technologies?,i stay updated with the latest building materials and technologies by attending industry conferences  reading relevant journals  and participating in online forums and webinars  i also have a network of professionals in the field with whom i exchange ideas and learn about new developments  recently  i explored the use of  d printing in construction and have started integrating it into my designs to improve efficiency and reduce waste  staying informed allows me to incorporate cutting edge solutions into my projects and provide the best possible outcomes for my clients 
Engineering,Architectural Engineer,medium,How do you prioritize tasks when managing multiple projects?,while overseeing multiple projects  i use project management software to track progress and milestones for each project  this allows me to identify which tasks are critical to meeting client deadlines and allocate resources accordingly  i also communicate with the teams to ensure that urgent issues are addressed immediately  while less time sensitive tasks are scheduled for later  this method helps me stay organized and meet deadlines across all projects 
Engineering,Architectural Engineer,medium,How do you handle criticism when it comes to your designs?,i welcome constructive criticism as it allows me to refine my work  when receiving feedback on my designs  i first listen attentively to understand the concerns raised  i evaluate the feedback objectively and see if there are valid points i can incorporate into my work  i believe that design is an iterative process  and i use criticism as an opportunity to improve the final product  ensuring it meets both the client s vision and technical standards 
Engineering,Architectural Engineer,medium,How do you handle disagreements regarding design features within the design team or with other stakeholders?,when disagreements arise  i focus on open communication and mutual respect  for example  during a recent project  there was a disagreement between the design team and contractors about the materials for a building fa ade  i organized a meeting where everyone could present their views and concerns  i facilitated the discussion  encouraging each party to understand the others  perspectives  and we collaboratively found a solution that met both aesthetic and budgetary needs  by maintaining a solution focused mindset and encouraging collaboration  i ensured that the team moved forward with a unified approach 
Engineering,Architectural Engineer,medium,How do you handle last-minute changes to design specifications from the client?,last minute changes are a common part of the design process  and i approach them with flexibility and a solution oriented mindset  i first clarify the client s needs and ensure i understand the rationale behind the change  then  i assess how the change impacts the overall design  timeline  and budget  if the change is feasible  i work quickly to implement it  ensuring that it aligns with both the client s vision and practical constraints  for example  during a project for a retail space  the client decided to alter the layout of the floor plan just before the construction phase  i immediately worked with my team to revise the design and present the updated plans to the contractor  ensuring minimal delays and budget impact 
Engineering,Architectural Engineer,medium,How do you handle situations where you have to make design changes due to unforeseen site conditions?,when unforeseen site conditions arise  i work closely with the team to reassess the design and explore alternative solutions  for example  during the construction of a commercial building  we discovered unstable soil conditions that required significant changes to the foundation design  i collaborated with geotechnical engineers to analyze the situation and adjust the foundation depth and material to ensure stability  we also communicated the changes to the client  explaining the reasons behind the adjustments and the impact on the project timeline  through collaboration and proactive problem solving  we were able to adapt the design and keep the project moving forward 
Engineering,Architectural Engineer,medium,How do you ensure that your designs are adaptable for future use or expansion?,when designing for adaptability  i focus on creating flexible layouts and using modular building systems that allow for future modifications  for example  in a recent office building  i incorporated moveable walls and infrastructure that can easily be expanded or modified to accommodate future tenant needs  i also consider factors like building systems  scalability and future energy needs  ensuring that the design allows for upgrades or changes without significant structural alterations  this forward thinking approach makes the building more sustainable and adaptable to evolving requirements 
Engineering,Architectural Engineer,medium,How do you ensure that your design is feasible within the given structural constraints?,i work closely with structural engineers from the early stages of design to ensure that the architectural vision aligns with structural constraints  during the design phase  i incorporate the structural requirements and limitations into the design  ensuring that the building s framework supports the intended functionality and aesthetics  for example  in a high rise residential project  i collaborated with the structural team to ensure that the layout was optimized for both the desired height and the structural loads  regular meetings with the engineering team help identify potential issues early and make adjustments as needed to ensure the design is both feasible and safe 
Engineering,Architectural Engineer,medium,How do you ensure that you meet your client's functional requirements while still staying creative with the design?,i balance functional requirements with creative design by first thoroughly understanding the client s needs  such as space usage  flow  and accessibility  i then apply creative problem solving to develop innovative design solutions that meet these needs while enhancing the visual appeal  for example  in an office design project  i used modular  flexible furniture and open layouts to promote collaboration  ensuring the space was both highly functional and aesthetically distinctive 
Engineering,Architectural Engineer,medium,How do you ensure that a project stays on schedule and within budget while maintaining design quality?,ensuring a project stays on schedule and within budget requires meticulous planning and constant monitoring  i start by creating a detailed project timeline with clear milestones and allocating resources efficiently  i use project management software to track progress and make adjustments as needed  i also maintain close communication with the client  contractors  and the design team to address any issues before they become significant problems  by proactively managing time and resources  i can ensure that the project stays on track without compromising design quality  for instance  on a recent commercial project  i worked with contractors to ensure timely material delivery  preventing delays and keeping the project within budget 
Engineering,Architectural Engineer,medium,How do you ensure structural integrity while pursuing innovative architectural designs?,ensuring structural integrity while pursuing innovative designs is a key focus of my work  i collaborate closely with structural engineers from the early stages of the design process to assess the feasibility of creative ideas  for example  in a recent project with an unconventional curved roof  i worked with engineers to select a lightweight yet strong material and incorporate a support system that ensured the building s stability  i also regularly review the design with engineering teams to make adjustments as necessary and ensure that the final result is both innovative and structurally sound 
Engineering,Architectural Engineer,medium,How do you ensure effective collaboration with contractors and engineers on-site?,effective collaboration with contractors and engineers starts with clear communication and a shared understanding of the project goals  i ensure that everyone is aligned by setting up regular site meetings to review progress  address concerns  and discuss potential challenges  for instance  during a recent project  we faced unexpected site conditions that impacted the foundation design  i worked closely with the engineers and contractors to assess the situation  review alternative solutions  and incorporate feedback  by fostering an open  collaborative environment and keeping everyone informed  we were able to adjust the design efficiently and maintain the project timeline 
Engineering,Architectural Engineer,medium,How do you describe your work style as an architect?,my work style as an architect is collaborative and methodical  i believe in starting with a strong conceptual framework  ensuring it aligns with the client s vision and functional requirements  i place great emphasis on the details and strive for designs that are both innovative and practical  additionally  i m a strong advocate for communication  ensuring that every team member  from engineers to contractors  is aligned throughout the design and construction process 
Engineering,Architectural Engineer,medium,How do you prioritize and manage competing design and engineering needs in a project?,i prioritize and manage competing needs by maintaining a clear line of communication between the design and engineering teams  during a commercial project  for instance  the client desired an innovative  visually appealing fa ade while the engineers had concerns about the structural load  i coordinated regular meetings to discuss these concerns  allowing each team to present potential solutions  i adjusted the design to meet both the aesthetic goals and engineering requirements  ensuring that both teams felt involved and valued throughout the process  by maintaining flexibility and focusing on the project s overall goals  i was able to manage the competing needs effectively 
Engineering,Architectural Engineer,medium,How do you deal with challenges related to integrating sustainable energy systems into building designs?,integrating sustainable energy systems into building designs requires careful planning and coordination with specialists  for example  in a mixed use development project  i worked with energy consultants to design a building that incorporated solar panels  geothermal heating  and smart lighting systems  i made sure to integrate these systems early in the design process  considering their energy efficiency  cost effectiveness  and integration with the building s overall design  one challenge we faced was balancing the aesthetic goals with the placement of solar panels  but we were able to hide them on the roof while still maximizing their effectiveness 
Engineering,Architectural Engineer,medium,How do you manage cost control while still maintaining high design quality in your projects?,to manage cost control without compromising design quality  i focus on selecting materials that balance both aesthetics and cost effectiveness  early in the design process  i work closely with the client to set clear priorities  ensuring that essential features are emphasized while reducing costs in less critical areas  i also use value engineering techniques to explore cost saving alternatives without sacrificing quality  for instance  in a recent office project  i used high quality but affordable materials for non structural elements while maintaining premium finishes in key areas  which helped us stay within budget while maintaining a high standard of design 
Engineering,Architectural Engineer,medium,How do you manage and track design revisions during the project lifecycle?,i manage design revisions by maintaining detailed documentation of all changes and tracking them using project management software  i ensure that all stakeholders  including clients  contractors  and engineers  are informed about changes and their implications  for example  in a large scale office development project  i used cloud based software to share updated design documents  allowing for real time collaboration and feedback  this streamlined communication ensured that revisions were implemented correctly and that the project stayed on schedule  i also conduct regular reviews to ensure the design stays aligned with the client s vision 
Engineering,Architectural Engineer,medium,"How do you integrate energy-efficient systems into your designs, and why are they important?",energy efficient systems are critical to reducing environmental impact and long term operational costs  i integrate these systems from the outset by incorporating passive design strategies such as optimal site orientation for natural lighting and ventilation  i also select energy efficient hvac systems  low emissivity glass for windows  and led lighting  additionally  i incorporate renewable energy sources such as solar panels when appropriate  for example  in a recent commercial building project  i integrated a high efficiency insulation system  low energy lighting  and a rainwater harvesting system  which led to a     reduction in energy consumption over the building s first year of operation 
Engineering,Architectural Engineer,medium,How do you incorporate your understanding of the local culture into your designs?,i ensure that my designs reflect local culture by researching the region s history  traditions  and architectural styles  for example  in a community center project in a historically rich neighborhood  i integrated traditional materials and design motifs that resonated with the local identity  i also consulted with community leaders and local artisans to incorporate authentic elements  creating a design that is both functional and culturally meaningful 
Engineering,Architectural Engineer,medium,How do you incorporate new technologies or materials into your architectural practice?,i regularly attend industry conferences and read journals to stay updated on new materials and technologies  recently  i incorporated photovoltaic glass into a project  which not only enhanced the building s energy efficiency but also served as an aesthetic feature  by staying current with technological advancements  i ensure that my designs are innovative  sustainable  and future proof 
Engineering,Architectural Engineer,medium,How do you handle tight deadlines and multiple design projects at once?,managing tight deadlines and multiple projects requires effective time management and task prioritization  i use project management tools to organize tasks and track progress across all projects  i break larger tasks into smaller  manageable steps and allocate time each day to focus on the most urgent and important tasks  for example  when handling multiple projects with overlapping deadlines  i ensure that i dedicate uninterrupted time for each project and communicate regularly with clients and team members to manage expectations  this approach helps me stay organized and ensures that all projects are completed on time and to the desired quality 
Engineering,Architectural Engineer,medium,How do you handle situations where your design vision doesn't align with the client’s budget?,when my design vision doesn t align with the client s budget  i first listen carefully to understand the budget constraints and the client s priorities  i then work to find a middle ground  identifying areas where the design can be adjusted without sacrificing its core vision  for example  in a commercial office design  the client had a limited budget but wanted high end finishes  i proposed alternative materials that provided a similar aesthetic without exceeding the budget  and suggested design adjustments that minimized costs while maintaining the overall design integrity  by being flexible and transparent  i can usually find a solution that satisfies both the client s vision and budget 
Engineering,Architectural Engineer,medium,How do you cultivate a collaborative team environment?,to foster a collaborative team environment  i initiated team building workshops that focused on communication and problem solving  i also implemented an open door policy  encouraging team members to share their ideas and concerns freely  by fostering a culture of respect and trust  i helped create a space where everyone felt valued and heard  which significantly improved collaboration and the overall quality of the projects we worked on 
Engineering,Architectural Engineer,medium,How do you ensure that your designs are functional for long-term use?,to ensure long term functionality  i design with future adaptability in mind  i consider factors such as building durability  ease of maintenance  and the potential for future renovations  for instance  in a recent office building project  i used materials that were not only sustainable but also durable and low maintenance  i also ensured that the building systems were modular and could easily be updated or reconfigured to meet future needs  by designing for flexibility and longevity  i ensure that the building remains functional and relevant for years to come 
Engineering,Architectural Engineer,medium,How do you manage your time when you have to work with multiple deadlines?,i prioritize tasks based on their urgency and importance  i use project management tools like trello or microsoft project to break down complex tasks into smaller  manageable steps  i set realistic milestones for each task and allocate dedicated time for each project based on its deadline  regular reviews and adjustments help me stay on track  ensuring that i meet all deadlines without compromising on quality 
Engineering,Architectural Engineer,medium,How do you manage stress and maintain focus during tight project deadlines?,when facing tight deadlines  i focus on staying organized and prioritizing tasks  i break down large tasks into smaller  manageable pieces and create a timeline with specific milestones  i also keep communication lines open with my team  providing regular updates on progress and addressing potential roadblocks early  i ensure to take short breaks to clear my mind and stay energized  by staying focused on the task at hand and avoiding distractions  i can manage stress effectively and meet deadlines without compromising the quality of my work 
Engineering,Network Engineer,medium,What common hardware-related problems can cause network issues?,faulty nics  hardware failures  startup errors  and incorrect configurations 
Engineering,Network Engineer,medium,How does DHCP aid in network administration?,dhcp dynamically assigns ip addresses  reducing manual configuration 
Engineering,Network Engineer,medium,What is the role of IEEE in networking?,ieee defines standards for networking devices  cables  and protocols 
Engineering,Network Engineer,medium,What are rights in networking?,rights determine user permissions and access levels on a network 
Engineering,Network Engineer,medium,What is required for establishing VLANs?,vlans separate broadcast domains to improve security and network efficiency 
Engineering,Network Engineer,medium,What is DHCP?,dhcp  dynamic host configuration protocol  automatically assigns ip addresses 
Engineering,Network Engineer,medium,How can you manage a network using a router?,routers allow configuration of security settings  traffic control  and access restrictions through a built in console 
Engineering,Network Engineer,medium,"What protocol can be applied when you want to transfer files between different platforms, such as between UNIX and Windows servers?",ftp  file transfer protocol  is used for cross platform file transfers 
Engineering,Network Engineer,medium,What are good password practices for securing a network?,good passwords combine uppercase  lowercase  numbers  and special characters  avoid common words and personal information 
Engineering,Network Engineer,medium,What is netstat?,netstat is a command line utility that displays active network connections and tcp/ip settings 
Engineering,Network Engineer,medium,What happens when cables exceed their prescribed length?,exceeding cable length causes signal loss  leading to transmission errors and degraded performance 
Engineering,Network Engineer,medium,What common software problems can lead to network defects?,common issues include client server misconfiguration  protocol mismatch  application conflicts  and security policy errors 
Engineering,Network Engineer,medium,What is the difference between a hub and a switch?,a hub forwards data to all devices  while a switch intelligently directs data only to the intended recipient 
Engineering,Network Engineer,medium,Which protocols fall under the Application layer of TCP/IP?,protocols include ftp  tftp  telnet  and smtp 
Engineering,Network Engineer,medium,How do you secure an enterprise network against insider threats?,implement network segmentation  use role based access control  enforce monitoring  and deploy anomaly detection systems 
Engineering,Network Engineer,medium,What is one advantage of mesh topology?,if one link fails  alternative links ensure uninterrupted network communication 
Engineering,Network Engineer,medium,What is tunnel mode?,tunnel mode secures data between two gateways rather than between end devices using ipsec 
Engineering,Network Engineer,medium,What is multicast routing?,multicast routing sends data to a specific group of users instead of broadcasting to all users on a subnet 
Engineering,Network Engineer,medium,What are some drawbacks of implementing a ring topology?,a single failure can disrupt the entire network  and reconfigurations require temporary shutdowns 
Engineering,Architectural Engineer,medium,How do you manage stress and maintain focus during tight project deadlines?,when facing tight deadlines  i focus on staying organized and prioritizing tasks  i break down large tasks into smaller  manageable pieces and create a timeline with specific milestones  i also keep communication lines open with my team  providing regular updates on progress and addressing potential roadblocks early  i ensure to take short breaks to clear my mind and stay energized  by staying focused on the task at hand and avoiding distractions  i can manage stress effectively and meet deadlines without compromising the quality of my work 
Engineering,Architectural Engineer,medium,How do you manage project timelines while ensuring high-quality designs and engineering?,i manage project timelines by setting clear milestones and regularly reviewing progress  i break down each project into manageable tasks and allocate sufficient time for each stage  to ensure high quality designs  i integrate regular quality checks throughout the process  including design reviews  model validation  and coordination meetings with engineers and contractors  this proactive approach ensures that any issues are identified early and can be addressed promptly without compromising the project s timeline or quality 
Engineering,Architectural Engineer,medium,Which Architectural design software have you used in the past?,i have used several architectural design software tools  including autocad  revit  sketchup  and bim  building information modeling  software  these tools have helped me design  draft  and visualize projects in both  d and  d  i m proficient in using these software programs to create detailed floor plans  elevations  and structural drawings  as well as collaborate with other engineers and architects to ensure the designs are feasible and meet all necessary codes and regulations 
Engineering,Architectural Engineer,medium,"When working with a client who is particularly difficult, how do you take their comments and criticisms into account while remaining motivated and professional?",when dealing with a difficult client  i first listen actively to understand their concerns  i maintain a professional attitude and respond calmly  ensuring that i validate their feedback  i view each criticism as an opportunity to improve the design and find a solution that aligns both with the client s needs and the project s feasibility  i keep the focus on the end goal  which is to create a design that meets their vision while also adhering to architectural and safety standards 
Engineering,Architectural Engineer,medium,What projects of ours did you like most?,i was especially impressed with your project on  project name   which involved integrating modern architecture with sustainable design practices in a dense urban environment  the balance between innovative design and respect for the surrounding community and landscape was remarkable  i also admired how you utilized renewable energy solutions and natural ventilation  demonstrating a strong commitment to environmental responsibility 
Engineering,Architectural Engineer,medium,What qualities make you a great architect?,i believe my creativity  attention to detail  and ability to collaborate effectively with others make me a great architect  i am passionate about sustainable design and always look for ways to minimize environmental impact while maximizing functionality and aesthetic appeal  i also thrive in a team environment and value communication and collaboration  which helps me deliver successful projects while meeting clients  needs 
Engineering,Architectural Engineer,medium,"What role do you believe innovation plays in architecture and engineering, and how do you incorporate it into your work?",innovation is crucial in both architecture and engineering  as it allows us to push the boundaries of what s possible and create solutions that are more efficient  sustainable  and aesthetically compelling  i incorporate innovation by constantly researching new technologies  materials  and design methods  for example  i introduced parametric design software in my recent project  which allowed us to create a dynamic fa ade that adjusted based on environmental factors like sunlight and wind  reducing energy consumption  embracing innovation is key to creating buildings that stand the test of time and address modern challenges 
Engineering,Architectural Engineer,medium,How do you manage the project design phase to ensure client satisfaction throughout the process?,i manage the design phase by maintaining clear  consistent communication with the client at every stage  i start by ensuring i fully understand the client s vision  goals  and priorities  then provide regular progress updates and schedule design review meetings  these meetings allow the client to provide feedback and suggest adjustments  i balance their needs with practical considerations such as budget and timeline  and i offer professional advice to refine the design  for instance  during a mixed use development project  i worked closely with the client to adjust designs based on feedback while keeping them informed of any impacts on the overall project 
Engineering,Architectural Engineer,medium,What skill has served you best as an architect?,my ability to effectively communicate complex ideas and designs has been one of the most valuable skills in my career  whether it s working with clients  contractors  or team members  i make sure that everyone understands the vision for the project  this has allowed me to navigate challenges more effectively and ensure that the final design meets the client s expectations and is feasible within the given constraints 
Engineering,Architectural Engineer,medium,What steps do you take to ensure your designs are environmentally friendly and energy-efficient?,i take a holistic approach to sustainability by integrating energy efficient systems  optimizing natural lighting  and selecting sustainable materials  in my recent project  i incorporated passive solar design principles to minimize the building s heating and cooling needs  and i used recycled materials for the interior finishes  additionally  i ensured that energy efficient hvac systems were installed and designed the building envelope to reduce heat loss  i also conducted energy modeling early in the design process to predict energy usage and adjust the design for optimal performance 
Engineering,Architectural Engineer,medium,What strategies do you use to communicate complex technical design details to non-technical stakeholders?,i focus on simplifying complex technical concepts and using visual aids such as  d models  diagrams  and infographics to help non technical stakeholders understand how a design works and the benefits it will bring  during a recent presentation to a group of investors  i used visual representations of the design  emphasizing the key features and how they aligned with business goals  i also explained technical aspects using analogies that they could relate to  ensuring that the information was both clear and compelling 
Engineering,Architectural Engineer,medium,What strategies do you use to communicate complex technical design details to non-technical stakeholders?,i simplify complex technical concepts by using visual aids such as  d models  diagrams  and infographics  for example  during a recent investor presentation  i used visual representations to highlight key design features and their benefits  while avoiding technical jargon  i also relate technical details to familiar concepts through analogies  ensuring the information is clear and compelling for non technical audiences 
Engineering,Architectural Engineer,medium,What techniques do you use for project troubleshooting during construction?,during the construction of a commercial building  we encountered unexpected groundwater on site  which could have delayed the project  i immediately adapted the foundation plan  collaborating with the structural engineer to adjust the design  i worked with the team to implement groundwater mitigation measures  including the installation of a drainage system  this proactive approach prevented delays and kept the project on track 
Engineering,Network Engineer,medium,What are the main functions of a router and a switch?,routers direct data between different networks and manage ip addresses  switches connect devices within a network and efficiently forward data based on mac addresses 
Engineering,Network Engineer,medium,How do you calculate a subnet mask? Can you provide an example?,a subnet mask defines which part of an ip address is the network and which is the host  example  ip              with subnet               means the first three octets             are the network  and the last octet       is the host 
Engineering,Network Engineer,medium,What is ARP (Address Resolution Protocol)?,arp is a protocol used to map a known ip address to a mac address within a local network  allowing communication between devices 
Engineering,Architectural Engineer,medium,What steps do you take to ensure your designs are compliant with local building codes?,i ensure compliance with local building codes by thoroughly researching applicable codes and regulations before starting the design process  i work closely with local authorities  including building inspectors  to confirm that the design meets all required safety  accessibility  and environmental standards  during the design phase  i review each section to ensure that fire safety  structural integrity  and accessibility standards are incorporated  before finalizing the design  i conduct a detailed review of the codes  ensuring that no aspects are overlooked  in a past project  this proactive approach ensured that all necessary permits were obtained without delays 
Engineering,Network Engineer,medium,How do you detect and mitigate rogue DHCP servers in a network?,use dhcp snooping  monitor logs for unauthorized dhcp responses  and implement acls to restrict dhcp traffic 
Engineering,Architectural Engineer,medium,What types of projects could you see yourself working on?,i m particularly interested in working on sustainable  community centered projects  such as public buildings and urban developments  i m passionate about creating spaces that not only serve functional purposes but also enhance the quality of life for the community  i would love to contribute to projects that promote environmental sustainability  energy efficiency  and social inclusion 
Engineering,Network Engineer,medium,"How does PBR (Policy-Based Routing) work, and when should it be used?",pbr allows routing decisions based on policies like source ip  protocol  or application type  often used for traffic engineering 
Engineering,Network Engineer,medium,How do you detect and prevent ARP spoofing attacks?,enable dynamic arp inspection  dai   implement static arp entries  use port security  and enable dhcp snooping 
Engineering,Network Engineer,medium,What are the primary differences between static and dynamic routing?,static routing requires manual configuration and does not adapt to network changes  while dynamic routing automatically adjusts to topology changes using protocols like ospf  eigrp  and bgp 
Engineering,Network Engineer,medium,How do you automate network configuration management?,use tools like ansible  terraform  or python scripts to enforce consistent configurations and reduce manual errors 
Engineering,Network Engineer,medium,What is the purpose of a service insertion policy in SD-WAN?,it directs traffic through specific security services like firewalls  ids/ips  or web filters before reaching its destination 
Engineering,Network Engineer,medium,How do you implement redundancy in a cloud networking environment?,use multiple availability zones  deploy load balancers  configure failover routing policies  and implement database replication 
Engineering,Network Engineer,medium,What are the best practices for designing a scalable IP addressing scheme?,use hierarchical addressing  allocate subnets based on function  reserve space for growth  and standardize documentation 
Engineering,Network Engineer,medium,"What is the difference between STP, RSTP, and MSTP?",stp prevents loops but converges slowly  rstp improves convergence time  and mstp extends stp by allowing multiple instances mapped to vlans 
Engineering,Network Engineer,medium,"What is the purpose of BPDU Guard, and how does it enhance network security?",bpdu guard prevents unauthorized devices from participating in spanning tree elections  protecting against rogue switches and topology changes 
Engineering,Network Engineer,medium,What is the difference between an access control list (ACL) and a firewall rule?,an acl filters packets based on ip and port at the router level  while a firewall rule provides deep packet inspection and stateful filtering 
Engineering,Network Engineer,medium,How do you handle asymmetric routing in a firewall environment?,use session aware firewalls  ensure bidirectional traffic flow  configure proper routing policies  and enable asymmetric routing support 
Engineering,Network Engineer,medium,What are the functions of a network administrator?,a network administrator installs  configures  and maintains networks 
Engineering,Network Engineer,medium,What is tracert?,tracert is a windows tool that traces the path data takes to its destination 
Engineering,Network Engineer,medium,What is the disadvantage of a star topology?,if the central hub fails  the entire network becomes inoperable 
Engineering,Network Engineer,medium,What are gateways?,gateways connect different network segments and translate communication between them 
Engineering,Network Engineer,medium,"What is RSTP, and how does it improve on STP?",rapid spanning tree protocol  rstp  reduces convergence time and improves fault tolerance over traditional stp 
Engineering,Network Engineer,medium,What is the purpose of IGMP Snooping in Layer 2 switches?,igmp snooping prevents unnecessary multicast traffic by forwarding it only to hosts that have explicitly joined a multicast group 
Engineering,Network Engineer,medium,How do you secure SNMP (Simple Network Management Protocol) in a network?,use snmpv  with authentication and encryption  restrict access with acls  and disable unused snmp versions 
Engineering,Network Engineer,medium,How do you troubleshoot a BGP session that keeps flapping?,check keepalive/hold timers  verify mtu settings  inspect route filters  and confirm proper neighbor configurations 
Engineering,Network Engineer,medium,How do you detect and mitigate a Layer 2 VLAN hopping attack?,disable unused switch ports  configure vlan access control  use private vlans  and implement port security 
Engineering,Network Engineer,medium,How do you troubleshoot a network experiencing intermittent connectivity issues?,analyze network logs  test with ping/traceroute  check for hardware failures  and inspect routing tables for flapping routes 
Engineering,Network Engineer,medium,What are the challenges of migrating from a flat network to a segmented network?,challenges include vlan configuration  ip addressing redesign  acl implementation  and ensuring minimal downtime 
Engineering,Network Engineer,medium,How do you differentiate between Layer 2 and Layer 3 redundancy protocols?,layer   uses stp/hsrp/vrrp  while layer   redundancy involves dynamic routing protocols like ospf and bgp 
Engineering,Network Engineer,medium,How do you optimize traffic flow in a high-bandwidth data center?,implement ecmp  use leaf spine topology  enable network congestion control  and prioritize traffic using qos policies 
Engineering,Network Engineer,medium,"What are the different types of VPNs, and how do they differ?",vpn types include ipsec vpn  secure site to site connectivity   ssl vpn  remote access   mpls vpn  provider based   and gre vpn  generic tunneling  
Engineering,Network Engineer,medium,How do you implement network segmentation in a data center?,use vlans  firewall policies  acls  and sdn based segmentation to isolate traffic 
Engineering,Network Engineer,medium,What is the importance of MTU and how do you troubleshoot MTU mismatches?,mtu affects packet fragmentation  troubleshoot with ping  df bit set   adjust interface mtu  and ensure consistent values across all links 
Engineering,Network Engineer,medium,What tools do you use for real-time network performance monitoring?,common tools include solarwinds  prtg  wireshark  nagios  and cisco dna center 
Engineering,Network Engineer,medium,How do you mitigate the impact of a network DDoS attack?,use rate limiting  implement blackhole routing  deploy intrusion prevention systems  ips   and use cloud based ddos mitigation services 
Engineering,Network Engineer,medium,What is the impact of asymmetric routing on firewalls and how do you handle it?,asymmetric routing can cause stateful firewall issues  resolve it by enabling session awareness  configuring traffic symmetry  or using route injection techniques 
Engineering,Network Engineer,medium,"What is the purpose of route summarization, and how does it improve network efficiency?",route summarization reduces the number of routing table entries  improves convergence time  and minimizes unnecessary route advertisements 
Engineering,Network Engineer,medium,What are the key differences between OSPF and IS-IS?,ospf is an ip only link state protocol with area hierarchies  while is is is a flexible link state protocol that supports both ipv  and ipv  without ip dependence 
Engineering,Network Engineer,medium,How do you configure a switch to prevent MAC address flooding attacks?,enable port security  limit the number of mac addresses per port  and configure dynamic aging settings 
Engineering,Network Engineer,medium,What is the purpose of a Next-Generation Firewall (NGFW) compared to a traditional firewall?,ngfws provide deep packet inspection  application layer filtering  ids/ips integration  and advanced threat protection beyond traditional firewall rules 
Engineering,Network Engineer,medium,What is the difference between a route reflector and a confederation in BGP?,a route reflector reduces ibgp full mesh requirements by reflecting routes  while a confederation divides an as into smaller sub ases for scalability 
Engineering,Network Engineer,medium,How do you manage firmware upgrades on network devices efficiently?,use an automation tool like ansible  schedule updates during maintenance windows  and ensure rollback procedures are in place 
Engineering,Network Engineer,medium,How do you prevent VLAN hopping attacks in a network?,disable dynamic trunking protocol  dtp   use vlan pruning  implement private vlans  and enable port security 
Engineering,Architectural Engineer,medium,Can you provide an example of how you’ve used data or analytics to inform your design decisions?,during a commercial building project  i used energy simulation software to model the building s energy consumption based on various design alternatives  by analyzing the data  i was able to identify which design choices such as window placement  insulation materials  and hvac systems would result in the most energy efficient solution  for example  the analysis revealed that a particular type of glazing would significantly reduce cooling loads in summer months  using this data driven approach  i was able to optimize the building s performance  reduce energy consumption  and ultimately create a more sustainable design that met both client and environmental goals 
Engineering,Architectural Engineer,medium,Can you provide an example of when you had to revise a design after feedback from the building inspection process?,during a commercial building project  the initial design was flagged during the inspection process because certain fire escape routes did not meet the required dimensions for accessibility  after receiving the feedback  i collaborated with the engineers to revise the layout and widen the escape routes  i also reviewed other parts of the design to ensure compliance with safety regulations  by incorporating the inspector s recommendations and promptly making the necessary changes  we ensured the building was both functional and compliant  allowing the project to continue without major delays 
Engineering,Architectural Engineer,medium,"When helping to oversee a construction project and noticing that a colleague has made a mistake, what is your approach?",if i notice a mistake made by a colleague  i would address it diplomatically by discussing the issue with them in private  i would review the situation and the potential impact on the project  together  we would devise a solution to correct the error without causing delays  i also make sure to communicate with the team to keep everyone informed and implement measures to prevent similar mistakes in the future 
Engineering,Architectural Engineer,medium,"When talking through your designs to a client, who may have less technical knowledge than you, how do you ensure that they understand you?",when discussing my designs with a client who has less technical knowledge  i avoid jargon and focus on explaining concepts in simple  relatable terms  i use visual aids such as diagrams   d models  or renderings to help them visualize the design  i also provide examples of how the design addresses their needs and enhances the functionality of the space  i encourage questions and ensure that they feel comfortable expressing any concerns  which helps create a collaborative and informed discussion 
Engineering,Architectural Engineer,medium,"When working with a client who is particularly difficult, how do you take their comments and criticisms into account while remaining motivated and professional?",when dealing with a difficult client  i first listen actively to understand their concerns  i maintain a professional attitude and respond calmly  ensuring that i validate their feedback  i view each criticism as an opportunity to improve the design and find a solution that aligns both with the client s needs and the project s feasibility  i keep the focus on the end goal  which is to create a design that meets their vision while also adhering to architectural and safety standards 
Engineering,Architectural Engineer,medium,Which Architectural design software have you used in the past?,i have used several architectural design software tools  including autocad  revit  sketchup  and bim  building information modeling  software  these tools have helped me design  draft  and visualize projects in both  d and  d  i m proficient in using these software programs to create detailed floor plans  elevations  and structural drawings  as well as collaborate with other engineers and architects to ensure the designs are feasible and meet all necessary codes and regulations 
Engineering,Architectural Engineer,medium,"Can you provide an example of a project where you had to work closely with engineers, contractors, and other stakeholders to ensure successful project completion?",in a large mixed use development  i worked closely with engineers  contractors  and stakeholders from the initial concept through construction  the project involved multiple design phases and required constant communication between disciplines to ensure that the design was both practical and executable  i held weekly meetings with structural  mep  and construction teams to address challenges  review progress  and update the design as needed  this collaboration ensured that we coordinated the placement of systems and resolved potential conflicts early  allowing the project to be delivered on time and within budget 
Engineering,Architectural Engineer,medium,Are you interviewing anywhere else?,yes  i am exploring other opportunities  but i am particularly drawn to your firm because of its focus on sustainable  innovative design and its commitment to collaboration  i believe this is the kind of environment where i can contribute meaningfully and continue to grow as an architect 
Engineering,Architectural Engineer,medium,"Can you describe a project where you worked in a multidisciplinary team? What was your role, and how did you contribute?",in a mixed use development project  i worked closely with structural engineers  mechanical engineers  and urban planners to ensure that the design was both functional and feasible  my role as the architect was to develop the design vision and ensure that it met the client s needs  i contributed by facilitating communication between the various disciplines  ensuring that the design elements worked in harmony with the technical requirements  for example  i collaborated with engineers to integrate energy efficient systems into the design without compromising the aesthetics  and i coordinated with urban planners to ensure the building fit seamlessly into the surrounding environment  this collaborative effort led to a highly successful project 
Engineering,Architectural Engineer,medium,Can you describe a situation where you had to address safety concerns during the construction phase of a project?,during the construction of a commercial building  i noticed that some scaffolding had not been properly secured  presenting a safety risk  i immediately halted the work in that section and conducted a thorough safety audit  i worked with the safety officer to ensure that proper procedures were followed and that the scaffolding was secured according to safety regulations  i also conducted a safety briefing with the workers and reinforced the importance of safety measures  the issue was resolved quickly  ensuring the project continued safely without incident 
Engineering,Architectural Engineer,medium,"Can you describe a situation where you had to design a building to meet specific environmental conditions, such as extreme weather or terrain?",in a recent coastal resort project  i designed the building to withstand harsh weather conditions  including high winds and saltwater exposure  i used corrosion resistant materials for the building s exterior and incorporated stormwater management systems to prevent flooding during heavy rains  the building s structure was reinforced to withstand high winds  and i designed the roof with a low profile to minimize wind resistance  by closely studying the local climate and terrain  i was able to create a resilient design that not only met environmental challenges but also enhanced the resort s appeal 
Engineering,Architectural Engineer,medium,Can you describe a time when you had to adjust a project design based on client feedback?,in a mixed use development project  the client initially requested a modern  open plan design for the apartments  however  after receiving feedback from potential tenants  they realized that many required more privacy and noise reduction  i adjusted the design by introducing partition walls and adding soundproofing materials between the units  i worked closely with the client and ensured that these changes maintained the design s aesthetic while addressing the tenants  needs  the adjustments were well received  and the final design struck the right balance between functionality  comfort  and style 
Engineering,Architectural Engineer,medium,"Can you describe a time when you had to design a complex structure within a limited budget? How did you approach the project, and what were the challenges you faced?",in a recent commercial building project  the client requested a high quality design but had a limited budget  i approached the challenge by first understanding the key elements the client valued most  such as a modern aesthetic and sustainability  i worked with my team to prioritize essential design features  opting for cost effective yet durable materials that could achieve the desired visual impact  i also used efficient space planning to maximize usable space without increasing construction costs  one challenge we faced was balancing the aesthetic appeal with budget constraints  but through careful material selection and design optimization  we delivered a solution that met both the client s expectations and the budget 
Engineering,Architectural Engineer,medium,"What’s the most challenging project you've worked on, and how did you approach it from an architectural and engineering perspective?",the most challenging project i ve worked on was a large scale cultural center with complex design requirements  the project had a tight timeline  a high level of client expectations  and involved coordinating with multiple stakeholders  i approached it by breaking the project into phases  starting with a thorough site analysis and planning  i worked closely with engineers to ensure that the innovative design concepts were feasible while maintaining the structural integrity of the building  regular communication with the client and a highly coordinated project management approach ensured that the project was completed on time and met all design and engineering specifications 
Engineering,Architectural Engineer,medium,Can you describe a project where you had to balance design aesthetics with functionality and budget constraints?,in a mixed use development project  we needed to create a striking visual appeal while also maintaining functionality and adhering to a strict budget  to balance these factors  i focused on prioritizing high impact design elements in visible areas like the entrance and lobby  using cost effective materials for less prominent spaces  for example  i chose polished concrete floors in high traffic areas  which were cost effective and durable  while using high quality finishes in key areas like the lobby to enhance the building s overall aesthetic  regular budget reviews and open communication with the client helped ensure that the design remained within budget without sacrificing functionality or visual impact 
Engineering,Architectural Engineer,medium,"Can you provide an example of a difficult design problem you faced, and how you solved it?",in a residential project  the site had an irregular shape  which posed a challenge for creating an efficient and aesthetically pleasing layout  i worked closely with the design team to maximize the use of the space by creating custom design solutions  such as angled walls and open plan areas  this not only addressed the spatial constraints but also gave the home a unique and inviting feel  the client was thrilled with the results 
Engineering,Architectural Engineer,medium,Can you provide an example of a design you worked on that significantly improved the user's experience?,in a recent public library project  user experience was a top priority  we designed spaces with clear sightlines  easy navigation  and adaptable rooms for various activities  for example  i incorporated flexible shelving and seating arrangements that allowed the space to be reconfigured for different events  the design also included quiet study areas  open reading zones  and areas for social interaction  ensuring that every user could find a space that suited their needs  after the library opened  the client reported a significant increase in visitor satisfaction  with users appreciating the accessibility and functionality of the design 
Engineering,Architectural Engineer,medium,Can you give us an example of a project where safety considerations significantly influenced your design?,on a high rise residential project  safety was a top priority due to the building s height and exposure to environmental factors  i worked closely with structural engineers to ensure that the design accounted for wind load  seismic forces  and fire safety  we implemented safety measures such as fire resistant materials  emergency exits  and reinforced structural elements to ensure the building s safety for all residents 
Engineering,Network Engineer,medium,What are the security risks associated with MPLS networks?,mpls lacks built in encryption  is vulnerable to route hijacking  and relies on proper configuration to prevent unauthorized access 
Engineering,Network Engineer,medium,What is the impact of MTU mismatches in a network?,mtu mismatches cause packet fragmentation  increased latency  and potential performance issues  they should be diagnosed using ping with df bit testing 
Engineering,Network Engineer,medium,How do you mitigate OSPF flapping issues in a large-scale network?,use ospf timers tuning  implement route dampening  increase dead intervals  and optimize lsa flooding control 
Engineering,Network Engineer,medium,What are the best practices for securing an API-driven SDN environment?,use authentication  oauth/tls   enforce rbac  enable logging  and restrict api access to trusted endpoints only 
Engineering,Network Engineer,medium,What is the difference between port mirroring and packet capture tools like Wireshark?,port mirroring copies traffic for real time monitoring  while packet capture tools analyze packets in detail for troubleshooting 
Engineering,Network Engineer,medium,How do you ensure high availability in a cloud-based network?,use multi region deployments  implement auto scaling  leverage load balancers  and configure redundant vpn or direct connect links 
Engineering,Network Engineer,medium,What is the difference between a Transit Gateway and a Virtual Private Gateway in AWS?,transit gateway enables multi vpc interconnectivity  while virtual private gateway is used for individual vpc to on premises vpn connections 
Engineering,Network Engineer,medium,How does intent-based networking (IBN) differ from traditional network management?,ibn automates configurations based on business policies  while traditional management requires manual intervention and static configurations 
Engineering,Network Engineer,medium,What is the purpose of an LFA (Loop-Free Alternate) in IGPs?,lfa pre computes backup paths to enable fast failover without waiting for igp convergence 
Engineering,Network Engineer,medium,How do you optimize network performance in an IoT deployment?,use low latency connectivity  apply network slicing  implement device level security  and monitor traffic patterns 
Engineering,Network Engineer,medium,How do you configure a dual-stack IPv4/IPv6 network?,enable dual stack on interfaces  configure ipv  routing  ospfv  or mp bgp   and ensure proper dns and firewall rules for ipv  traffic 
Engineering,Network Engineer,medium,What are the layers of the OSI reference model?,there are   osi layers  physical  data link  network  transport  session  presentation  and application 
Engineering,Architectural Engineer,medium,Can you explain your approach to designing buildings with accessibility in mind?,my approach to designing buildings with accessibility in mind begins with the universal design principle  which ensures that everyone  regardless of ability  can fully access and use the space  i ensure that all entry points are wheelchair accessible  with ramps  elevators  and clear signage  additionally  i focus on creating spaces with enough room for mobility aids  and i use tactile and visual elements to assist people with different impairments  for example  in a recent office building  i incorporated wide corridors  accessible restrooms  and auditory signage for the visually impaired to ensure ease of use by all employees and visitors 
Engineering,Architectural Engineer,medium,Can you explain your process for preparing detailed design drawings and ensuring they are clear for contractors and engineers?,i begin by fully developing and reviewing all design concepts before transitioning to the drawing phase  i then produce detailed drawings that include all necessary dimensions  materials  and technical specifications  clear annotations and color coding help highlight critical elements  ensuring that contractors and engineers can easily interpret the documents  i also review the drawings with the project team and provide a comprehensive set of specifications to guarantee that the design intent is accurately executed during construction 
Engineering,Architectural Engineer,medium,Can you explain your process for preparing detailed design drawings and ensuring they are clear for contractors and engineers?,i start by ensuring that all design concepts are fully developed and reviewed before beginning the drawing phase  i then create detailed drawings  ensuring they include all relevant information such as dimensions  materials  and technical specifications  i use clear annotations and color coding to highlight critical elements  ensuring that contractors and engineers can easily understand the requirements  before finalizing the drawings  i review them with the project team to ensure accuracy and clarity  i also provide the team with a comprehensive set of specifications to ensure that the design intent is executed correctly during construction 
Engineering,Network Engineer,medium,What are some common challenges in implementing IPv6 in an existing IPv4 network?,dual stack compatibility  nat  /dns   complexity  new security considerations  and routing protocol adjustments 
Engineering,Network Engineer,medium,"What are the different types of NAT (Network Address Translation), and how do they work?",static nat maps one private ip to one public ip  dynamic nat assigns public ips dynamically  and pat maps multiple private ips to a single public ip 
Engineering,Network Engineer,medium,What is the purpose of NetFlow and how is it used in network monitoring?,netflow collects ip traffic data  helping with traffic analysis  anomaly detection  and capacity planning 
Engineering,Network Engineer,medium,What is the function of HSRP (Hot Standby Router Protocol) in networking?,hsrp provides redundancy by allowing multiple routers to act as a single virtual gateway for failover support 
Engineering,Network Engineer,medium,What is the purpose of LISP (Locator/ID Separation Protocol) in networking?,lisp separates device identity from location  enabling more scalable ip mobility and traffic engineering in large scale networks 
Engineering,Network Engineer,medium,What is the role of DHCP snooping in network security?,dhcp snooping prevents rogue dhcp servers by filtering dhcp messages and only allowing trusted sources to provide ip addresses 
Engineering,Network Engineer,medium,How does VRRP differ from HSRP?,vrrp is an open standard  while hsrp is cisco proprietary  both provide gateway redundancy  but vrrp allows multiple routers to share an ip more flexibly 
Engineering,Network Engineer,medium,How do you handle a spanning tree topology change in a network?,check root bridge election  review port states  inspect bpdu messages  and ensure redundant paths do not create loops 
Engineering,Network Engineer,medium,What steps would you take to troubleshoot high latency in a network?,check bandwidth usage  inspect qos settings  analyze logs  test connectivity with ping/traceroute  and identify congested links 
Engineering,Network Engineer,medium,How does an SD-WAN solution differ from traditional WAN?,sd wan uses centralized management and intelligent traffic routing over multiple links  improving efficiency and security 
Engineering,Network Engineer,medium,What are the best practices for implementing a wireless network in an enterprise?,perform a site survey  use channel planning  enable      x authentication  implement vlan segmentation  and monitor for interference 
Engineering,Network Engineer,medium,"What is FHRP (First Hop Redundancy Protocol), and why is it used?",fhrp provides gateway redundancy using protocols like hsrp  vrrp  and glbp to prevent single points of failure 
Engineering,Network Engineer,medium,How does an SDN (Software-Defined Networking) controller manage network devices?,an sdn controller uses apis to centrally control network devices and automate configuration changes 
Engineering,Network Engineer,medium,What is the purpose of GRE over IPsec?,gre encapsulates packets for routing flexibility  while ipsec encrypts them for security 
Engineering,Network Engineer,medium,How do you configure port aggregation (LACP) on network switches?,use the  channel group  command on cisco devices to bundle multiple ports into a single logical link 
Engineering,Network Engineer,medium,How do you optimize Wi-Fi performance in a high-density environment?,use channel planning  implement band steering  enable qos  reduce interference  and adjust power levels 
Engineering,Network Engineer,medium,"What is the purpose of LACP fast rate, and when should it be used?",lacp fast rate reduces the link aggregation keepalive interval  improving detection of link failures 
Engineering,Network Engineer,medium,What are the benefits of using an out-of-band (OOB) management network?,oob provides remote access for troubleshooting  isolates management traffic  and ensures control during network outages 
Engineering,Network Engineer,medium,How do you troubleshoot intermittent packet loss?,check for faulty hardware  monitor traffic with packet capture tools  analyze logs  and inspect cabling 
Engineering,Network Engineer,medium,How does a network load balancer distribute traffic?,it distributes incoming traffic based on algorithms like round robin  least connections  and ip hash 
Engineering,Network Engineer,medium,How do you configure network time synchronization across devices?,use ntp  network time protocol  with hierarchical time sources to ensure accurate timekeeping 
Engineering,Network Engineer,medium,What factors should be considered when selecting an SD-WAN solution?,consider security features  bandwidth optimization  scalability  cost  and vendor support 
Engineering,Network Engineer,medium,What are the key components of a network security policy?,access control  authentication protocols  encryption standards  logging  and user training are essential components 
Engineering,Network Engineer,medium,How does an SDN (Software-Defined Network) differ from traditional networking?,sdn separates the control plane from the data plane  allowing centralized network management and dynamic traffic routing 
Engineering,Network Engineer,medium,How do you prevent unauthorized access to a corporate Wi-Fi network?,use wpa  encryption  implement mac filtering  disable ssid broadcasting  and use vlans for guest networks 
Engineering,Network Engineer,medium,How does a proxy server enhance network security?,a proxy server filters traffic  hides internal ip addresses  and blocks malicious websites  improving security and performance 
Engineering,Network Engineer,medium,What is the difference between PIM-DM (Dense Mode) and PIM-SM (Sparse Mode)?,pim dm floods multicast traffic to all routers  while pim sm only sends multicast to explicitly requested receivers 
Engineering,Network Engineer,medium,What are some challenges in deploying IPv6 in an enterprise network?,challenges include lack of ipv  support in legacy devices  complex address planning  security concerns  and training staff on ipv  concepts 
Engineering,Network Engineer,medium,What is the purpose of a secondary IP address on an interface?,a secondary ip allows a single interface to belong to multiple subnets  improving network flexibility 
Engineering,Network Engineer,medium,What is the role of QoS in 5G networking?,qos in  g prioritizes latency sensitive applications using network slicing  dynamic bandwidth allocation  and traffic shaping 
Engineering,Network Engineer,medium,What are the advantages of using cloud-based network monitoring solutions?,they provide real time visibility  scalability  centralized logging  and ai driven anomaly detection 
Engineering,Network Engineer,medium,What are the key differences between a firewall and an intrusion prevention system (IPS)?,a firewall filters traffic based on predefined rules  while an ips actively detects and blocks malicious traffic in real time 
Engineering,Network Engineer,medium,What is the role of RADIUS and TACACS+ in network security?,both provide authentication  authorization  and accounting  radius is udp based and used for user access  tacacs  is tcp based and used for device administration 
Engineering,Network Engineer,medium,What is the function of the TTL (Time To Live) field in an IP packet?,ttl limits the packet s lifespan by decrementing each hop  preventing routing loops 
Engineering,Network Engineer,medium,What are the best practices for securing SNMP (Simple Network Management Protocol)?,use snmpv  for encryption and authentication  limit access with acls  and disable unused snmp versions 
Engineering,Network Engineer,medium,What is the difference between routing and switching?,routing determines the best path for forwarding packets across networks  while switching forwards packets within a network 
Engineering,Network Engineer,medium,How does VRF (Virtual Routing and Forwarding) improve network segmentation?,vrf enables multiple routing tables on the same device  allowing separate network instances for isolation and security 
Engineering,Network Engineer,medium,"What is IPFIX, and how does it compare to NetFlow?",ipfix is an ietf standard for network flow monitoring  providing more flexibility than cisco s proprietary netflow 
Engineering,Network Engineer,medium,How do you implement a secure guest Wi-Fi network?,use vlan isolation  captive portal authentication  rate limiting  and separate ssids with firewall rules 
Engineering,Network Engineer,medium,"What is a floating static route, and when is it used?",a floating static route is a backup route with a higher administrative distance  used in case the primary route fails 
Engineering,Network Engineer,medium,"What is a floating static route, and when is it used?",a floating static route is a backup route with a higher administrative distance  used for failover scenarios 
Engineering,Network Engineer,medium,What is the function of a network load balancer?,a load balancer distributes traffic across multiple servers to optimize resource utilization and improve availability 
Engineering,Network Engineer,medium,How do you implement redundancy in a network using dual ISP connections?,use bgp for failover  configure dual wan links with load balancing  or implement sd wan for traffic optimization 
Engineering,Network Engineer,medium,How does a firewall manage stateful packet inspection?,stateful firewalls track active connections  inspect packets at multiple layers  and allow return traffic based on session state 
Engineering,Network Engineer,medium,"What is port mirroring, and when would you use it?",port mirroring copies traffic from one port to another for network monitoring and analysis using tools like wireshark 
Engineering,Network Engineer,medium,How would you troubleshoot an issue where some users are unable to reach an external website?,check dns resolution  verify firewall rules  inspect nat configurations  analyze routing tables  and test connectivity with traceroute 
Engineering,Network Engineer,medium,How do you configure a switch to prevent DHCP spoofing attacks?,enable dhcp snooping  bind legitimate dhcp servers  and configure port security to block rogue dhcp responses 
Engineering,Network Engineer,medium,What are the benefits of implementing network segmentation?,segmentation improves security  reduces broadcast domains  controls traffic  and enhances performance by isolating devices 
Engineering,Network Engineer,medium,How do you determine if a network issue is due to DNS resolution?,test connectivity using ip addresses  use nslookup/dig  verify dns server availability  and check dns cache settings 
Engineering,Network Engineer,medium,What are the common causes of a high CPU usage on a network switch?,causes include excessive broadcast/multicast traffic  spanning tree recalculations  high logging/debugging levels  and unoptimized acls 
Engineering,Network Engineer,medium,What are the security risks of using Telnet over SSH?,telnet transmits data in plaintext  making it vulnerable to eavesdropping and mitm attacks  while ssh encrypts communications 
Engineering,Network Engineer,medium,How do you troubleshoot a sudden loss of network connectivity?,check physical connections  verify ip configurations  inspect logs  perform traceroute  and check for routing or firewall issues 
Engineering,Network Engineer,medium,What is the impact of asymmetric bandwidth on QoS policies?,qos policies must account for differing upload/download speeds to prioritize traffic effectively without causing congestion 
Engineering,Network Engineer,medium,How do you optimize network latency in a cloud environment?,use direct cloud connectivity  enable traffic engineering  optimize mtu settings  and implement edge caching 
Engineering,Network Engineer,medium,What is the purpose of CoPP (Control Plane Policing)?,copp protects a network device s control plane from excessive traffic  preventing cpu overload and ddos attacks 
Engineering,Network Engineer,medium,How does asymmetric routing affect firewall policies?,asymmetric routing can cause issues with stateful firewalls since return traffic might take a different path than the initial request 
Engineering,Network Engineer,medium,What are the key considerations when designing a hybrid cloud network?,consider secure interconnects  latency sensitive workloads  network segmentation  routing policies  and compliance requirements 
Engineering,Network Engineer,medium,What is the difference between stateful and stateless NAT?,stateful nat maintains session state for connections  while stateless nat simply maps ip addresses without tracking sessions 
Engineering,Network Engineer,medium,How do you identify and mitigate a Layer 2 loop in a network?,check stp states  disable redundant links  analyze bpdu packets  and enable loop prevention mechanisms like root guard or bpdu guard 
Engineering,Network Engineer,medium,"What is BGP route reflectors, and why are they used?",bgp route reflectors reduce the need for full mesh peering in ibgp by reflecting routes to other peers 
Engineering,Network Engineer,medium,"What is a Layer 3 EtherChannel, and how does it work?",layer   etherchannel bundles multiple physical links as a single logical interface  providing redundancy and increased bandwidth 
Engineering,Network Engineer,medium,How does a firewall manage traffic between different network zones?,firewalls use security policies  nat rules  acls  and deep packet inspection to filter and control traffic between zones 
Engineering,Network Engineer,medium,How do you secure an enterprise VPN connection?,use strong encryption protocols  ipsec  ssl   enforce multi factor authentication  implement firewall rules  and monitor logs for anomalies 
Engineering,Network Engineer,medium,What is the function of CARP (Common Address Redundancy Protocol)?,carp provides failover redundancy for network gateways  similar to vrrp and hsrp 
Engineering,Network Engineer,medium,What is the difference between OSPF external types E1 and E2 routes?,e  routes add both internal and external cost  while e  routes maintain a fixed external cost regardless of internal metrics 
Engineering,Network Engineer,medium,What is the purpose of IP SLA in network performance monitoring?,ip sla measures network performance metrics like latency  jitter  and packet loss  helping diagnose connectivity issues 
Engineering,Network Engineer,medium,How do you secure an enterprise Wi-Fi network?,use wpa  encryption  enable      x authentication  implement mac filtering  disable wps  and segment guest traffic 
Engineering,Network Engineer,medium,What are the primary causes of packet fragmentation in a network?,mtu mismatches  large payload sizes  lack of path mtu discovery  and improper tcp settings can cause fragmentation 
Engineering,Network Engineer,medium,"What is Intent-Based Networking (IBN), and how does it differ from traditional networking?",ibn uses ai and automation to enforce network policies dynamically  improving agility and reducing manual intervention 
Engineering,Network Engineer,medium,What are the key differences between IPv4 and IPv6 in terms of security?,ipv  includes built in ipsec support  eliminates nat reliance  and requires improved neighbor discovery security 
Engineering,Network Engineer,medium,How do you handle asymmetric routing in a load-balanced network?,enable session persistence  configure symmetric return paths  and ensure firewalls support asymmetric flows 
Engineering,Network Engineer,medium,What are the advantages of using segment routing over traditional MPLS?,segment routing simplifies path control  reduces label distribution complexity  and enables traffic engineering without ldp or rsvp 
Engineering,Network Engineer,medium,"What is the function of a GRE tunnel, and when is it used?",gre encapsulates packets to transport non ip protocols over an ip network  commonly used for vpns and routing protocol adjacencies 
Engineering,Network Engineer,medium,What is the role of a flow-based monitoring system like NetFlow or sFlow?,it provides visibility into network traffic patterns  helping with capacity planning  security analysis  and troubleshooting 
Engineering,Network Engineer,medium,"What is the impact of bufferbloat on network performance, and how do you mitigate it?",bufferbloat increases latency and jitter  mitigate it with active queue management  aqm  techniques like codel or fq codel 
Engineering,Electrical Engineer,hard,How do you determine the ampacity of a conductor?,by considering conductor size  insulation type  ambient temperature  and installation conditions 
Engineering,Electrical Engineer,hard,How do you determine the appropriate transformer rating for a facility?,by calculating the total connected load  expected future load  and considering voltage and efficiency 
Engineering,Electrical Engineer,hard,How do you determine the best location for capacitor banks in a power system?,by analyzing voltage profiles  power factor  and system losses 
Engineering,Electrical Engineer,hard,How do you determine the correct cable size for an electrical installation?,based on current carrying capacity  voltage drop  and environmental conditions 
Engineering,Electrical Engineer,hard,How do you determine the efficiency of a transformer?,efficiency is calculated by dividing output power by input power and multiplying by one hundred 
Engineering,Electrical Engineer,hard,How do you determine the impedance of a transmission line?,by calculating resistance  inductance  and capacitance per unit length 
Engineering,Electrical Engineer,hard,How do you determine the insulation coordination in a power system?,by analyzing transient overvoltages and selecting appropriate insulation levels for equipment 
Engineering,Electrical Engineer,hard,How do you determine the optimal placement of voltage regulators in a distribution network?,by analyzing voltage drops  load profiles  and reactive power compensation needs 
Engineering,Electrical Engineer,hard,How do you determine the optimal insulation level for a high-voltage transmission line?,by considering overvoltage conditions  lightning strikes  and environmental factors 
Engineering,Electrical Engineer,hard,How do you determine the optimal placement of capacitor banks in a power system?,by analyzing reactive power demand  voltage profiles  and load distribution 
Engineering,Electrical Engineer,hard,How do you ensure the reliability of high-voltage transmission lines?,by using proper insulation  regular maintenance  and monitoring line conditions 
Engineering,Electrical Engineer,hard,How do you determine the optimal placement of capacitors in a power distribution network?,by conducting power flow analysis and voltage profile optimization 
Engineering,Electrical Engineer,hard,How do you determine the optimal placement of relays in a power system?,by performing protection coordination studies and fault analysis 
Engineering,Electrical Engineer,hard,How do you determine the stability of a multi-machine power system?,by using eigenvalue analysis and time domain simulations 
Engineering,Electrical Engineer,hard,How do you determine the required protection settings for a circuit breaker?,by considering fault currents  coordination with other breakers  and system voltage levels 
Engineering,Electrical Engineer,hard,How do you model load variations in a power system?,using historical data  predictive algorithms  and demand forecasting techniques 
Engineering,Electrical Engineer,hard,How do you determine the optimal frequency for wireless power transfer systems?,by analyzing resonance conditions  coupling efficiency  and power transfer distance 
Engineering,Electrical Engineer,hard,How do you model frequency-dependent losses in transmission lines?,by using distributed parameter models incorporating skin effect and dielectric losses 
Engineering,Electrical Engineer,hard,How do you perform a relay coordination study?,by analyzing fault currents  time current characteristics  and breaker coordination 
Engineering,Electrical Engineer,hard,How do you model and control harmonic resonance in industrial power systems?,by using tuned passive filters  active filters  and resonance damping techniques 
Engineering,Electrical Engineer,hard,How do you optimize the performance of a photovoltaic (solar) power system?,by maximizing panel orientation  using mppt controllers  and reducing shading effects 
Engineering,Electrical Engineer,hard,How do you design a protective relay coordination scheme?,by setting time delays  pickup currents  and coordination with upstream and downstream breakers 
Engineering,Electrical Engineer,hard,How do you optimize the power factor in an industrial plant?,by installing capacitor banks  synchronous condensers  and active power filters 
Engineering,Electrical Engineer,hard,How do you optimize the thermal management of power semiconductor devices?,by using heat sinks  liquid cooling  and thermally conductive materials 
Engineering,Electrical Engineer,hard,How do you perform a reliability analysis for a power distribution network?,by evaluating failure rates  mean time between failures  mtbf   and redundancy measures 
Engineering,Electrical Engineer,hard,How do you implement fault-tolerant control in an industrial automation system?,by using redundant sensors  failover logic  and real time fault detection algorithms 
Engineering,Electrical Engineer,hard,How do you implement grid-forming inverters for microgrids?,by controlling voltage and frequency independently for stable islanded operation 
Engineering,Electrical Engineer,hard,How do you minimize copper losses in transformers?,by optimizing winding design and using high efficiency conductors 
Engineering,Electrical Engineer,hard,How do you minimize electromagnetic interference (EMI) in electrical circuits?,by using shielding  proper grounding  and filtering techniques 
Engineering,Electrical Engineer,hard,How do you minimize power loss in transmission lines?,use high voltage  thick conductors  and proper insulation to reduce energy loss 
Engineering,Electrical Engineer,hard,How do you mitigate electromagnetic interference (EMI) in electrical circuits?,using shielding  twisted pair cables  ferrite cores  and proper grounding 
Engineering,Electrical Engineer,hard,How do you mitigate power quality issues caused by nonlinear loads?,using harmonic filters  phase balancing  and proper grounding techniques 
Engineering,Electrical Engineer,hard,How do you mitigate transient overvoltages in electrical networks?,by using surge arresters  snubber circuits  and proper grounding techniques 
Engineering,Electrical Engineer,hard,How do you mitigate voltage instability in long transmission lines?,by using facts devices  series capacitors  and synchronous condensers 
Engineering,Electrical Engineer,hard,How do you model and analyze ferroresonance in power transformers?,by using nonlinear differential equations and transient simulations 
Engineering,Electrical Engineer,hard,How do you model and analyze switching transients in power systems?,using electromagnetic transient simulation tools like pscad or emtp 
Engineering,Electrical Engineer,hard,How do you model and analyze transient overvoltage conditions in power networks?,by using electromagnetic transient simulation tools like atp emtp 
Engineering,Electrical Engineer,hard,How do you model and simulate transient stability in a large power system?,using differential equations  power system software  and real time simulations 
Engineering,Electrical Engineer,hard,How do you design a real-time fault detection system for a substation?,by integrating scada  iot sensors  and ai based predictive analytics 
Engineering,Electrical Engineer,hard,How do you analyze the efficiency of a three-phase induction motor?,by measuring input power  output power  and calculating losses 
Engineering,Electrical Engineer,hard,How do you design a resilient electrical grid against natural disasters?,by using distributed generation  microgrids  and underground power lines 
Engineering,Electrical Engineer,hard,How do you design a high-efficiency electric motor?,by optimizing core materials  winding techniques  and cooling systems 
Engineering,Electrical Engineer,hard,How do you design a high-efficiency inverter for solar applications?,by optimizing switching frequency  reducing losses  and using mppt algorithms 
Engineering,Electrical Engineer,hard,How do you design a high-efficiency power factor correction circuit?,by using active pfc controllers  low loss inductors  and advanced switching techniques 
Engineering,Electrical Engineer,hard,How do you design a high-frequency transformer for a DC-DC converter?,by optimizing core material selection  winding configuration  and minimizing losses 
Engineering,Electrical Engineer,hard,How do you design a lightning protection system for a high-voltage substation?,by using lightning rods  surge arresters  and proper grounding techniques 
Engineering,Electrical Engineer,hard,How do you design a lightning protection system?,by placing air terminals  down conductors  and proper grounding to safely dissipate strikes 
Engineering,Electrical Engineer,hard,How do you design a multi-level inverter for industrial applications?,by optimizing switching strategies and reducing total harmonic distortion  thd  
Engineering,Electrical Engineer,hard,How do you analyze and mitigate overvoltages in industrial power systems?,by using surge arresters  proper grounding  and transient suppression techniques 
Engineering,Electrical Engineer,hard,How do you analyze harmonic distortion in a three-phase system?,by using power quality analyzers and applying fourier analysis techniques 
Engineering,Electrical Engineer,hard,How do you analyze harmonic distortion in an electrical system?,using a power quality analyzer or spectrum analyzer to measure harmonic levels 
Engineering,Electrical Engineer,hard,How do you analyze power system oscillations and their impact on grid stability?,by using phasor measurement units  pmus  and small signal stability analysis 
Engineering,Electrical Engineer,hard,How do you analyze the impact of grid disturbances on industrial loads?,by using power quality analyzers  waveform analysis  and load modeling 
Engineering,Electrical Engineer,hard,How do you analyze transient overvoltages in electrical networks?,using simulation tools like pscad or emtp to model switching surges and lightning strikes 
Engineering,Electrical Engineer,hard,How do you assess and improve grid resilience against cyber threats?,by implementing network segmentation  intrusion detection systems  and encryption protocols 
Engineering,Electrical Engineer,hard,How do you assess the reliability of a power distribution system?,by using reliability indices like saifi  saidi  and caidi 
Engineering,Electrical Engineer,hard,How do you calculate short-circuit current in a power system?,by dividing system voltage by total impedance of the circuit 
Engineering,Electrical Engineer,hard,How do you optimize the operation of a gas-insulated substation (GIS)?,by ensuring proper gas pressure  insulation coordination  and routine maintenance 
Engineering,Electrical Engineer,hard,How do you design a fault-tolerant electrical distribution system?,by using redundancy  automatic switching  and backup power sources 
Engineering,Electrical Engineer,hard,How do you design a reliable electrical power system for a hospital?,using redundant power sources  ups systems  and emergency backup generators 
Engineering,Electrical Engineer,hard,How do you design a capacitor bank for industrial power factor correction?,by calculating reactive power demand and ensuring compatibility with load characteristics 
Engineering,Electrical Engineer,hard,How do you design a backup power system for a critical facility?,by using diesel generators  ups systems  and automatic transfer switches 
Engineering,Electrical Engineer,hard,How do you design a robust islanding detection system for distributed generation?,by implementing passive  active  and hybrid islanding detection methods 
Engineering,Electrical Engineer,hard,How do you design a solar photovoltaic (PV) system for a remote location?,by calculating load demand  selecting appropriate pv panels  inverters  and energy storage systems 
Engineering,Electrical Engineer,hard,How do you design a wireless power transfer system for electric vehicles?,by optimizing coil alignment  frequency tuning  and power efficiency 
Engineering,Electrical Engineer,hard,How do you design an earthing system for a large industrial facility?,by considering soil resistivity  grounding electrodes  and fault current handling capacity 
Engineering,Electrical Engineer,hard,How do you design an earthing system for a substation?,by determining soil resistivity  calculating the required grounding resistance  and designing a grid of conductors and rods to safely dissipate fault currents 
Engineering,Electrical Engineer,hard,How do you design an efficient control system for an electric vehicle charging station?,by optimizing load management  smart metering  and integrating renewable sources 
Engineering,Electrical Engineer,hard,How do you design an efficient electric power distribution network?,by analyzing load demand  transformer placement  and voltage drop limitations 
Engineering,Electrical Engineer,hard,How do you design an efficient electric power distribution system?,by optimizing conductor sizing  transformer placement  and load balancing 
Engineering,Electrical Engineer,hard,How do you design an efficient grounding system for an industrial plant?,by considering soil resistivity  electrode configuration  and fault current dissipation 
Engineering,Electrical Engineer,hard,How do you design an efficient multi-level inverter?,by optimizing switching strategies  minimizing harmonic distortion  and using efficient modulation techniques 
Engineering,Electrical Engineer,hard,How do you design an energy-efficient motor control system?,by using variable frequency drives  vfds   energy efficient motors  and power factor correction 
Engineering,Electrical Engineer,hard,How do you design an optimal protection system for a smart grid?,by integrating adaptive relays  digital fault recorders  and real time data monitoring 
Engineering,Electrical Engineer,hard,How do you conduct a short-circuit analysis for an industrial power system?,by calculating available fault currents  protective device settings  and system impedance 
Engineering,Electrical Engineer,hard,How do you conduct a short-circuit coordination study?,by analyzing fault currents  breaker settings  and system protection coordination 
Engineering,Electrical Engineer,hard,How do you conduct a thermal analysis of electrical components?,by using infrared thermography and thermal modeling to detect overheating components 
Engineering,Electrical Engineer,hard,How do you conduct an arc flash analysis for an industrial facility?,by evaluating fault current levels  clearing times  and using ppe recommendations 
Engineering,Electrical Engineer,hard,How do you design a DC microgrid for industrial applications?,by integrating renewable energy sources  energy storage  and bidirectional converters 
Engineering,Electrical Engineer,hard,How do you design a battery management system (BMS) for an electric vehicle?,by implementing cell balancing  thermal management  and state of charge monitoring 
Engineering,Electrical Engineer,hard,How do you optimize the layout of an industrial substation?,by considering load distribution  space constraints  and fault tolerance 
Engineering,Electrical Engineer,hard,What are the major challenges in designing a high-voltage direct current (HVDC) transmission system?,converter station complexity  cost  and system stability 
Engineering,Electrical Engineer,hard,How do you optimize the efficiency of an induction heating system?,by selecting proper coil design  optimizing frequency  and minimizing thermal losses 
Engineering,Electrical Engineer,hard,What is the impact of distributed generation on the traditional power grid?,it reduces transmission losses  enhances reliability  but can cause stability issues 
Engineering,Electrical Engineer,hard,What is the impact of harmonics on power quality?,harmonics cause overheating  voltage distortion  and reduced system efficiency 
Engineering,Electrical Engineer,hard,What is the role of a snubber circuit in power electronics?,a snubber circuit protects semiconductor devices from voltage spikes by absorbing excess energy 
Engineering,Electrical Engineer,hard,What is the significance of a three-phase power system?,three phase power provides a constant power flow  making it efficient for industrial applications 
Engineering,Electrical Engineer,hard,What are the key considerations in designing a high-voltage substation?,safety  insulation coordination  equipment ratings  and fault protection 
Engineering,Electrical Engineer,hard,What are the key considerations in designing a motor control center (MCC)?,load capacity  safety features  breaker coordination  and thermal management 
Engineering,Electrical Engineer,hard,What are the key design considerations for an electrical grounding system?,soil resistivity  grounding electrode placement  and fault current dissipation 
Engineering,Electrical Engineer,hard,What are the key design considerations for an offshore wind farm?,turbine selection  grid connection  weather conditions  and marine logistics 
Engineering,Electrical Engineer,hard,What are the key differences between solid-state and electromechanical relays?,solid state relays have no moving parts  higher reliability  and faster switching 
Engineering,Electrical Engineer,hard,What are the key factors affecting the design of power transformers for offshore wind farms?,voltage rating  insulation  corrosion resistance  and cooling mechanisms 
Engineering,Electrical Engineer,hard,What are the key factors affecting transformer inrush current?,residual flux  core saturation  and switching instant relative to the voltage waveform 
Engineering,Electrical Engineer,hard,What are the key parameters to consider in high-voltage insulation testing?,dielectric strength  leakage current  and resistance over time 
Engineering,Electrical Engineer,hard,What are the main advantages of using a superconducting transformer?,reduced losses  higher efficiency  and improved voltage regulation 
Engineering,Electrical Engineer,hard,What are the main challenges in designing a microgrid system?,integrating renewable energy  load balancing  and ensuring grid stability 
Engineering,Electrical Engineer,hard,What are the main considerations in designing a redundant power supply system?,load balancing  fault tolerance  automatic switching  and battery backup 
Engineering,Electrical Engineer,hard,What are the main considerations in designing a traction power supply for railways?,voltage selection  regenerative braking integration  and substation spacing 
Engineering,Electrical Engineer,hard,What are the main considerations when designing an electric vehicle fast-charging station?,power rating  grid integration  cooling systems  and demand management 
Engineering,Electrical Engineer,hard,What is the biggest challenge you have ever faced as an engineer?,fixing a critical power failure under tight deadlines without disrupting operations 
Engineering,Electrical Engineer,hard,What are the main losses in an electric motor and how can they be reduced?,losses include copper  iron  and mechanical losses  which can be reduced using high efficiency materials and design improvements 
Engineering,Electrical Engineer,hard,"What is a smart grid, and how does it improve power distribution?",a smart grid uses digital technology to optimize energy use  improve reliability  and integrate renewable sources 
Engineering,Electrical Engineer,hard,What factors influence the selection of a generator rating for an industrial plant?,load demand  power factor  startup inrush current  and redundancy requirements 
Engineering,Electrical Engineer,hard,Can you describe the working principle of a synchronous motor?,a synchronous motor operates at constant speed  synchronized with the supply frequency  using a rotating magnetic field 
Engineering,Electrical Engineer,hard,Can you explain the concept of power factor and its significance?,power factor is the ratio of real power to apparent power  a higher power factor indicates efficient utilization of electrical power 
Engineering,Electrical Engineer,hard,How do you analyze and mitigate flicker issues in industrial loads?,by using static var compensators  power factor correction  and voltage regulation techniques 
Engineering,Electrical Engineer,hard,How do you analyze and mitigate inrush current in transformers?,by using pre insertion resistors  controlled switching  or inrush current limiters 
Engineering,Electrical Engineer,hard,How do you calculate the power factor of an electrical system?,power factor is the ratio of real power to apparent power and indicates efficiency 
Engineering,Electrical Engineer,hard,How do you calculate the short-circuit current of a three-phase system?,by dividing the system voltage by the total impedance of the circuit 
Engineering,Electrical Engineer,hard,How do you conduct a black start analysis for a power plant?,by evaluating startup sequences  generator inertia  and grid synchronization requirements 
Engineering,Electrical Engineer,hard,How do you conduct a harmonic analysis for an industrial power system?,by using fourier analysis to identify harmonic distortion levels and sources 
Engineering,Electrical Engineer,hard,What is transient voltage and how can it be controlled?,transient voltage is a temporary voltage spike that can be controlled using surge protectors and filters 
Engineering,Electrical Engineer,hard,What methods are used to improve power factor in an industrial plant?,using capacitor banks  synchronous condensers  and phase advancers 
Engineering,Electrical Engineer,hard,What are the methods of speed control in DC motors?,speed control methods include varying the supply voltage  adjusting the field current  and using electronic controllers 
Engineering,Electrical Engineer,hard,What are the primary methods of power system stability improvement?,using synchronous condensers  reactive power compensation  and load shedding strategies 
Engineering,Electrical Engineer,hard,What are the safety precautions when working with high-voltage switchgear?,using ppe  following lockout tagout  loto  procedures  and ensuring proper grounding 
Engineering,Electrical Engineer,hard,What causes voltage fluctuation in a power system and how can it be controlled?,load variations  faulty connections  and reactive power imbalance  controlled by voltage regulators and capacitor banks 
Engineering,Electrical Engineer,hard,What factors affect the efficiency of a power transformer?,core losses  copper losses  load conditions  and temperature variations 
Engineering,Electrical Engineer,hard,What factors affect the efficiency of an electric motor?,core losses  copper losses  mechanical friction  and load conditions 
Engineering,Electrical Engineer,hard,What factors determine the selection of switchgear in an industrial facility?,voltage level  fault current rating  operating environment  and protection requirements 
Engineering,Electrical Engineer,hard,"What is a DC microgrid, and what are its benefits?",a dc microgrid distributes power without ac dc conversion losses  improving efficiency in renewable energy applications 
Engineering,Electrical Engineer,hard,How do you optimize the layout of a high-voltage substation?,by minimizing transmission losses  optimizing grounding  and ensuring safety clearances 
Engineering,Electrical Engineer,hard,What are the main protection schemes for transmission lines?,distance protection  differential protection  overcurrent protection  and pilot relaying schemes 
Engineering,Electrical Engineer,hard,What are the advantages of superconducting transmission lines?,they have zero resistance  reducing energy losses and allowing high power transfer 
Engineering,Electrical Engineer,hard,How do you select an appropriate relay for motor protection?,by considering motor size  fault conditions  and trip characteristics 
Engineering,Electrical Engineer,hard,How do you select an appropriate surge protection device for an industrial facility?,based on voltage rating  clamping voltage  response time  and discharge capacity 
Engineering,Electrical Engineer,hard,How do you select an appropriate transformer for a renewable energy application?,by considering voltage levels  power rating  and harmonic distortion from inverters 
Engineering,Electrical Engineer,hard,How do you select the appropriate wire size for a given electrical load?,wire size is selected based on current capacity  voltage drop  and environmental conditions 
Engineering,Electrical Engineer,hard,How do you size a capacitor bank for power factor correction?,by calculating reactive power requirements and ensuring it matches the system load 
Engineering,Electrical Engineer,hard,How do you test the insulation resistance of a cable?,an insulation resistance test uses a megohmmeter to measure resistance between conductors and ground 
Engineering,Electrical Engineer,hard,How do you troubleshoot a power distribution system fault?,by using thermal imaging  insulation resistance tests  and checking circuit protection devices 
Engineering,Electrical Engineer,hard,How does a digital relay differ from an electromechanical relay?,a digital relay uses microprocessors and software  offering higher precision and flexibility compared to mechanical relays 
Engineering,Electrical Engineer,hard,What are harmonics in electrical systems and how do they affect performance?,harmonics are unwanted frequencies that cause overheating  inefficiency  and equipment failure 
Engineering,Electrical Engineer,hard,"What are harmonics in electrical systems, and why are they a concern?",harmonics are voltage or current waveforms at multiples of the fundamental frequency  causing distortion  overheating  and equipment malfunction 
Engineering,Electrical Engineer,hard,How do you model transient stability in power systems?,using numerical simulations and swing equations to assess system response to disturbances 
Engineering,Electrical Engineer,hard,How do you motivate a team of engineers when a project is floundering?,i set clear goals  encourage collaboration  and focus on problem solving to keep momentum 
Engineering,Electrical Engineer,hard,How do you optimize battery management systems for electric vehicles?,by implementing active balancing  thermal management  and accurate state of charge estimation 
Engineering,Electrical Engineer,hard,How do you optimize energy consumption in an industrial facility?,by implementing energy efficient equipment  power factor correction  and demand side management 
Engineering,Electrical Engineer,hard,How do you optimize power dispatch in a microgrid?,by using demand side management  battery storage  and load forecasting algorithms 
Engineering,Electrical Engineer,hard,How do you optimize power dispatch in an interconnected power grid?,using economic dispatch algorithms and load flow analysis 
Engineering,Electrical Engineer,hard,How do you optimize the efficiency of a photovoltaic (solar) power system?,by using maximum power point tracking  mppt   proper orientation  and efficient inverters 
Engineering,Electrical Engineer,hard,How do you perform thermal analysis on a power cable?,by calculating heat dissipation  ambient conditions  and using thermal imaging techniques 
Engineering,Electrical Engineer,hard,What are the main technical challenges in offshore wind energy transmission?,high voltage dc transmission  cable losses  and grid integration 
Engineering,Electrical Engineer,hard,How do you perform relay coordination in a power protection system?,by using time current characteristic curves and fault current analysis 
Engineering,Electrical Engineer,hard,How do you perform fault analysis in a power system?,using symmetrical components and short circuit calculations to identify fault locations 
Engineering,Electrical Engineer,hard,What are the advantages of using a high-impedance transformer differential protection scheme?,it improves sensitivity to internal faults while rejecting external faults and transients 
Engineering,Electrical Engineer,hard,What are the causes and effects of corona discharge in transmission lines?,corona discharge occurs due to ionization of air around conductors at high voltage  leading to power loss  noise  and electromagnetic interference 
Engineering,Electrical Engineer,hard,What are the challenges in designing a power distribution network for data centers?,high availability  redundancy  cooling requirements  and ups integration 
Engineering,Electrical Engineer,hard,What are the challenges in integrating distributed generation into the power grid?,voltage fluctuations  reverse power flow  and protection coordination issues 
Engineering,Electrical Engineer,hard,What are the challenges of integrating battery storage with renewable energy sources?,battery degradation  charge discharge efficiency  and grid synchronization 
Engineering,Electrical Engineer,hard,What are the challenges of integrating renewable energy into the grid?,intermittency  grid stability  and synchronization with conventional generation 
Engineering,Electrical Engineer,hard,What are the common causes of transformer failure?,overloading  insulation breakdown  moisture  overheating  and electrical faults 
Engineering,Electrical Engineer,hard,What are the considerations in designing an efficient electric vehicle (EV) charging system?,charging speed  grid integration  battery health  and thermal management 
Engineering,Electrical Engineer,hard,What are the considerations when designing a superconducting power cable?,cooling requirements  current density  and cryogenic insulation 
Engineering,Electrical Engineer,hard,What are the different grounding techniques used in substations?,solid grounding  resistance grounding  reactance grounding  and isolated grounding 
Engineering,Electrical Engineer,hard,What are the different methods of improving voltage stability in a power grid?,using capacitor banks  static var compensators  svcs   and synchronous condensers 
Engineering,Electrical Engineer,hard,What are the different types of DC-DC converters and their applications?,buck  boost  and buck boost converters used in power regulation and battery management 
Engineering,Electrical Engineer,hard,What are the different types of load shedding schemes in power systems?,under frequency load shedding  voltage based load shedding  and priority based load shedding 
Engineering,Electrical Engineer,hard,What are the effects of overloading an electrical transformer?,increased losses  overheating  insulation breakdown  and reduced lifespan 
Engineering,Electrical Engineer,hard,What are the key considerations for designing an energy storage system for grid applications?,battery chemistry  charge discharge cycles  power conversion efficiency  and scalability 
Engineering,Electrical Engineer,hard,How do you perform a short-circuit analysis in power systems?,by calculating the prospective fault currents 
Engineering,Electrical Engineer,hard,How do you perform a transient stability analysis for a power grid?,by modeling generators  loads  and transmission lines under fault conditions 
Engineering,Electrical Engineer,hard,How do you perform load flow analysis in a power system?,using numerical methods such as newton raphson or gauss seidel to determine voltage and power flow 
Engineering,Network Engineer,hard,"What are the maximum networks and hosts in Class A, B, and C networks?",class a      networks             hosts  class b         networks         hosts  class c            networks      hosts 
Engineering,Mechanical Engineer,hard,"What is a stress-strain curve, and what are its key points?",a stress strain curve represents material behavior under load  showing yield strength  ultimate tensile strength  and fracture points 
Engineering,Mechanical Engineer,hard,Why is a torsion beam suspension used in compact cars?,torsion beam suspension provides a cost effective  space saving  and lightweight alternative for rear wheel suspension in small cars 
Engineering,Network Engineer,hard,How do you configure and troubleshoot a site-to-site IPsec VPN?,verify phase   and   configurations  check encryption settings  ensure nat traversal is enabled  and debug logs for error diagnosis 
Engineering,Network Engineer,hard,"What is Segment Routing (SRv6), and how does it improve network efficiency?",srv  uses ipv  addresses to encode network paths  eliminating the need for traditional mpls label switching 
Engineering,Network Engineer,hard,How do you ensure redundancy in a large-scale data center network?,use dual homed connections  redundant power supplies  vrrp/hsrp  multiple isps  and load balancing 
Engineering,Network Engineer,hard,How do you troubleshoot high CPU usage on a core router?,analyze process utilization  check routing table size  optimize acls  reduce logging overhead  and upgrade hardware if needed 
Engineering,Network Engineer,hard,"What is a blackhole route, and when would you use it?",a blackhole route is a null route that discards traffic to prevent network loops  mitigate ddos attacks  or block unwanted ips 
Engineering,Network Engineer,hard,"What is MPLS-TE (Traffic Engineering), and why is it beneficial?",mpls te optimizes network traffic flow by dynamically selecting paths based on bandwidth availability and network constraints 
Engineering,Network Engineer,hard,How does MACsec (Media Access Control Security) protect network communications?,macsec encrypts ethernet frames at layer    securing data in transit from eavesdropping and tampering 
Engineering,Network Engineer,hard,What is the role of PIM (Protocol Independent Multicast) in multicast networking?,pim enables efficient routing of multicast traffic by dynamically building distribution trees based on receiver needs 
Engineering,Network Engineer,hard,What is the difference between anycast and unicast routing?,unicast sends data to a single destination  while anycast routes traffic to the closest available node based on routing metrics 
Engineering,Network Engineer,hard,How do you configure micro-segmentation in a data center?,use vlans  vxlan  acls  or sdn policies to enforce granular security controls at the workload level 
Engineering,Network Engineer,hard,"What is SR-MPLS, and how does it differ from traditional MPLS?",sr mpls  segment routing mpls  eliminates ldp  using source routed label stacks for simpler and scalable traffic engineering 
Engineering,Network Engineer,hard,How do you design a network for IoT deployments?,use low power networks  lpwan   enable device authentication  implement network segmentation  and optimize for scalability 
Engineering,Network Engineer,hard,What are the advantages of using gNMI for network automation?,gnmi provides structured  real time telemetry data and supports configuration changes using a standardized grpc based api 
Engineering,Network Engineer,hard,How do you optimize WAN performance in a high-latency environment?,use wan optimization appliances  enable tcp acceleration  implement sd wan with application aware routing  and deploy forward error correction  fec  
Engineering,Network Engineer,hard,What are the differences between LDP (Label Distribution Protocol) and RSVP (Resource Reservation Protocol) in MPLS?,ldp assigns labels for basic mpls forwarding  while rsvp is used for traffic engineering and bandwidth reservation 
Engineering,Network Engineer,hard,"What is LISP (Locator/ID Separation Protocol), and how does it enhance routing?",lisp separates identity  device id  from location  ip address   improving mobility and scalability in large networks 
Engineering,Network Engineer,hard,Can you explain MPLS Traffic Engineering (MPLS-TE) and why it is used?,mpls te optimizes data flow across a network by creating predefined paths  ensuring efficient bandwidth usage and reducing congestion 
Engineering,Network Engineer,hard,How does ECMP (Equal-Cost Multi-Path) routing work?,ecmp allows traffic to be distributed across multiple paths of equal cost to improve redundancy and load balancing 
Engineering,Network Engineer,hard,"What is BGP Flowspec, and how is it used for DDoS mitigation?",bgp flowspec enables real time traffic filtering via bgp updates  allowing networks to block malicious traffic dynamically 
Engineering,Network Engineer,hard,How do you optimize BGP performance in large-scale networks?,use route summarization  filter unnecessary routes  implement bgp communities  and configure proper as path prepending 
Engineering,Network Engineer,hard,"What is EVPN, and how does it improve Layer 2 extension?",evpn  ethernet vpn  provides scalable and efficient layer   extension over mpls or vxlan networks using mp bgp 
Engineering,Network Engineer,hard,"What are MTU and MSS, and how do they affect network performance?",mtu  maximum transmission unit  defines packet size limits  while mss  maximum segment size  specifies tcp payload size  impacting fragmentation 
Engineering,Network Engineer,hard,"How does segment routing (SR) work, and why is it beneficial?",sr simplifies routing by encoding paths into packets  improving traffic engineering and reducing network state overhead 
Engineering,Network Engineer,hard,How do you configure high availability in a network using VRRP or HSRP?,configure virtual ips  prioritize active and standby routers  and ensure failover settings for redundancy 
Engineering,Network Engineer,hard,What are the key differences between LAG (Link Aggregation) and MLAG (Multi-Chassis Link Aggregation)?,lag aggregates links between two devices  while mlag allows link aggregation across multiple chassis for higher redundancy 
Engineering,Network Engineer,hard,How do you design a disaster recovery (DR) plan for a corporate network?,include data backups  failover strategies  redundant paths  alternative data centers  and regular dr testing 
Engineering,Network Engineer,hard,What is the difference between an L3VPN and L2VPN in MPLS?,l vpn routes layer   traffic between sites using vrfs  while l vpn extends layer   connectivity across an mpls backbone 
Engineering,Network Engineer,hard,How does BFD (Bidirectional Forwarding Detection) improve network stability?,bfd provides rapid link failure detection  allowing routing protocols to converge faster in case of failures 
Engineering,Network Engineer,hard,How would you troubleshoot high CPU utilization on a core router?,identify the process consuming cpu  optimize acls  reduce logging  limit route advertisements  and check for denial of service attacks 
Engineering,Network Engineer,hard,How do you configure traffic engineering in an MPLS network?,use rsvp te or segment routing to create explicit paths  adjust traffic metrics  and optimize network congestion handling 
Engineering,Network Engineer,hard,What is the role of PCEP (Path Computation Element Protocol) in network automation?,pcep enables centralized path computation for traffic engineering in sdn and mpls networks 
Engineering,Network Engineer,hard,How do you configure an SDN controller to automate network policies?,use apis like rest or gnmi  define intent based policies  implement netconf/yang models  and integrate with orchestration tools 
Engineering,Network Engineer,hard,"What is EVPN-VXLAN, and how does it improve data center networking?",evpn vxlan enables scalable layer   connectivity over layer   networks  providing multi tenancy and efficient traffic handling 
Engineering,Network Engineer,hard,How would you troubleshoot an intermittent network connectivity issue?,check logs for patterns  use ping and traceroute  monitor network traffic  test cables  and isolate devices to narrow down the cause 
Engineering,Network Engineer,hard,How does CoS (Class of Service) differ from QoS?,cos categorizes traffic at layer   using      p markings  while qos applies broader traffic management techniques across layer   and layer   
Engineering,Network Engineer,hard,What is the significance of BGP MED (Multi-Exit Discriminator)?,bgp med is an optional attribute used to influence inbound routing decisions between multiple bgp peers 
Engineering,Network Engineer,hard,"What are the differences between full-mesh, partial-mesh, and hub-and-spoke topologies?",full mesh provides redundant paths between all nodes  partial mesh connects select nodes  and hub and spoke centralizes communication 
Engineering,Network Engineer,hard,How does Anycast improve network performance and resilience?,anycast routes traffic to the nearest node in a distributed system  reducing latency and providing redundancy 
Engineering,Network Engineer,hard,"What is Cloudflare Magic Transit, and how does it enhance network security?",magic transit protects networks from ddos attacks by rerouting traffic through cloudflare s global infrastructure for mitigation 
Engineering,Network Engineer,hard,How do you diagnose a high CPU usage issue on a network device?,check process utilization  review interface statistics  inspect routing table sizes  disable unnecessary logging  and optimize acl processing 
Engineering,Network Engineer,hard,How does OpenFlow enable SDN programmability?,openflow allows controllers to dictate flow rules directly to switches  enabling dynamic traffic management and automation 
Engineering,Network Engineer,hard,How would you optimize multicast traffic in a large enterprise network?,use igmp snooping  pim sparse mode  multicast boundary filtering  and tune ttl settings for optimal performance 
Engineering,Network Engineer,hard,What are the key considerations when designing a high-availability data center network?,redundant links  diverse isps  failover mechanisms  load balancing  and disaster recovery planning 
Engineering,Network Engineer,hard,How would you detect and mitigate an SSL stripping attack?,use hsts  http strict transport security   enforce tls encryption  and monitor for downgraded connections 
Engineering,Network Engineer,hard,What are the major differences between MPLS L3 VPN and MPLS L2 VPN?,l  vpn operates at the ip layer and uses vrfs  while l  vpn extends ethernet services across mpls backbones 
Engineering,Network Engineer,hard,How does 802.1X authentication enhance network security?,     x enforces user authentication before granting network access  often integrated with radius servers 
Engineering,Network Engineer,hard,How does an IPv6 ND (Neighbor Discovery) protocol work?,ipv  nd replaces arp and provides address resolution  router discovery  and duplicate address detection 
Engineering,Network Engineer,hard,How would you prevent OSPF neighbor flapping issues?,check mtu mismatches  stabilize link state advertisements  increase dead intervals  and ensure consistent authentication settings 
Engineering,Network Engineer,hard,How does MPLS Fast Reroute (FRR) enhance network reliability?,mpls frr pre computes backup paths to rapidly reroute traffic in case of link failure  reducing downtime 
Engineering,Network Engineer,hard,"What are the differences between static, dynamic, and default routes?",static routes are manually defined  dynamic routes are learned via routing protocols  and default routes serve as a catch all for unspecified destinations 
Engineering,Network Engineer,hard,"What is segment routing, and how does it improve network efficiency?",segment routing enables source based path control using label stacks  reducing dependency on network state and improving scalability 
Engineering,Network Engineer,hard,What are the key advantages of using IPv6 over IPv4?,ipv  provides a larger address space  improved security  auto configuration capabilities  and more efficient routing 
Engineering,Network Engineer,hard,How do you secure BGP peering sessions?,use md  authentication  filter prefixes  limit accepted as paths  implement route validation with rpki  and enable ttl security 
Engineering,Network Engineer,hard,What are the benefits of using MPLS TE (Traffic Engineering)?,mpls te allows dynamic path selection  congestion avoidance  and bandwidth guarantees for critical applications 
Engineering,Network Engineer,hard,How do you troubleshoot intermittent packet drops in a network?,check interface counters  monitor logs  use packet capture tools  verify qos policies  and analyze congestion points 
Engineering,Network Engineer,hard,"What are the security implications of BGP hijacking, and how can it be prevented?",bgp hijacking redirects traffic maliciously  prevention includes rpki  route filtering  and monitoring route advertisements 
Engineering,Network Engineer,hard,How do you configure multi-homed BGP for redundancy?,use different isps  apply route filtering  set as path prepending  and use local preference attributes 
Engineering,Network Engineer,hard,How does TCP slow start work in congestion control?,tcp slow start increases the congestion window exponentially until packet loss occurs  optimizing data flow efficiency 
Engineering,Network Engineer,hard,How does ECMP (Equal-Cost Multi-Path) routing work?,ecmp allows multiple equal cost routes for traffic distribution  improving load balancing and fault tolerance 
Engineering,Network Engineer,hard,How does MACsec (Media Access Control Security) enhance network security?,macsec provides layer   encryption for ethernet traffic  protecting against eavesdropping and tampering 
Engineering,Network Engineer,hard,How do you automate network configuration management?,use tools like ansible  terraform  or cisco dna center to standardize configurations and reduce manual errors 
Engineering,Network Engineer,hard,How do you configure an HA (High Availability) solution for an enterprise firewall?,use active tandby or active/active clustering  synchronize configurations  enable stateful failover  and configure health monitoring 
Engineering,Network Engineer,hard,How do you mitigate BGP route hijacking?,use rpki for route validation  implement route filters  set bgp ttl security  and configure max prefix limits 
Engineering,Network Engineer,hard,What is the difference between network slicing in 5G and traditional VLANs?,network slicing provides end to end logical segmentation with guaranteed qos  whereas vlans segment traffic at layer   without qos enforcement 
Engineering,Network Engineer,hard,What are the key challenges in multi-cloud networking?,challenges include ensuring consistent security policies  inter cloud latency  dynamic routing complexity  and cost optimization 
Engineering,Network Engineer,hard,How do you configure an SD-WAN solution to prioritize critical applications?,use application aware routing  configure qos policies  define dscp markings  and implement policy based path selection 
Engineering,Network Engineer,hard,How do you automate VLAN deployment across multiple switches?,use tools like ansible  netconf  or python scripts with rest apis to configure vlans consistently 
Engineering,Network Engineer,hard,What are the challenges of deploying IPv6 in an existing IPv4 network?,challenges include address compatibility  dual stack implementation  transition mechanisms  and potential routing complexity 
Engineering,Network Engineer,hard,What is the role of a network fabric in a data center?,a network fabric interconnects switches and servers in a spine leaf architecture  improving scalability and redundancy 
Engineering,Network Engineer,hard,What are the main components of a Zero Trust security model?,zero trust requires continuous authentication  least privilege access  micro segmentation  and strict policy enforcement 
Engineering,Network Engineer,hard,What are the benefits of using EVPN-VXLAN over traditional VLANs?,evpn vxlan enables layer   extension over layer    providing better scalability and multi tenancy support 
Engineering,Network Engineer,hard,What is route poisoning in distance vector routing protocols?,route poisoning is a technique where unreachable routes are marked with an infinite metric to prevent loops 
Engineering,Network Engineer,hard,"What is a GRE tunnel, and how does it compare to IPsec?",a gre tunnel encapsulates packets for transport  while ipsec provides encryption for secure communication 
Engineering,Network Engineer,hard,"What is a route reflector in BGP, and why is it used?",a route reflector allows ibgp sessions to scale without full mesh peering  reducing the number of required connections 
Engineering,Network Engineer,hard,What is the impact of asymmetric routing in a firewall deployment?,asymmetric routing can cause issues with stateful firewalls  requiring techniques like connection mirroring or stateless rule adjustments 
Engineering,Network Engineer,hard,How does BGP dampening help prevent route flapping?,bgp dampening penalizes unstable routes  suppressing frequent updates until the route stabilizes 
Engineering,Network Engineer,hard,How does FEC (Forward Error Correction) improve network reliability?,fec adds redundant data to transmissions  allowing error recovery at the receiver without retransmission 
Engineering,Network Engineer,hard,How do you configure a BGP community string to influence inbound routing?,use bgp communities to tag prefixes  apply route maps to manipulate as path prepending or med values  and ensure compliance with provider policies 
Engineering,Network Engineer,hard,What are the challenges of implementing an SDN-based network?,challenges include interoperability with legacy hardware  security risks in centralized control  and performance bottlenecks in sdn controllers 
Engineering,Network Engineer,hard,What are the key differences between MPLS L2VPN and L3VPN?,l vpn extends layer   connectivity across mpls networks  while l vpn routes layer   traffic using vrfs and bgp for multi tenancy 
Engineering,Network Engineer,hard,Explain clustering support.,clustering allows multiple servers to operate as a fault tolerant group  ensuring continuity in case one server fails 
Engineering,Network Engineer,hard,What is the difference between MPLS LDP and RSVP-TE for label distribution?,ldp provides label distribution for best effort traffic  while rsvp te allows explicit path control with resource reservation 
Engineering,Network Engineer,hard,What is the difference between CSMA/CD and CSMA/CA?,csma/cd detects collisions and retransmits data  while csma/ca avoids collisions by broadcasting intent before transmission 
Engineering,Network Engineer,hard,What are the different technologies used to establish WAN links?,analog  phone lines   digital  high speed lines   and switched  multiple network links  
Engineering,Network Engineer,hard,Which protocols fall under the TCP/IP Internet Layer?,icmp  igmp  ip  and arp are part of the tcp/ip internet layer 
Engineering,Network Engineer,hard,What is the RSA algorithm?,rsa  rivest shamir adleman  is a widely used public key encryption algorithm 
Engineering,Network Engineer,hard,What is mesh topology?,mesh topology connects each device directly to all other devices  offering high fault tolerance 
Engineering,Network Engineer,hard,What is the maximum segment length of a 100Base-FX network?,   base fx supports     meters per segment  with a maximum network length of   km 
Engineering,Network Engineer,hard,How do you troubleshoot an SDN controller communication failure?,check the api status  inspect tls/ssl certificates  verify network reachability  and analyze log files for errors 
Engineering,Network Engineer,hard,What is the importance of encryption on a network?,encryption converts data into unreadable code to protect it from unauthorized access 
Engineering,Network Engineer,hard,What are proxy servers and how do they protect computer networks?,proxy servers prevent external users from identifying internal network ip addresses  enhancing security 
Engineering,Network Engineer,hard,What is the importance of implementing a Fault Tolerance System? Are there limitations?,fault tolerance ensures data availability by eliminating single points of failure but cannot prevent accidental deletions 
Engineering,Network Engineer,hard,What is DoS?,dos  denial of service  is an attack that prevents users from accessing network services by overloading servers 
Engineering,Network Engineer,hard,What network protocols does Windows RRAS support?,windows rras supports netbeui  tcp/ip  and ipx protocols 
Engineering,Network Engineer,hard,What advantages does fiber optics have over other media?,fiber optics offers higher bandwidth  minimal signal loss  and is less susceptible to electrical interference 
Engineering,Network Engineer,hard,What is ICMP?,icmp  internet control message protocol  handles error messaging and diagnostics in tcp/ip networks  used in tools like ping 
Engineering,Network Engineer,hard,How many network IDs are in a Class C network?,a class c network has           network ids and     usable host ids per network 
Engineering,Network Engineer,hard,What is the main job of ARP?,arp  address resolution protocol  maps an ip address to a mac address 
Engineering,Network Engineer,hard,What is SLIP?,slip  serial line interface protocol  is an outdated protocol for remote access over serial lines 
Engineering,Network Engineer,hard,"How does a firewall handle asymmetric routing, and what challenges does it introduce?",stateful firewalls track session states  so asymmetric paths can break connections  solutions include enabling asymmetric routing support or using stateless acls 
Engineering,Network Engineer,hard,How do you troubleshoot an SD-WAN performance issue?,check path selection policies  verify qos settings  monitor wan link utilization  and inspect packet loss and jitter metrics 
Engineering,Network Engineer,hard,How does gNMI enhance network automation?,gnmi provides a structured  real time telemetry framework  enabling device configuration and state monitoring over a standardized api 
Engineering,Network Engineer,hard,How does Segment Routing Traffic Engineering (SR-TE) improve routing efficiency?,sr te eliminates ldp and rsvp dependencies  encoding path information in packet headers for simpler and more scalable traffic engineering 
Engineering,Network Engineer,hard,How do you design a resilient data center interconnect (DCI)?,use redundant links  implement bgp for route failover  enable evpn vxlan  and configure qos to prioritize critical applications 
Engineering,Network Engineer,hard,How does VXLAN differ from traditional VLANs?,vxlan extends layer   networks over layer   using encapsulation  providing better scalability and support for large scale multi tenant environments 
Engineering,Network Engineer,hard,How do you ensure secure communication between microservices in a Kubernetes cluster?,use service mesh solutions like istio  enforce mutual tls  mtls   implement network policies  and apply role based access control  rbac  
Engineering,Network Engineer,hard,What is the main purpose of OSPF?,ospf  open shortest path first  is a link state routing protocol that determines the best path for data 
Engineering,Network Engineer,hard,What is the equivalent layer or layers of the TCP/IP Application layer in terms of OSI reference model?,the tcp/ip application layer corresponds to the osi application  presentation  and session layers 
Engineering,Network Engineer,hard,"What is Segment Routing TI-LFA, and how does it improve network resilience?",ti lfa provides fast reroute by pre computing backup paths  reducing link failure recovery time to sub    milliseconds 
Engineering,Network Engineer,hard,How does EVPN with VXLAN enhance multi-tenant network segmentation?,evpn vxlan provides scalable layer  /  segmentation  allowing efficient multi tenancy and workload mobility across data centers 
Engineering,Network Engineer,hard,How does RSVP-TE (Resource Reservation Protocol-Traffic Engineering) work in MPLS networks?,rsvp te sets up label switched paths  lsps  by reserving bandwidth dynamically for specific traffic flows 
Engineering,Network Engineer,hard,What are the challenges of implementing a dual-homed BGP multihoming setup?,challenges include asymmetric routing  isp path selection  route filtering complexity  and failover considerations 
Engineering,Network Engineer,hard,"What is zero-trust security, and how does it apply to networking?",zero trust security requires strict identity verification for every user and device attempting to access network resources  minimizing security risks 
Engineering,Network Engineer,hard,How does a honeypot improve network security?,a honeypot is a decoy system designed to attract attackers  helping administrators analyze and prevent real threats 
Engineering,Network Engineer,hard,"What is OSPF (Open Shortest Path First), and how does it work?",ospf is a link state routing protocol that calculates the shortest path based on network topology updates 
Engineering,Network Engineer,hard,Can you explain what route summarization is and why it’s important?,route summarization reduces routing table size and improves efficiency by grouping contiguous ip addresses into a single route 
Engineering,Network Engineer,hard,"What is BGP peering, and why is it important in large-scale networks?",bgp peering establishes connections between autonomous systems to exchange routing information  ensuring optimal internet connectivity 
Engineering,Network Engineer,hard,What are the differences between GRE and IPsec tunnels?,gre tunnels encapsulate packets without encryption  while ipsec tunnels provide secure  encrypted communication 
Engineering,Network Engineer,hard,How do you optimize VoIP performance on a network?,use qos policies  prioritize voip traffic  reduce latency  and ensure sufficient bandwidth 
Engineering,Network Engineer,hard,"How does network congestion occur, and what are the best ways to mitigate it?",network congestion occurs due to high traffic loads  mitigation includes qos  traffic shaping  and bandwidth allocation 
Engineering,Network Engineer,hard,How do you implement redundancy in an enterprise network?,use multiple isps  redundant links  load balancing  failover clustering  and backup power supplies 
Engineering,Network Engineer,hard,How would you handle a large-scale DDoS attack on a corporate network?,implement rate limiting  use ddos mitigation services  enable firewalls  and filter traffic at isp level 
Engineering,Electrical Engineer,hard,How do you calculate the arc flash energy level for electrical equipment?,using ieee      formulas based on fault current  system voltage  and clearing time 
Engineering,Network Engineer,hard,What are some best practices for securing a wireless network?,use wpa  encryption  disable wps  implement mac filtering  hide ssid  and enable network segmentation 
Engineering,Network Engineer,hard,"What is VXLAN, and why is it used in modern networks?",vxlan extends layer   networks over layer   infrastructure using encapsulation  improving scalability in large data centers 
Engineering,Network Engineer,hard,How does RSVP-TE differ from Segment Routing in traffic engineering?,rsvp te establishes explicit paths using signaling  while segment routing embeds path information in packet headers for simpler and more scalable control 
Engineering,Network Engineer,hard,What is the role of P4 (Programming Protocol-independent Packet Processors) in SDN?,p  allows network devices to be programmed dynamically  enabling flexible packet processing and flow control in sdn architectures 
Engineering,Network Engineer,hard,"What is network convergence, and why is it important?",network convergence integrates multiple services  data  voice  video  onto a single network  improving efficiency and reducing costs 
Engineering,Network Engineer,hard,How do you implement automated configuration management for network devices?,use ansible  terraform  or python scripts with apis to push configurations  enforce consistency  and reduce manual errors 
Engineering,Network Engineer,hard,"What is BGP PIC (Prefix Independent Convergence), and how does it improve failover?",bgp pic pre installs backup paths in hardware  reducing failover time to milliseconds in case of link failures 
Engineering,Network Engineer,hard,How do you troubleshoot an intermittent OSPF adjacency issue?,verify mtu size  ensure authentication matches  check ospf timers  inspect mismatched network types  and analyze lsas 
Engineering,Network Engineer,hard,How does SRv6 (Segment Routing over IPv6) improve network scalability?,srv  eliminates mpls labels  encoding path information directly into ipv  headers for simplified and flexible routing 
Engineering,Network Engineer,hard,What is the difference between iBGP and eBGP in terms of route advertisement?,ibgp requires full mesh connectivity or route reflectors  while ebgp operates between ases and typically advertises only customer routes 
Engineering,Network Engineer,hard,"What is CIDR (Classless Inter-Domain Routing), and why is it used?",cidr is a method for allocating ip addresses without fixed class boundaries  improving ip address efficiency and reducing routing table size 
Engineering,Network Engineer,hard,What are the differences between IPv4 and IPv6?,ipv  uses    bit addresses and supports about     billion unique addresses  whereas ipv  uses     bit addresses  allowing a virtually unlimited number of devices to connect 
Engineering,Network Engineer,hard,How would you secure a network? What measures would you implement?,security measures include firewalls  intrusion detection systems  encryption  strong authentication  and regular software updates 
Engineering,Network Engineer,hard,"What is BGP (Border Gateway Protocol), and why is it important?",bgp is a routing protocol that manages how data is transmitted between autonomous systems on the internet  ensuring network stability 
Engineering,Network Engineer,hard,"What is MPLS (Multiprotocol Label Switching), and how does it work?",mpls speeds up data traffic by directing packets using labels instead of ip lookups  improving efficiency and qos 
Engineering,Network Engineer,hard,How would you design a network for a new office location? What factors would you consider?,factors include network topology  bandwidth requirements  security policies  scalability  redundancy  and cost effectiveness 
Engineering,Network Engineer,hard,Describe a challenging network problem you faced and how you resolved it.,answers may vary  but troubleshooting would involve detailed analysis  isolation of issues  and implementing a long term solution 
Engineering,Network Engineer,hard,What is the purpose of QoS (Quality of Service) in networking?,qos prioritizes network traffic to ensure reliable performance for critical applications like voip  video streaming  and real time communication 
Engineering,Network Engineer,hard,Can you explain the concept of SDN (Software-Defined Networking)?,sdn separates the network control plane from the forwarding plane  allowing centralized control and programmability of network resources 
Engineering,Network Engineer,hard,"What is network segmentation, and what are its benefits?",network segmentation divides a network into smaller parts to enhance security  performance  and reduce the attack surface for threats 
Engineering,Network Engineer,hard,What is the difference between transport mode and tunnel mode in IPsec?,transport mode encrypts only the payload  while tunnel mode encrypts the entire packet  including headers 
Engineering,Network Engineer,hard,How does MACsec enhance security in an enterprise network?,macsec encrypts layer   frames to protect against eavesdropping and unauthorized data access on wired networks 
Engineering,Network Engineer,hard,How do you detect and mitigate a spanning tree BPDU attack?,enable bpdu guard  root guard  and portfast on edge ports to prevent rogue switches from influencing spanning tree topology 
Engineering,Network Engineer,hard,How does OpenConfig improve network automation?,openconfig standardizes network device configuration using yang models  enabling vendor agnostic automation 
Engineering,Mechanical Engineer,hard,What is the purpose of a twin-scroll turbocharger?,a twin scroll turbocharger reduces turbo lag and improves efficiency by separating exhaust pulses for optimized turbine performance 
Engineering,Network Engineer,hard,How do you optimize SD-WAN performance for cloud-based applications?,implement application aware routing  enable traffic prioritization  use dynamic path selection  and optimize wan acceleration 
Engineering,Network Engineer,hard,What is eVPN and why is it preferred over traditional L2VPN solutions?,evpn uses mp bgp for control plane signaling  providing better scalability  multi tenancy support  and integration with vxlan for data center interconnects 
Engineering,Mechanical Engineer,hard,Explain the different types of tool wear.,types include flank wear  crater wear  built up edge  and chipping  caused by friction  heat  and mechanical stress 
Engineering,Mechanical Engineer,hard,What is AOQ?,average outgoing quality  aoq  is the expected quality level of outgoing batches after inspection 
Engineering,Mechanical Engineer,hard,What is the 3-2-1 principle?,a principle in fixture design where   points locate a surface    points define an edge  and   point prevents rotation 
Engineering,Mechanical Engineer,hard,What is angle of bite?,it is the angle at which metal enters rolling mills for deformation 
Engineering,Mechanical Engineer,hard,What will be the induced stress in a bar?,stress   force / area 
Engineering,Mechanical Engineer,hard,How to convert from HP to BHP or CC to BHP?,  hp         bhp  cc to bhp varies by engine efficiency 
Engineering,Mechanical Engineer,hard,Explain the working principle of an orifice meter.,an orifice meter measures fluid flow rate by creating a pressure drop across a small opening in a pipe 
Engineering,Mechanical Engineer,hard,Why does a petrol engine give more power than a diesel engine even though a diesel engine has a high compression ratio?,petrol engines operate at higher rpms with better fuel air mixing 
Engineering,Mechanical Engineer,hard,Why is a mechanical seal used in pumps?,to prevent leakage and maintain efficiency 
Engineering,Mechanical Engineer,hard,Who stated that the ratio of emissive to absorption power of heat by a body is equal to heat emitted by a perfect black body?,kirchhoff s law of thermal radiation 
Engineering,Mechanical Engineer,hard,Why is the COP of CO₂ gas low and still used in transport refrigeration?,co  has a lower cop due to high operating pressures but is used for its environmental benefits and safety 
Engineering,Mechanical Engineer,hard,How are compressors selected based on the type of refrigerant?,compressors are chosen based on refrigerant properties like pressure  temperature range  and chemical compatibility 
Engineering,Mechanical Engineer,hard,What is the difference between Static Load carrying capacity & Dynamic Load carrying capacity?,static load capacity is the maximum load a bearing can support without deformation  while dynamic load capacity is its ability to withstand continuous motion 
Engineering,Mechanical Engineer,hard,What is Low cycle fatigue failure and High cycle fatigue failure? What are considerations of these while designing a machine?,low cycle fatigue occurs under high stress for fewer cycles  while high cycle fatigue happens under lower stress but over many cycles  requiring different design approaches 
Engineering,Mechanical Engineer,hard,Why do we need to know the specific frequency of any equipment?,to avoid resonance and failure due to vibrations 
Engineering,Mechanical Engineer,hard,What is the purpose of a slip joint in piping systems?,a slip joint allows axial movement due to thermal expansion  preventing stress buildup in pipelines 
Engineering,Mechanical Engineer,hard,What are the advantages of ceramic bearings over metal bearings?,ceramic bearings offer lower friction  higher temperature resistance  and better wear properties 
Engineering,Mechanical Engineer,hard,What is the difference between ductile and brittle fracture?,ductile fracture involves significant plastic deformation  while brittle fracture occurs with minimal deformation and sudden failure 
Engineering,Mechanical Engineer,hard,What is the function of a bypass valve in an oil filter?,a bypass valve allows oil to flow if the filter is clogged  preventing engine starvation 
Engineering,Mechanical Engineer,hard,Explain the difference between heat exchanger effectiveness and efficiency.,effectiveness measures actual heat transfer compared to the maximum possible  while efficiency measures energy conservation 
Engineering,Mechanical Engineer,hard,What is the function of a heat pipe?,a heat pipe transfers heat efficiently using phase change and capillary action  commonly used in cooling systems 
Engineering,Mechanical Engineer,hard,Explain the concept of hypoid gears.,hypoid gears are offset spiral bevel gears used in high torque applications  such as automotive differentials 
Engineering,Mechanical Engineer,hard,"Can we use a light-duty vehicle axle in heavy machinery? If no, then why?",no  because it lacks the strength to handle high loads 
Engineering,Mechanical Engineer,hard,What is the level of documentation for an ISO 9001 certified company?,it includes quality manuals  procedures  work instructions  and records 
Engineering,Mechanical Engineer,hard,Can ductile material fail in a brittle manner? When?,yes  under low temperature or high strain rate conditions 
Engineering,Mechanical Engineer,hard,How can you increase the efficiency of a power plant without changing input effort?,by improving heat recovery  reducing losses  and using better insulation 
Engineering,Mechanical Engineer,hard,"How does a heat exchanger work, and what are its different types?",a heat exchanger transfers heat between two fluids  with types including shell and tube  plate  and finned heat exchangers 
Engineering,Mechanical Engineer,hard,"What are composite materials, and why are they used in engineering?",composite materials combine different properties of constituent materials for higher strength  durability  and lightweight structures 
Engineering,Mechanical Engineer,hard,What is the significance of Reynolds number in fluid mechanics?,reynolds number determines flow type  indicating whether flow is laminar or turbulent 
Engineering,Mechanical Engineer,hard,What are the different types of welding defects?,common defects include porosity  cracks  lack of fusion  undercut  and slag inclusion  affecting weld strength 
Engineering,Mechanical Engineer,hard,Where are drooping characteristics of a power source required in arc welding?,drooping characteristics are needed in tig and mig welding for stable arc performance and current control 
Engineering,Network Engineer,hard,What is the significance of Anycast in modern networking?,anycast routes packets to the nearest instance of a service  improving load balancing  latency  and redundancy 
Engineering,Mechanical Engineer,hard,What are the various methods of inspecting castings for internal & external defects?,techniques include visual inspection  ultrasonic testing  radiography  and dye penetrant testing 
Engineering,Mechanical Engineer,hard,What is Kennedy's theorem?,kennedy s theorem states that in a four bar linkage  three points in relative motion lie on a straight line at any instant 
Engineering,Mechanical Engineer,hard,One 2-row Curtis turbine is equivalent to how many reaction turbines for the same value of blade velocity and angle of nozzle?,it is roughly equivalent to a   stage reaction turbine 
Engineering,Mechanical Engineer,hard,How does a differential gear work in an automobile?,a differential gear allows wheels to rotate at different speeds while maintaining torque transfer  essential for smooth turning 
Engineering,Mechanical Engineer,hard,What is the function of a dynamic damper in mechanical systems?,a dynamic damper reduces vibrations by tuning its mass and stiffness to counteract unwanted oscillations 
Engineering,Mechanical Engineer,hard,What is availability function for a closed system?,the availability function represents the maximum useful work obtainable from a system as it reaches equilibrium with its surroundings 
Engineering,Mechanical Engineer,hard,What happens to the triple point line when projected to the P-T plane?,the triple point appears as a single point where three phases coexist in equilibrium on the p t diagram 
Engineering,Mechanical Engineer,hard,What are initial conditions for formation of shock waves?,shock waves form when a flow exceeds the speed of sound and encounters a sudden change in pressure  temperature  or velocity 
Engineering,Mechanical Engineer,hard,What pumps are used in drilling? Why not centrifugal pumps?,mud pumps are used  centrifugal pumps can t handle high pressure drilling mud 
Engineering,Mechanical Engineer,hard,"Explain unit speed, unit discharge, unit power & specific speed?",these are dimensionless parameters used to compare turbine performance across sizes and conditions 
Engineering,Mechanical Engineer,hard,What is a Deriaz turbine?,a deriaz turbine is a mixed flow reaction turbine with adjustable blades used for variable head applications 
Engineering,Mechanical Engineer,hard,What is Navier-Stokes equation?,it is a fundamental equation in fluid mechanics describing the motion of fluid substances considering viscosity and external forces 
Engineering,Mechanical Engineer,hard,What is meant by elastic and plastic deformation in materials?,elastic deformation is reversible when the load is removed  while plastic deformation results in permanent material change 
Engineering,Mechanical Engineer,hard,What is the purpose of a thrust bearing in mechanical systems?,a thrust bearing supports axial loads  reducing friction and preventing shaft movement in axial directions 
Engineering,Mechanical Engineer,hard,What are the common causes of rolling bearing failure?,common causes include improper lubrication  contamination  misalignment  overloading  and fatigue failure 
Engineering,Mechanical Engineer,hard,Is octane number beyond 100 possible?,yes  using high performance fuels such as racing fuel 
Engineering,Mechanical Engineer,hard,Discuss the advantages and disadvantages of LPG as a fuel in S.I. Engine?,advantages  cleaner burning  lower emissions  disadvantages  lower energy density  limited availability 
Engineering,Mechanical Engineer,hard,Why is reverse Joule Brayton used in aircraft refrigeration systems?,efficient cooling using high altitude air 
Engineering,Mechanical Engineer,hard,How would you decide whether a reciprocating compressor or centrifugal compression is to be used in a refrigerating system?,reciprocating for high pressure  centrifugal for high flow rate 
Engineering,Mechanical Engineer,hard,Why is there no differential in a train? What happens when a train takes a turn?,trains rely on wheel slip and different wheel diameters to navigate turns without a differential 
Engineering,Mechanical Engineer,hard,What do you understand by the term 'Arrest point' in connection with heat treatment of plain carbon steel?,an arrest point is the temperature at which phase transformation occurs  indicated by a plateau in the cooling curve 
Engineering,Mechanical Engineer,hard,Explain the working principle of an axial flow compressor.,an axial flow compressor compresses air through consecutive stages of rotating and stationary blades 
Engineering,Mechanical Engineer,hard,"What do you understand by a free cutting steel? What elements are usually added to make a steel free cutting, & how do they make the steel free cutting?",free cutting steel contains sulfur  lead  or phosphorus to improve machinability by reducing tool wear and friction 
Engineering,Mechanical Engineer,hard,What is the difference between Biot number & Nusselt number?,the biot number compares internal conduction to surface convection  while the nusselt number compares convection to pure conduction 
Engineering,Mechanical Engineer,hard,What are the factors affecting gear tooth wear?,factors include lubrication  misalignment  excessive load  material properties  and operating conditions 
Engineering,Mechanical Engineer,hard,Explain Knocking in SI Engine & mention the factors that tend to reduce knocking.,knocking occurs due to premature fuel combustion  it can be reduced by using high octane fuel  proper ignition timing  and better air fuel mixture 
Engineering,Mechanical Engineer,hard,Name some Antiknock additives and explain the mechanism by which they reduce knocking.,tetraethyl lead  ethanol  and mtbe are common antiknock additives  they increase the fuel s resistance to premature ignition  preventing knocking 
Engineering,Mechanical Engineer,hard,Explain Turbojet & Rocket Engine.,turbojets use atmospheric oxygen for combustion  while rockets carry their own oxidizer  enabling space travel 
Engineering,Mechanical Engineer,hard,Draw the sketch of a pulse jet engine. What are its main advantages & disadvantages?,a pulse jet has a simple design and no moving parts but is inefficient at low speeds and very noisy 
Engineering,Mechanical Engineer,hard,How to calculate or determine the capacity of a mechanical press?,by using force   pressure x area 
Engineering,Mechanical Engineer,hard,What amount of heat energy loss in ESP?,it depends on efficiency but typically      of total energy 
Engineering,Mechanical Engineer,hard,Why is the Joule-Brayton cycle not suitable for a reciprocating engine?,the cycle operates at high flow rates and continuous combustion  which is not feasible in reciprocating engines 
Engineering,Mechanical Engineer,hard,"What is sublimation curve, fusion curve & vaporization curve?",the sublimation curve separates solid and gas  the fusion curve separates solid and liquid  and the vaporization curve separates liquid and gas on a phase diagram 
Engineering,Mechanical Engineer,hard,What is normal shocks & when does it occur?,normal shocks are sudden increases in pressure and temperature that occur in supersonic flows when the velocity drops below the speed of sound 
Engineering,Mechanical Engineer,hard,How does a planetary gear system provide multiple gear ratios?,a planetary gear system uses sun  planet  and ring gears to provide compact and variable speed ratios 
Engineering,Mechanical Engineer,hard,How does a desuperheater improve steam quality?,a desuperheater reduces steam temperature by injecting water  improving efficiency in steam systems 
Engineering,Mechanical Engineer,hard,What are the differences between pneumatic and hydraulic actuators?,pneumatic actuators use compressed air for motion  while hydraulic actuators use pressurized liquid for higher force applications 
Engineering,Mechanical Engineer,hard,How does an eddy current brake work?,an eddy current brake uses electromagnetic induction to create opposing forces  slowing down moving objects without friction 
Engineering,Mechanical Engineer,hard,What are the main causes of fatigue failure in mechanical components?,fatigue failure is caused by repeated cyclic stresses  poor surface finish  and stress concentrations 
Engineering,Mechanical Engineer,hard,What is the critical radius of insulation? Explain clearly in terms of thermal resistance and heat transfer rate.,the critical radius is where adding more insulation increases heat loss due to a decrease in convective resistance 
Engineering,Network Engineer,hard,How do you configure a redundant data center interconnect using EVPN-VXLAN?,use bgp as the control plane  configure vteps  set up mac vrfs  and implement route reflectors for scalability 
Engineering,Mechanical Engineer,hard,How does a pelton wheel turbine operate?,a pelton wheel turbine converts high velocity water jet energy into mechanical rotation through impulse action 
Engineering,Mechanical Engineer,hard,What is the concept of superheating in refrigeration systems?,superheating occurs when a refrigerant vapor is heated beyond its saturation temperature to prevent liquid entry into compressors 
Engineering,Network Engineer,hard,"What is EVPN (Ethernet VPN), and why is it used in modern networks?",evpn extends layer   networks over layer    improving scalability and multi tenancy support in data centers 
Engineering,Network Engineer,hard,"What is a VRF (Virtual Routing and Forwarding) instance, and how does it improve network design?",vrfs create separate routing tables on a single router  allowing multiple isolated networks to coexist on shared infrastructure 
Engineering,Network Engineer,hard,How do you troubleshoot a network experiencing persistent BGP route flaps?,check route dampening settings  verify as path stability  analyze logs for route withdrawals  and inspect keepalive timers 
Engineering,Network Engineer,hard,How do you secure a multi-tenant cloud network environment?,implement vpcs  use security groups  enforce iam policies  segment traffic with firewall rules  and monitor logs with siem solutions 
Engineering,Network Engineer,hard,What are the differences between traditional MPLS and SD-WAN?,mpls provides dedicated circuits with qos  while sd wan uses software defined policies to manage multiple transport links dynamically 
Engineering,Network Engineer,hard,What is VPN?,vpn  virtual private network  allows secure communication over a network  such as the internet 
Engineering,Network Engineer,hard,What are the major differences between L2VPN and L3VPN in an MPLS network?,l vpn extends layer   services over mpls  while l vpn routes layer   traffic between customer sites using vrfs 
Engineering,Network Engineer,hard,What is the job of the Network Layer under the OSI reference model?,the network layer is responsible for data routing  packet switching  and congestion control 
Engineering,Network Engineer,hard,What are different ways of securing a computer network?,use firewalls  updated antivirus programs  and user authentication to secure a network 
Engineering,Network Engineer,hard,What is the function of an EVPN Route Type 2 advertisement?,route type   in evpn advertises mac/ip bindings  enabling layer  /  seamless integration across vxlan or mpls networks 
Engineering,Network Engineer,hard,How does Path Computation Element (PCE) improve MPLS TE efficiency?,pce dynamically computes optimal paths  reducing network congestion and improving bandwidth utilization 
Engineering,Network Engineer,hard,What is the difference between FlowSpec and RTBH (Remotely Triggered Black Hole) for DDoS mitigation?,flowspec allows granular  real time filtering  while rtbh drops traffic based on pre configured bgp announcements 
Engineering,Network Engineer,hard,How do you troubleshoot high-latency issues in a hybrid cloud environment?,analyze traffic paths  check mtu settings  inspect bgp route preferences  and verify qos policies on vpn and direct connect links 
Engineering,Network Engineer,hard,How do you handle inter-AS MPLS VPN routing efficiently?,use option a  vrf to vrf   option b  ebgp redistribution   or option c  bgp label unicast  depending on scalability needs 
Engineering,Network Engineer,hard,What is RIP?,rip  routing information protocol  is used by routers to send data between networks and manage routing tables 
Engineering,Network Engineer,hard,"What is LISP (Locator/ID Separation Protocol), and how does it enhance network scalability?",lisp separates endpoint identity from location  enabling efficient routing and mobility in large networks 
Engineering,Network Engineer,hard,How do you configure a BGP peer to prefer a specific path over others?,use local preference for outbound traffic  as path prepending for inbound traffic  and med for inter as path selection 
Engineering,Network Engineer,hard,What is the difference between North-South and East-West traffic in data centers?,north south traffic moves between internal and external networks  while east west traffic occurs within data center resources 
Engineering,Network Engineer,hard,How does Zero Trust Networking improve security in enterprise networks?,zero trust enforces strict identity verification  micro segmentation  least privilege access  and continuous monitoring 
Engineering,Network Engineer,hard,How would you configure an automated network backup solution?,use ansible or python scripts to automate device backups  store configurations in a version controlled repository  and schedule periodic snapshots 
Engineering,Network Engineer,hard,How do you secure an enterprise wireless network against rogue APs?,implement ap whitelisting  enable wireless intrusion prevention systems  wips   and use      x authentication 
Engineering,Network Engineer,hard,"What is P4 (Programming Protocol-independent Packet Processors), and how is it used in SDN?",p  is a programming language that allows defining packet forwarding behaviors dynamically in sdn enabled hardware 
Engineering,Network Engineer,hard,How would you optimize QoS settings for VoIP traffic?,prioritize voip traffic with dscp markings  use low latency queuing  configure bandwidth reservations  and minimize jitter 
Engineering,Network Engineer,hard,What are the differences between an IPS (Intrusion Prevention System) and an IDS (Intrusion Detection System)?,an ids monitors and alerts on suspicious traffic  while an ips actively blocks malicious traffic in real time 
Engineering,Network Engineer,hard,What is the difference between a control plane and a data plane in networking?,the control plane manages routing decisions and network topology  while the data plane handles packet forwarding based on routing rules 
Engineering,Network Engineer,hard,How do you ensure QoS in a network carrying both data and VoIP traffic?,implement dscp marking  use low latency queuing  reserve bandwidth  and enforce traffic shaping policies 
Engineering,Network Engineer,hard,How do you optimize BGP routing to avoid suboptimal paths?,use as path prepending  local preference  med attributes  and route filtering to influence bgp path selection 
Engineering,Network Engineer,hard,What are some techniques to improve multicast efficiency in large networks?,implement igmp snooping  use pim sparse mode  limit multicast flooding  and configure rp  rendezvous point  for multicast trees 
Engineering,Network Engineer,hard,How would you configure QoS for business-critical applications in a cloud network?,use traffic classification  bandwidth reservation  dscp marking  and priority queues to ensure low latency performance for critical workloads 
Engineering,Network Engineer,hard,How do you diagnose and resolve high retransmissions in a wireless network?,analyze interference sources  adjust power levels  optimize channel selection  and use band steering for improved performance 
Engineering,Network Engineer,hard,"What is SRv6, and how does it improve modern networking?",segment routing over ipv   srv   simplifies network operations by encoding paths directly in the packet header  reducing control plane complexity 
Engineering,Network Engineer,hard,How do you optimize BGP route advertisements to control outbound traffic?,use as path prepending  apply local preference policies  modify med attributes  and filter specific prefixes 
Engineering,Network Engineer,hard,"What is eBGP multihop, and when would you use it?",ebgp multihop allows bgp sessions to be established beyond directly connected neighbors  often used in route reflectors or mpls networks 
Engineering,Network Engineer,hard,What are the advantages of gRPC over REST APIs in network automation?,grpc offers lower latency  bidirectional streaming  and efficient binary encoding compared to rest apis 
Engineering,Mechanical Engineer,hard,What protections are required to protect turbines?,over speed protection  temperature monitoring  lubrication system  vibration control 
Engineering,Mechanical Engineer,hard,What happens when too much oil is injected in the working cylinder?,it can cause carbon deposits  knocking  and incomplete combustion 
Engineering,Mechanical Engineer,hard,Work done in throttling process is given by which formula?,work done is zero in a throttling process as there is no change in enthalpy 
Engineering,Mechanical Engineer,hard,What is the function of a turbocharger in an engine?,a turbocharger increases engine efficiency by compressing air before entering the combustion chamber 
Engineering,Mechanical Engineer,hard,What is the principle of an electro-hydraulic servo system?,an electro hydraulic servo system combines electrical and hydraulic control for precise movement regulation 
Engineering,Mechanical Engineer,hard,What are the advantages of regenerative braking?,regenerative braking recovers kinetic energy  improving energy efficiency and reducing wear on mechanical brakes 
Engineering,Mechanical Engineer,hard,What are the differences between ductile and brittle materials?,ductile materials deform significantly before failure  while brittle materials fracture with minimal deformation 
Engineering,Mechanical Engineer,hard,What is the role of a labyrinth seal in turbines?,a labyrinth seal minimizes fluid leakage in turbines by creating multiple flow resistance paths 
Engineering,Mechanical Engineer,hard,What is the function of a surge tank in a hydraulic system?,a surge tank absorbs pressure fluctuations in a hydraulic system  preventing water hammer effects 
Engineering,Mechanical Engineer,hard,What is the role of a governor in steam engines?,a governor regulates the engine speed by controlling the fuel or steam supply based on load variations 
Engineering,Mechanical Engineer,hard,What is the significance of the coefficient of restitution?,it measures the elasticity of a collision  representing energy conservation between colliding objects 
Engineering,Mechanical Engineer,hard,Explain the working of a screw jack.,a screw jack uses a threaded screw mechanism to lift heavy loads by converting rotational motion into linear motion 
Engineering,Mechanical Engineer,hard,What are the differences between plasma arc cutting and laser cutting?,plasma cutting uses ionized gas for high speed cutting of thick metals  while laser cutting provides precision cuts using focused light energy 
Engineering,Mechanical Engineer,hard,What is the difference between an adiabatic and isothermal process?,an adiabatic process occurs without heat exchange  while an isothermal process maintains constant temperature 
Engineering,Mechanical Engineer,hard,Explain the concept of entropy generation in thermodynamic systems.,entropy generation represents the irreversibility in a thermodynamic process  increasing system disorder 
Engineering,Mechanical Engineer,hard,What are the applications of cryogenics in mechanical engineering?,cryogenics is used in liquefied gas storage  superconductors  space technology  and medical preservation 
Engineering,Mechanical Engineer,hard,Explain the concept of thermodynamic equilibrium.,thermodynamic equilibrium occurs when a system has no macroscopic changes in state variables over time 
Engineering,Mechanical Engineer,hard,What is the significance of the Prandtl number in heat transfer?,the prandtl number relates momentum diffusivity to thermal diffusivity  influencing convective heat transfer 
Engineering,Mechanical Engineer,hard,What is the purpose of heat treatment in metals?,heat treatment alters the microstructure of metals to improve hardness  strength  and ductility 
Engineering,Mechanical Engineer,hard,What is the difference between isotropic and anisotropic materials?,isotropic materials have uniform properties in all directions  while anisotropic materials exhibit direction dependent properties 
Engineering,Mechanical Engineer,hard,Explain the principle of gas turbines.,gas turbines operate on the brayton cycle  compressing air  adding fuel  igniting it  and using the expansion to generate work 
Engineering,Mechanical Engineer,hard,How does an evaporative cooler work?,an evaporative cooler cools air by passing it over water saturated pads  causing evaporation and absorbing heat 
Engineering,Mechanical Engineer,hard,A vertical plate and a horizontal plate are suspended in an open room. Both are heated to the same temperature. Which one will cool first? Why?,the horizontal plate cools faster due to natural convection 
Engineering,Mechanical Engineer,hard,What is the function of a load cell?,a load cell measures force or weight using strain gauge technology  commonly used in industrial applications 
Engineering,Mechanical Engineer,hard,How to calculate the turbine efficiency?,turbine efficiency    output power/input power         
Engineering,Mechanical Engineer,hard,What will happen if reciprocating compressor runs in exactly the opposite direction?,it may cause improper valve operation and inefficient compression 
Engineering,Mechanical Engineer,hard,What is the effect of clearance volume in performance of air compressor?,higher clearance volume reduces volumetric efficiency and increases re expansion losses 
Engineering,Mechanical Engineer,hard,What are the advantages and disadvantages of critical speed in turbines?,advantages  predictability of resonance  disadvantages  high vibration and potential damage 
Engineering,Mechanical Engineer,hard,What will happen if oil is mixed with boiler feed water?,it can lead to overheating  reduced efficiency  and damage to boiler components 
Engineering,Mechanical Engineer,hard,How does a pneumatic brake system work?,a pneumatic brake system uses compressed air to apply pressure on brake pads  slowing or stopping a vehicle 
Engineering,Mechanical Engineer,hard,What is the difference between kinetic energy recovery systems (KERS) and regenerative braking?,kers stores recovered energy for later use  while regenerative braking immediately converts kinetic energy into electrical power 
Engineering,Mechanical Engineer,hard,What is cryogenics and what are its fundamentals?,cryogenics deals with extremely low temperatures and their effects on materials and gases 
Engineering,Mechanical Engineer,hard,What are the advantages of PID controllers compared with those of a PLC?,pid controllers provide real time closed loop control  whereas plcs handle multiple logic based operations 
Engineering,Mechanical Engineer,hard,Turbo charger driven by...? and what is its speed?,a turbocharger is driven by exhaust gases  its speed varies from        to         rpm 
Engineering,Mechanical Engineer,hard,Why is a turbocharger used in DG?,it increases efficiency by utilizing exhaust gases to enhance engine performance 
Engineering,Mechanical Engineer,hard,What is meant by hysteresis loss in magnetic materials?,hysteresis loss is the energy loss in a magnetic material due to repeated magnetization cycles 
Engineering,Mechanical Engineer,hard,Explain the working principle of an ejector refrigeration system.,an ejector refrigeration system uses a high velocity jet to create low pressure and draw refrigerant  utilizing waste heat for cooling 
Engineering,Mechanical Engineer,hard,What is meant by the term 'critical thickness of insulation'?,critical thickness of insulation is the point at which adding more insulation increases heat loss due to increased surface area 
Engineering,Electrical Engineer,hard,How do you calculate the insulation coordination for high-voltage equipment?,by analyzing impulse withstand voltage  creepage distance  and transient overvoltages 
