Category,Specialty,Difficulty,Question,Answer
Technology,Cybersecurity,easy,Define the term Script kiddies,script kiddies are unskilled hackers using premade scripts and tools to attack networks without deep technical knowledge 
Technology,Cybersecurity,easy,What is a zombie computer,a zombie computer is a compromised device controlled remotely in a botnet to conduct malicious activities 
Technology,Cybersecurity,easy,What is an IDS and how does it work,an intrusion detection system ids monitors network traffic for suspicious activity and alerts administrators to potential threats 
Technology,Cybersecurity,easy,What is an Incident Response Plan IRP,an irp is a structured approach for detecting responding to and recovering from cybersecurity incidents 
Technology,Cybersecurity,easy,What is an Intrusion Prevention System IPS and how does it differ from an Intrusion Detection System IDS,an ips actively blocks threats in real time while an ids only detects and alerts about potential threats without taking direct action 
Technology,Cybersecurity,easy,What is an Intrusion Prevention System IPS,an ips is a security tool that detects and blocks threats before they can exploit vulnerabilities in a system 
Technology,Cybersecurity,easy,What is an adversary emulation plan,an adversary emulation plan replicates realworld attack techniques to assess an organization s defenses and response capabilities 
Technology,Cybersecurity,easy,What is an airgapped system,an airgapped system is isolated from any external network including the internet to prevent unauthorized access 
Technology,Cybersecurity,easy,What is an airgapped system,an airgapped system is physically isolated from unsecured networks to enhance security 
Technology,Cybersecurity,easy,What is an assumed breach in cybersecurity testing,an assumed breach is a testing scenario where red teams start with initial access to simulate realworld attacker tactics 
Technology,Cybersecurity,easy,What is an attack surface in cybersecurity,an attack surface is the total number of points where an attacker can attempt to enter or extract data from a system 
Technology,Cybersecurity,easy,What is an email bomb attack,an email bomb floods an inbox with excessive emails to overload and disrupt email services 
Technology,Cybersecurity,easy,What is an exploit kit,an exploit kit is a set of prepackaged malicious code used to target software vulnerabilities and launch cyber attacks 
Technology,Cybersecurity,easy,What is an integrity check in cybersecurity,an integrity check verifies that files or system configurations have not been altered or tampered with 
Technology,Cybersecurity,easy,What is an open redirect vulnerability,an open redirect vulnerability allows attackers to redirect users to phishing or malicious websites 
Technology,Cybersecurity,easy,What is brute force attack,a brute force attack is an attempt to crack passwords or encryption keys by systematically trying all possible combinations 
Technology,Cybersecurity,easy,What is cyber forensics,cyber forensics is the process of collecting analyzing and preserving digital evidence from cybercrime investigations 
Technology,Cybersecurity,easy,What is cyber threat intelligence CTI and why is it important,cti involves collecting analyzing and sharing information about cyber threats to help organizations anticipate and mitigate attacks 
Technology,Cybersecurity,easy,What is cyber threat intelligence,cyber threat intelligence cti is data collected and analyzed to understand and mitigate potential cybersecurity threats 
Technology,Cybersecurity,easy,What is defacement,defacement is an attack where a hacker alters the visual content of a website often replacing it with malicious or propaganda messages 
Technology,Cybersecurity,easy,What is endpoint detection and response EDR,edr is a security solution that monitors endpoint activity detects threats and provides automated response capabilities 
Technology,Cybersecurity,easy,What is footprinting in ethical hacking,footprinting is the process of gathering information about a target system to identify potential attack vectors 
Technology,Cybersecurity,easy,What is hacking,hacking refers to unauthorized intrusion in a system or network  hackers use computers to commit privacy invasion steal data or manipulate systems 
Technology,Cybersecurity,easy,What is key exchange in encryption,key exchange is a method for securely sharing cryptographic keys between communicating parties 
Technology,Cybersecurity,easy,What is lateral movement in cybersecurity,lateral movement is a technique used by attackers to navigate through a network after gaining initial access to escalate privileges or find sensitive data 
Technology,Cybersecurity,easy,What is malware analysis,malware analysis is the process of studying malicious software to understand its behavior origin and impact 
Technology,Cybersecurity,easy,What is session hijacking,session hijacking is an attack where a hacker takes control of a user s active session to gain unauthorized access 
Technology,Cybersecurity,easy,What is the Cyber Kill Chain framework,the cyber kill chain is a model that describes the stages of a cyber attack from reconnaissance to data exfiltration 
Technology,Cybersecurity,easy,What is the Cyber Kill Chain framework,the cyber kill chain is a model that describes the stages of a cyber attack from reconnaissance to data exfiltration 
Technology,Cybersecurity,easy,What is the MITRE ATT&CK framework and how does it help Blue Teams,mitre att ck is a knowledge base that helps blue teams understand adversary tactics techniques and procedures ttps for improving defenses 
Technology,Cybersecurity,easy,What is the difference between IP address and MAC address,ip address identifies a network connection while a mac address uniquely identifies a device s network interface 
Technology,Cybersecurity,easy,What is the difference between a vulnerability scan and a penetration test,a vulnerability scan identifies weaknesses while a penetration test actively exploits them to assess realworld risks 
Technology,Cybersecurity,easy,What is the difference between a vulnerability scan and a penetration test,a vulnerability scan identifies weaknesses while a penetration test actively exploits them to assess realworld risks 
Technology,Cybersecurity,easy,What is the difference between an exploit and a vulnerability,a vulnerability is a security weakness while an exploit is the method used by attackers to take advantage of that weakness 
Technology,Cybersecurity,easy,What is the difference between black hat white hat and gray hat hackers,black hats are malicious hackers white hats perform legal security testing and gray hats operate between ethical and illegal hacking 
Technology,Cybersecurity,easy,What is the difference between proactive and reactive cybersecurity strategies,proactive security focuses on prevention like patching and penetration testing while reactive security deals with incident response and mitigation after an attack 
Technology,Cybersecurity,easy,What is the primary goal of a Blue Team,the blue team s primary goal is to detect prevent and respond to security threats effectively 
Technology,Cybersecurity,easy,What is the primary goal of a Blue Team,the blue team s primary goal is to detect prevent and respond to security threats effectively 
Technology,Cybersecurity,easy,What is the principle of Defense in Depth,defense in depth is a layered security approach that combines multiple security controls to reduce the risk of a single point of failure 
Technology,Cybersecurity,easy,What is the purpose of a DMZ Demilitarized Zone in networking,a dmz isolates publicfacing services from an internal network to reduce attack risks 
Technology,Cybersecurity,easy,What is the purpose of a Security Operations Center SOC,a soc is responsible for monitoring detecting and responding to cybersecurity threats in real time using tools like siem and threat intelligence 
Technology,Cybersecurity,easy,What is the role of a Blue Team in cybersecurity,the blue team is responsible for defending an organization s systems detecting threats and responding to attacks 
Technology,Cybersecurity,easy,What is the role of a Security Operations Center SOC,a soc monitors analyzes and responds to security incidents using siem tools and security analysts 
Technology,Cybersecurity,easy,What is the role of a Security Operations Center SOC,a soc monitors analyzes and responds to security incidents using siem tools and security analysts 
Technology,Cybersecurity,easy,What is the role of an ethical hacker,ethical hackers identify and fix security vulnerabilities to protect systems from cyber threats 
Technology,Cybersecurity,easy,Why is Python utilized for hacking,python offers simplicity fast execution and libraries for scanning network attack and scripting 
Technology,Cybersecurity,easy,What are Indicators of Compromise IoCs,iocs are forensic evidence of a breach such as unusual traffic modified files or unauthorized login attempts 
Technology,Cybersecurity,easy,What are honeypots and how do they help in cybersecurity,honeypots are decoy systems designed to attract attackers providing security teams with intelligence on attack tactics and methods 
Technology,Cybersecurity,easy,What are some key skills required for a Blue Team member,skills include threat detection incident response forensics security monitoring and vulnerability management 
Technology,Cybersecurity,easy,What are the benefits of implementing MultiFactor Authentication MFA,mfa adds an extra layer of security by requiring additional verification factors reducing the risk of unauthorized account access 
Technology,Cybersecurity,easy,What are the most common attack vectors used in cyberattacks,common attack vectors include phishing malware weak credentials unpatched vulnerabilities insider threats and supply chain attacks 
Technology,Cybersecurity,easy,What are the three main principles of cybersecurity,the three main principles are confidentiality integrity and availability cia triad 
Technology,Cybersecurity,easy,What is OS fingerprinting,os fingerprinting is identifying the operating system of a target machine by analyzing network responses 
Technology,Cybersecurity,easy,What is OSINT and how do attackers use it,opensource intelligence osint is the collection of publicly available data used by attackers to gather information about a target 
Technology,Cybersecurity,easy,What is a ManintheMiddle MitM attack and how can it be prevented,mitm attacks intercept communication between two parties  prevention includes https vpns mfa and avoiding public wifi 
Technology,Cybersecurity,easy,What is a Security Information and Event Management SIEM system,a siem system collects analyzes and correlates security logs from multiple sources to detect anomalies and generate security alerts 
Technology,Cybersecurity,easy,What is a Tabletop Exercise in cybersecurity,a tabletop exercise is a discussionbased simulation where blue and red teams analyze attack scenarios and improve response strategies 
Technology,Cybersecurity,easy,What is a botnet,a botnet is a network of compromised computers controlled remotely by an attacker for malicious purposes 
Technology,Cybersecurity,easy,What is a canary token,a canary token is a digital trap that alerts security teams when unauthorized access is detected on a protected asset 
Technology,Cybersecurity,easy,What is a cyber kill chain,the cyber kill chain is a framework that describes the stages of a cyberattack from reconnaissance to execution 
Technology,Cybersecurity,easy,What is a firewall,a firewall is a network security system that filters traffic based on security rules placed at the boundary of trusted and untrusted networks 
Technology,Cybersecurity,easy,What is a hash collision,a hash collision occurs when two different inputs produce the same cryptographic hash value 
technology,cybersecurity,easy,Explain the concept of a secure Password.,a secure password is long unique and includes a mix of letters numbers and special characters 
technology,cybersecurity,easy,Explain the concept of endpoint security.,secures individual devices using antivirus antimalware and intrusion detection systems 
technology,cybersecurity,easy,Explain the differences between risk vulnerability and a threat.,vulnerability is a weakness a threat exploits it and risk measures the impact 
technology,cybersecurity,easy,Explain what a hacker is.,a hacker is someone who exploits security weaknesses in computer systems either ethically or maliciously 
technology,cybersecurity,easy,Name the different layers of the OSI model.,physical datalink network transport session presentation application 
technology,cybersecurity,easy,Name two types of common cyberattacks.,phishing and malware attacks 
technology,cybersecurity,easy,What are cookies in a web browser,cookies store user data and preferences to enhance browsing experience 
technology,cybersecurity,easy,What are the different types of networks,lan wan wlan system area network storage area network personal area network metropolitan network 
technology,cybersecurity,easy,What are the main transmission modes between devices in a computer network,simplex oneway halfduplex twoway but one at a time fullduplex twoway simultaneous 
technology,cybersecurity,easy,What can spyware do to an organization’s data,it can steal sensitive information monitor user activity and enable unauthorized access 
technology,cybersecurity,easy,What can viruses do to a computer system,they can corrupt files slow down performance and spread across networks 
technology,cybersecurity,easy,What does a whitehat blackhat and greyhat hacker mean,whitehat  ethical hacker blackhat  malicious hacker greyhat  inbetween 
technology,cybersecurity,easy,What is cryptography,cryptography secures communication through encryption 
technology,cybersecurity,easy,What is cybercrime Give examples.,cybercrime involves online crimes like identity theft hacking ransomware and bec scams 
technology,cybersecurity,easy,What is cybersecurity and why is it important,cybersecurity protects systems networks and data from cyber threats ensuring privacy and preventing financial loss 
technology,cybersecurity,easy,What is multifactor authentication and how does it enhance security,mfa requires multiple authentication factors such as a password and a mobile token for added security 
technology,cybersecurity,easy,What is port blocking within LAN,restricting access to specific network services within a local area network 
technology,cybersecurity,easy,What is the CIA triad,confidentiality integrity and availability core cybersecurity principles 
technology,cybersecurity,easy,What is the difference between a data leak and a data breach,data leak is accidental exposure  data breach is a deliberate attack 
technology,cybersecurity,easy,What is twofactor authentication and why is it important,it requires two verification steps adding an extra layer of security against unauthorized access 
technology,cybersecurity,easy,What kind of cookie is used in spyware attacks,tracking cookies as they persist across sessions and monitor user activity 
technology,cybersecurity,easy,Which skills are important for cybersecurity professionals,networking cryptography risk management ethical hacking and incident response 
technology,cybersecurity,easy,Why is DNS monitoring important,it detects anomalies prevents phishing attacks and improves network security 
technology,cybersecurity,easy,Why is cybersecurity crucial for businesses,it protects sensitive data prevents financial loss and ensures regulatory compliance 
technology,cybersecurity,easy,Define the terms Virus Malware and Ransomware.,virus  replicates and spreads harm  malware  any malicious software  ransomware  encrypts files and demands payment 
technology,cybersecurity,easy,Why is using public WiFi risky,it exposes users to maninthemiddle attacks and data interception 
technology,cybersecurity,easy,What is Phishing Provide an example.,phishing tricks users into providing sensitive info  example  fake bank email asking for login credentials 
technology,cybersecurity,easy,What is a VPN and why is it used,a vpn encrypts internet traffic protecting privacy and securing data over public networks 
technology,cybersecurity,easy,What is a VPN,a virtual private network vpn secures internet connections and protects data 
technology,cybersecurity,easy,What is a firewall,a firewall monitors and controls network traffic to protect against threats 
Technology,Cybersecurity,easy,How can you avoid ARP poisoning,prevent arp poisoning using static arp tables switch security physical security network isolation and encryption 
Technology,Cybersecurity,easy,How does a Blue Team detect threats,the blue team uses siem systems ids/ips endpoint monitoring and threat intelligence to detect attacks 
Technology,Cybersecurity,easy,How does a Sniffer work in ethical hacking,a sniffer captures and examines network packets to analyze data flow and detect vulnerabilities 
Technology,Cybersecurity,easy,What are Indicators of Compromise IoCs,iocs are forensic evidence of a breach such as unusual traffic modified files or unauthorized login attempts 
Technology,Cybersecurity,easy,What is a network sniffer,a network sniffer monitors the flow of data over network links allowing packetlevel data capture for analysis  used for both network management and hacking 
Technology,Cybersecurity,easy,What is a phishing attack,phishing is an attack that attempts to steal sensitive information like user credentials or credit card numbers often via deceptive emails or fake websites 
Technology,Cybersecurity,easy,What is a port scan,a port scan is a technique used to identify open ports and services running on a networked system 
Technology,Cybersecurity,easy,What is a rainbow table attack,a rainbow table attack is a passwordcracking technique that uses precomputed hash values for fast decryption 
Technology,Cybersecurity,easy,What is a ransomware attack and how can it be mitigated,a ransomware attack encrypts files for ransom  mitigation includes backups patching endpoint protection and user awareness training 
Technology,Cybersecurity,easy,What is a red team in cybersecurity,a red team simulates cyberattacks to test an organization s defenses and identify security weaknesses 
Technology,Cybersecurity,easy,What is a sandbox in cybersecurity,a sandbox is an isolated environment used to safely execute and analyze potentially malicious files 
Technology,Cybersecurity,easy,What is a secure coding practice,secure coding practices prevent vulnerabilities by writing software that follows security guidelines and best practices 
Technology,Cybersecurity,easy,What is a social engineering attack,a social engineering attack manipulates individuals into revealing confidential information through deception trust exploitation or psychological manipulation 
Technology,Cybersecurity,easy,What is a threat intelligence platform,a threat intelligence platform tip is a system that collects analyzes and shares threat data to enhance security defenses 
Technology,Cybersecurity,easy,What is a watering hole attack,a watering hole attack compromises frequently visited websites to infect visitors with malware 
Technology,Cybersecurity,easy,What is a watering hole technique,a watering hole technique infects websites frequently visited by a target to spread malware 
technology,cybersecurity,medium,Your company is implementing a BYOD Bring Your Own Device policy. What security measures should be in place,enforce mdm require endpoint security implement network segmentation mandate mfa and establish a clear security policy 
technology,cybersecurity,medium,You find unauthorized devices connected to the company network. What is your response,block unauthorized devices investigate logs scan for malware enforce network segmentation and educate employees on security policies 
technology,cybersecurity,medium,You detect multiple failed login attempts on a user’s account. What could be happening,check logs lock the account enable mfa monitor similar attempts inform the user and reset credentials if necessary 
technology,cybersecurity,medium,What's the difference between hashing and encryption,hashing is oneway conversion  encryption is twoway with a key 
technology,cybersecurity,medium,What strategies would you implement for securing mobile applications,use encryption code reviews secure apis and regular updates to mitigate risks 
technology,cybersecurity,medium,What strategies help prevent insider threats in organizations,strategies include behavior analytics access monitoring and employee cybersecurity training 
technology,cybersecurity,medium,What security risks are associated with multicloud environments,challenges include inconsistent security policies misconfigured access controls and lack of centralized monitoring 
technology,cybersecurity,medium,What security risks are associated with federated learning,risks include model inversion attacks data poisoning and lack of centralized control over data security 
technology,cybersecurity,medium,What security measures should be implemented for remote work,use vpns multifactor authentication endpoint security solutions and employee training to secure remote work environments 
technology,cybersecurity,medium,What role does deception technology play in cybersecurity defense,it uses decoy assets to mislead attackers detect threats early and analyze attack techniques 
technology,cybersecurity,medium,What is the role of threat intelligence in cybersecurity,threat intelligence helps organizations understand cyber threats by analyzing attack trends identifying vulnerabilities and improving defense strategies 
technology,cybersecurity,medium,What is the role of patch management in maintaining security,patch management applies updates to fix security vulnerabilities and prevent exploits 
technology,cybersecurity,medium,What is the role of hardware security modules HSMs in cybersecurity,hsms provide secure key management and cryptographic processing to protect sensitive data 
technology,cybersecurity,medium,What is the role of ethical hacking in cybersecurity,ethical hacking helps identify and fix vulnerabilities before malicious hackers exploit them 
technology,cybersecurity,medium,What is the role of a Cybersecurity Operations Center CSOC,a csoc monitors detects and responds to security incidents in realtime to protect an organization s infrastructure 
technology,cybersecurity,medium,What is the role of Digital Rights Management DRM in cybersecurity,drm protects digital content from unauthorized access distribution and piracy 
technology,cybersecurity,medium,What are the benefits of a CryptoAPI,it provides secure cryptographic functions for encryption decryption and authentication 
technology,cybersecurity,medium,What are some commonly used cybersecurity frameworks,common cybersecurity frameworks include nist cybersecurity framework iso       and cis controls providing structured guidelines to protect systems 
technology,cybersecurity,medium,What are common tools used to secure a standard network,firewalls password managers ids ips antivirus security policies 
technology,cybersecurity,medium,What are the security implications of software supply chain attacks,supply chain attacks exploit thirdparty dependencies to compromise trusted software 
technology,cybersecurity,medium,What are the security implications of biometric authentication systems,risks include biometric data theft spoofing attacks and the challenge of revoking compromised biometric credentials 
technology,cybersecurity,medium,What are the security challenges of APIfirst development,ensuring authentication rate limiting and securing api endpoints from unauthorized access 
technology,cybersecurity,medium,What are the security challenges of 5G networks,challenges include increased attack surfaces iot vulnerabilities and network slicing security risks 
technology,cybersecurity,medium,What are the security challenges in serverless computing,challenges include function misconfigurations lack of visibility and insecure dependencies 
technology,cybersecurity,medium,What are the security challenges associated with Web3 technologies,challenges include smart contract vulnerabilities decentralized identity risks and regulatory concerns 
technology,cybersecurity,medium,What are the risks of using thirdparty software in enterprise security,risks include supply chain attacks unpatched vulnerabilities and data privacy concerns 
technology,cybersecurity,medium,What are the risks associated with Bring Your Own Device BYOD policies,byod risks include data leakage malware infections and unauthorized access  mitigate with mdm solutions and security policies 
technology,cybersecurity,medium,What are the main types of cryptographic attacks,types include brute force attacks maninthemiddle attacks and sidechannel attacks that target cryptographic implementations 
technology,cybersecurity,medium,What are the main elements of cybersecurity,information security network security application security operational security enduser security business continuity 
technology,cybersecurity,medium,What are the key elements of a strong security policy,access control encryption updates user training incident response compliance 
technology,cybersecurity,medium,What are the key differences between symmetric and asymmetric encryption,symmetric encryption uses one key for encryption and decryption while asymmetric encryption uses public and private keys for secure communication 
technology,cybersecurity,medium,What are the key differences between blue team and red team cybersecurity approaches,blue teams focus on defense while red teams simulate attacks to test security readiness 
technology,cybersecurity,medium,How does homomorphic encryption enhance data security,homomorphic encryption allows computations on encrypted data without decryption improving privacy 
technology,cybersecurity,medium,How does endpoint detection and response EDR improve security,edr continuously monitors endpoints for suspicious activities and provides realtime threat responses 
technology,cybersecurity,medium,How does continuous monitoring enhance cybersecurity,continuous monitoring provides realtime threat detection reducing response time to security incidents 
technology,cybersecurity,medium,What are the ethical considerations in cybersecurity,privacy responsible disclosure and preventing harm to users and organizations 
technology,cybersecurity,medium,What are the different types of network security,perimeter security firewalls ids vpns network segmentation 
technology,cybersecurity,medium,What are the differences between symmetric and asymmetric encryption,symmetric uses one key asymmetric uses two  symmetric is faster  asymmetric is more secure 
technology,cybersecurity,medium,What are the differences between IDS and IPS,ids detects intrusions  ips prevents them by blocking activity 
technology,cybersecurity,medium,What are the differences between HIDS and NIDS,hids monitors a specific device nids monitors networkwide traffic 
technology,cybersecurity,medium,What are the cybersecurity implications of 6G networks,increased attack surfaces ultralow latency vulnerabilities and securing network slicing mechanisms are key concerns 
technology,cybersecurity,medium,What are the cybersecurity challenges in smart cities,challenges include securing interconnected iot devices protecting critical infrastructure and ensuring data privacy 
technology,cybersecurity,medium,What are the common methods for secure data disposal,data shredding overwriting degaussing and physical destruction 
technology,cybersecurity,medium,What are the common cyber threats today,common threats include malware ransomware phishing ddos attacks and insider threats 
technology,cybersecurity,medium,What are the challenges of securing serverless applications,challenges include lack of visibility eventbased attack vectors and dependencies on thirdparty services 
technology,cybersecurity,medium,What are the best practices for securing serverless computing environments,enforce functionlevel authentication secure api gateways and minimize permissions for execution roles 
technology,cybersecurity,medium,What are the best practices for securing cloudnative applications,use container security microsegmentation encryption and automated vulnerability scanning 
technology,cybersecurity,medium,What are the best practices for securing APIs,use authentication encryption rate limiting and api gateway protection 
technology,cybersecurity,medium,How can you strengthen user authentication in a company,use multifactor authentication and strong password policies 
technology,cybersecurity,medium,How can you prevent a ManInTheMiddle attack,use encryption verify digital certificates and avoid public wifi for sensitive transactions 
technology,cybersecurity,medium,How can security teams use MITRE ATT&CK framework for threat analysis,mitre att ck maps attacker tactics and techniques to improve detection and response strategies 
technology,cybersecurity,medium,What are common techniques for securing a computer network,strong passwords firewalls intrusion detection patch management and regular security audits 
technology,cybersecurity,medium,Name some common types of cyberattacks.,malware password attacks phishing mitm ddos driveby downloads rogue software 
technology,cybersecurity,medium,How would you prevent identity theft,use strong passwords encrypt data and regularly update security systems 
technology,cybersecurity,medium,How would you advise employees to avoid identity theft,use strong passwords avoid phishing and update software regularly 
technology,cybersecurity,medium,How often do you conduct patch management,apply patches as soon as they are released typically monthly 
technology,cybersecurity,medium,How does zerotrust security differ from traditional perimeterbased security,zerotrust assumes no implicit trust requiring continuous verification for all access attempts 
technology,cybersecurity,medium,How does threat intelligence sharing improve cybersecurity defenses,collaboration among organizations enhances proactive threat detection and mitigation efforts 
technology,cybersecurity,medium,How does supply chain security impact cybersecurity,compromised suppliers can introduce vulnerabilities requiring risk assessments and monitoring 
technology,cybersecurity,medium,How does rolebased access control RBAC improve security,rbac restricts system access based on user roles reducing the risk of unauthorized access 
technology,cybersecurity,medium,How does quantum computing impact encryption,quantum computing poses a risk to traditional encryption algorithms leading to the need for quantumresistant cryptography 
technology,cybersecurity,medium,How does privileged access management PAM enhance security,pam controls and monitors privileged user access to critical systems to prevent misuse 
technology,cybersecurity,medium,How does network segmentation improve cybersecurity,segmentation limits attack surfaces by isolating critical systems and reducing lateral movement of threats 
technology,cybersecurity,medium,How does network microsegmentation enhance security,it limits lateral movement by isolating workloads and enforcing granular access policies 
technology,cybersecurity,medium,Explain the concept of threat intelligence and its application.,threat intelligence collects and analyzes data to detect and respond to emerging threats 
technology,cybersecurity,medium,Explain the concept of microsegmentation in network security.,microsegmentation isolates network segments to limit lateral threat movement 
technology,cybersecurity,medium,Explain the concept of federated identity management.,allows users to access multiple systems with one set of credentials securely 
technology,cybersecurity,medium,How does Secure Socket Layer SSL work,ssl encrypts communication between web browsers and servers for secure data transmission 
technology,cybersecurity,medium,How does AI enhance cybersecurity threat detection,ai identifies patterns in network traffic detects anomalies and automates response actions 
technology,cybersecurity,medium,How do you manage security in a hybrid cloud environment,use consistent security policies identity management and data protection across environments 
technology,cybersecurity,medium,How do threat hunting techniques enhance cybersecurity,threat hunting proactively searches for undetected cyber threats within a network to mitigate risks early 
technology,cybersecurity,medium,How do threat detection systems work,they monitor traffic and logs for threats using rules and machine learning 
technology,cybersecurity,medium,How do penetration testing and vulnerability assessments differ,penetration testing simulates attacks to find weaknesses  vulnerability assessments scan for known flaws 
technology,cybersecurity,medium,How do organizations protect against ransomware,use regular backups patch management email filtering and employee training to prevent ransomware attacks 
technology,cybersecurity,medium,How do organizations mitigate firmwarelevel threats,use secure boot processes regularly update firmware and implement hardware security controls 
technology,cybersecurity,medium,How do organizations handle supply chain security risks in software development,use software bill of materials sbom conduct thirdparty audits and enforce secure coding practices 
technology,cybersecurity,medium,How do organizations ensure the security of microservices architectures,use service mesh for secure communication implement least privilege access and monitor api traffic 
technology,cybersecurity,medium,How do organizations ensure security in DevSecOps,by integrating security into the devops pipeline automating testing and enforcing compliance policies 
technology,cybersecurity,medium,How do organizations ensure compliance with cybersecurity regulations,conduct regular security audits maintain policy documentation and enforce data protection measures 
technology,cybersecurity,medium,How do firewalls protect network security,firewalls filter network traffic blocking unauthorized access and preventing malicious data entry 
technology,cybersecurity,medium,An employee lost a company laptop with sensitive files. What are your next steps,remotely wipe the device change passwords notify it check encryption status and educate employees on device security policies 
technology,cybersecurity,medium,A user reports receiving a suspicious email requesting login credentials. What should you do,advise user not to click links analyze email headers check for similar reports blacklist sender domain and conduct phishing awareness training 
technology,cybersecurity,medium,A user accidentally clicked on a malicious email link. What immediate actions should you take,disconnect from the network scan for malware reset credentials check network logs and educate on phishing awareness 
technology,cybersecurity,medium,How can organizations secure cloudbased collaboration tools,enable multifactor authentication implement access controls and regularly audit user activity 
technology,cybersecurity,medium,How can organizations protect against insider threats,implement strict access controls user behavior monitoring and employee training programs 
technology,cybersecurity,medium,How can organizations mitigate social engineering attacks,conduct employee training implement verification protocols and use multifactor authentication 
technology,cybersecurity,medium,How can organizations improve API security,implement authentication rate limiting input validation and continuous monitoring 
technology,cybersecurity,medium,How can organizations implement phishingresistant authentication methods,use fido based authentication biometric verification and hardware security keys 
technology,cybersecurity,medium,How can organizations defend against credential stuffing attacks,implement multifactor authentication monitor login attempts and use credential stuffing detection tools 
technology,cybersecurity,medium,Explain what a security policy is.,a security policy defines rules procedures and guidelines to protect an organization s information and assets 
technology,cybersecurity,medium,Explain what a security audit is.,a security audit evaluates system security identifies vulnerabilities and recommends improvements 
technology,cybersecurity,medium,Explain what SSDP is.,ssdp simple service discovery protocol is a network protocol for discovering network services 
technology,cybersecurity,medium,Explain what SNMP is.,snmp simple network management protocol manages and monitors network devices 
technology,cybersecurity,medium,Explain the principles of ethical hacking.,testing security with authorization maintaining confidentiality responsible disclosure 
technology,cybersecurity,medium,Explain the principle of least privilege.,limits user access to only what s necessary reducing security risks 
technology,cybersecurity,medium,Explain the difference between a Threat Vulnerability and Risk in cybersecurity.,threat  potential danger  vulnerability  weakness  risk  probability of a threat exploiting a vulnerability 
technology,cybersecurity,medium,Explain the concept of container security.,secure containers with image scanning access controls and runtime protection 
technology,cybersecurity,medium,Explain the concept of a digital signature.,a digital signature verifies authenticity and integrity of digital documents using cryptographic methods 
technology,cybersecurity,medium,Discuss the role of security awareness training in an organization.,security awareness training educates employees about cyber threats reducing human error risks 
technology,cybersecurity,medium,Discuss the role of blockchain in cybersecurity.,blockchain enhances security with decentralized consensus data integrity and immutable records 
technology,cybersecurity,medium,Discuss the role of artificial intelligence in cybersecurity.,ai enhances threat detection anomaly recognition and automates incident response 
technology,cybersecurity,medium,Discuss the intricacies of network protocol security.,secure protocols ensure data confidentiality and integrity using encryption authentication and updates 
technology,cybersecurity,medium,Discuss the importance of compliance in cybersecurity.,compliance ensures adherence to laws and regulations protecting data and avoiding legal issues 
technology,cybersecurity,medium,Discuss the future trends in cybersecurity.,ai/ml for threats zerotrust cloud security iot and  g security focus 
technology,cybersecurity,medium,Discuss the concept of risk assessment in cybersecurity.,identifying assessing and prioritizing threats and vulnerabilities to improve security 
technology,cybersecurity,medium,Discuss the ISO 27001/27002 standards.,iso       is for isms while iso       provides security control guidelines 
technology,cybersecurity,medium,Define the terms Encryption and Decryption.,encryption secures data by converting it into a coded format  decryption restores it to readable form 
technology,cybersecurity,medium,What are the key considerations for securing machine learning models,implement model encryption adversarial training and access control mechanisms to prevent tampering 
technology,cybersecurity,medium,What are the key considerations for securing blockchainbased applications,ensure smart contract security use multisignature wallets and conduct rigorous code audits 
technology,cybersecurity,medium,What are the key considerations for securing an API,use authentication rate limiting encryption and regular security testing to protect apis from attacks 
technology,cybersecurity,medium,What is a VPN and how does it enhance security,a vpn encrypts internet traffic hiding the user s ip address and protecting data from interception by attackers 
technology,cybersecurity,medium,What is a Traceroute,a diagnostic tool to track packet paths in a network 
technology,cybersecurity,medium,What is a Security Operations Center SOC,a soc is a centralized team that monitors detects and responds to security incidents in real time 
technology,cybersecurity,medium,What is a Security Information and Event Management SIEM System,siem collects and analyzes security data from multiple sources to detect and respond to threats 
technology,cybersecurity,medium,What is VLAN and how does it differ from VPN,vlan isolates networks at the data link layer  vpn encrypts remote access over the internet 
technology,cybersecurity,medium,What is SSL encryption,ssl encrypts data between web browsers and servers ensuring secure communication 
technology,cybersecurity,medium,What is SSL and how is it used,ssl encrypts internet communication securing online transactions and website data 
technology,cybersecurity,medium,What does ethical hacking mean,it refers to legally testing systems for vulnerabilities to improve security defenses 
technology,cybersecurity,medium,What do antivirus sensor systems do,they detect prevent and remove malicious software from devices 
technology,cybersecurity,medium,What best practices can organizations follow to secure remote work environments,implement vpns endpoint security multifactor authentication and employee awareness training 
technology,cybersecurity,medium,What are the three key principles of cybersecurity CIA Triad,confidentiality integrity and availability ensure data security accuracy and accessibility for users and organizations 
technology,cybersecurity,medium,What are the security risks of digital twins in industrial environments,risks include unauthorized access data manipulation and cyberphysical attack vectors 
technology,cybersecurity,medium,What are the security risks of deepfake technology,deepfakes can be used for misinformation identity theft and social engineering attacks 
Technology,Cybersecurity,medium,What tools does a Red Team use for penetration testing,red teams use tools like metasploit nmap burp suite cobalt strike and kali linux for penetration testing 
Technology,Cybersecurity,medium,What steps should be taken after a security breach,notify affected parties disclose necessary details verify breach source change admin passwords and secure lan networks 
Technology,Cybersecurity,medium,What role does social media footprinting play in social engineering,attackers gather personal details from social media to craft targeted phishing or impersonation attacks 
technology,cybersecurity,medium,What are the security risks of containerized applications,risks include insecure container images privilege escalation and container escape vulnerabilities 
technology,cybersecurity,medium,What are the security risks of adopting IoT in enterprise environments,iot risks include device vulnerabilities weak authentication and insecure network communications 
technology,cybersecurity,medium,What are the security risks associated with robotic process automation RPA,risks include unauthorized access credential leaks and lack of visibility into automated processes 
technology,cybersecurity,medium,What is network sniffing,intercepting and analyzing network traffic used for monitoring or attacks 
technology,cybersecurity,medium,What is multifactor authentication MFA and why is it important,mfa enhances security by requiring multiple authentication factors making it harder for cybercriminals to access accounts using stolen credentials 
technology,cybersecurity,medium,What is malware and how does it affect systems,malware is software designed to harm systems  it can steal data slow computers or let hackers take control remotely 
technology,cybersecurity,medium,What is encryption and why is it crucial in cybersecurity,encryption secures data by converting it into an unreadable format ensuring privacy security and protection from unauthorized access and cyber threats 
technology,cybersecurity,medium,What is dark web monitoring and why is it important for cybersecurity,dark web monitoring tracks leaked credentials and cyber threats to prevent data breaches 
technology,cybersecurity,medium,What is cybersecurity and why is it important,cybersecurity protects systems and data from hackers and malware ensuring confidentiality integrity and availability of sensitive information 
technology,cybersecurity,medium,What is cyber resilience and how can organizations improve it,cyber resilience is the ability to withstand cyber threats  improve it with strong security policies incident response and continuous monitoring 
technology,cybersecurity,medium,What is cyber insurance and how does it help organizations,cyber insurance helps organizations recover from cyberattacks by covering financial losses and legal costs 
technology,cybersecurity,medium,What is crosssite scripting XSS and how does it work,xss is an attack where attackers inject malicious javascript into a website which runs in users  browsers  prevention includes input sanitization and using content security policy csp 
technology,cybersecurity,medium,What is an access control list ACL and how is it used,acls define permissions for users and devices to access system resources like files and network devices 
technology,cybersecurity,medium,What is a sniffing attack,sniffing attacks intercept network traffic to steal data often using tools like wireshark 
technology,cybersecurity,medium,What is a security patch and why is it important,a security patch is an update that fixes vulnerabilities in software preventing hackers from exploiting known security flaws 
technology,cybersecurity,medium,What is a honeypot in cybersecurity,a honeypot is a decoy system designed to attract attackers and collect information on their techniques 
Technology,Cybersecurity,medium,What is the role of a Purple Team in cybersecurity,a purple team enhances security by integrating red team attack tactics and blue team defense strategies to improve overall security posture 
Technology,Cybersecurity,medium,What is the role of a Purple Team in cybersecurity,a purple team bridges the gap between red and blue teams ensuring both offensive and defensive security strategies are optimized 
Technology,Cybersecurity,medium,What is the role of a Digital Forensics team in cybersecurity,a digital forensics team investigates cyber incidents collects and analyzes evidence and assists in legal proceedings to determine the cause and impact of an attack 
Technology,Cybersecurity,medium,What is the role of Kali Linux in ethical hacking,kali linux is a securityfocused os with preinstalled penetration testing tools for ethical hacking and cybersecurity assessments 
Technology,Cybersecurity,medium,What is the difference between TTPs and IoCs,iocs indicate an active or past attack while ttps describe an attacker s strategies behavior and methods 
Technology,Cybersecurity,medium,What is the connection between social engineering and insider threats,social engineers may manipulate employees to become insider threats by coercion deception or financial incentives 
Technology,Cybersecurity,medium,What is the connection between SIM swapping and social engineering,sim swapping exploits social engineering to convince telecom providers to transfer a victim s phone number to an attackercontrolled sim card allowing access to mfaprotected accounts 
Technology,Cybersecurity,medium,What is tailgating and how can it be prevented,tailgating occurs when an attacker follows an authorized person into a restricted area  prevention includes badge verification turnstiles and security awareness 
Technology,Cybersecurity,medium,What is whaling in cybersecurity,whaling is a type of phishing attack targeting highprofile individuals like executives or government officials 
Technology,Cybersecurity,medium,What is watering hole attack in social engineering,a watering hole attack compromises websites frequently visited by a target group infecting them with malware to exploit unsuspecting visitors 
Technology,Cybersecurity,medium,What is threat hunting and how does it differ from traditional detection,threat hunting is a proactive search for hidden threats in a network unlike traditional detection which relies on alerts and signatures 
Technology,Cybersecurity,medium,What is the role of voice phishing vishing in social engineering,vishing involves attackers using phone calls to impersonate trusted entities tricking victims into revealing confidential information 
Technology,Cybersecurity,medium,What is the role of twofactor authentication 2FA in preventing social engineering, fa adds an extra layer of security making it harder for attackers to gain access even if login credentials are stolen 
Technology,Cybersecurity,medium,What is the role of social media in modern social engineering attacks,social media is used to gather information about targets spread phishing links and impersonate trusted individuals or brands 
Technology,Cybersecurity,medium,What is the role of shoulder surfing in social engineering attacks,shoulder surfing involves attackers physically observing victims entering sensitive data such as passwords or pins 
Technology,Cybersecurity,medium,What is the role of human psychology in social engineering attacks,social engineering exploits human psychology by using trust fear urgency or curiosity to manipulate victims into revealing sensitive information 
Technology,Cybersecurity,medium,What is the role of fake verification messages in social engineering,attackers send fake security verification messages to trick users into entering credentials on phishing sites 
Technology,Cybersecurity,medium,What is the role of fake CAPTCHA in social engineering,fake captchas trick users into thinking a website is legitimate while secretly verifying stolen credentials or tracking user behavior 
Technology,Cybersecurity,medium,What is the role of a keylogger in hacking,a keylogger is malware that records keystrokes to steal sensitive data like usernames and passwords 
Technology,Cybersecurity,medium,What is the role of a Red Team in cybersecurity,the red team simulates cyberattacks to test an organization s security defenses and improve resilience 
Technology,Cybersecurity,medium,What is an evil twin attack and how does it relate to social engineering,an evil twin attack creates a rogue wifi hotspot mimicking a legitimate one tricking users into connecting and stealing their credentials 
Technology,Cybersecurity,medium,What is an evil maid attack,an evil maid attack occurs when an attacker gains physical access to a device and manipulates it to steal data or install malware 
Technology,Cybersecurity,medium,What is an attack vector,an attack vector is the method or pathway an attacker uses to gain unauthorized access to a system or network 
Technology,Cybersecurity,medium,What is an assumed breach in Red Teaming,an assumed breach assumes an attacker is already inside the network testing how well defenses detect and respond to intrusions 
Technology,Cybersecurity,medium,What is the main purpose of penetration testing,penetration testing identifies vulnerabilities in systems to prevent unauthorized access and security threats 
Technology,Cybersecurity,medium,What is the main goal of a Threat Hunting exercise,threat hunting proactively searches for security threats within an environment before they can cause harm identifying hidden or advanced attacks 
Technology,Cybersecurity,medium,What is the impact of social engineering on supply chain security,attackers manipulate vendors or thirdparty partners to gain access to target organizations and steal data 
Technology,Cybersecurity,medium,What is the difference between vulnerability assessment and penetration testing,vulnerability assessment identifies security flaws while penetration testing actively exploits them to measure security effectiveness 
Technology,Cybersecurity,medium,What is the difference between tailgating and piggybacking in social engineering,tailgating involves an attacker following someone into a secure area without authorization while piggybacking involves an attacker being intentionally allowed in by an authorized user 
Technology,Cybersecurity,medium,What is the difference between sniffing and spoofing,sniffing captures network traffic while spoofing involves impersonating a legitimate device or user 
Technology,Cybersecurity,medium,What is the difference between endpoint detection and network detection,endpoint detection focuses on devices edr while network detection monitors traffic patterns and anomalies ndr 
Technology,Cybersecurity,medium,What is the difference between endpoint detection and network detection,endpoint detection focuses on devices edr while network detection monitors traffic patterns and anomalies ndr 
Technology,Cybersecurity,medium,What is the difference between encryption and hashing,hashing ensures data integrity while encryption provides confidentiality  encryption is reversible but hashing is a oneway function 
Technology,Cybersecurity,medium,What is the difference between encryption and hashing,hashing ensures data integrity while encryption provides confidentiality  encryption is reversible but hashing is a oneway function 
Technology,Cybersecurity,medium,What is the difference between active and passive reconnaissance,active reconnaissance interacts with the target e g  scanning while passive reconnaissance collects information without direct engagement e g  osint 
Technology,Cybersecurity,medium,What is the difference between a virus and a worm,a virus embeds itself in programs and spreads with user action while a worm selfreplicates without requiring a host program 
Technology,Cybersecurity,medium,How can a Blue Team detect credential stuffing attacks,by monitoring for repeated login attempts from different locations using leaked credentials and enforcing mfa 
Technology,Cybersecurity,medium,How can DNS security be enhanced to prevent attacks,by implementing dnssec using private dns resolvers enabling logging and blocking malicious domain lookups 
Technology,Cybersecurity,medium,How can AIgenerated voice cloning be used in social engineering,aigenerated voice cloning mimics real voices to impersonate trusted individuals in phonebased scams or vishing attacks 
Technology,Cybersecurity,medium,Explain Web Server Hardening Methods,web server hardening involves managing ssl/tls certificates restricting access permissions and removing misconfigurations to secure servers 
Technology,Cybersecurity,medium,What is spear phishing,spear phishing is a targeted email attack that tricks victims into revealing sensitive information or credentials 
Technology,Cybersecurity,medium,What is social engineering reconnaissance,reconnaissance involves gathering publicly available data on a target to tailor a social engineering attack 
Technology,Cybersecurity,medium,What is smishing and how is it different from phishing,smishing sms phishing uses text messages to trick victims into clicking malicious links or sharing sensitive data 
Technology,Cybersecurity,medium,What is rogue software and how does it relate to social engineering,rogue software masquerades as legitimate security tools to trick users into installing malware or paying for fake protection 
Technology,Cybersecurity,medium,What is pretexting in social engineering and how can it be prevented,pretexting involves attackers fabricating a scenario to steal information  it can be prevented by employee training and strict identity verification protocols 
Technology,Cybersecurity,medium,What is passthehash attack,a passthehash attack exploits password hash authentication to gain access to a system without needing plaintext passwords 
Technology,Cybersecurity,medium,What is meant by Blowfish algorithms in cryptography,blowfish is a symmetric block cipher known for its speed and strong encryption security 
Technology,Cybersecurity,medium,What is ethical hacking,ethical hacking is authorized penetration testing to find vulnerabilities in systems improving security using the same techniques as malicious hackers 
Technology,Cybersecurity,medium,What is enumeration in ethical hacking,enumeration is the process of gathering active information about a target such as usernames passwords and network shares to find vulnerabilities for exploitation 
Technology,Cybersecurity,medium,What is consent phishing and how is it different from traditional phishing,consent phishing tricks users into granting oauth permissions to malicious apps giving attackers access to cloud services without requiring passwords 
Technology,Cybersecurity,medium,What is clickjacking,clickjacking tricks users into clicking hidden elements leading to unintended actions such as executing malware or revealing credentials 
Technology,Cybersecurity,medium,What is an exploit in cybersecurity,an exploit is a code or technique that takes advantage of a security vulnerability to execute unauthorized actions 
Technology,Cybersecurity,medium,What is an SSRF attack,serverside request forgery ssrf tricks a web server into making requests to unintended locations potentially accessing internal systems 
Technology,Cybersecurity,medium,What is a zeroday exploit,a zeroday exploit is an attack that exploits an unknown vulnerability before developers release a patch 
Technology,Cybersecurity,medium,What is a web beacon in tracking,a web beacon is an invisible image or script used to track user activity on websites and emails 
Technology,Cybersecurity,medium,What is a watering hole attack in social engineering,attackers compromise websites frequently visited by a target audience to infect users with malware 
Technology,Cybersecurity,medium,What is a timing attack,a timing attack exploits the time taken by cryptographic operations to infer sensitive information 
Technology,Cybersecurity,medium,What is a social engineering red team assessment,a red team assessment simulates realworld social engineering attacks to test an organization s security awareness and defenses 
Technology,Cybersecurity,medium,What is a social engineering attack vector,an attack vector is the method used to exploit human vulnerabilities such as phishing pretexting baiting or impersonation 
Technology,Cybersecurity,medium,What is a race condition vulnerability,a race condition vulnerability occurs when a system processes multiple requests simultaneously leading to unintended behavior 
Technology,Cybersecurity,medium,What is a printer exploitation attack,printer exploitation targets vulnerable network printers to access or manipulate sensitive data 
Technology,Cybersecurity,medium,What is a pretexting attack,pretexting is when attackers create a fake scenario to manipulate victims into revealing confidential information 
Technology,Cybersecurity,medium,What is a gift card scam in social engineering,attackers pose as executives or suppliers requesting employees to purchase and share gift card codes leading to financial fraud 
Technology,Cybersecurity,medium,What is a forensic image,a forensic image is an exact copy of digital evidence preserving all data for investigation and analysis 
Technology,Cybersecurity,medium,What is a credential stuffing attack,credential stuffing is using stolen usernamepassword combinations from one breach to access other accounts 
Technology,Cybersecurity,medium,What is a cold boot attack,a cold boot attack exploits data remanence in ram to extract encryption keys and sensitive data after a system reboot 
Technology,Cybersecurity,medium,What is a clone phishing attack and how does it work,clone phishing duplicates a legitimate email modifying attachments or links with malicious versions to trick recipients into clicking them 
Technology,Cybersecurity,medium,What is a canary token and how does it work,a canary token is a decoy file or credential that triggers an alert when accessed by an unauthorized entity 
Technology,Cybersecurity,medium,How do attackers use fake customer service calls in social engineering,attackers impersonate customer support agents to trick victims into revealing login credentials or installing malware 
Technology,Cybersecurity,medium,How do attackers use QR code phishing in social engineering,attackers create malicious qr codes leading to phishing sites or malware downloads exploiting users  trust in qrbased transactions 
Technology,Cybersecurity,medium,How do attackers use LinkedIn for social engineering attacks,attackers create fake profiles to gather intelligence connect with targets and send phishing links or malicious attachments 
Technology,Cybersecurity,medium,How do attackers manipulate emotions in social engineering scams,attackers exploit emotions like fear urgency greed or curiosity to manipulate victims into making hasty security mistakes 
Technology,Cybersecurity,medium,How do attackers leverage realtime deepfake voice calls for social engineering,attackers use aigenerated deepfake voices to impersonate executives or family members convincing victims to transfer money or reveal sensitive data 
Technology,Cybersecurity,medium,How do attackers exploit online quizzes in social engineering,attackers use quizzes to trick users into revealing personal information which is later used for password recovery or identity theft 
Technology,Cybersecurity,medium,How do attackers exploit QR codes in social engineering attacks,attackers use malicious qr codes to lead victims to phishing sites download malware or steal login credentials 
Technology,Cybersecurity,medium,How do Red Teams conduct reconnaissance before an attack,they use osint network scanning social engineering and enumeration techniques to gather information about the target 
Technology,Cybersecurity,medium,How do Blue Teams use AI and machine learning for cybersecurity,they analyze large datasets detect anomalies predict threats and automate responses to security incidents 
Technology,Cybersecurity,medium,How do Blue Teams analyze attack patterns to improve defense strategies,they use threat intelligence security logs attack simulations and frameworks like mitre att ck to identify and mitigate security gaps 
Technology,Cybersecurity,medium,How can the Blue Team detect and mitigate livingofftheland LotL attacks,the blue team detects lotl attacks by monitoring abnormal process behaviors using endpoint detection and response edr tools and analyzing event logs for suspicious use of builtin system utilities like powershell and wmi 
Technology,Cybersecurity,medium,How can job recruitment scams be used for social engineering,attackers create fake job postings to collect personal information steal credentials or deliver malware 
Technology,Cybersecurity,medium,How can deception technology be used to strengthen cybersecurity defenses,deception technology deploys traps like honeypots and fake credentials to lure and detect attackers before they reach critical systems 
Technology,Cybersecurity,medium,How can companies train employees to resist social engineering attacks,regular security awareness training phishing simulations and strict verification procedures can help employees recognize and resist attacks 
Technology,Cybersecurity,medium,How can a Blue Team detect privilege escalation attempts,by monitoring unusual account behavior privilege changes and analyzing event logs for suspicious activities 
Technology,Cybersecurity,medium,How can a Blue Team detect privilege escalation attempts,by monitoring unusual account behavior privilege changes and analyzing event logs for suspicious activities 
Technology,Cybersecurity,medium,How does a Blue Team use log analysis to detect threats,they analyze logs from firewalls endpoints and network devices to identify patterns anomalies and signs of compromise 
Technology,Cybersecurity,medium,How does a Blue Team use deception techniques,they deploy honeypots fake credentials and decoy systems to detect and mislead attackers 
Technology,Cybersecurity,medium,How does a Blue Team use deception techniques,they deploy honeypots fake credentials and decoy systems to detect and mislead attackers 
Technology,Cybersecurity,medium,How does a Blue Team use deception techniques to detect attackers,by deploying honeypots honey tokens and fake credentials to lure attackers and monitor their actions 
Technology,Cybersecurity,medium,How does a Blue Team respond to a simulated Red Team attack,the blue team analyzes attack indicators implements countermeasures and updates security policies based on red team findings 
Technology,Cybersecurity,medium,How does Red Teaming simulate insider threats,red teams mimic insider threats by using stolen credentials social engineering and privilege escalation to access sensitive data 
Technology,Cybersecurity,medium,How does QR code phishing quishing work,attackers use qr codes in emails or posters to lead victims to malicious websites or fake login pages 
Technology,Cybersecurity,medium,How does LinkedIn phishing work,attackers create fake linkedin profiles to connect with employees gain trust and deliver phishing links or malicious attachments 
Technology,Cybersecurity,medium,How do you prevent session hijacking,use https hsts httponly cookies anticsrf tokens and content security policies 
Technology,Cybersecurity,medium,How do cybercriminals use free WiFi networks for social engineering,attackers set up fake wifi hotspots to capture login credentials and personal data from unsuspecting users 
Technology,Cybersecurity,medium,How do attackers use social media verification scams,scammers send fake account verification messages tricking users into providing login details or enabling malware downloads 
Technology,Cybersecurity,medium,How do attackers use social engineering to bypass multifactor authentication MFA,attackers trick victims into revealing their mfa codes via phishing vishing or sim swapping scams 
Technology,Cybersecurity,medium,How do attackers use job offer scams in social engineering,attackers send fake job offers to collect personal information steal credentials or install malware on victims  devices 
Technology,Cybersecurity,medium,How do attackers use fear tactics in social engineering,scammers create fake threats such as legal action hacked accounts or ransomware to pressure victims into taking immediate action 
Technology,Cybersecurity,medium,How do attackers use fake social media profiles for social engineering,attackers create fake profiles to befriend victims gain trust extract personal information or spread malicious links 
Technology,Cybersecurity,medium,How do attackers use fake security alerts to conduct social engineering,fake alerts trick users into clicking malicious links downloading malware or providing login credentials to a spoofed website 
Technology,Cybersecurity,medium,What are Pharming and Defacement,pharming compromises dns to redirect traffic  defacement replaces website content with malicious messages 
Technology,Cybersecurity,medium,List some intrusion detection systems and evasion techniques in ethical hacking.,ids types  packet fragmentation source routing ip address decoy and spoofing to evade detection 
Technology,Cybersecurity,medium,How does threat hunting help Blue Teams,threat hunting proactively identifies hidden threats by analyzing network traffic logs and system behavior 
Technology,Cybersecurity,medium,How does threat hunting help Blue Teams,threat hunting proactively identifies hidden threats by analyzing network traffic logs and system behavior 
Technology,Cybersecurity,medium,How does the Blue Team respond to a successful Red Team attack,they analyze attack logs identify gaps update security policies and improve incident response plans 
Technology,Cybersecurity,medium,How does the Blue Team respond to a successful Red Team attack,they analyze attack logs identify gaps update security policies and improve incident response plans 
Technology,Cybersecurity,medium,How does the Blue Team detect privilege escalation,by monitoring abnormal user activity reviewing privilege changes and analyzing logs for unauthorized access attempts 
Technology,Cybersecurity,medium,How does credential stuffing relate to social engineering,credential stuffing exploits stolen login credentials obtained via social engineering or data breaches to access multiple accounts 
Technology,Cybersecurity,medium,How does business impersonation fraud work in social engineering,attackers impersonate trusted vendors suppliers or business partners to trick companies into making fraudulent payments or sharing sensitive data 
Technology,Cybersecurity,medium,How does an attacker manipulate a help desk for social engineering,attackers impersonate employees and use urgent requests to trick it help desks into resetting passwords or granting system access 
Technology,Cybersecurity,medium,How does a pretexting attack differ from phishing,pretexting involves creating a convincing scenario to extract information while phishing relies on fake websites or emails to steal data 
Technology,Cybersecurity,medium,How does a Security Orchestration Automation and Response SOAR platform enhance cybersecurity,soar automates security workflows integrates threat intelligence and streamlines incident response processes to improve efficiency 
Technology,Cybersecurity,medium,How does a Red Team use opensource intelligence OSINT,they gather public information about targets using social media whois search engines and leaked data sources 
Technology,Cybersecurity,medium,How does a Red Team exfiltrate data without triggering alarms,by using encryption steganography covert channels and protocol tunneling to evade security monitoring tools 
Technology,Cybersecurity,medium,How does a Red Team evade detection during an engagement,by using techniques like encrypted commandandcontrol c  traffic process injection living off the land binaries lolbins and custom malware 
Technology,Cybersecurity,medium,How does a Red Team bypass endpoint detection,red teams use techniques like obfuscation payload encryption process injection and livingofftheland binaries lolbins 
Technology,Cybersecurity,medium,What do you mean by keystroke logging,keystroke logging keylogging is surveillance software that records all keyboard activity to monitor user actions 
Technology,Cybersecurity,medium,What do you mean by exploitation,exploitation is using software cripts to take control of a system by exploiting vulnerabilities often detected using tools like openvas and nessus 
Technology,Cybersecurity,medium,What are the types of password cracking techniques,common techniques include dictionary attack brute force maninthemiddle traffic interception and keylogger attacks 
Technology,Cybersecurity,medium,What are the types of hackers,types of hackers  black hat malicious hackers white hat ethical hackers grey hat mixed intent hacktivists script kiddies elite hackers neophytes blue hat and red hat 
Technology,Cybersecurity,medium,What are the tools used for ethical hacking,popular ethical hacking tools  john the ripper metasploit nmap acunetix wireshark sqlmap openvas ironwasp nikto netsparker 
Technology,Cybersecurity,medium,What are the signs of a social engineering attack,signs include unexpected urgency unusual requests for sensitive data inconsistencies in communication and unexpected login attempts 
Technology,Cybersecurity,medium,What are the risks of social engineering in cloud security,attackers use social engineering to steal cloud credentials leading to data breaches service disruptions and unauthorized access 
Technology,Cybersecurity,medium,What are the phases of hacking a system,hacking phases  reconnaissance scanning gaining access maintaining access and clearing tracks 
Technology,Cybersecurity,medium,What are the key elements of a Zero Trust security model,zero trust requires continuous authentication least privilege access network segmentation and strict verification of all devices and users 
Technology,Cybersecurity,medium,What are the key challenges in implementing a robust Incident Response Plan,challenges include lack of threat visibility poor communication insufficient training and delays in threat containment and eradication 
Technology,Cybersecurity,medium,What are the different types of social engineering attacks,types include phishing vishing pretexting quid pro quo tailgating spear phishing and baiting 
Technology,Cybersecurity,medium,What are the different types of hacking,hacking types  website hacking network hacking email hacking password hacking and computer hacking each targeting different aspects of security and data access 
Technology,Cybersecurity,medium,What are the different ethical hacking tools,common ethical hacking tools  nmap nessus nikto kismet netstumbler acunetix netsparker intruder 
Technology,Cybersecurity,medium,What are the common tactics used in social engineering pretexting,common tactics include impersonation fabricated scenarios fake surveys or officiallooking documentation to gain trust and extract information 
Technology,Cybersecurity,medium,What are the advantages and disadvantages of ethical hacking,advantages  fights cyber terrorism detects system weaknesses prevents malicious access and enhances banking security  disadvantages  can be misused for data theft corrupt files and steal sensitive information 
Technology,Cybersecurity,medium,What are common evasion techniques used by Advanced Persistent Threats APTs,code obfuscation fileless malware steganography encrypted communications and leveraging legitimate system tools for persistence 
Technology,Cybersecurity,medium,What is a buffer overflow attack,a buffer overflow occurs when excess data overwrites adjacent memory leading to crashes or code execution 
Technology,Cybersecurity,medium,What is a blue team in cybersecurity,a blue team defends against cyber threats by monitoring detecting and responding to attacks 
Technology,Cybersecurity,medium,What is a Watering Hole attack and how do attackers use it,a watering hole attack infects legitimate websites frequently visited by a target group to compromise their systems with malware 
Technology,Cybersecurity,medium,What is a Lateral Movement attack,lateral movement occurs when attackers navigate through a compromised network to escalate privileges and access more systems 
Technology,Cybersecurity,medium,What is a DNS tunneling attack,a dns tunneling attack encodes malicious traffic within dns queries to bypass security controls 
Technology,Cybersecurity,medium,What is a DDoS attack,a distributed denialofservice ddos attack floods a server with excessive traffic causing service disruption 
Technology,Cybersecurity,medium,What is a CEO fraud attack,ceo fraud is a type of social engineering attack where attackers impersonate company executives to manipulate employees into transferring funds or disclosing sensitive data 
Technology,Cybersecurity,medium,What is Spoofing,spoofing is a deceptive practice where a hacker impersonates a trusted source to steal information spread malware or redirect traffic 
Technology,Cybersecurity,medium,What is SIMjacking and how does it aid social engineering attacks,simjacking involves social engineering telecom providers to transfer a victim s phone number to an attacker bypassing twofactor authentication 
Technology,Cybersecurity,medium,What is Network Access Control NAC and why is it important,nac enforces security policies by restricting network access to authenticated and compliant devices preventing unauthorized access 
Technology,Cybersecurity,medium,What is NTFS File Streaming,ntfs file streaming allows applications to access files stored on an ntfs volume while the volume is offline 
Technology,Cybersecurity,medium,What is MIB,management information base mib is a database that stores structured information about network devices and is used in network management systems 
Technology,Cybersecurity,medium,What is HMAC Hashed Message Authentication Code,hmac is a cryptographic hash function ensuring message authenticity and integrity often used with ssl/tls 
Technology,Cybersecurity,medium,What is Evil Twin or AP Masquerading,an evil twin attack involves a rogue access point mimicking a legitimate one to intercept user data 
Technology,Cybersecurity,medium,What is DLL sideloading,dll sideloading tricks legitimate applications into loading a malicious dll instead of the intended one 
Technology,Cybersecurity,medium,What is Burp Suite,burp suite is a security toolset for web application testing developed by portswigger used for penetration testing and vulnerability scanning 
technology,cybersecurity,medium,What is a firewall and how does it work,a firewall filters network traffic allowing safe communication while blocking unauthorized access cyber threats and malware attacks 
technology,cybersecurity,medium,What is a data leak How can it be prevented,unauthorized data exposure  prevent with access controls encryption and monitoring 
technology,cybersecurity,medium,What is a cybersecurity risk assessment,evaluates security performance vulnerabilities and potential risks 
technology,cybersecurity,medium,What is the role of DevSecOps in modern cybersecurity,devsecops integrates security practices into the software development lifecycle ensuring security at every stage of development 
technology,cybersecurity,medium,What is the purpose of penetration testing and what tools are commonly used,penetration testing simulates cyberattacks to identify security weaknesses  common tools include metasploit nmap burp suite and wireshark 
technology,cybersecurity,medium,What is the principle of least privilege PoLP,polp restricts users to only the permissions needed to perform their tasks reducing security risks 
technology,cybersecurity,medium,What is the importance of secure coding practices,secure coding helps prevent vulnerabilities such as sql injection buffer overflows and crosssite scripting 
technology,cybersecurity,medium,What is the importance of log management in cybersecurity,logs provide visibility into system activities help detect threats and support incident response efforts 
technology,cybersecurity,medium,What is the importance of forensics in cybersecurity,forensics investigates incidents gathers evidence and helps with response and legal actions 
technology,cybersecurity,medium,What is the importance of endpoint privilege management,endpoint privilege management limits user privileges to reduce the attack surface and prevent malware spread 
technology,cybersecurity,medium,What is the difference between symmetric and asymmetric encryption,symmetric encryption uses one key  asymmetric encryption uses a publicprivate key pair 
technology,cybersecurity,medium,What is the difference between cybersecurity and information security,cybersecurity focuses on digital threats while information security covers all forms of data protection 
technology,cybersecurity,medium,What is the difference between a virus and a worm,a virus infects files and needs execution to spread while a worm selfreplicates over networks spreading quickly without user intervention 
technology,cybersecurity,medium,What is the difference between Black Hat White Hat and Grey Hat hackers,black hat hackers exploit vulnerabilities maliciously white hat hackers test security legally and grey hat hackers operate in between sometimes exposing vulnerabilities without permission 
technology,cybersecurity,medium,What is social engineering Give an example.,social engineering tricks people into revealing confidential info  example  impersonating it support to obtain login credentials 
technology,cybersecurity,medium,What is social engineering and what are its common types,social engineering manipulates people into revealing sensitive information  examples include phishing pretexting baiting and tailgating 
technology,cybersecurity,medium,What is sidechannel analysis in cryptography,sidechannel attacks exploit information leakage from physical implementations such as power consumption or electromagnetic emissions 
technology,cybersecurity,medium,What is phishing How can it be prevented,phishing tricks users into giving credentials  prevent with awareness firewalls and antiphishing tools 
technology,cybersecurity,medium,What is phishing and how can you detect it,phishing scams trick users into providing sensitive information via fake emails or websites  detect them by verifying links and sender details 
Technology,Cybersecurity,hard,Why is the NIST SHA3 algorithm different from SHA2,sha  keccak uses a sponge construction instead of merkledamg rd offering resistance to length extension attacks and better security margin 
Technology,Cybersecurity,hard,Why is the NIST PostQuantum Cryptography Standardization important,nist pqc efforts aim to replace rsa and ecc with quantumresistant algorithms ensuring cryptographic security beyond quantum advancements 
Technology,Cybersecurity,hard,Why is RSA encryption vulnerable to chosenciphertext attacks,rsa is vulnerable to chosenciphertext attacks due to its deterministic nature allowing attackers to manipulate ciphertext and learn information about the plaintext 
Technology,Cybersecurity,hard,Why is PostQuantum Cryptography PQC necessary,pqc protects against shor s algorithm and future quantum computers ensuring longterm security for encrypted communications and digital signatures 
Technology,Cybersecurity,hard,Why is NTRU encryption considered postquantum secure,ntru is a latticebased encryption scheme that resists quantum attacks due to its reliance on hard lattice problems 
Technology,Cybersecurity,hard,Why is Kyber important in postquantum cryptography,kyber is a latticebased key encapsulation mechanism kem selected by nist for postquantum encryption due to its security against quantum attacks 
Technology,Cybersecurity,hard,Why is ChaCha20 preferred over AES in some cryptographic applications,chacha   is faster in software resistant to timing attacks and provides high security with lower computational overhead than aes in nonhardwareaccelerated environments 
Technology,Cybersecurity,hard,Why are Modular Inverses important in RSA decryption,modular inverses compute private keys in rsa ensuring correct decryption using extended euclidean algorithms for modular arithmetic 
Technology,Cybersecurity,hard,What is whaling in social engineering,whaling is a type of phishing attack that specifically targets highranking executives and decisionmakers within an organization 
Technology,Cybersecurity,hard,What is the significance of the Birthday Bound in cryptographic security,the birthday bound reduces the effective security of hash functions making   nbit hashes susceptible to collisions in   n/  operations 
Technology,Cybersecurity,hard,What is the significance of latticebased cryptography in postquantum security,latticebased cryptography resists quantum attacks by leveraging complex mathematical lattice structures for secure encryption and signatures 
Technology,Cybersecurity,hard,What is the significance of Argon2 in password hashing,argon  is a memoryhard password hashing function designed to resist bruteforce attacks by using high memory and computational costs 
Technology,Cybersecurity,hard,What is the role of threat intelligence in cybersecurity operations,threat intelligence provides insights into evolving cyber threats enabling proactive defense risk assessment and improved incident response 
Technology,Cybersecurity,hard,What is the role of the NIST PostQuantum Cryptography Standardization process,nist is selecting quantumresistant cryptographic algorithms to replace rsa and ecc ensuring future security against quantum attacks 
Technology,Cybersecurity,hard,What is the role of the HKDF HMACbased Key Derivation Function,hkdf derives strong cryptographic keys from weak input secrets using hmac commonly used in tls and secure messaging protocols 
Technology,Cybersecurity,hard,What is the role of the Edwardscurve Digital Signature Algorithm EdDSA,eddsa is a highperformance digital signature scheme offering resistance to sidechannel attacks and faster verification than ecdsa 
Technology,Cybersecurity,hard,What is the role of the AESGCM mode in modern encryption,aesgcm provides both encryption and authentication offering resistance to tampering while ensuring confidentiality with minimal performance overhead 
Technology,Cybersecurity,hard,What is the role of randomness in cryptographic key generation,strong cryptographic security relies on truly random or highentropy keys to prevent predictability and bruteforce attacks 
Technology,Cybersecurity,hard,What is the role of elliptic curves in cryptography,elliptic curves provide a foundation for efficient publickey cryptography offering smaller key sizes with equivalent security compared to rsa 
Technology,Cybersecurity,hard,What is the role of darknet marketplaces in social engineering attacks,darknet marketplaces sell stolen credentials phishing kits and hacking tools used in social engineering campaigns 
Technology,Cybersecurity,hard,What is the role of Salts in password hashing,salts are random values added to passwords before hashing to prevent rainbow table attacks and ensure unique hash outputs for identical passwords 
Technology,Cybersecurity,hard,What is the role of AI in automating social engineering attacks,ai is used to generate deepfake phishing emails automate reconnaissance and create chatbots that trick victims into revealing sensitive data 
Technology,Cybersecurity,hard,What is the purpose of a nonce in cryptographic protocols,a nonce is a unique number used once to prevent replay attacks and ensure freshness in encryption and authentication mechanisms 
Technology,Cybersecurity,hard,What is the purpose of Quantum Key Distribution QKD,qkd uses quantum mechanics to securely exchange cryptographic keys preventing eavesdropping by using quantum superposition and entanglement 
Technology,Cybersecurity,hard,What is the psychology behind successful social engineering scams,successful social engineering scams exploit human emotions like trust urgency authority and fear to manipulate victims 
Technology,Cybersecurity,hard,What is the importance of a Hardware Security Module HSM in cryptographic key management,hsms provide secure key generation storage and cryptographic operations protecting against key exposure and unauthorized access 
Technology,Cybersecurity,hard,What is the impact of the Birthday Paradox on hash functions,the birthday paradox reduces collision resistance from   n to   n/  making    bit hashes vulnerable to bruteforce attacks in      operations 
Technology,Cybersecurity,hard,What is the impact of social engineering on multifactor authentication MFA security,attackers trick users into providing mfa codes through phishing vishing or social engineering techniques like pretexting 
Technology,Cybersecurity,hard,What is the impact of deepfake technology on social engineering,deepfakes can be used to impersonate executives alter video calls or create convincing fake evidence to manipulate victims 
Technology,Cybersecurity,hard,What is the impact of deepfake technology on CEO fraud,deepfake technology enables attackers to create fake video or audio messages of executives tricking employees into authorizing payments or sharing confidential data 
Technology,Cybersecurity,hard,What is the impact of a MeetintheMiddle attack on symmetric ciphers,meetinthemiddle attacks reduce bruteforce complexity in double encryption schemes requiring additional key diversification for security 
Technology,Cybersecurity,hard,What is the golden ticket attack,a golden ticket attack exploits compromised kerberos keys to create valid tickets for gaining domain administrator access 
Technology,Cybersecurity,hard,What is the function of the Noise Protocol Framework,the noise protocol framework is used for secure cryptographic handshakes enabling lightweight extensible encrypted communication protocols 
Technology,Cybersecurity,hard,What is the function of a KDF Key Derivation Function in cryptography,kdfs generate strong cryptographic keys from weak input sources using algorithms like pbkdf  hkdf and argon  
Technology,Cybersecurity,hard,What is the difference between threat modeling and risk assessment,threat modeling identifies and prioritizes potential attack vectors while risk assessment evaluates the impact and likelihood of threats on an organization 
Technology,Cybersecurity,hard,What is the difference between authenticated and unauthenticated encryption,authenticated encryption aesgcm chacha  poly     ensures both confidentiality and integrity while unauthenticated encryption only protects confidentiality 
Technology,Cybersecurity,hard,What is the difference between active and passive social engineering,active social engineering involves direct manipulation of victims while passive social engineering relies on data collection and observation 
Technology,Cybersecurity,hard,What is the difference between a cryptographic nonce and an initialization vector IV,a nonce is a onetime unique value preventing replay attacks while an iv adds randomness to encryption to ensure unique ciphertexts 
Technology,Cybersecurity,hard,What is the difference between a KDF Key Derivation Function and a PRNG PseudoRandom Number Generator,a kdf expands a key into multiple secure keys while a prng generates unpredictable values for cryptographic operations 
Technology,Cybersecurity,hard,What is the difference between a Hash Collisions and a Birthday Attack,hash collisions occur when two inputs produce the same hash while a birthday attack exploits probability to find such collisions faster than brute force 
Technology,Cybersecurity,hard,What is the difference between Symmetric and Asymmetric Padding Schemes,symmetric padding e g  pkcs   ensures block alignment while asymmetric padding e g  rsaoaep prevents deterministic encryption vulnerabilities 
Technology,Cybersecurity,hard,What is the difference between Red Teaming and penetration testing,penetration testing focuses on finding vulnerabilities while red teaming simulates realworld attacks to assess overall security posture 
Technology,Cybersecurity,hard,What is the difference between NTRUEncrypt and Kyber,ntruencrypt is an early latticebased encryption scheme while kyber is a nistselected kem for postquantum cryptography with better efficiency and security 
Technology,Cybersecurity,hard,What is the difference between Latticebased cryptography and ECC,latticebased cryptography offers quantum resistance while ecc relies on the hardness of the discrete logarithm problem for security 
Technology,Cybersecurity,hard,What is the difference between HKDF and PBKDF2,hkdf derives keys from highentropy inputs efficiently while pbkdf  adds computational cost to slow bruteforce attacks on weak passwords 
Technology,Cybersecurity,hard,What is the concept of defense in depth,defense in depth is a multilayered security strategy that includes firewalls encryption endpoint security and access controls to minimize threats 
Technology,Cybersecurity,hard,What is the Metasploit framework,metasploit is an opensource penetration testing tool used to detect exploit and validate security vulnerabilities in systems 
Technology,Cybersecurity,hard,What is the MITRE ATT&CK framework and why is it important,mitre att ck is a knowledge base of adversary tactics and techniques that helps organizations improve detection and response 
Technology,Cybersecurity,hard,What is the MITRE ATT&CK framework and how is it used,mitre att ck is a knowledge base of adversary tactics and techniques used by security teams for threat hunting detection and response planning 
Technology,Cybersecurity,hard,What is shellcode in penetration testing,shellcode is a small malicious code used as a payload to exploit software vulnerabilities 
Technology,Cybersecurity,hard,What is session replay attack,a session replay attack intercepts and reuses valid authentication tokens to impersonate a user 
Technology,Cybersecurity,hard,What is rootkit malware,a rootkit is a stealthy type of malware designed to hide its presence and gain privileged access to a system 
Technology,Cybersecurity,hard,What is privilege escalation,privilege escalation is gaining higherlevel permissions in a system to perform unauthorized actions 
Technology,Cybersecurity,hard,What is polymorphic malware,polymorphic malware changes its code to evade detection by security software 
Technology,Cybersecurity,hard,What is polymorphic malware,polymorphic malware changes its code dynamically to evade detection by antivirus and security tools 
Technology,Cybersecurity,hard,What is memory forensics,memory forensics is analyzing volatile memory ram to detect malware identify exploits and investigate security incidents 
Technology,Cybersecurity,hard,What is malvertising in social engineering,malvertising involves embedding malicious code in legitimate online ads to redirect users to phishing or malwareinfected sites 
Technology,Cybersecurity,hard,What is lateral movement in cybersecurity,lateral movement is when attackers move across a network to access valuable systems after initial compromise 
Technology,Cybersecurity,hard,What is lateral movement in cyber attacks,lateral movement is when an attacker navigates through a network escalating privileges and compromising additional systems 
Technology,Cybersecurity,hard,What is lateral movement in cyber attacks,lateral movement is when an attacker navigates through a network escalating privileges and compromising additional systems 
Technology,Cybersecurity,hard,What is key wrapping in cryptography and why is it used,key wrapping encrypts encryption keys securely using strong algorithms like aeskw to protect them from unauthorized access 
Technology,Cybersecurity,hard,What is hybrid vishing and how is it evolving,hybrid vishing combines aigenerated voices with realtime human intervention to create more convincing voice phishing scams 
Technology,Cybersecurity,hard,What is homomorphic encryption and what are its practical applications,homomorphic encryption allows computation on encrypted data without decryption used in privacypreserving cloud computing and secure data analytics 
Technology,Cybersecurity,hard,What is fuzz testing,fuzz testing inputs random data into a system to find vulnerabilities and crashes 
Technology,Cybersecurity,hard,What is firmware tampering,firmware tampering modifies embedded system firmware to introduce backdoors or malware 
Technology,Cybersecurity,hard,What is fileless malware,fileless malware operates in memory without writing files to disk making detection more difficult 
Technology,Cybersecurity,hard,What is fileless malware and how does it evade traditional security measures,fileless malware operates in memory without writing files to disk evading antivirus software by leveraging trusted system processes 
Technology,Cybersecurity,hard,What is differential cryptanalysis and how does it work,differential cryptanalysis is a chosenplaintext attack that studies differences in input and corresponding ciphertexts to find patterns and break encryption 
Technology,Cybersecurity,hard,What is code obfuscation,code obfuscation alters code to make it difficult to understand or reverseengineer while maintaining functionality 
Technology,Cybersecurity,hard,What is coWPAtty in ethical hacking,cowpatty is a tool used to crack wpapsk passwords by performing dictionarybased attacks 
Technology,Cybersecurity,hard,What is an asymmetric attack,an asymmetric attack uses minimal effort from attackers to cause maximum disruption such as ddos or zeroday exploits 
Technology,Cybersecurity,hard,What is an assumed breach assessment in Red Team operations,an assumed breach assessment tests an organization s security by starting with an initial foothold simulating a scenario where attackers have already gained access and evaluating response capabilities 
Technology,Cybersecurity,hard,What is an advanced persistent threat APT in social engineering,apts use longterm targeted social engineering techniques to infiltrate an organization and steal data over time 
Technology,Cybersecurity,hard,What is an Evil Maid attack in social engineering,an evil maid attack targets unattended devices e g  laptops in hotel rooms by installing malware or hardware keyloggers 
Technology,Cybersecurity,hard,What is an Advanced Persistent Threat APT and how does the Red Team simulate it,an apt is a prolonged targeted cyber attack where adversaries remain undetected for extended periods  the red team simulates apts using sophisticated techniques like persistence mechanisms lateral movement and evasion tactics to test an organization s defenses 
Technology,Cybersecurity,hard,What is adversary emulation in Red Team operations,adversary emulation replicates realworld attack techniques to simulate how advanced persistent threats apts operate 
technology,cybersecurity,hard,Explain the concept of Public Key Infrastructure PKI.,pki enables secure communication using cryptographic key pairs and certificate authorities 
technology,cybersecurity,hard,Explain crosssite scripting and SQL injection.,xss injects scripts into web apps  sql injection manipulates databases via vulnerable queries 
technology,cybersecurity,hard,Explain Advanced Persistent Threats APT.,apts are longterm targeted cyberattacks using stealth persistence and sophisticated techniques 
technology,cybersecurity,hard,Discuss the importance of disaster recovery planning in cybersecurity.,ensures business continuity by preparing for and mitigating data loss or system failures 
technology,cybersecurity,hard,Discuss the impact of artificial intelligence on cybersecurity threats.,ai enhances threat detection but can also be exploited by attackers for automated attacks 
technology,cybersecurity,hard,Discuss the challenges of securing big data environments.,challenges  data volume diversity  strategies  encryption access controls monitoring classification 
technology,cybersecurity,hard,Discuss the challenges in securing wireless networks.,challenges  rogue access points eavesdropping  solutions  encryption monitoring education 
technology,cybersecurity,hard,Discuss the challenges and strategies of securing IoT devices.,challenges  device diversity limited resources vulnerabilities  strategies  updates strong authentication segmentation security frameworks 
technology,cybersecurity,hard,Discuss the challenges and solutions in endpoint detection and response EDR.,edr provides realtime monitoring visibility and incident response for endpoint security 
technology,cybersecurity,hard,Are there any disadvantages of penetration testing Give an example.,penetration testing can be timeconsuming expensive and might cause system disruptions  for example an aggressive penetration test on a live production environment might inadvertently crash critical services affecting business operations 
technology,cybersecurity,hard,A software developer is pushing code to production without security testing. How do you handle this situation,halt deployment conduct a security review implement devsecops practices educate developers and enforce penetration testing policies 
technology,cybersecurity,hard,A ransomware attack has encrypted company files. How do you respond,disconnect infected systems identify ransomware type restore from backups conduct forensic analysis and strengthen security measures 
technology,cybersecurity,hard,A critical vulnerability has been discovered in a widely used enterprise application. What immediate actions would you take,identify vulnerable systems apply patches monitor logs for exploitation implement networklevel restrictions and educate employees on security practices 
technology,cybersecurity,hard,A company laptop with confidential files was lost in a public place. What actions should be taken,remotely lock or wipe the device change all credentials notify it check encryption status and educate employees on device security 
technology,cybersecurity,hard,A client’s website has been defaced by hackers. How would you respond,take website offline restore backup scan for malware update software apply waf rules and strengthen admin access 
technology,cybersecurity,hard,How do organizations prevent insider threats,implement strict access controls user behavior analytics and security awareness training to mitigate risks 
technology,cybersecurity,hard,How do organizations mitigate the risks of AIgenerated phishing attacks,use aidriven threat detection implement email authentication protocols and conduct employee awareness training 
technology,cybersecurity,hard,How do organizations mitigate insider threats in remote work environments,implement user behavior analytics data loss prevention tools and enforce strict access controls 
technology,cybersecurity,hard,How do organizations implement secure DevSecOps,integrate security in ci/cd pipelines automate security testing and enforce compliance monitoring 
technology,cybersecurity,hard,How do organizations implement a Zero Trust security model,apply strict identity verification microsegmentation and leastprivilege access controls 
technology,cybersecurity,hard,How do organizations defend against hardware trojans,use hardware integrity verification trusted foundries and sidechannel analysis to detect malicious modifications 
technology,cybersecurity,hard,How do organizations defend against credential stuffing attacks,use multifactor authentication credential monitoring and rate limiting to prevent automated attacks 
technology,cybersecurity,hard,How do nationstate cyber threats differ from typical cyberattacks,nationstate attacks are highly sophisticated persistent and often politically motivated 
technology,cybersecurity,hard,How do data poisoning attacks impact machine learning security,data poisoning corrupts training data to alter ml model behavior leading to incorrect predictions and security risks 
technology,cybersecurity,hard,How do adversarial AI attacks work and how can they be mitigated,adversarial ai manipulates machine learning models to misclassify data  mitigation includes model robustness and adversarial training 
technology,cybersecurity,hard,How can you prevent an XSS attack,validate user input use antixss tools and implement csp policies 
technology,cybersecurity,hard,How can organizations secure Operational Technology OT environments,use network segmentation realtime monitoring and strict access controls to secure ot environments 
technology,cybersecurity,hard,How can organizations prevent cloud misconfigurations,utilize automated security audits enforce policyascode and implement continuous cloud security monitoring 
technology,cybersecurity,hard,How can blockchain technology improve identity management,blockchain ensures decentralized tamperproof identity records reducing fraud and data breaches 
technology,cybersecurity,hard,Explain what security auditing means.,it is the process of evaluating security policies and procedures to identify risks and ensure compliance 
technology,cybersecurity,hard,Explain the role of threat modeling in cybersecurity.,threat modeling identifies vulnerabilities and mitigates risks during system design and development 
technology,cybersecurity,hard,How does behavioral analytics enhance cybersecurity,behavioral analytics detects anomalies in user behavior to identify potential security threats 
technology,cybersecurity,hard,How does a rootkit work and how would you detect it,rootkits grant unauthorized access  detection involves antirootkit tools and monitoring system behavior 
technology,cybersecurity,hard,How does AIpowered malware pose a threat to cybersecurity,aipowered malware can adapt evade detection and automate sophisticated cyberattacks 
technology,cybersecurity,hard,How does AI contribute to cybersecurity threat detection,ai analyzes patterns detects anomalies and automates threat response to improve security operations 
technology,cybersecurity,hard,How do you measure the effectiveness of a cybersecurity program,use risk assessments incident response times and security posture evaluations 
technology,cybersecurity,hard,How do you manage security in a DevOps environment,integrate security in the development pipeline with automation monitoring and collaboration 
technology,cybersecurity,hard,How do you manage cryptographic keys,securely generate store rotate and protect cryptographic keys to maintain data security 
technology,cybersecurity,hard,How do you handle insider threats in cybersecurity,implement access controls monitor user behavior conduct security training and enforce least privilege policies 
technology,cybersecurity,hard,How do you ensure compliance with international data protection laws like GDPR,implement data policies conduct privacy assessments ensure consent compliance 
technology,cybersecurity,hard,How do you approach securing a large distributed network,use segmentation access controls audits and network monitoring to protect against threats 
technology,cybersecurity,hard,How do organizations secure privileged accounts,use privileged access management pam solutions enforce least privilege and monitor access logs 
technology,cybersecurity,hard,How do organizations secure edge computing environments,use hardware security modules secure device onboarding and implement realtime anomaly detection 
technology,cybersecurity,hard,How do organizations secure cloudnative applications,use container security identity management encryption and microservices security best practices 
technology,cybersecurity,hard,How do organizations secure CI/CD pipelines,secure ci/cd pipelines with code scanning access controls and automated security testing 
technology,cybersecurity,hard,How do organizations protect against deepfake attacks,implement aipowered detection tools verify sources of media and educate users about synthetic content threats 
technology,cybersecurity,hard,How do organizations protect against adversarial AI attacks,use adversarial training model robustness testing and continuous monitoring for anomalous behaviors in ai systems 
technology,cybersecurity,hard,What are the challenges of securing blockchainbased systems,challenges include smart contract vulnerabilities private key security and     attacks 
technology,cybersecurity,hard,What are the challenges of securing Industrial Control Systems ICS,challenges include legacy systems lack of encryption and remote access vulnerabilities 
technology,cybersecurity,hard,What are the challenges of implementing AIdriven security solutions,challenges include adversarial attacks bias in ai models and false positive detections 
technology,cybersecurity,hard,What are the challenges in securing serverless architectures,challenges include functionlevel vulnerabilities lack of traditional security controls and dependency risks 
technology,cybersecurity,hard,What are the challenges in cloud security,challenges include data breaches compliance data loss prevention and shared responsibility security 
technology,cybersecurity,hard,What are physical threats in cybersecurity,physical threats include unauthorized access to hardware theft and environmental hazards that impact system integrity 
technology,cybersecurity,hard,How would you set up a firewall,change default passwords disable remote access configure port forwarding enforce policies 
technology,cybersecurity,hard,How would you secure the company's server,secure passwords restrict root access create firewall boundaries 
technology,cybersecurity,hard,How would you prevent a MITM attack,use vpns strong encryption and public key authentication 
technology,cybersecurity,hard,How does zerotrust security architecture improve cybersecurity,zerotrust assumes no implicit trust enforcing strict verification for every access request 
technology,cybersecurity,hard,How does sidechannel attack compromise security,sidechannel attacks exploit physical leakages such as power consumption or electromagnetic emissions to extract sensitive data 
technology,cybersecurity,hard,How does ransomwareasaservice RaaS impact the cybersecurity landscape,raas lowers entry barriers for cybercriminals increasing the frequency and sophistication of attacks 
technology,cybersecurity,hard,How does digital forensics contribute to cybersecurity investigations,digital forensics collects and analyzes electronic evidence to identify cyber threats and support legal proceedings 
technology,cybersecurity,hard,How does deception technology help detect cyber threats,deception technology deploys fake assets to lure attackers and gather intelligence on threats 
technology,cybersecurity,hard,How does confidential computing enhance cloud security,it isolates sensitive computations using hardwarebased secure enclaves preventing unauthorized access to data in use 
technology,cybersecurity,hard,How does blockchain enhance cybersecurity,blockchain provides data integrity decentralization and tamperproof security mechanisms 
technology,cybersecurity,hard,What are the primary security risks associated with IoT devices,weak authentication lack of encryption and insufficient update mechanisms create vulnerabilities 
technology,cybersecurity,hard,What are the primary security concerns with autonomous vehicles,vulnerabilities in communication protocols gps spoofing risks and potential for remote takeovers 
technology,cybersecurity,hard,What are the primary risks associated with biometric authentication,risks include biometric data theft spoofing and lack of revocability in case of compromise 
technology,cybersecurity,hard,What are the primary challenges in securing industrial control systems ICS,challenges include legacy system vulnerabilities lack of encryption and insecure remote access 
technology,cybersecurity,hard,What are the latest developments in cybersecurity threats,threats evolve with supply chain attacks ransomware and aidriven attacks 
technology,cybersecurity,hard,What are the key security considerations for edge computing,edge computing requires secure data transmission endpoint protection and network monitoring 
technology,cybersecurity,hard,What are the key security concerns with quantum computing,quantum computing threatens encryption by breaking traditional cryptographic algorithms 
technology,cybersecurity,hard,What are the key components of a zeroday attack defense strategy,strategies include endpoint detection threat intelligence behaviorbased anomaly detection and patch management 
technology,cybersecurity,hard,What are the implications of quantum computing on cryptographic security,quantum computing threatens classical encryption requiring postquantum cryptographic solutions to maintain security 
technology,cybersecurity,hard,What are the implications of deep packet inspection DPI for network security,dpi analyzes packet contents for security threats but raises privacy concerns and requires significant processing power 
technology,cybersecurity,hard,What are the cybersecurity risks of artificial intelligence,risks include data poisoning adversarial attacks and bias exploitation in ai models 
technology,cybersecurity,hard,What are the cybersecurity risks associated with quantum computing,quantum computing could break traditional encryption methods making current security protocols obsolete 
technology,cybersecurity,hard,What are the cybersecurity risks associated with autonomous systems,risks include sensor spoofing ai model tampering and unauthorized remote access 
technology,cybersecurity,hard,What are the cybersecurity concerns related to augmented reality AR and virtual reality VR,concerns include data privacy location tracking vulnerabilities and exploitation of immersive environments for social engineering 
technology,cybersecurity,hard,What are the cybersecurity challenges of securing multicloud environments,challenges include inconsistent security policies misconfigurations and intercloud communication risks 
technology,cybersecurity,hard,What are the challenges of securing satellite communications,challenges include signal interception jamming attacks and securing downlink/uplink transmissions 
technology,cybersecurity,hard,What is a honeypot in cybersecurity,a honeypot is a decoy system that lures attackers to analyze their behavior and tactics 
technology,cybersecurity,hard,What is a bruteforce attack and how can you prevent it,bruteforce attacks try multiple password combinations  prevent using strong passwords  fa and captcha 
technology,cybersecurity,hard,What is a brute force attack,a brute force attack guesses passwords or keys through repeated trialanderror attempts 
technology,cybersecurity,hard,What is a MITM attack,a maninthemiddle attack intercepts communication to steal or alter data 
technology,cybersecurity,hard,What is a DDoS attack and how does it impact a system,a ddos attack overwhelms a network with excessive traffic causing system downtime financial losses and disrupting services for businesses and users 
technology,cybersecurity,hard,What is a DDoS attack and how does it work,a ddos attack floods a server with excessive traffic from multiple sources causing service disruption 
technology,cybersecurity,hard,What is Vulnerability Assessment VA vs Penetration Testing PT,va identifies security flaws  pt actively exploits them to test defenses 
technology,cybersecurity,hard,What is SQL Injection and how can it be prevented,sql injection is a web attack where hackers insert malicious sql commands to access or manipulate a database  prevention includes prepared statements input validation and using web application firewalls wafs 
technology,cybersecurity,hard,What is SIEM and how does it help in cybersecurity,siem solutions collect security logs analyze them for anomalies and alert security teams about potential threats for faster incident response and compliance 
technology,cybersecurity,hard,What are your strategies for managing supply chain risks in cybersecurity,assess vendors enforce security standards conduct audits manage supply chain risks 
technology,cybersecurity,hard,What are the security risks of 5G networks,risks include increased attack surfaces rogue base stations and lack of endtoend encryption in iot connections 
technology,cybersecurity,hard,What are the security concerns with Infrastructure as Code IaC,misconfigurations hardcoded credentials and lack of continuous security validation pose threats 
technology,cybersecurity,hard,What are the security challenges of edge computing,challenges include data privacy insecure edge devices and lack of centralized control 
technology,cybersecurity,hard,What are the security challenges in securing CI/CD pipelines,challenges include exposed secrets dependency vulnerabilities and insufficient security testing in the software delivery process 
technology,cybersecurity,hard,What are the risks of softwaredefined networking SDN,sdn risks include centralized control vulnerabilities api security issues and misconfigurations 
technology,cybersecurity,hard,What are the risks of AIgenerated phishing attacks,aigenerated phishing attacks can create highly personalized and convincing messages increasing the likelihood of successful attacks 
technology,cybersecurity,hard,Your company’s website is under a DDoS attack. How do you respond,monitor traffic enable web application firewall waf ratelimit requests engage isp for mitigation and monitor for secondary attacks 
technology,cybersecurity,hard,You detect unusual outbound traffic from a server. What could be happening,investigate logs check for malware block suspicious connections review user activity run security scans and verify recent updates 
technology,cybersecurity,hard,What steps would you take if you discovered a security breach,isolate affected systems contain the breach notify stakeholders investigate remediate and implement preventive measures 
technology,cybersecurity,hard,What role does behavioral biometrics play in cybersecurity,it analyzes user behavior patterns to detect anomalies and prevent account takeovers 
technology,cybersecurity,hard,What role does behavioral analytics play in cybersecurity,behavioral analytics detect unusual activities that indicate potential security threats 
technology,cybersecurity,hard,What is the role of machine learning in detecting cyber threats,ml analyzes datasets to detect anomalies and patterns enabling proactive security measures 
technology,cybersecurity,hard,What is the role of deception technology in cybersecurity,deception technology uses traps and decoys to detect and analyze cyber threats proactively 
technology,cybersecurity,hard,What is the role of an Intrusion Detection System IDS,an ids detects suspicious network activity and security threats helping prevent cyber attacks by alerting security teams about potential intrusions 
technology,cybersecurity,hard,What is the impact of postquantum cryptography on cybersecurity,postquantum cryptography aims to develop encryption resistant to quantum computing attacks 
technology,cybersecurity,hard,What is quantum cryptography and its implications for security,quantum cryptography secures communication and resists quantum computing attacks 
technology,cybersecurity,hard,What is log analysis and why is it important in security monitoring,log analysis reviews system logs to detect security threats failed login attempts and network anomalies  tools like splunk and elk stack automate this process 
technology,cybersecurity,hard,What is incident response and how is it managed,incident response follows key phases  preparation detection containment eradication recovery and learning 
technology,cybersecurity,hard,What is data exfiltration and how can it be prevented,data exfiltration is the unauthorized transfer of sensitive data from a system  it can be prevented using dlp solutions network monitoring and strong encryption 
technology,cybersecurity,hard,What is an endpoint detection and response EDR solution,edr continuously monitors endpoints for suspicious activities helping detect malware ransomware and unauthorized access with threat intelligence and automated alerts 
technology,cybersecurity,hard,What is a zeroday vulnerability,an unknown security flaw exploited before a fix is available 
technology,cybersecurity,hard,What is a zeroday attack and why is it dangerous,a zeroday attack exploits undiscovered software flaws making it dangerous because no patches or defenses exist to prevent it initially 
Technology,Cybersecurity,hard,What is a silver ticket attack,a silver ticket attack exploits service account credentials to create forged kerberos tickets for unauthorized access 
Technology,Cybersecurity,hard,What is a rollback attack,a rollback attack forces a system or software to downgrade to a vulnerable version for exploitation 
Technology,Cybersecurity,hard,What is a rogue access point,a rogue access point is an unauthorized wireless ap installed to intercept traffic or launch attacks 
Technology,Cybersecurity,hard,What is a purple team in cybersecurity,a purple team collaborates with both red and blue teams to improve an organization s security posture 
Technology,Cybersecurity,hard,What is a pivot attack in penetration testing,a pivot attack involves compromising one machine within a network to access and exploit additional systems 
Technology,Cybersecurity,hard,What is a honeypot in the context of social engineering,a honeypot is a fake system or identity used to lure attackers into revealing their techniques or motivations 
Technology,Cybersecurity,hard,What is a ghost phishing attack,a ghost phishing attack involves using fake but convincing login pages that never complete authentication but still steal credentials 
Technology,Cybersecurity,hard,What is a cryptographic nonce and why is it important,a nonce is a onetime random value used to prevent replay attacks in cryptographic protocols and ensure message uniqueness 
Technology,Cybersecurity,hard,What is a commandandcontrol C2 framework and how do Red Teams use it,c  frameworks like cobalt strike and empire allow red teams to remotely control compromised systems and execute payloads 
Technology,Cybersecurity,hard,What is a chosenprefix collision attack and how does it impact cryptographic security,a chosenprefix collision attack allows attackers to generate two different messages with the same hash undermining integrity and trust in cryptographic signatures 
Technology,Cybersecurity,hard,What is a beaconing attack and how is it detected,a beaconing attack involves malware communicating periodically with a commandandcontrol server  it is detected through network anomaly detection and behavioral analysis 
Technology,Cybersecurity,hard,What is a backdoor attack,a backdoor attack installs secret access mechanisms in a system allowing attackers to bypass normal authentication 
Technology,Cybersecurity,hard,What is a Zero Trust security model and how does it benefit Blue Teams,zero trust enforces strict access controls requiring verification for every access attempt reducing lateral movement risks 
Technology,Cybersecurity,hard,What is a Zero Trust security model and how does it benefit Blue Teams,zero trust enforces strict access controls requiring verification for every access attempt reducing lateral movement risks 
Technology,Cybersecurity,hard,What is a Timing Attack and how is it mitigated,timing attacks exploit variations in computation time to infer secret keys mitigated by constanttime implementations and blinding techniques 
Technology,Cybersecurity,hard,What is a RAT Remote Access Trojan,a rat is malware that provides an attacker with remote control over a compromised system 
technology,cybersecurity,hard,Your security team receives a threat intelligence report about an active ransomware campaign. How do you prepare,update endpoint protection ensure secure backups train employees restrict admin privileges and monitor logs for intrusion signs 
technology,cybersecurity,hard,Your organization’s database has been compromised. What steps should be taken to contain the breach,isolate the database review logs change credentials apply security patches notify stakeholders and implement stronger access controls 
Technology,Cybersecurity,hard,What is a MeetintheMiddle attack in cryptanalysis,a meetinthemiddle attack reduces encryption strength by exploiting double encryption commonly targeting  des and similar ciphers 
Technology,Cybersecurity,hard,What is a Heap Spray attack,a heap spray attack fills memory with malicious code to exploit software vulnerabilities 
Technology,Cybersecurity,hard,What is a Canary Token and how is it used in cybersecurity,a canary token is a digital decoy placed in sensitive areas to alert security teams when unauthorized access occurs helping detect intrusions early 
Technology,Cybersecurity,hard,What is a CAN Controller Area Network attack,a can attack targets vehicle networks allowing attackers to manipulate car functions such as braking and acceleration 
Technology,Cybersecurity,hard,What is a Birthday Attack in cryptographic hash functions,a birthday attack exploits hash function collisions by leveraging probability theory making it easier to find two inputs with the same hash value 
Technology,Cybersecurity,hard,What is a BGP hijacking attack,a bgp hijacking attack reroutes internet traffic through malicious or unintended paths by manipulating border gateway protocol 
Technology,Cybersecurity,hard,What is ZeroKnowledge Proof ZKP and its significance in cryptography,zeroknowledge proof allows one party to prove knowledge of a value without revealing the actual value used in privacypreserving authentication and blockchain 
Technology,Cybersecurity,hard,What is Shamir’s Secret Sharing and how is it used,shamir s secret sharing splits sensitive data into multiple shares that require a minimum threshold to reconstruct enhancing cryptographic security and key management 
Technology,Cybersecurity,hard,What is Red Team postexploitation activity,postexploitation includes persistence data exfiltration credential harvesting and privilege escalation 
Technology,Cybersecurity,hard,What is Red Team postexploitation activity,postexploitation includes persistence data exfiltration credential harvesting and privilege escalation 
Technology,Cybersecurity,hard,What is NTLM relay attack,an ntlm relay attack intercepts ntlm authentication traffic and relays it to authenticate as a legitimate user 
Technology,Cybersecurity,hard,What is MAC flooding and how to prevent it,mac flooding is an attack that overwhelms a switch s mac table causing it to behave like a hub  prevention includes aaa authentication port security ieee      x and spoofing protection 
Technology,Cybersecurity,hard,What is Kerberoasting,kerberoasting is a postexploitation attack that extracts service account credentials from active directory using kerberos tickets 
Technology,Cybersecurity,hard,What is Homomorphic Encryption and its realworld applications,homomorphic encryption allows computation on encrypted data without decryption used in secure cloud computing privacypreserving ai and encrypted search 
Technology,Cybersecurity,hard,What is DLL injection,dll injection is a technique where attackers inject malicious code into a running process to execute arbitrary functions 
Technology,Cybersecurity,hard,What is Cowpatty,cowpatty is a tool for offline dictionary attacks on wpa/wpa  networks using pskbased authentication 
Technology,Cybersecurity,hard,What is CRSF Crosssite request forgery,csrf tricks users into executing malicious actions on trusted websites by exploiting authentication vulnerabilities 
Technology,Cybersecurity,hard,What is Active Directory enumeration and how do attackers use it,it involves querying ad to map users groups and permissions which attackers use for privilege escalation and lateral movement 
Technology,Cybersecurity,hard,What is 'living off the land' LotL in cyber attacks,it s a technique where attackers use builtin system tools like powershell and wmi to evade detection and execute attacks 
Technology,Cybersecurity,hard,What do you mean by Trojan and explain its types,a trojan is malware that appears legitimate but executes malicious actions  types include downloader ransomware droppers rootkits banker and backdoor trojans 
Technology,Cybersecurity,hard,What are the various stages of hacking,stages of hacking  reconnaissance information gathering scanning network examination gaining access exploitation maintaining access persistence and covering tracks erasing traces 
Technology,Cybersecurity,hard,What are the primary objectives of an adversary emulation exercise,to simulate realworld cyber threats identify security weaknesses and evaluate an organization s detection and response capabilities 
Technology,Cybersecurity,hard,What are the primary challenges in securing an organization against insider threats,detecting unauthorized access from legitimate users monitoring behavioral anomalies implementing least privilege policies and enforcing strong security awareness training 
Technology,Cybersecurity,hard,What are the most effective countermeasures against insider threats,monitoring user behavior implementing strict access controls auditing privileged accounts and using data loss prevention dlp tools 
Technology,Cybersecurity,hard,What are the main objectives of a Red Team exercise,the red team aims to exploit vulnerabilities bypass security controls and test an organization s incident response capabilities 
Technology,Cybersecurity,hard,What are the main differences between Ring Signatures and Group Signatures,ring signatures provide anonymous authentication without a central authority while group signatures allow controlled member anonymity with revocation capability 
Technology,Cybersecurity,hard,What are the main differences between AESGCM and AESCCM,aesgcm offers authenticated encryption with better performance while aesccm is designed for constrained environments with higher security assurances 
Technology,Cybersecurity,hard,What are the key indicators of a compromised system,unusual network traffic unauthorized logins system slowdowns unrecognized processes and unexpected file modifications 
Technology,Cybersecurity,hard,What are the key components of a Red Team report after an assessment,findings include attack paths exploited vulnerabilities compromised systems data accessed and mitigation recommendations 
Technology,Cybersecurity,hard,What are the different types of penetration testing,types include black box external penetration internal penetration white box and grey box testing each varying in attacker knowledge level 
Technology,Cybersecurity,hard,What are the different enumerations available in ethical hacking,common enumerations include dns enumeration ntp enumeration snmp enumeration linux/windows enumeration and smb enumeration 
Technology,Cybersecurity,hard,What are the differences between deterministic and nondeterministic encryption,deterministic encryption produces the same ciphertext for the same input while nondeterministic encryption uses randomization for added security 
Technology,Cybersecurity,hard,What are the differences between HMAC and digital signatures,hmac uses symmetric cryptography for message integrity while digital signatures use asymmetric cryptography to ensure authenticity and nonrepudiation 
Technology,Cybersecurity,hard,What are the best countermeasures against social engineering,effective countermeasures include security awareness training multifactor authentication strict verification processes and threat intelligence monitoring 
Technology,Cybersecurity,hard,What are the benefits of using a OneTime Pad OTP for encryption,otp provides perfect secrecy when the key is as long as the message and used only once but is impractical for most applications 
Technology,Cybersecurity,hard,What are the advantages of using ChaCha20 over AES,chacha   is faster in software resilient against sidechannel attacks and better suited for mobile and embedded devices than aes 
Technology,Cybersecurity,hard,What are some steganography technologies used in system hacking,steganography techniques include text audio video image and network steganography to hide malicious data 
Technology,Cybersecurity,hard,What are some realworld examples of highprofile social engineering attacks,notable examples include the twitter bitcoin scam      the google   facebook invoice scam and rsa s phishing breach      
Technology,Cybersecurity,hard,What are some emerging trends in social engineering,emerging trends include aidriven phishing voice cloning deepfake scams and personalized vishing attacks 
Technology,Cybersecurity,hard,What are some advanced Red Team evasion techniques,techniques include process hollowing dll sideloading encrypted payloads and leveraging trusted system binaries 
Technology,Cybersecurity,hard,What are some advanced Red Team evasion techniques,techniques include process hollowing dll sideloading encrypted payloads and leveraging trusted system binaries 
Technology,Cybersecurity,hard,What are quantumsafe cryptographic algorithms and why are they needed,quantumsafe algorithms like latticebased cryptography resist attacks from quantum computers which can break rsa and ecc using shor s algorithm 
Technology,Cybersecurity,hard,What are hybrid social engineering attacks,hybrid social engineering attacks combine multiple attack vectors such as phishing and physical impersonation to increase the chances of success 
Technology,Cybersecurity,hard,What are deepfakebased social engineering attacks,attackers use aigenerated deepfake videos or voice impersonations to trick victims into authorizing financial transactions or revealing sensitive data 
Technology,Cybersecurity,hard,What are covert channels and how do attackers use them,covert channels are communication paths used to bypass security controls and exfiltrate data without detection 
Technology,Cybersecurity,hard,What are TTPs in cybersecurity,tactics techniques and procedures ttps describe an attacker s behavior and strategy often referenced in mitre att ck 
Technology,Cybersecurity,hard,What are Living Off the Land Binaries LOLBins and how are they used in attacks,lolbins are legitimate system binaries abused by attackers to execute malicious actions while evading detection 
Technology,Cybersecurity,hard,How does the Tor network use cryptographic techniques for anonymity,tor uses onion routing where multiple layers of encryption are applied to route data securely through multiple nodes ensuring privacy and anonymity 
Technology,Cybersecurity,hard,How does the Signal Protocol ensure endtoend encryption,signal protocol uses a combination of double ratchet algorithm prekeys and perfect forward secrecy to provide strong endtoend encryption for messaging apps 
Technology,Cybersecurity,hard,How does the Signal Protocol ensure endtoend encryption,signal protocol uses double ratchet x dh and pqxdh to provide forward secrecy postcompromise security and quantum resistance in encrypted messaging 
Technology,Cybersecurity,hard,How does the RSAOAEP encryption scheme improve RSA security,rsaoaep uses padding with a hash function and randomization to prevent chosenplaintext attacks and provide semantic security 
Technology,Cybersecurity,hard,How does the MerkleDamgård construction affect cryptographic hash functions,merkledamg rd ensures iterative hashing but is vulnerable to length extension attacks addressed by sponge constructions in sha  
Technology,Cybersecurity,hard,How does the McEliece cryptosystem provide quantumresistant encryption,mceliece cryptosystem uses errorcorrecting codes and large key sizes to resist quantum attacks while maintaining efficient encryption and decryption 
Technology,Cybersecurity,hard,How does the Latticebased cryptography improve postquantum security,latticebased cryptography relies on hard problems like learning with errors lwe offering resistance to quantum attacks and forming the basis of nist pqc candidates 
Technology,Cybersecurity,hard,How does the LWE Learning With Errors problem contribute to postquantum cryptography,lwe is a computationally hard problem used in latticebased cryptography to build quantumresistant encryption and signature schemes 
Technology,Cybersecurity,hard,How does the Galois/Counter Mode GCM improve encryption efficiency,gcm provides authenticated encryption with low latency using polynomial multiplication in galois fields for integrity verification 
Technology,Cybersecurity,hard,How does the FIPS 1402 standard define cryptographic security levels,fips      categorizes cryptographic security into four levels ensuring compliance for government and enterprise data protection 
Technology,Cybersecurity,hard,How does the Elliptic Curve Digital Signature Algorithm ECDSA work,ecdsa uses elliptic curve cryptography for secure digital signatures providing the same security level as rsa but with shorter key sizes 
Technology,Cybersecurity,hard,How does the DiffieHellman key exchange securely establish shared secrets,diffiehellman allows two parties to create a shared secret over an insecure channel using modular exponentiation preventing eavesdroppers from deriving the key 
Technology,Cybersecurity,hard,How does the BLAKE2 hashing algorithm compare to SHA3,blake  is faster than sha  offers high security with simpler implementation and is used in modern cryptographic applications for efficiency 
Technology,Cybersecurity,hard,How does the Argon2 algorithm enhance password security,argon  is a memoryhard password hashing algorithm resistant to gpu and asic attacks offering better security than bcrypt and pbkdf  
Technology,Cybersecurity,hard,How does social engineering contribute to insider threats,social engineers manipulate employees into unknowingly aiding cyberattacks or disclosing sensitive company data 
Technology,Cybersecurity,hard,How does scareware trick users into downloading malware,scareware displays fake security alerts tricking users into downloading and installing malicious software disguised as antivirus protection 
Technology,Cybersecurity,hard,How does reverse social engineering work,reverse social engineering tricks victims into contacting the attacker who pretends to be a trusted authority and extracts sensitive data under the guise of assistance 
Technology,Cybersecurity,hard,How does ransomware use social engineering,attackers use phishing emails or fake software updates to trick users into installing ransomware that encrypts files and demands payment 
Technology,Cybersecurity,hard,How does multichannel social engineering work,multichannel attacks use email sms phone calls and social media simultaneously to increase the credibility of a scam 
Technology,Cybersecurity,hard,How does machine learning contribute to cybersecurity,machine learning enhances threat detection anomaly detection automated response and predictive analytics to identify cyber threats faster 
Technology,Cybersecurity,hard,How does business email compromise BEC leverage social engineering,bec attacks use spoofed emails pretending to be executives or suppliers to trick employees into making fraudulent transactions 
Technology,Cybersecurity,hard,How does blockchain technology help prevent social engineering scams,blockchain s transparency and immutability reduce fraud risks but attackers may still exploit human weaknesses in transactions 
Technology,Cybersecurity,hard,How does biometric authentication impact social engineering threats,biometric security reduces phishing risks but attackers may still exploit weaknesses like deepfake technology or stolen biometric data 
Technology,Cybersecurity,hard,How does attributebased encryption ABE work,abe encrypts data based on user attributes allowing finegrained access control by enforcing policies at the encryption level 
Technology,Cybersecurity,hard,How does an attacker use rogue USB drops for social engineering,attackers leave infected usb devices in public places hoping targets will plug them into their computers triggering malware execution 
Technology,Cybersecurity,hard,How does an attacker use fake job offers in social engineering,attackers lure victims with fake job offers convincing them to submit personal information pay fees or download malwareladen documents 
Technology,Cybersecurity,hard,How does account takeover fraud ATO relate to social engineering,ato involves attackers using social engineering to reset passwords bypass security controls and hijack victim accounts 
Technology,Cybersecurity,hard,How does a hashbased message authentication code HMAC ensure integrity,hmac combines a cryptographic hash with a secret key to authenticate messages and detect tampering 
Technology,Cybersecurity,hard,How does a ZeroKnowledge Proof ZKP enhance security,zkp allows one party to prove knowledge of a secret without revealing it used in authentication and privacypreserving blockchain transactions 
Technology,Cybersecurity,hard,How does a Secure Multiparty Computation MPC protocol work,mpc enables parties to jointly compute a function over their inputs while keeping them private essential for decentralized security applications 
Technology,Cybersecurity,hard,How does Whitebox Cryptography protect keys from attackers,whitebox cryptography embeds cryptographic keys into software preventing extraction even in compromised environments like drm and mobile security 
Technology,Cybersecurity,hard,How does Threshold Signature Scheme TSS enhance private key security,tss distributes key shares among multiple parties preventing single points of failure while requiring a threshold for signing operations 
Technology,Cybersecurity,hard,How does Perfect Forward Secrecy PFS enhance cryptographic security,pfs ensures that past encrypted communications remain secure even if longterm keys are compromised by using ephemeral session keys 
Technology,Cybersecurity,hard,How does PBKDF2 strengthen passwordbased encryption,pbkdf  uses key stretching with thousands of iterations of hashing to slow down bruteforce attacks making password cracking computationally expensive 
Technology,Cybersecurity,hard,How does Elliptic Curve Cryptography ECC provide better security with smaller key sizes,ecc provides equivalent security to rsa with much smaller key sizes due to its mathematical foundation in elliptic curve discrete logarithm problems reducing computational overhead 
Technology,Cybersecurity,hard,How does DiffieHellman key exchange achieve secure communication,diffiehellman enables two parties to establish a shared secret over an insecure channel using discrete logarithm problems 
Technology,Cybersecurity,hard,How does Differential Power Analysis DPA attack work in cryptography,dpa exploits power consumption variations during cryptographic operations to extract secret keys mitigated by masking techniques and constanttime algorithms 
Technology,Cybersecurity,hard,How does DNS hijacking contribute to social engineering,dns hijacking redirects users to malicious websites where attackers can steal credentials or infect devices with malware 
Technology,Cybersecurity,hard,How does AIpowered phishing enhance social engineering attacks,ai automates personalized phishing emails and chatbots making social engineering attacks more effective and scalable 
Technology,Cybersecurity,hard,How do rainbow tables work in cracking hashed passwords and how can they be mitigated,rainbow tables precompute hashes to speed up cracking  mitigation includes salting passwords to create unique hashes and using key derivation functions like bcrypt 
Technology,Cybersecurity,hard,How do attackers use imagebased phishing attacks,attackers send malicious qr codes or images with embedded malware that executes when viewed or scanned by victims 
Technology,Cybersecurity,hard,How do attackers use homograph attacks in phishing scams,homograph attacks exploit visually similar characters in domain names e g   g  gle com  vs   google com  to trick users into visiting fake sites 
Technology,Cybersecurity,hard,How do attackers use fake tech support scams in social engineering,attackers impersonate it support agents and trick victims into installing malware or providing remote access to their computers 
Technology,Cybersecurity,hard,How do attackers use fake job interviews for social engineering,fake job interviews trick victims into providing sensitive personal or corporate information under the pretext of a legitimate hiring process 
Technology,Cybersecurity,hard,How do attackers use emotional triggers in social engineering,attackers leverage emotions like fear urgency curiosity or greed to pressure victims into making impulsive security mistakes 
Technology,Cybersecurity,hard,How do attackers use eavesdropping in social engineering,attackers listen in on conversations in public places or use softwarebased methods to intercept online communications for sensitive data 
Technology,Cybersecurity,hard,How do attackers use credential stuffing in social engineering,credential stuffing involves using leaked usernames and passwords from past breaches to gain unauthorized access to accounts 
Technology,Cybersecurity,hard,How do attackers use SIM swapping for social engineering,attackers trick mobile carriers into transferring a victim s phone number to a new sim card to bypass smsbased authentication 
Technology,Cybersecurity,hard,How do attackers use MFA fatigue in social engineering,mfa fatigue attacks involve bombarding a victim with multiple authentication requests until they approve one out of frustration or confusion 
Technology,Cybersecurity,hard,How do attackers use CAPTCHA farms in social engineering,captcha farms use real humans or automated systems to bypass captcha challenges enabling largescale credential stuffing or bot attacks 
Technology,Cybersecurity,hard,How do attackers use CAPTCHA bypass in social engineering,attackers trick users into solving captchas for them helping them bypass security checks on websites or bot protection mechanisms 
Technology,Cybersecurity,hard,How do attackers exploit fear and urgency in social engineering,scammers create fake emergencies e g  fake legal threats it support calls to rush victims into making security mistakes 
Technology,Cybersecurity,hard,How do attackers exploit emergency situations for social engineering,scammers take advantage of disasters pandemics or urgent financial crises to manipulate victims into donating money or providing credentials 
Technology,Cybersecurity,hard,How do attackers exploit CAPTCHA systems in social engineering,attackers use fake captcha pages to gain user trust while stealing credentials or tricking users into solving real captchas for bots 
Technology,Cybersecurity,hard,How do attackers exploit AI chatbots for social engineering,aipowered chatbots can be manipulated into revealing sensitive data generating phishing messages or conducting automated scams 
Technology,Cybersecurity,hard,How do Red Teams use social engineering in cybersecurity assessments,red teams use phishing impersonation baiting and pretexting techniques to test an organization s resilience against humantargeted cyberattacks 
Technology,Cybersecurity,hard,How do Red Teams conduct social engineering attacks,they use phishing pretexting baiting and impersonation to manipulate users into revealing sensitive information 
Technology,Cybersecurity,hard,How do Red Teams conduct social engineering attacks,they use phishing pretexting baiting and impersonation to manipulate users into revealing sensitive information 
Technology,Cybersecurity,hard,How do Blind Signatures ensure anonymity in digital transactions,blind signatures allow signing a message without revealing its content enabling privacy in ecash and secure voting systems 
Technology,Cybersecurity,hard,How can organizations prevent privilege escalation attacks,by enforcing least privilege policies monitoring access logs patching vulnerabilities and restricting administrative privileges 
Technology,Cybersecurity,hard,How can an organization defend against Advanced Persistent Threats APTs,by implementing layered security continuous monitoring behavioral analysis and zero trust architectures 
Technology,Cybersecurity,hard,How can Red and Blue Teams collaborate effectively,by sharing threat intelligence conducting joint exercises and using a purple team approach to improve defenses collectively 
Technology,Cybersecurity,hard,How can AI and machine learning be used to detect social engineering attacks,ai analyzes patterns flags anomalies and automates response mechanisms to detect phishing impersonation and scam attempts 
Technology,Cybersecurity,hard,Explain the use of ElGamal encryption in modern cryptography.,elgamal encryption provides secure key exchange and digital signatures using modular exponentiation in finite fields 
Technology,Cybersecurity,hard,Explain the role of the SP 80090A Deterministic Random Bit Generator DRBG.,sp      a defines cryptographic drbgs that generate secure random numbers using cryptographic primitives like hmac hash and block cipher functions 
Technology,Cybersecurity,hard,Explain the role of Padding Oracle Attacks in cryptanalysis.,padding oracle attacks exploit padding errors in block cipher encryption modes like cbc to decrypt messages without knowing the key 
Technology,Cybersecurity,hard,Explain the role of Kerberos in cryptographic authentication.,kerberos is a network authentication protocol that uses symmetric key cryptography and tickets to allow secure authentication over an insecure network 
Technology,Cybersecurity,hard,Explain the purpose of Merkle Trees in cryptographic systems.,merkle trees allow efficient and secure verification of data integrity widely used in blockchain secure file systems and digital signatures 
Technology,Cybersecurity,hard,Explain the principle of wireless sniffers to locate SSIDs,wireless sniffers capture packets on a wireless network to identify ssids and mac addresses of devices 
Technology,Cybersecurity,hard,Explain the function of a Key Exchange Mechanism KEM in cryptography.,kems securely establish session keys between parties essential in postquantum cryptography schemes like kyber 
Technology,Cybersecurity,hard,Explain the function of Directory Traversal Attack,this attack exploits file system vulnerabilities to access restricted files and directories by modifying url paths 
Technology,Cybersecurity,hard,Explain the difference between MAC Message Authentication Code and Digital Signatures.,mac uses symmetric keys for message integrity while digital signatures use asymmetric keys to ensure both integrity and authenticity 
Technology,Cybersecurity,hard,Explain the concept of Threshold Cryptography.,threshold cryptography distributes cryptographic operations among multiple parties requiring a threshold to reconstruct secrets for improved security 
Technology,Cybersecurity,hard,Explain the concept of Forward Secrecy in TLS 1.3.,forward secrecy ensures that past communications remain secure even if private keys are compromised by using ephemeral diffiehellman key exchange 
Technology,Cybersecurity,hard,Explain the concept of Blind Signatures and where they are used.,blind signatures allow signing of a message without revealing its content used in digital cash systems and anonymous voting protocols 
Technology,Cybersecurity,hard,Explain reverse shell in ethical hacking.,a reverse shell allows an attacker to gain remote control over a compromised system by making it connect back to the attacker s machine 
Technology,Cybersecurity,hard,Explain how the 'Netcat' Trojan works,netcat trojan allows attackers to create backdoors capture network traffic and execute remote commands 
Technology,Cybersecurity,hard,Explain how a digital signature works and its role in cryptographic security.,digital signatures use asymmetric encryption to verify the authenticity and integrity of messages preventing tampering and forgery in secure communications 
Technology,Cybersecurity,hard,Explain how TLS 1.3 improves security compared to TLS 1.2.,tls     removes weak cipher suites introduces perfect forward secrecy by default and improves handshake performance for secure web communications 
Technology,Cybersecurity,hard,Explain how Shor’s Algorithm breaks RSA and ECC encryption.,shor s algorithm factors large primes in polynomial time using a quantum computer breaking rsa and ecc necessitating postquantum cryptography 
Technology,Cybersecurity,hard,Explain how Perfect Forward Secrecy PFS works in TLS.,pfs ensures that past encrypted communications remain secure even if longterm keys are compromised by using ephemeral key exchange mechanisms like ecdhe 
Technology,Cybersecurity,hard,Explain how Fully Homomorphic Encryption FHE works.,fhe enables computation on encrypted data without decryption using bootstrapping enabling privacypreserving ai and secure cloud computing 
Technology,Cybersecurity,hard,Discuss vulnerabilities in the Windows operating system,windows vulnerabilities often involve privilege escalation registry exploits and outdated security patches 
Technology,Cybersecurity,hard,Different types of buffer overflows and methods of detection,buffer overflow types  stackbased heapbased and format string attacks  detection includes anomaly monitoring and memory protection 
Technology,Cybersecurity,hard,Describe the role of HMAC in TLS and API authentication.,hmac provides integrity and authentication in tls and api security preventing message tampering by using a shared secret key 
Technology,Cybersecurity,hard,Describe the differences between block ciphers and stream ciphers.,block ciphers encrypt fixedsize blocks aes des while stream ciphers encrypt data bitbybit rc  chacha   offering better efficiency for realtime applications 
Technology,Cybersecurity,hard,Describe the difference between Deterministic and Probabilistic Encryption.,deterministic encryption produces the same ciphertext for identical plaintexts while probabilistic encryption uses randomness to prevent pattern analysis 
Technology,Cybersecurity,hard,Describe how the SHA3 hashing algorithm improves security compared to SHA2.,sha  uses a sponge construction providing resistance against length extension attacks and better resilience to future cryptanalysis compared to sha  
